timestamp,FSW_DB_VER,DAY,HOUR,MINUTE,SECOND,SC_ID,CMD_RCV_CNT,CMD_ACC_CNT,CMD_REJ_CNT,CMD_INC_CNT,PAYLOAD_STATUS,PLATFORM_PWR_STATUS,ADCS_PWR_STATUS,PAYLOAD_PWR_STATUS,SPR_PWR_STATUS,SOLAR_V,SOLAR_S,EXT_V,EXT_S,BATT_CHR_V,BATT_CHR_I,BATT_CHR_STATUS,SYS_V,SYS_I,SPR_V,SPR_I,PLAT_5V_V,PLAT_5V_I,ADCS_5V_V,ADCS_5V_I,PAYLOAD_5V_V,PAYLOAD_5V_I,OBC_PWR_V,OBC_PWR_I,ADCS_PROC_PWR_V,ADCS_PROC_PWR_I,ADCS_PER_PWR_V,ADCS_PER_PWR_I,COMMS_PWR_V,COMMS_PWR_I,TEMP_SOLAR,TEMP_EPS,TEMP_BATTERY,TEMP_BACKPLANE,TEMP_OBDH,TEMP_ADCS,TEMP_WHEEL,TEMP_COMMS,TEMP_PAYLOAD,TEMP_EPS_L,TEMP_OBDH_L,TEMP_ADCS_L,TEMP_WHEEL_L,TEMP_COMMS_L,TEMP_PAYLOAD_L,FREQ,RSSI,TX_POWER,FRAME_ERR,TEMP_THERM_EXP_L,THERMISTOR_ROD_1,THERMISTOR_ROD_2,THERMISTOR_ROD_3,THERMISTOR_ROD_4,THERMISTOR_ROD_5,THERMISTOR_ROD_6,THERMISTOR_ROD_7,THERMISTOR_ROD_8,THERMISTOR_ROD_9,THERMISTOR_ROD_10,THERMISTOR_ROD_11,THERMISTOR_ROD_12,THERMISTOR_ROD_13,THERMISTOR_ROD_14,THERMISTOR_ROD_15,THERMISTOR_ROD_16,THERMISTOR_BATH_1,THERMISTOR_BATH_2,THERMISTOR_BATH_3,THERMISTOR_EXP3,THERMISTOR_HEATER,THERMAL_EXP_SW_VERSION,OBC_SW_VERSION,PWR_SW_VERSION,COMMS_SW_VERSION,ADCS_SW_VERSION,ACTUATOR_SW_VERSION,elapsed_s,PWR_SYS,PWR_PLAT_5V,PWR_OBC_PWR,PWR_COMMS_PWR,_has_stuck_thermistor
2026-03-10 11:40:04,5.0,0.0,0.0,0.0,6.0,0.0,0.0,0.0,0.0,0.0,0.0,1.0,0.0,0.0,0.0,3.127,0.0,0.0,0.0,7.375,-226.0,0.0,7.272,0.0,0.0,0.0,4.985,270.0,0.056,1.0,0.68,0.0,4.955,198.0,0.0,0.0,0.0,0.0,4.981,60.0,24.75042,24.33514,24.40137,23.96998,24.51593,24.30471,24.19373,24.48192,24.44791,24.0,23.5,0.0,0.0,23.5,0.0,910.25,0.0,2.0,0.0,0.0,77.180115,77.180115,77.180115,77.180115,77.180115,77.180115,77.180115,77.180115,77.180115,77.180115,77.180115,77.180115,77.180115,77.180115,77.180115,77.180115,74.309649,74.309649,74.309649,74.309649,0.0,0.0,100.0,101.0,102.0,0.0,0.0,0.0,0.0,1345.95,981.09,298.86,True
2026-03-10 11:40:05,5.0,0.0,0.0,0.0,7.0,0.0,0.0,0.0,0.0,0.0,0.0,1.0,0.0,0.0,0.0,3.127,0.0,0.0,0.0,7.375,-226.0,0.0,7.272,222.0,0.0,0.0,4.985,270.0,0.061,0.0,0.681,0.0,4.955,198.0,0.0,0.0,0.0,0.0,4.978,39.0,24.754,24.33514,24.39958,23.97356,24.57858,24.29039,24.19194,24.50877,24.44791,24.0,24.0,0.0,0.0,23.5,0.0,910.25,0.0,2.0,0.0,0.0,77.180115,77.180115,77.180115,77.180115,77.180115,77.180115,77.180115,77.180115,77.180115,77.180115,77.180115,77.180115,77.180115,77.180115,77.180115,77.180115,74.309649,74.309649,74.309649,74.309649,0.0,0.0,100.0,101.0,102.0,0.0,0.0,1.0,1614.384,1345.95,981.09,194.142,True
2026-03-10 11:40:06,5.0,0.0,0.0,0.0,7.0,0.0,0.0,0.0,0.0,0.0,0.0,1.0,0.0,0.0,0.0,3.127,0.0,0.0,0.0,7.375,-226.0,0.0,7.272,223.0,0.0,0.0,4.986,271.0,0.063,0.0,0.681,0.0,4.955,201.0,0.0,0.0,0.0,0.0,4.978,39.0,24.75937,24.33872,24.41211,23.97177,24.60722,24.29576,24.19373,24.53562,24.44612,24.0,24.0,0.0,0.0,23.5,0.0,910.25,0.0,2.0,0.0,0.0,77.180115,77.180115,77.180115,77.180115,77.180115,77.180115,77.180115,77.180115,77.180115,77.180115,77.180115,77.180115,77.180115,77.180115,77.180115,77.180115,74.309649,74.309649,74.309649,74.309649,0.0,0.0,100.0,101.0,102.0,0.0,0.0,2.0,1621.656,1351.206,995.955,194.142,True
2026-03-10 11:40:07,5.0,0.0,0.0,0.0,9.0,0.0,0.0,0.0,0.0,0.0,0.0,1.0,0.0,0.0,0.0,3.127,0.0,0.0,0.0,7.375,-226.0,0.0,7.272,220.0,0.0,0.0,4.986,104.0,0.068,1.0,0.681,0.0,4.953,198.0,0.0,0.0,0.0,0.0,4.978,61.0,24.76295,24.35483,24.41748,23.9664,24.70567,24.30471,24.19552,24.58395,24.44433,24.0,24.0,0.0,0.0,24.0,0.0,910.25,0.0,2.0,0.0,0.0,77.180115,77.180115,77.180115,77.180115,77.180115,77.180115,77.180115,77.180115,77.180115,77.180115,77.180115,77.180115,77.180115,77.180115,77.180115,77.180115,74.309649,74.309649,74.309649,74.309649,0.0,0.0,100.0,101.0,102.0,0.0,0.0,3.0,1599.8400000000001,518.544,980.6940000000001,303.65799999999996,True
2026-03-10 11:40:08,5.0,0.0,0.0,0.0,9.0,0.0,0.0,0.0,0.0,0.0,0.0,1.0,0.0,0.0,0.0,3.127,0.0,0.0,0.0,7.375,-226.0,0.0,7.268,221.0,0.0,0.0,4.986,105.0,0.07,1.0,0.681,1.0,4.955,186.0,0.0,0.0,0.0,0.0,4.978,61.0,24.75579,24.35125,24.41748,23.9664,24.76116,24.30113,24.19015,24.58753,24.44791,24.0,24.0,0.0,0.0,24.0,0.0,910.25,0.0,2.0,0.0,0.0,77.180115,77.180115,77.180115,77.180115,77.180115,77.180115,77.180115,77.180115,77.180115,77.180115,77.180115,77.180115,77.180115,77.180115,77.180115,77.180115,74.309649,74.309649,74.309649,74.309649,0.0,0.0,100.0,101.0,102.0,0.0,0.0,4.0,1606.228,523.53,921.63,303.65799999999996,True
2026-03-10 11:40:09,5.0,0.0,0.0,0.0,,0.0,0.0,0.0,0.0,0.0,0.0,1.0,0.0,0.0,0.0,3.127,0.0,0.0,0.0,7.375,-226.0,0.0,7.268,217.0,0.0,0.0,4.986,104.0,0.073,1.0,0.681,0.0,4.955,180.0,0.0,0.0,0.0,0.0,4.978,39.0,24.75042,24.36199,24.42643,23.96998,24.80591,24.29755,24.1991,24.60722,24.45507,24.0,24.0,0.0,0.0,24.0,0.0,910.25,0.0,2.0,0.0,0.0,77.180115,77.180115,77.180115,77.180115,77.180115,77.180115,77.180115,77.180115,77.180115,77.180115,77.180115,77.180115,77.180115,77.180115,77.180115,77.180115,74.309649,74.309649,74.309649,74.309649,0.0,0.0,100.0,101.0,102.0,0.0,0.0,5.0,1577.156,518.544,891.9,194.142,True
2026-03-10 11:40:10,5.0,0.0,0.0,0.0,,0.0,0.0,0.0,0.0,0.0,0.0,1.0,0.0,0.0,0.0,3.127,0.0,0.0,0.0,7.375,-226.0,0.0,7.272,222.0,0.0,0.0,4.986,104.0,0.08,1.0,0.681,0.0,4.956,202.0,0.0,0.0,0.0,0.0,4.978,39.0,24.75937,24.37273,24.4318,23.97535,24.93121,24.30471,24.19552,24.65018,24.45149,24.0,24.0,0.0,0.0,24.0,0.0,910.25,0.0,2.0,0.0,0.0,77.180115,77.180115,77.180115,77.180115,77.180115,77.180115,77.180115,77.180115,77.180115,77.180115,77.180115,77.180115,77.180115,77.180115,77.180115,77.180115,74.309649,74.309649,74.309649,74.309649,0.0,0.0,100.0,101.0,102.0,0.0,0.0,6.0,1614.384,518.544,1001.1120000000001,194.142,True
2026-03-10 11:40:11,5.0,0.0,0.0,0.0,,0.0,0.0,0.0,0.0,0.0,0.0,1.0,0.0,0.0,0.0,3.127,0.0,0.0,0.0,7.375,-226.0,0.0,7.271,222.0,0.0,0.0,4.986,106.0,0.082,1.0,0.681,0.0,4.956,198.0,0.0,0.0,0.0,0.0,4.978,60.0,24.74863,24.36736,24.4318,23.96998,24.99744,24.29218,24.1991,24.66808,24.43896,24.0,24.0,0.0,0.0,24.0,0.0,910.25,0.0,2.0,0.0,0.0,77.180115,77.180115,77.180115,77.180115,77.180115,77.180115,77.180115,77.180115,77.180115,77.180115,77.180115,77.180115,77.180115,77.180115,77.180115,77.180115,74.309649,74.309649,74.309649,74.309649,0.0,0.0,100.0,101.0,102.0,0.0,0.0,7.0,1614.162,528.516,981.2880000000001,298.68,True
2026-03-10 11:40:12,5.0,0.0,0.0,0.0,,0.0,0.0,0.0,0.0,0.0,0.0,1.0,0.0,0.0,0.0,3.127,0.0,0.0,0.0,7.375,-226.0,0.0,7.271,222.0,0.0,0.0,4.986,104.0,0.083,1.0,0.681,0.0,4.955,186.0,0.0,0.0,0.0,0.0,4.978,60.0,24.75221,24.37452,24.44254,23.97714,25.0225,24.30471,24.20268,24.68956,24.4497,24.0,24.0,0.0,0.0,24.0,0.0,910.25,0.0,2.0,0.0,0.0,77.180115,77.180115,77.180115,77.180115,77.180115,77.180115,77.180115,77.180115,77.180115,77.180115,77.180115,77.180115,77.180115,77.180115,77.180115,77.180115,74.309649,74.309649,74.309649,74.309649,0.0,0.0,100.0,101.0,102.0,0.0,0.0,8.0,1614.162,518.544,921.63,298.68,True
2026-03-10 11:40:13,5.0,0.0,0.0,0.0,,0.0,0.0,0.0,0.0,0.0,0.0,1.0,0.0,0.0,0.0,3.127,0.0,0.0,0.0,7.375,-226.0,0.0,7.272,221.0,0.0,0.0,4.985,102.0,0.086,2.0,0.681,0.0,4.955,201.0,0.0,0.0,0.0,0.0,4.978,60.0,24.754,24.37631,24.44075,23.97177,25.07262,24.29755,24.20268,24.7003,24.44433,24.0,24.0,0.0,0.0,24.0,0.0,910.25,0.0,2.0,0.0,0.0,77.180115,77.180115,77.180115,77.180115,77.180115,77.180115,77.180115,77.180115,77.180115,77.180115,77.180115,77.180115,77.180115,77.180115,77.180115,77.180115,74.309649,74.309649,74.309649,74.309649,0.0,0.0,100.0,101.0,102.0,0.0,0.0,9.0,1607.112,508.47,995.955,298.68,True
2026-03-10 11:40:14,5.0,0.0,0.0,0.0,10.0,0.0,0.0,0.0,0.0,0.0,0.0,1.0,0.0,0.0,0.0,3.127,0.0,0.0,0.0,7.375,-226.0,0.0,7.271,217.0,0.0,0.0,4.986,107.0,0.088,1.0,0.681,0.0,4.955,201.0,0.0,0.0,0.0,0.0,4.978,39.0,24.75221,24.39779,24.45507,23.96998,25.23193,24.3065,24.19373,24.7361,24.43717,24.0,24.0,0.0,0.0,24.0,0.0,910.25,0.0,2.0,0.0,0.0,77.180115,77.180115,77.180115,77.180115,77.180115,77.180115,77.180115,77.180115,77.180115,77.180115,77.180115,77.180115,77.180115,77.180115,77.180115,77.180115,74.309649,74.309649,74.309649,74.309649,0.0,0.0,100.0,101.0,102.0,0.0,0.0,10.0,1577.807,533.502,995.955,194.142,True
2026-03-10 11:40:15,5.0,0.0,0.0,0.0,10.0,0.0,0.0,0.0,0.0,0.0,0.0,1.0,0.0,0.0,0.0,3.127,0.0,0.0,0.0,7.375,-226.0,0.0,7.273,218.0,0.0,0.0,4.986,101.0,0.092,0.0,0.68,0.0,4.953,190.0,0.0,0.0,0.0,0.0,4.978,58.0,24.75042,24.40137,24.45149,23.96998,25.27131,24.29934,24.19552,24.73968,24.43717,24.0,24.5,0.0,0.0,24.0,0.0,910.25,0.0,2.0,0.0,0.0,77.180115,77.180115,77.180115,77.180115,77.180115,77.180115,77.180115,77.180115,77.180115,77.180115,77.180115,77.180115,77.180115,77.180115,77.180115,77.180115,74.309649,74.309649,74.309649,74.309649,0.0,0.0,100.0,101.0,102.0,0.0,0.0,11.0,1585.514,503.58599999999996,941.07,288.724,True
2026-03-10 11:40:16,5.0,0.0,0.0,0.0,12.0,0.0,0.0,0.0,0.0,0.0,0.0,1.0,0.0,0.0,0.0,3.127,0.0,0.0,0.0,7.375,-226.0,0.0,7.27,220.0,0.0,0.0,4.985,101.0,0.095,0.0,0.681,0.0,4.955,201.0,0.0,0.0,0.0,0.0,4.978,58.0,24.74684,24.40674,24.47297,23.9664,25.3805,24.2886,24.19373,24.77369,24.43538,24.0,24.5,0.0,0.0,24.0,0.0,910.25,0.0,2.0,0.0,0.0,77.180115,77.180115,77.180115,77.180115,77.180115,77.180115,77.180115,77.180115,77.180115,77.180115,77.180115,77.180115,77.180115,77.180115,77.180115,77.180115,74.309649,74.309649,74.309649,74.309649,0.0,0.0,100.0,101.0,102.0,0.0,0.0,12.0,1599.3999999999999,503.485,995.955,288.724,True
2026-03-10 11:40:17,5.0,0.0,0.0,0.0,12.0,0.0,0.0,0.0,0.0,0.0,0.0,1.0,0.0,0.0,0.0,3.127,0.0,0.0,0.0,7.375,-226.0,0.0,7.272,218.0,0.0,0.0,4.986,255.0,0.096,0.0,0.681,0.0,4.953,191.0,0.0,0.0,0.0,0.0,4.977,61.0,24.75042,24.40316,24.45865,23.97714,25.39303,24.30292,24.1991,24.78264,24.4497,24.0,24.5,0.0,0.0,24.0,0.0,910.25,0.0,2.0,0.0,0.0,77.180115,77.180115,77.180115,77.180115,77.180115,77.180115,77.180115,77.180115,77.180115,77.180115,77.180115,77.180115,77.180115,77.180115,77.180115,77.180115,74.309649,74.309649,74.309649,74.309649,0.0,0.0,100.0,101.0,102.0,0.0,0.0,13.0,1585.296,1271.4299999999998,946.023,303.59700000000004,True
2026-03-10 11:40:18,5.0,0.0,0.0,0.0,14.0,0.0,0.0,0.0,0.0,0.0,0.0,1.0,0.0,0.0,0.0,3.127,0.0,0.0,0.0,7.375,-226.0,0.0,7.271,216.0,0.0,0.0,4.987,255.0,0.097,1.0,0.68,0.0,4.955,201.0,0.0,0.0,0.0,0.0,4.977,61.0,24.74326,24.40853,24.47476,23.96998,25.52549,24.28502,24.20089,24.81307,24.44612,24.5,24.5,0.0,0.0,24.0,0.0,910.25,0.0,2.0,0.0,0.0,77.180115,77.180115,77.180115,77.180115,77.180115,77.180115,77.180115,77.180115,77.180115,77.180115,77.180115,77.180115,77.180115,77.180115,77.180115,77.180115,74.309649,74.309649,74.309649,74.309649,0.0,0.0,100.0,101.0,102.0,0.0,0.0,14.0,1570.536,1271.685,995.955,303.59700000000004,True
2026-03-10 11:40:19,5.0,0.0,0.0,0.0,14.0,0.0,0.0,0.0,0.0,0.0,0.0,1.0,0.0,0.0,0.0,3.127,0.0,0.0,0.0,7.375,-226.0,0.0,7.272,218.0,0.0,0.0,4.986,101.0,0.097,1.0,0.681,0.0,4.956,188.0,0.0,0.0,0.0,0.0,4.98,39.0,24.74684,24.41927,24.47476,23.97714,25.5595,24.30113,24.19731,24.81844,24.45507,24.0,24.5,0.0,0.0,24.0,0.0,910.25,0.0,2.0,0.0,0.0,77.180115,77.180115,77.180115,77.180115,77.180115,77.180115,77.180115,77.180115,77.180115,77.180115,77.180115,77.180115,77.180115,77.180115,77.180115,77.180115,74.309649,74.309649,74.309649,74.309649,0.0,0.0,100.0,101.0,102.0,0.0,0.0,15.0,1585.296,503.58599999999996,931.7280000000001,194.22000000000003,True
2026-03-10 11:40:20,5.0,0.0,0.0,0.0,16.0,0.0,0.0,0.0,0.0,0.0,0.0,1.0,0.0,0.0,0.0,3.127,1.0,0.0,0.0,7.375,-226.0,0.0,7.272,218.0,0.0,0.0,4.985,100.0,0.1,2.0,0.68,0.0,4.957,201.0,0.0,0.0,0.0,0.0,4.98,39.0,24.75042,24.42106,24.47834,23.97893,25.66153,24.29218,24.1812,24.85603,24.44075,24.5,24.5,0.0,0.0,24.0,0.0,910.25,0.0,2.0,0.0,0.0,77.180115,77.180115,77.180115,77.180115,77.180115,77.180115,77.180115,77.180115,77.180115,77.180115,77.180115,77.180115,77.180115,77.180115,77.180115,77.180115,74.309649,74.309649,74.309649,74.309649,0.0,0.0,100.0,101.0,102.0,0.0,0.0,16.0,1585.296,498.50000000000006,996.357,194.22000000000003,True
2026-03-10 11:40:21,5.0,0.0,0.0,0.0,16.0,0.0,0.0,0.0,0.0,0.0,0.0,1.0,0.0,0.0,0.0,3.127,0.0,0.0,0.0,7.375,-226.0,0.0,7.272,217.0,0.0,0.0,4.986,101.0,0.101,0.0,0.681,0.0,4.955,193.0,0.0,0.0,0.0,0.0,4.98,58.0,24.74326,24.41032,24.48908,23.9664,25.69017,24.29934,24.20447,24.85603,24.44433,24.5,24.5,0.0,0.0,24.0,0.0,910.25,0.0,2.0,0.0,0.0,77.180115,77.180115,77.180115,77.180115,77.180115,77.180115,77.180115,77.180115,77.180115,77.180115,77.180115,77.180115,77.180115,77.180115,77.180115,77.180115,74.309649,74.309649,74.309649,74.309649,0.0,0.0,100.0,101.0,102.0,0.0,0.0,17.0,1578.0240000000001,503.58599999999996,956.315,288.84000000000003,True
2026-03-10 11:40:22,5.0,0.0,0.0,0.0,17.0,0.0,0.0,1.0,0.0,0.0,0.0,1.0,1.0,0.0,0.0,3.127,0.0,0.0,0.0,7.375,-226.0,0.0,7.256,287.0,0.0,0.0,4.985,100.0,4.998,56.0,0.681,0.0,4.955,190.0,0.0,0.0,0.0,0.0,4.98,58.0,24.74684,24.43538,24.49266,23.97893,25.75461,24.29576,24.20089,24.87214,24.44254,24.5,24.5,0.0,0.0,24.0,0.0,910.25,0.0,2.0,0.0,0.0,77.180115,77.180115,77.180115,77.180115,77.180115,77.180115,77.180115,77.180115,77.180115,77.180115,77.180115,77.180115,77.180115,77.180115,77.180115,77.180115,74.309649,74.309649,74.309649,74.309649,0.0,0.0,100.0,101.0,102.0,0.0,0.0,18.0,2082.472,498.50000000000006,941.45,288.84000000000003,True
2026-03-10 11:40:23,5.0,0.0,0.0,0.0,19.0,0.0,0.0,1.0,0.0,0.0,0.0,1.0,1.0,0.0,0.0,3.127,0.0,0.0,0.0,7.375,-226.0,0.0,7.155,780.0,0.0,0.0,4.983,101.0,4.985,255.0,0.681,0.0,4.953,202.0,4.962,188.0,4.968,60.0,4.977,58.0,24.75042,24.44254,24.49445,23.97356,25.8638,24.30292,24.1991,24.89899,24.44075,24.5,24.5,23.5,23.5,24.0,0.0,910.25,,2.0,0.0,0.0,77.180115,77.180115,77.180115,77.180115,77.180115,77.180115,77.180115,77.180115,77.180115,77.180115,77.180115,77.180115,77.180115,77.180115,77.180115,77.180115,74.309649,74.309649,74.309649,74.309649,0.0,0.0,100.0,101.0,102.0,101.0,101.0,19.0,5580.900000000001,503.28299999999996,1000.5060000000001,288.666,True
2026-03-10 11:40:24,5.0,0.0,0.0,0.0,,0.0,0.0,1.0,0.0,0.0,0.0,1.0,1.0,0.0,0.0,3.127,0.0,0.0,0.0,7.375,-226.0,0.0,7.152,778.0,0.0,0.0,4.983,102.0,4.982,100.0,0.682,0.0,4.953,202.0,4.962,188.0,4.968,60.0,4.977,58.0,24.74147,24.45507,24.51056,23.98072,25.92824,24.31187,24.20805,24.91868,24.43896,24.5,24.5,23.5,23.5,24.0,0.0,910.25,,2.0,0.0,0.0,77.180115,77.180115,77.180115,77.180115,77.180115,77.180115,77.180115,77.180115,77.180115,77.180115,77.180115,77.180115,77.180115,77.180115,77.180115,77.180115,74.309649,74.309649,74.309649,74.309649,0.0,0.0,100.0,101.0,102.0,101.0,101.0,20.0,5564.256,508.26599999999996,1000.5060000000001,288.666,True
2026-03-10 11:40:25,5.0,0.0,0.0,0.0,,0.0,0.0,1.0,0.0,0.0,0.0,1.0,1.0,0.0,0.0,3.127,0.0,0.0,0.0,7.375,-226.0,0.0,7.156,778.0,0.0,0.0,4.982,100.0,4.982,102.0,0.681,0.0,4.952,182.0,4.962,191.0,4.968,61.0,4.976,58.0,24.74326,24.45507,24.51951,23.97356,26.00521,24.31545,24.23311,24.933,24.43896,24.5,24.5,23.5,23.5,24.0,0.0,910.25,,2.0,0.0,0.0,77.180115,77.180115,77.180115,77.180115,77.180115,77.180115,77.180115,77.180115,77.180115,77.180115,77.180115,77.180115,77.180115,77.180115,77.180115,77.180115,74.309649,74.309649,74.309649,74.309649,0.0,0.0,100.0,101.0,102.0,101.0,101.0,21.0,5567.3679999999995,498.20000000000005,901.264,288.608,True
2026-03-10 11:40:26,5.0,0.0,0.0,0.0,,0.0,0.0,1.0,0.0,0.0,0.0,1.0,1.0,0.0,0.0,3.127,0.0,0.0,0.0,7.375,-226.0,0.0,7.23,413.0,0.0,0.0,4.982,255.0,4.982,101.0,0.681,0.0,4.953,197.0,4.963,195.0,4.968,61.0,4.976,58.0,24.73968,24.4497,24.52309,23.9843,26.0428,24.31545,24.24743,24.94732,24.44433,24.5,24.5,23.5,23.5,24.0,0.0,910.25,,2.0,0.0,0.0,77.180115,77.180115,77.180115,77.180115,77.180115,77.180115,77.180115,77.180115,77.180115,77.180115,77.180115,77.180115,77.180115,77.180115,77.180115,77.180115,74.309649,74.309649,74.309649,74.309649,0.0,0.0,100.0,101.0,102.0,101.0,101.0,22.0,2985.9900000000002,1270.41,975.7410000000001,288.608,True
2026-03-10 11:40:27,5.0,0.0,0.0,0.0,,0.0,0.0,1.0,0.0,0.0,0.0,1.0,1.0,0.0,0.0,3.127,0.0,0.0,0.0,7.375,-226.0,0.0,7.231,410.0,0.0,0.0,4.982,100.0,4.982,104.0,0.68,0.0,4.952,198.0,4.963,190.0,4.968,61.0,4.977,58.0,24.73252,24.46939,24.52488,23.97356,26.15557,24.31724,24.27249,24.95269,24.44433,24.5,25.0,23.5,23.5,24.0,0.0,910.25,,2.0,0.0,0.0,77.180115,77.180115,77.180115,77.180115,77.180115,77.180115,77.180115,77.180115,77.180115,77.180115,77.180115,77.180115,77.180115,77.180115,77.180115,77.180115,74.309649,74.309649,74.309649,74.309649,0.0,0.0,100.0,101.0,102.0,101.0,101.0,23.0,2964.71,498.20000000000005,980.496,288.666,True
2026-03-10 11:40:28,5.0,0.0,0.0,0.0,,0.0,0.0,1.0,0.0,0.0,0.0,1.0,1.0,0.0,0.0,3.127,1.0,0.0,0.0,7.375,-226.0,0.0,7.231,198.0,0.0,0.0,4.982,100.0,4.982,104.0,0.681,0.0,4.953,198.0,4.962,191.0,4.97,62.0,4.977,58.0,24.74147,24.47297,24.53025,23.97535,26.25223,24.35304,24.30113,24.97775,24.44612,24.5,25.0,23.5,23.5,24.0,0.0,910.25,,2.0,0.0,0.0,77.180115,77.180115,77.180115,77.180115,77.180115,77.180115,77.180115,77.180115,77.180115,77.180115,77.180115,77.180115,77.180115,77.180115,77.180115,77.180115,74.309649,74.309649,74.309649,74.309649,0.0,0.0,100.0,101.0,102.0,101.0,101.0,24.0,1431.738,498.20000000000005,980.6940000000001,288.666,True
2026-03-10 11:40:29,5.0,0.0,0.0,0.0,,0.0,0.0,1.0,0.0,0.0,0.0,1.0,1.0,0.0,0.0,3.127,0.0,0.0,0.0,7.375,-226.0,0.0,7.228,412.0,0.0,0.0,4.982,106.0,4.982,106.0,0.681,0.0,4.952,197.0,4.962,187.0,4.968,61.0,4.976,60.0,24.73252,24.48908,24.53741,23.97535,26.28624,24.36378,24.31366,24.98491,24.45507,24.5,25.0,23.5,23.5,24.0,0.0,910.25,,2.0,0.0,0.0,77.180115,77.180115,77.180115,77.180115,77.180115,77.180115,77.180115,77.180115,77.180115,77.180115,77.180115,77.180115,77.180115,77.180115,77.180115,77.180115,74.309649,74.309649,74.309649,74.309649,0.0,0.0,100.0,101.0,102.0,101.0,101.0,25.0,2977.9359999999997,528.092,975.544,298.56,True
2026-03-10 11:40:30,5.0,0.0,0.0,0.0,,0.0,0.0,1.0,0.0,0.0,0.0,1.0,1.0,0.0,0.0,3.127,0.0,0.0,0.0,7.375,-226.0,0.0,7.228,413.0,0.0,0.0,4.982,104.0,4.982,107.0,0.681,0.0,4.953,203.0,4.962,191.0,4.967,61.0,4.976,60.0,24.73968,24.48013,24.54457,23.98072,26.35068,24.39779,24.33156,24.99565,24.44612,24.5,25.0,23.5,23.5,24.0,0.0,910.25,,2.0,0.0,0.0,77.180115,77.180115,77.180115,77.180115,77.180115,77.180115,77.180115,77.180115,77.180115,77.180115,77.180115,77.180115,77.180115,77.180115,77.180115,77.180115,74.309649,74.309649,74.309649,74.309649,0.0,0.0,100.0,101.0,102.0,101.0,101.0,26.0,2985.1639999999998,518.128,1005.4590000000001,298.56,True
2026-03-10 11:40:31,5.0,0.0,0.0,0.0,20.0,0.0,0.0,1.0,0.0,0.0,0.0,1.0,1.0,0.0,0.0,3.127,0.0,0.0,0.0,7.375,-226.0,0.0,7.228,417.0,0.0,0.0,4.982,105.0,4.982,105.0,0.68,0.0,4.95,198.0,4.962,192.0,4.97,61.0,4.976,60.0,24.7361,24.48013,24.54636,23.97893,26.35247,24.38526,24.34409,24.99744,24.45149,24.5,25.0,23.5,23.5,24.0,0.0,910.25,,2.0,0.0,0.0,77.180115,77.180115,77.180115,77.180115,77.180115,77.180115,77.180115,77.180115,77.180115,77.180115,77.180115,77.180115,77.180115,77.180115,77.180115,77.180115,74.309649,74.309649,74.309649,74.309649,0.0,0.0,100.0,101.0,102.0,101.0,101.0,27.0,3014.076,523.11,980.1,298.56,True
2026-03-10 11:40:32,5.0,0.0,0.0,0.0,22.0,0.0,0.0,1.0,0.0,0.0,0.0,1.0,1.0,0.0,0.0,3.127,0.0,0.0,0.0,7.375,-226.0,0.0,7.226,416.0,0.0,0.0,4.982,106.0,4.982,104.0,0.68,0.0,4.951,200.0,4.961,193.0,4.967,62.0,4.975,39.0,24.73431,24.49266,24.5571,23.97356,26.47956,24.44254,24.38526,25.02787,24.44791,24.5,25.0,23.5,23.5,24.0,0.0,910.25,,2.0,0.0,0.0,77.180115,77.180115,77.180115,77.180115,77.180115,77.180115,77.180115,77.180115,77.180115,77.180115,77.180115,77.180115,77.180115,77.180115,77.180115,77.180115,74.309649,74.309649,74.309649,74.309649,0.0,0.0,100.0,101.0,102.0,101.0,101.0,28.0,3006.016,528.092,990.1999999999999,194.02499999999998,True
2026-03-10 11:40:33,5.0,0.0,0.0,0.0,22.0,0.0,0.0,1.0,0.0,0.0,0.0,1.0,1.0,0.0,0.0,3.127,0.0,0.0,0.0,7.375,-226.0,0.0,7.23,412.0,0.0,0.0,4.982,105.0,4.982,106.0,0.681,0.0,4.952,203.0,4.963,195.0,4.968,60.0,4.975,60.0,24.7361,24.48908,24.55352,23.98072,26.5082,24.45328,24.40137,25.03861,24.43896,24.5,25.0,23.5,23.5,24.0,0.0,910.25,,2.0,0.0,0.0,77.180115,77.180115,77.180115,77.180115,77.180115,77.180115,77.180115,77.180115,77.180115,77.180115,77.180115,77.180115,77.180115,77.180115,77.180115,77.180115,74.309649,74.309649,74.309649,74.309649,0.0,0.0,100.0,101.0,102.0,101.0,101.0,29.0,2978.76,523.11,1005.256,298.5,True
2026-03-10 11:40:34,5.0,0.0,0.0,0.0,24.0,0.0,0.0,1.0,0.0,0.0,0.0,1.0,1.0,0.0,0.0,3.127,0.0,0.0,0.0,7.375,-226.0,0.0,7.23,416.0,0.0,0.0,4.982,105.0,4.982,104.0,0.681,1.0,4.95,200.0,4.962,188.0,4.968,61.0,4.975,60.0,24.73252,24.50519,24.56426,23.98251,26.57443,24.4855,24.42285,25.05472,24.43896,24.5,25.0,23.5,23.5,24.0,0.0,910.25,,2.0,0.0,0.0,77.180115,77.180115,77.180115,77.180115,77.180115,77.180115,77.180115,77.180115,77.180115,77.180115,77.180115,77.180115,77.180115,77.180115,77.180115,77.180115,74.309649,74.309649,74.309649,74.309649,0.0,0.0,100.0,101.0,102.0,101.0,101.0,30.0,3007.6800000000003,523.11,990.0,298.5,True
2026-03-10 11:40:35,5.0,0.0,0.0,0.0,24.0,0.0,0.0,1.0,0.0,0.0,0.0,1.0,1.0,0.0,0.0,3.127,0.0,0.0,0.0,7.375,-226.0,0.0,7.228,411.0,0.0,0.0,4.982,105.0,4.982,106.0,0.68,0.0,4.951,202.0,4.962,191.0,4.967,61.0,4.975,39.0,24.72536,24.49982,24.56963,23.98788,26.58696,24.51056,24.42464,25.05293,24.44433,24.5,25.0,23.5,23.5,24.5,0.0,910.25,,2.0,0.0,0.0,77.180115,77.180115,77.180115,77.180115,77.180115,77.180115,77.180115,77.180115,77.180115,77.180115,77.180115,77.180115,77.180115,77.180115,77.180115,77.180115,74.309649,74.309649,74.309649,74.309649,0.0,0.0,100.0,101.0,102.0,101.0,101.0,31.0,2970.708,523.11,1000.102,194.02499999999998,True
2026-03-10 11:40:36,5.0,0.0,0.0,0.0,25.0,0.0,0.0,1.0,0.0,0.0,0.0,1.0,1.0,0.0,0.0,3.127,0.0,0.0,0.0,7.375,-226.0,0.0,7.23,415.0,0.0,0.0,4.982,105.0,4.983,104.0,0.681,0.0,4.952,183.0,4.963,187.0,4.967,61.0,4.975,39.0,24.73073,24.51235,24.56784,23.97356,26.6514,24.53741,24.44791,25.06904,24.4497,24.5,25.0,23.5,23.5,24.5,0.0,910.25,,2.0,0.0,0.0,77.180115,77.180115,77.180115,77.180115,77.180115,77.180115,77.180115,77.180115,77.180115,77.180115,77.180115,77.180115,77.180115,77.180115,77.180115,77.180115,74.309649,74.309649,74.309649,74.309649,0.0,0.0,100.0,101.0,102.0,101.0,101.0,32.0,3000.4500000000003,523.11,906.216,194.02499999999998,True
2026-03-10 11:40:37,5.0,0.0,0.0,0.0,27.0,0.0,0.0,1.0,0.0,0.0,0.0,1.0,1.0,0.0,0.0,3.127,1.0,0.0,0.0,7.375,-226.0,0.0,7.227,416.0,0.0,0.0,4.982,104.0,4.982,106.0,0.68,0.0,4.952,202.0,4.961,192.0,4.968,62.0,4.976,58.0,24.72894,24.50877,24.58037,23.98788,26.73374,24.59827,24.46581,25.09768,24.44075,24.5,25.0,24.0,23.5,24.5,0.0,910.25,,2.0,0.0,0.0,77.180115,77.180115,77.180115,77.180115,77.180115,77.180115,77.180115,77.180115,77.180115,77.180115,77.180115,77.180115,77.180115,77.180115,77.180115,77.180115,74.309649,74.309649,74.309649,74.309649,0.0,0.0,100.0,101.0,102.0,101.0,101.0,33.0,3006.4320000000002,518.128,1000.304,288.608,True
2026-03-10 11:40:38,5.0,0.0,0.0,0.0,28.0,0.0,0.0,1.0,0.0,0.0,0.0,1.0,1.0,0.0,0.0,3.127,1.0,0.0,0.0,7.375,-226.0,0.0,7.23,416.0,0.0,0.0,4.982,100.0,4.982,105.0,0.681,0.0,4.951,202.0,4.962,187.0,4.968,62.0,4.976,58.0,24.73431,24.51772,24.58932,23.97893,26.78386,24.63228,24.49803,25.10126,24.44075,24.5,25.0,24.0,23.5,24.5,0.0,910.25,,2.0,0.0,0.0,77.180115,77.180115,77.180115,77.180115,77.180115,77.180115,77.180115,77.180115,77.180115,77.180115,77.180115,77.180115,77.180115,77.180115,77.180115,77.180115,74.309649,74.309649,74.309649,74.309649,0.0,0.0,100.0,101.0,102.0,101.0,101.0,34.0,3007.6800000000003,498.20000000000005,1000.102,288.608,True
2026-03-10 11:40:39,5.0,0.0,0.0,0.0,28.0,0.0,0.0,1.0,0.0,0.0,0.0,1.0,1.0,0.0,0.0,3.127,0.0,0.0,0.0,7.375,-226.0,0.0,7.23,193.0,0.0,0.0,4.982,100.0,4.983,106.0,0.681,0.0,4.951,186.0,4.962,197.0,4.967,60.0,4.975,58.0,24.73252,24.5213,24.58932,23.97177,26.7946,24.64481,24.50161,25.11379,24.44433,24.5,25.0,24.0,23.5,24.5,0.0,910.25,,2.0,0.0,0.0,77.180115,77.180115,77.180115,77.180115,77.180115,77.180115,77.180115,77.180115,77.180115,77.180115,77.180115,77.180115,77.180115,77.180115,77.180115,77.180115,74.309649,74.309649,74.309649,74.309649,0.0,0.0,100.0,101.0,102.0,101.0,101.0,35.0,1395.39,498.20000000000005,920.886,288.54999999999995,True
2026-03-10 11:40:40,5.0,0.0,0.0,0.0,29.0,0.0,0.0,1.0,0.0,0.0,0.0,1.0,1.0,0.0,0.0,3.127,0.0,0.0,0.0,7.375,-226.0,0.0,7.228,410.0,0.0,0.0,4.982,102.0,4.982,106.0,0.681,0.0,4.951,197.0,4.962,192.0,4.968,60.0,4.975,58.0,24.74326,24.52846,24.58932,23.98072,26.83577,24.6824,24.50877,25.12453,24.43896,24.5,25.5,24.0,23.5,24.5,0.0,910.25,,2.0,0.0,0.0,77.180115,77.180115,77.180115,77.180115,77.180115,77.180115,77.180115,77.180115,77.180115,77.180115,77.180115,77.180115,77.180115,77.180115,77.180115,77.180115,74.309649,74.309649,74.309649,74.309649,0.0,0.0,100.0,101.0,102.0,101.0,101.0,36.0,2963.48,508.16400000000004,975.347,288.54999999999995,True
2026-03-10 11:40:41,5.0,0.0,0.0,0.0,,0.0,0.0,1.0,0.0,0.0,0.0,1.0,1.0,0.0,0.0,2.723,0.0,0.0,0.0,7.346,-424.0,0.0,7.228,415.0,0.0,0.0,4.982,102.0,4.982,104.0,0.681,0.0,4.951,197.0,4.962,196.0,4.968,62.0,4.976,60.0,24.72357,24.54099,24.59827,23.98967,26.92706,24.73431,24.52846,25.14601,24.4497,24.5,25.5,24.0,23.5,24.5,0.0,910.25,,2.0,0.0,0.0,77.180115,77.180115,77.180115,77.180115,77.180115,77.180115,77.180115,77.180115,77.180115,77.180115,77.180115,77.180115,77.180115,77.180115,77.180115,77.180115,74.309649,74.309649,74.309649,74.309649,0.0,0.0,100.0,101.0,102.0,101.0,101.0,37.0,2999.62,508.16400000000004,975.347,298.56,True
2026-03-10 11:40:42,5.0,0.0,0.0,0.0,,0.0,0.0,1.0,0.0,0.0,0.0,1.0,1.0,0.0,0.0,2.592,0.0,0.0,0.0,7.345,-407.0,0.0,7.228,412.0,0.0,0.0,4.982,100.0,4.982,104.0,0.68,0.0,4.952,192.0,4.962,190.0,4.968,60.0,4.976,60.0,24.74147,24.53562,24.59827,23.98072,26.96823,24.76832,24.54457,25.15317,24.45507,24.5,25.5,24.0,23.5,24.5,0.0,910.25,,2.0,0.0,0.0,77.180115,77.180115,77.180115,77.180115,77.180115,77.180115,77.180115,77.180115,77.180115,77.180115,77.180115,77.180115,77.180115,77.180115,77.180115,77.180115,74.309649,74.309649,74.309649,74.309649,0.0,0.0,100.0,101.0,102.0,101.0,101.0,38.0,2977.9359999999997,498.20000000000005,950.784,298.56,True
2026-03-10 11:40:43,5.0,0.0,0.0,0.0,,0.0,0.0,1.0,0.0,0.0,0.0,1.0,1.0,0.0,0.0,3.124,0.0,0.0,0.0,7.345,-399.0,0.0,7.227,415.0,0.0,0.0,4.982,100.0,4.982,105.0,0.681,0.0,4.952,193.0,4.961,190.0,4.967,62.0,4.976,60.0,24.73431,24.53741,24.60364,23.97893,27.02193,24.8077,24.55352,25.16212,24.44254,24.5,25.5,24.0,23.5,24.5,0.0,910.25,,2.0,0.0,0.0,77.180115,77.180115,77.180115,77.180115,77.180115,77.180115,77.180115,77.180115,77.180115,77.180115,77.180115,77.180115,77.180115,77.180115,77.180115,77.180115,74.309649,74.309649,74.309649,74.309649,0.0,0.0,100.0,101.0,102.0,101.0,101.0,39.0,2999.205,498.20000000000005,955.736,298.56,True
2026-03-10 11:40:44,5.0,0.0,0.0,0.0,,0.0,0.0,1.0,0.0,0.0,0.0,1.0,1.0,0.0,0.0,2.237,0.0,0.0,0.0,7.344,-422.0,0.0,7.228,412.0,0.0,0.0,4.983,101.0,4.982,105.0,0.68,0.0,4.951,193.0,4.963,197.0,4.968,61.0,4.976,60.0,24.73252,24.54457,24.6108,23.98788,27.02193,24.82202,24.55352,25.1657,24.44433,24.5,25.5,24.0,23.5,24.5,0.0,910.25,,2.0,0.0,0.0,77.180115,77.180115,77.180115,77.180115,77.180115,77.180115,77.180115,77.180115,77.180115,77.180115,77.180115,77.180115,77.180115,77.180115,77.180115,77.180115,74.309649,74.309649,74.309649,74.309649,0.0,0.0,100.0,101.0,102.0,101.0,101.0,40.0,2977.9359999999997,503.28299999999996,955.5429999999999,298.56,True
2026-03-10 11:40:45,5.0,0.0,0.0,0.0,,0.0,0.0,1.0,0.0,0.0,0.0,1.0,1.0,0.0,0.0,2.421,0.0,0.0,0.0,7.345,-422.0,0.0,7.227,416.0,0.0,0.0,4.982,105.0,4.982,105.0,0.68,0.0,4.952,201.0,4.962,197.0,4.968,61.0,4.975,58.0,24.73968,24.56247,24.62333,23.99146,27.10964,24.87572,24.58395,25.18897,24.44791,24.5,25.5,24.0,23.5,24.5,0.0,910.25,,2.0,0.0,0.0,77.180115,77.180115,77.180115,77.180115,77.180115,77.180115,77.180115,77.180115,77.180115,77.180115,77.180115,77.180115,77.180115,77.180115,77.180115,77.180115,74.309649,74.309649,74.309649,74.309649,0.0,0.0,100.0,101.0,102.0,101.0,101.0,41.0,3006.4320000000002,523.11,995.352,288.54999999999995,True
2026-03-10 11:40:46,5.0,0.0,0.0,0.0,30.0,0.0,0.0,1.0,0.0,0.0,0.0,1.0,1.0,0.0,0.0,2.421,0.0,0.0,0.0,7.345,-422.0,0.0,7.226,416.0,0.0,0.0,4.982,106.0,4.982,105.0,0.681,0.0,4.953,201.0,4.963,196.0,4.967,62.0,4.975,58.0,24.73252,24.56247,24.61438,23.99504,27.1705,24.92405,24.58574,25.2015,24.4497,24.5,25.5,24.0,23.5,24.5,0.0,910.25,,2.0,0.0,0.0,77.180115,77.180115,77.180115,77.180115,77.180115,77.180115,77.180115,77.180115,77.180115,77.180115,77.180115,77.180115,77.180115,77.180115,77.180115,77.180115,74.309649,74.309649,74.309649,74.309649,0.0,0.0,100.0,101.0,102.0,101.0,101.0,42.0,3006.016,528.092,995.5530000000001,288.54999999999995,True
2026-03-10 11:40:47,5.0,0.0,0.0,0.0,31.0,0.0,0.0,1.0,0.0,0.0,0.0,1.0,1.0,0.0,0.0,2.421,1.0,0.0,0.0,7.345,-422.0,0.0,7.227,418.0,0.0,0.0,4.982,105.0,4.982,106.0,0.681,0.0,4.952,203.0,4.961,191.0,4.968,61.0,4.975,58.0,24.72715,24.56426,24.62154,24.00399,27.2063,24.95985,24.60364,25.21045,24.4497,24.5,25.5,24.0,23.5,24.5,0.0,910.25,,2.0,0.0,0.0,77.180115,77.180115,77.180115,77.180115,77.180115,77.180115,77.180115,77.180115,77.180115,77.180115,77.180115,77.180115,77.180115,77.180115,77.180115,77.180115,74.309649,74.309649,74.309649,74.309649,0.0,0.0,100.0,101.0,102.0,101.0,101.0,43.0,3020.886,523.11,1005.256,288.54999999999995,True
2026-03-10 11:40:48,5.0,0.0,0.0,0.0,31.0,0.0,0.0,1.0,0.0,0.0,0.0,1.0,1.0,0.0,0.0,2.421,0.0,0.0,0.0,7.345,-422.0,0.0,7.227,417.0,0.0,0.0,4.983,252.0,4.981,106.0,0.68,0.0,4.95,196.0,4.962,197.0,4.968,61.0,4.975,58.0,24.72894,24.56068,24.6287,24.0022,27.21704,24.97059,24.60901,25.22477,24.44254,24.5,25.5,24.0,23.5,24.5,0.0,910.25,,2.0,0.0,0.0,77.180115,77.180115,77.180115,77.180115,77.180115,77.180115,77.180115,77.180115,77.180115,77.180115,77.180115,77.180115,77.180115,77.180115,77.180115,77.180115,74.309649,74.309649,74.309649,74.309649,0.0,0.0,100.0,101.0,102.0,101.0,101.0,44.0,3013.659,1255.716,970.2,288.54999999999995,True
2026-03-10 11:40:49,5.0,0.0,0.0,0.0,32.0,0.0,0.0,1.0,0.0,0.0,0.0,1.0,1.0,0.0,0.0,2.421,0.0,0.0,0.0,7.345,-422.0,0.0,7.227,410.0,0.0,0.0,4.983,106.0,4.982,104.0,0.681,0.0,4.951,196.0,4.962,195.0,4.968,61.0,4.977,60.0,24.72715,24.57321,24.63407,24.0022,27.26358,24.99744,24.61796,25.23193,24.4497,24.5,25.5,24.0,23.5,24.5,0.0,910.25,,2.0,0.0,0.0,77.180115,77.180115,77.180115,77.180115,77.180115,77.180115,77.180115,77.180115,77.180115,77.180115,77.180115,77.180115,77.180115,77.180115,77.180115,77.180115,74.309649,74.309649,74.309649,74.309649,0.0,0.0,100.0,101.0,102.0,101.0,101.0,45.0,2963.07,528.198,970.396,298.62,True
2026-03-10 11:40:50,5.0,0.0,0.0,0.0,34.0,0.0,0.0,1.0,0.0,0.0,0.0,1.0,1.0,0.0,0.0,2.421,0.0,0.0,0.0,7.345,-422.0,0.0,7.227,197.0,0.0,0.0,4.981,109.0,4.982,102.0,0.681,1.0,4.952,202.0,4.963,196.0,4.967,61.0,4.977,60.0,24.7182,24.575,24.64123,24.00757,27.31012,25.05472,24.63407,25.24446,24.4497,24.5,25.5,24.5,23.5,24.5,0.0,910.25,,2.0,0.0,0.0,77.180115,77.180115,77.180115,77.180115,77.180115,77.180115,77.180115,77.180115,77.180115,77.180115,77.180115,77.180115,77.180115,77.180115,77.180115,77.180115,74.309649,74.309649,74.309649,74.309649,0.0,0.0,100.0,101.0,102.0,101.0,101.0,46.0,1423.719,542.929,1000.304,298.62,True
2026-03-10 11:40:51,5.0,0.0,0.0,0.0,35.0,0.0,0.0,1.0,0.0,0.0,0.0,1.0,1.0,0.0,0.0,2.421,1.0,0.0,0.0,7.345,-422.0,0.0,7.227,412.0,0.0,0.0,4.982,106.0,4.982,251.0,0.68,0.0,4.951,203.0,4.963,192.0,4.967,61.0,4.975,60.0,24.71462,24.575,24.63228,24.0201,27.3674,25.09589,24.63944,25.24983,24.4497,24.5,25.5,24.0,23.5,24.5,0.0,910.25,,2.0,0.0,0.0,77.180115,77.180115,77.180115,77.180115,77.180115,77.180115,77.180115,77.180115,77.180115,77.180115,77.180115,77.180115,77.180115,77.180115,77.180115,77.180115,74.309649,74.309649,74.309649,74.309649,0.0,0.0,100.0,101.0,102.0,101.0,101.0,47.0,2977.5240000000003,528.092,1005.0529999999999,298.5,True
2026-03-10 11:40:52,5.0,0.0,0.0,0.0,35.0,0.0,0.0,1.0,0.0,0.0,0.0,1.0,1.0,0.0,0.0,2.421,0.0,0.0,0.0,7.345,-422.0,0.0,7.228,411.0,0.0,0.0,4.982,105.0,4.983,250.0,0.68,0.0,4.951,197.0,4.962,193.0,4.968,60.0,4.975,60.0,24.71641,24.58216,24.64839,24.00936,27.37635,25.10842,24.64302,25.25878,24.4318,24.5,25.5,24.5,23.5,24.5,0.0,910.25,,2.0,0.0,0.0,77.180115,77.180115,77.180115,77.180115,77.180115,77.180115,77.180115,77.180115,77.180115,77.180115,77.180115,77.180115,77.180115,77.180115,77.180115,77.180115,74.309649,74.309649,74.309649,74.309649,0.0,0.0,100.0,101.0,102.0,101.0,101.0,48.0,2970.708,523.11,975.347,298.5,True
2026-03-10 11:40:53,5.0,0.0,0.0,0.0,37.0,0.0,0.0,1.0,0.0,0.0,0.0,1.0,1.0,0.0,0.0,2.421,1.0,0.0,0.0,7.345,-422.0,0.0,7.228,415.0,0.0,0.0,4.985,106.0,4.985,251.0,0.681,0.0,4.951,202.0,4.962,191.0,4.968,61.0,4.975,61.0,24.71462,24.58753,24.64839,24.02547,27.41036,25.1657,24.66271,25.27668,24.4497,24.5,25.5,24.5,23.5,24.5,0.0,910.25,,2.0,0.0,0.0,77.180115,77.180115,77.180115,77.180115,77.180115,77.180115,77.180115,77.180115,77.180115,77.180115,77.180115,77.180115,77.180115,77.180115,77.180115,77.180115,74.309649,74.309649,74.309649,74.309649,0.0,0.0,100.0,101.0,102.0,101.0,101.0,49.0,2999.62,528.4100000000001,1000.102,303.47499999999997,True
2026-03-10 11:40:54,5.0,0.0,0.0,0.0,38.0,0.0,0.0,1.0,0.0,0.0,0.0,1.0,1.0,0.0,0.0,2.421,0.0,0.0,0.0,7.345,-422.0,0.0,7.223,193.0,0.0,0.0,4.982,107.0,4.982,255.0,0.681,0.0,4.951,201.0,4.962,196.0,4.968,61.0,4.975,61.0,24.71462,24.5929,24.65018,24.02368,27.44795,25.20329,24.67166,25.26952,24.4497,24.5,25.5,24.5,23.5,24.5,0.0,910.25,,2.0,0.0,0.0,77.180115,77.180115,77.180115,77.180115,77.180115,77.180115,77.180115,77.180115,77.180115,77.180115,77.180115,77.180115,77.180115,77.180115,77.180115,77.180115,74.309649,74.309649,74.309649,74.309649,0.0,0.0,100.0,101.0,102.0,101.0,101.0,50.0,1394.039,533.0740000000001,995.151,303.47499999999997,True
2026-03-10 11:40:55,5.0,0.0,0.0,0.0,38.0,0.0,0.0,1.0,0.0,0.0,0.0,1.0,1.0,0.0,0.0,2.421,0.0,0.0,0.0,7.345,-422.0,0.0,7.227,415.0,0.0,0.0,4.981,110.0,4.982,253.0,0.681,0.0,4.951,200.0,4.962,188.0,4.967,61.0,4.976,58.0,24.70925,24.59827,24.66092,24.02189,27.46048,25.22477,24.68956,25.28026,24.45686,24.5,25.5,24.5,23.5,24.5,0.0,910.25,,2.0,0.0,0.0,77.180115,77.180115,77.180115,77.180115,77.180115,77.180115,77.180115,77.180115,77.180115,77.180115,77.180115,77.180115,77.180115,77.180115,77.180115,77.180115,74.309649,74.309649,74.309649,74.309649,0.0,0.0,100.0,101.0,102.0,101.0,101.0,51.0,2999.205,547.91,990.1999999999999,288.608,True
2026-03-10 11:40:56,5.0,0.0,0.0,0.0,,0.0,0.0,1.0,0.0,0.0,0.0,1.0,1.0,0.0,0.0,2.421,0.0,0.0,0.0,7.345,-422.0,0.0,7.225,198.0,0.0,0.0,4.982,113.0,4.982,252.0,0.681,0.0,4.951,198.0,4.962,190.0,4.968,60.0,4.976,58.0,24.71641,24.59648,24.66092,24.03263,27.52492,25.26952,24.68419,25.29816,24.4497,24.5,26.0,24.5,23.5,24.5,0.0,910.25,,2.0,0.0,0.0,77.180115,77.180115,77.180115,77.180115,77.180115,77.180115,77.180115,77.180115,77.180115,77.180115,77.180115,77.180115,77.180115,77.180115,77.180115,77.180115,74.309649,74.309649,74.309649,74.309649,0.0,0.0,100.0,101.0,102.0,101.0,101.0,52.0,1430.55,562.966,980.2979999999999,288.608,True
2026-03-10 11:40:57,5.0,0.0,0.0,0.0,,0.0,0.0,1.0,0.0,0.0,0.0,1.0,1.0,0.0,0.0,2.421,0.0,0.0,0.0,7.345,-422.0,0.0,7.227,196.0,0.0,0.0,4.981,105.0,4.983,250.0,0.68,0.0,4.952,197.0,4.962,193.0,4.967,61.0,4.975,60.0,24.71283,24.60185,24.66629,24.02189,27.57504,25.30174,24.70925,25.31785,24.44791,24.5,26.0,24.5,23.5,24.5,0.0,910.25,,2.0,0.0,0.0,77.180115,77.180115,77.180115,77.180115,77.180115,77.180115,77.180115,77.180115,77.180115,77.180115,77.180115,77.180115,77.180115,77.180115,77.180115,77.180115,74.309649,74.309649,74.309649,74.309649,0.0,0.0,100.0,101.0,102.0,101.0,101.0,53.0,1416.492,523.005,975.544,298.5,True
2026-03-10 11:40:58,5.0,0.0,0.0,0.0,,0.0,0.0,1.0,0.0,0.0,0.0,1.0,1.0,0.0,0.0,2.421,0.0,0.0,0.0,7.345,-422.0,0.0,7.228,196.0,0.0,0.0,4.982,111.0,4.982,246.0,0.681,0.0,4.955,198.0,4.962,196.0,4.968,62.0,4.975,60.0,24.70925,24.60185,24.67166,24.02905,27.56788,25.3268,24.70567,25.31427,24.44612,24.5,26.0,24.5,23.5,24.5,0.0,910.25,,2.0,0.0,0.0,77.180115,77.180115,77.180115,77.180115,77.180115,77.180115,77.180115,77.180115,77.180115,77.180115,77.180115,77.180115,77.180115,77.180115,77.180115,77.180115,74.309649,74.309649,74.309649,74.309649,0.0,0.0,100.0,101.0,102.0,101.0,101.0,54.0,1416.6879999999999,553.0020000000001,981.09,298.5,True
2026-03-10 11:40:59,5.0,0.0,0.0,1.0,1.0,0.0,0.0,1.0,0.0,0.0,0.0,1.0,1.0,0.0,0.0,2.421,0.0,0.0,0.0,7.345,-422.0,0.0,7.227,197.0,0.0,0.0,4.982,106.0,4.982,252.0,0.681,0.0,4.953,198.0,4.963,201.0,4.967,60.0,4.976,60.0,24.70746,24.61438,24.67166,24.03263,27.64843,25.36797,24.71462,25.32501,24.44791,24.5,26.0,24.5,23.5,24.5,0.0,910.25,,2.0,0.0,0.0,77.180115,77.180115,77.180115,77.180115,77.180115,77.180115,77.180115,77.180115,77.180115,77.180115,77.180115,77.180115,77.180115,77.180115,77.180115,77.180115,74.309649,74.309649,74.309649,74.309649,0.0,0.0,100.0,101.0,102.0,101.0,101.0,55.0,1423.719,528.092,980.6940000000001,298.56,True
2026-03-10 11:41:00,5.0,0.0,0.0,1.0,2.0,0.0,0.0,1.0,0.0,0.0,0.0,1.0,1.0,0.0,0.0,2.421,0.0,0.0,0.0,7.345,-422.0,0.0,7.223,416.0,0.0,0.0,4.981,106.0,4.982,255.0,0.681,0.0,4.952,197.0,4.962,200.0,4.967,61.0,4.976,60.0,24.71462,24.61796,24.68419,24.04337,27.66275,25.41093,24.72536,25.34291,24.44612,24.5,26.0,24.5,23.5,24.5,0.0,910.25,,2.0,0.0,0.0,77.180115,77.180115,77.180115,77.180115,77.180115,77.180115,77.180115,77.180115,77.180115,77.180115,77.180115,77.180115,77.180115,77.180115,77.180115,77.180115,74.309649,74.309649,74.309649,74.309649,0.0,0.0,100.0,101.0,102.0,101.0,101.0,56.0,3004.768,527.986,975.544,298.56,True
2026-03-10 11:41:01,5.0,0.0,0.0,1.0,2.0,0.0,0.0,1.0,0.0,0.0,0.0,1.0,1.0,0.0,0.0,2.421,0.0,0.0,0.0,7.345,-422.0,0.0,7.225,415.0,0.0,0.0,4.982,105.0,4.982,252.0,0.68,0.0,4.953,200.0,4.962,195.0,4.967,62.0,4.975,60.0,24.70746,24.62691,24.6824,24.03621,27.67886,25.41988,24.72536,25.34649,24.45149,24.5,26.0,24.5,23.5,24.5,0.0,910.25,,2.0,0.0,0.0,77.180115,77.180115,77.180115,77.180115,77.180115,77.180115,77.180115,77.180115,77.180115,77.180115,77.180115,77.180115,77.180115,77.180115,77.180115,77.180115,74.309649,74.309649,74.309649,74.309649,0.0,0.0,100.0,101.0,102.0,101.0,101.0,57.0,2998.375,523.11,990.6,298.5,True
2026-03-10 11:41:02,5.0,0.0,0.0,1.0,4.0,0.0,0.0,1.0,0.0,0.0,0.0,1.0,1.0,0.0,0.0,2.421,0.0,0.0,0.0,7.345,-422.0,0.0,7.226,420.0,0.0,0.0,4.982,104.0,4.982,266.0,0.681,0.0,4.95,193.0,4.961,187.0,4.967,60.0,4.975,60.0,24.69672,24.6287,24.67524,24.03621,27.74688,25.47358,24.73968,25.3626,24.45328,24.5,26.0,24.5,24.0,24.5,0.0,910.25,,2.0,0.0,0.0,77.180115,77.180115,77.180115,77.180115,77.180115,77.180115,77.180115,77.180115,77.180115,77.180115,77.180115,77.180115,77.180115,77.180115,77.180115,77.180115,74.309649,74.309649,74.309649,74.309649,0.0,0.0,100.0,101.0,102.0,101.0,101.0,58.0,3034.92,518.128,955.35,298.5,True
2026-03-10 11:41:03,5.0,0.0,0.0,1.0,5.0,0.0,0.0,1.0,0.0,0.0,0.0,1.0,1.0,0.0,0.0,2.421,0.0,0.0,0.0,7.345,-422.0,0.0,7.225,417.0,0.0,0.0,4.981,105.0,4.982,109.0,0.681,1.0,4.951,196.0,4.962,191.0,4.967,60.0,4.975,61.0,24.70209,24.63407,24.69851,24.04874,27.7791,25.49148,24.75758,25.37871,24.44433,24.5,26.0,24.5,24.0,24.5,0.0,910.25,,2.0,0.0,0.0,77.180115,77.180115,77.180115,77.180115,77.180115,77.180115,77.180115,77.180115,77.180115,77.180115,77.180115,77.180115,77.180115,77.180115,77.180115,77.180115,74.309649,74.309649,74.309649,74.309649,0.0,0.0,100.0,101.0,102.0,101.0,101.0,59.0,3012.825,523.005,970.396,303.47499999999997,True
2026-03-10 11:41:04,5.0,0.0,0.0,1.0,5.0,0.0,0.0,1.0,0.0,0.0,0.0,1.0,1.0,0.0,0.0,2.421,0.0,0.0,0.0,7.345,-422.0,0.0,7.225,416.0,0.0,0.0,4.982,105.0,4.982,107.0,0.681,0.0,4.953,201.0,4.961,193.0,4.968,61.0,4.975,61.0,24.70388,24.62691,24.69135,24.04337,27.81311,25.52012,24.754,25.37871,24.4497,24.5,26.0,24.5,24.0,24.5,0.0,910.25,,2.0,0.0,0.0,77.180115,77.180115,77.180115,77.180115,77.180115,77.180115,77.180115,77.180115,77.180115,77.180115,77.180115,77.180115,77.180115,77.180115,77.180115,77.180115,74.309649,74.309649,74.309649,74.309649,0.0,0.0,100.0,101.0,102.0,101.0,101.0,60.0,3005.6,523.11,995.5530000000001,303.47499999999997,True
2026-03-10 11:41:05,5.0,0.0,0.0,1.0,7.0,0.0,0.0,1.0,0.0,0.0,0.0,1.0,1.0,0.0,0.0,2.421,0.0,0.0,0.0,7.345,-422.0,0.0,7.226,416.0,0.0,0.0,4.982,105.0,4.981,266.0,0.681,0.0,4.951,193.0,4.963,195.0,4.968,62.0,4.976,39.0,24.70567,24.63765,24.69314,24.04158,27.84712,25.56308,24.76295,25.3805,24.46402,24.5,26.0,24.5,24.0,24.5,0.0,910.25,,2.0,0.0,0.0,77.180115,77.180115,77.180115,77.180115,77.180115,77.180115,77.180115,77.180115,77.180115,77.180115,77.180115,77.180115,77.180115,77.180115,77.180115,77.180115,74.309649,74.309649,74.309649,74.309649,0.0,0.0,100.0,101.0,102.0,101.0,101.0,61.0,3006.016,523.11,955.5429999999999,194.064,True
2026-03-10 11:41:06,5.0,0.0,0.0,1.0,7.0,0.0,0.0,1.0,0.0,0.0,0.0,1.0,1.0,0.0,0.0,2.421,0.0,0.0,0.0,7.345,-422.0,0.0,7.225,416.0,0.0,0.0,4.982,106.0,4.981,267.0,0.678,0.0,4.952,202.0,4.962,193.0,4.968,60.0,4.976,39.0,24.7003,24.63765,24.70567,24.04158,27.87218,25.58635,24.77011,25.39303,24.45328,24.5,26.0,24.5,24.0,24.5,0.0,910.25,,2.0,0.0,0.0,77.180115,77.180115,77.180115,77.180115,77.180115,77.180115,77.180115,77.180115,77.180115,77.180115,77.180115,77.180115,77.180115,77.180115,77.180115,77.180115,74.309649,74.309649,74.309649,74.309649,0.0,0.0,100.0,101.0,102.0,101.0,101.0,62.0,3005.6,528.092,1000.304,194.064,True
2026-03-10 11:41:07,5.0,0.0,0.0,1.0,8.0,0.0,0.0,1.0,0.0,0.0,0.0,1.0,1.0,0.0,0.0,2.421,0.0,0.0,0.0,7.345,-422.0,0.0,7.226,415.0,0.0,0.0,4.982,106.0,4.981,109.0,0.681,0.0,4.953,203.0,4.962,198.0,4.967,61.0,4.975,60.0,24.69672,24.65018,24.70388,24.04337,27.89008,25.59172,24.77727,25.39661,24.44433,24.5,26.0,24.5,24.0,24.5,0.0,910.25,,2.0,0.0,0.0,77.180115,77.180115,77.180115,77.180115,77.180115,77.180115,77.180115,77.180115,77.180115,77.180115,77.180115,77.180115,77.180115,77.180115,77.180115,77.180115,74.309649,74.309649,74.309649,74.309649,0.0,0.0,100.0,101.0,102.0,101.0,101.0,63.0,2998.79,528.092,1005.4590000000001,298.5,True
2026-03-10 11:41:08,5.0,0.0,0.0,1.0,9.0,0.0,0.0,1.0,0.0,0.0,0.0,1.0,1.0,0.0,0.0,2.421,0.0,0.0,0.0,7.345,-422.0,0.0,7.225,417.0,0.0,0.0,4.982,106.0,4.981,266.0,0.681,0.0,4.953,203.0,4.96,196.0,4.967,61.0,4.975,60.0,24.69135,24.64839,24.71283,24.05411,27.9044,25.63289,24.77906,25.40556,24.45686,24.5,26.0,24.5,24.0,24.5,0.0,910.25,,2.0,0.0,0.0,77.180115,77.180115,77.180115,77.180115,77.180115,77.180115,77.180115,77.180115,77.180115,77.180115,77.180115,77.180115,77.180115,77.180115,77.180115,77.180115,74.309649,74.309649,74.309649,74.309649,0.0,0.0,100.0,101.0,102.0,101.0,101.0,64.0,3012.825,528.092,1005.4590000000001,298.5,True
2026-03-10 11:41:09,5.0,0.0,0.0,1.0,,0.0,0.0,1.0,0.0,0.0,0.0,1.0,1.0,0.0,0.0,2.421,0.0,0.0,0.0,7.345,-422.0,0.0,7.221,418.0,0.0,0.0,4.982,105.0,4.981,266.0,0.68,0.0,4.951,196.0,4.962,198.0,4.968,60.0,4.975,62.0,24.69493,24.65376,24.71462,24.0559,27.95452,25.67227,24.79696,25.41988,24.44433,24.5,26.0,25.0,24.0,24.5,0.0,910.25,,2.0,0.0,0.0,77.180115,77.180115,77.180115,77.180115,77.180115,77.180115,77.180115,77.180115,77.180115,77.180115,77.180115,77.180115,77.180115,77.180115,77.180115,77.180115,74.309649,74.309649,74.309649,74.309649,0.0,0.0,100.0,101.0,102.0,101.0,101.0,65.0,3018.378,523.11,970.396,308.45,True
2026-03-10 11:41:10,5.0,0.0,0.0,1.0,,0.0,0.0,1.0,0.0,0.0,0.0,1.0,1.0,0.0,0.0,2.421,0.0,0.0,0.0,7.345,-422.0,0.0,7.223,416.0,0.0,0.0,4.982,105.0,4.982,107.0,0.681,0.0,4.951,192.0,4.961,192.0,4.967,60.0,4.975,62.0,24.69672,24.65018,24.71999,24.05948,28.00822,25.7027,24.79696,25.42346,24.45507,24.5,26.0,24.5,24.0,24.5,0.0,910.25,,2.0,0.0,0.0,77.180115,77.180115,77.180115,77.180115,77.180115,77.180115,77.180115,77.180115,77.180115,77.180115,77.180115,77.180115,77.180115,77.180115,77.180115,77.180115,74.309649,74.309649,74.309649,74.309649,0.0,0.0,100.0,101.0,102.0,101.0,101.0,66.0,3004.768,523.11,950.5919999999999,308.45,True
2026-03-10 11:41:11,5.0,0.0,0.0,1.0,,0.0,0.0,1.0,0.0,0.0,0.0,1.0,1.0,0.0,0.0,2.421,0.0,0.0,0.0,7.345,-422.0,0.0,7.221,417.0,0.0,0.0,4.982,105.0,4.982,109.0,0.681,0.0,4.952,195.0,4.961,188.0,4.967,61.0,4.975,39.0,24.69851,24.65376,24.72715,24.05769,28.03686,25.72776,24.80054,25.43778,24.45328,24.5,26.0,25.0,24.0,24.5,0.0,910.25,,2.0,0.0,0.0,77.180115,77.180115,77.180115,77.180115,77.180115,77.180115,77.180115,77.180115,77.180115,77.180115,77.180115,77.180115,77.180115,77.180115,77.180115,77.180115,74.309649,74.309649,74.309649,74.309649,0.0,0.0,100.0,101.0,102.0,101.0,101.0,67.0,3011.157,523.11,965.64,194.02499999999998,True
2026-03-10 11:41:12,5.0,0.0,0.0,1.0,,0.0,0.0,1.0,0.0,0.0,0.0,1.0,1.0,0.0,0.0,2.421,0.0,0.0,0.0,7.345,-422.0,0.0,7.223,420.0,0.0,0.0,4.981,107.0,4.981,266.0,0.68,0.0,4.951,195.0,4.962,192.0,4.968,62.0,4.975,39.0,24.70209,24.66987,24.72536,24.05769,28.03507,25.75282,24.80949,25.4521,24.45686,24.5,26.0,25.0,24.0,24.5,0.0,910.25,,2.0,0.0,0.0,77.180115,77.180115,77.180115,77.180115,77.180115,77.180115,77.180115,77.180115,77.180115,77.180115,77.180115,77.180115,77.180115,77.180115,77.180115,77.180115,74.309649,74.309649,74.309649,74.309649,0.0,0.0,100.0,101.0,102.0,101.0,101.0,68.0,3033.66,532.967,965.4449999999999,194.02499999999998,True
2026-03-10 11:41:13,5.0,0.0,0.0,1.0,,0.0,0.0,1.0,0.0,0.0,0.0,1.0,1.0,0.0,0.0,2.421,0.0,0.0,0.0,7.345,-422.0,0.0,7.225,418.0,0.0,0.0,4.982,106.0,4.981,266.0,0.68,0.0,4.952,195.0,4.961,198.0,4.967,58.0,4.975,58.0,24.69851,24.67166,24.71999,24.06306,28.07266,25.78504,24.82202,25.45568,24.45507,24.5,26.0,25.0,24.0,24.5,0.0,910.25,,2.0,0.0,0.0,77.180115,77.180115,77.180115,77.180115,77.180115,77.180115,77.180115,77.180115,77.180115,77.180115,77.180115,77.180115,77.180115,77.180115,77.180115,77.180115,74.309649,74.309649,74.309649,74.309649,0.0,0.0,100.0,101.0,102.0,101.0,101.0,69.0,3020.0499999999997,528.092,965.64,288.54999999999995,True
2026-03-10 11:41:14,5.0,0.0,0.0,1.0,10.0,0.0,0.0,1.0,0.0,0.0,0.0,1.0,1.0,0.0,0.0,2.421,0.0,0.0,0.0,7.345,-422.0,0.0,7.223,420.0,0.0,0.0,4.982,107.0,4.981,266.0,0.681,0.0,4.951,187.0,4.962,196.0,4.967,60.0,4.975,58.0,24.68956,24.67166,24.74684,24.06843,28.09772,25.81905,24.83097,25.45926,24.44791,24.5,26.0,25.0,24.0,24.5,0.0,910.25,,2.0,0.0,0.0,77.180115,77.180115,77.180115,77.180115,77.180115,77.180115,77.180115,77.180115,77.180115,77.180115,77.180115,77.180115,77.180115,77.180115,77.180115,77.180115,74.309649,74.309649,74.309649,74.309649,0.0,0.0,100.0,101.0,102.0,101.0,101.0,70.0,3033.66,533.0740000000001,925.8369999999999,288.54999999999995,True
2026-03-10 11:41:15,5.0,0.0,0.0,1.0,10.0,0.0,0.0,1.0,0.0,0.0,0.0,1.0,1.0,0.0,0.0,2.697,0.0,0.0,0.0,7.342,-407.0,0.0,7.225,417.0,0.0,0.0,4.982,105.0,4.981,109.0,0.68,0.0,4.951,190.0,4.961,192.0,4.967,62.0,4.975,62.0,24.69135,24.66808,24.74147,24.06485,28.14068,25.83158,24.83634,25.46463,24.4497,24.5,26.0,25.0,24.0,24.5,0.0,910.25,,2.0,0.0,0.0,77.180115,77.180115,77.180115,77.180115,77.180115,77.180115,77.180115,77.180115,77.180115,77.180115,77.180115,77.180115,77.180115,77.180115,77.180115,77.180115,74.309649,74.309649,74.309649,74.309649,0.0,0.0,100.0,101.0,102.0,101.0,101.0,71.0,3012.825,523.11,940.6899999999999,308.45,True
2026-03-10 11:41:16,5.0,0.0,0.0,1.0,11.0,0.0,0.0,1.0,0.0,0.0,0.0,1.0,1.0,0.0,0.0,2.697,0.0,0.0,0.0,7.342,-407.0,0.0,7.222,416.0,0.0,0.0,4.982,105.0,4.982,266.0,0.681,1.0,4.952,188.0,4.962,200.0,4.968,62.0,4.975,62.0,24.68956,24.67166,24.72536,24.06306,28.16395,25.85843,24.83992,25.47,24.45865,24.5,26.5,25.0,24.0,24.5,0.0,910.25,,2.0,0.0,0.0,77.180115,77.180115,77.180115,77.180115,77.180115,77.180115,77.180115,77.180115,77.180115,77.180115,77.180115,77.180115,77.180115,77.180115,77.180115,77.180115,74.309649,74.309649,74.309649,74.309649,0.0,0.0,100.0,101.0,102.0,101.0,101.0,72.0,3004.3520000000003,523.11,930.976,308.45,True
2026-03-10 11:41:17,5.0,0.0,0.0,1.0,13.0,0.0,0.0,1.0,0.0,0.0,0.0,1.0,1.0,0.0,0.0,2.697,0.0,0.0,0.0,7.342,-407.0,0.0,7.221,418.0,0.0,0.0,4.981,106.0,4.981,107.0,0.681,0.0,4.95,202.0,4.963,193.0,4.967,61.0,4.975,58.0,24.68061,24.68419,24.73431,24.07559,28.19975,25.89781,24.85066,25.48253,24.45865,24.5,26.5,25.0,24.0,24.5,0.0,910.25,,2.0,0.0,0.0,77.180115,77.180115,77.180115,77.180115,77.180115,77.180115,77.180115,77.180115,77.180115,77.180115,77.180115,77.180115,77.180115,77.180115,77.180115,77.180115,74.309649,74.309649,74.309649,74.309649,0.0,0.0,100.0,101.0,102.0,101.0,101.0,73.0,3018.378,527.986,999.9000000000001,288.54999999999995,True
2026-03-10 11:41:18,5.0,0.0,0.0,1.0,13.0,0.0,0.0,1.0,0.0,0.0,0.0,1.0,1.0,0.0,0.0,2.697,1.0,0.0,0.0,7.342,-407.0,0.0,7.223,420.0,0.0,0.0,4.982,106.0,4.981,109.0,0.681,1.0,4.95,187.0,4.962,192.0,4.968,60.0,4.975,58.0,24.68956,24.67882,24.7361,24.07201,28.20512,25.91213,24.83992,25.50043,24.45686,24.5,26.5,25.0,24.0,24.5,0.0,910.25,,2.0,0.0,0.0,77.180115,77.180115,77.180115,77.180115,77.180115,77.180115,77.180115,77.180115,77.180115,77.180115,77.180115,77.180115,77.180115,77.180115,77.180115,77.180115,74.309649,74.309649,74.309649,74.309649,0.0,0.0,100.0,101.0,102.0,101.0,101.0,74.0,3033.66,528.092,925.65,288.54999999999995,True
2026-03-10 11:41:19,5.0,0.0,0.0,1.0,15.0,0.0,0.0,1.0,0.0,0.0,0.0,1.0,1.0,0.0,0.0,2.729,0.0,0.0,0.0,7.342,-409.0,0.0,7.225,418.0,0.0,0.0,4.981,105.0,4.982,109.0,0.681,0.0,4.95,202.0,4.961,196.0,4.967,60.0,4.975,58.0,24.6824,24.69135,24.75758,24.07738,28.26061,25.96225,24.85961,25.49685,24.46402,24.5,26.5,25.0,24.0,24.5,0.0,910.25,,2.0,0.0,0.0,77.180115,77.180115,77.180115,77.180115,77.180115,77.180115,77.180115,77.180115,77.180115,77.180115,77.180115,77.180115,77.180115,77.180115,77.180115,77.180115,74.309649,74.309649,74.309649,74.309649,0.0,0.0,100.0,101.0,102.0,101.0,101.0,75.0,3020.0499999999997,523.005,999.9000000000001,288.54999999999995,True
2026-03-10 11:41:20,5.0,0.0,0.0,1.0,15.0,0.0,0.0,1.0,0.0,0.0,0.0,1.0,1.0,0.0,0.0,2.637,0.0,0.0,0.0,7.342,-404.0,0.0,7.225,418.0,0.0,0.0,4.981,106.0,4.982,109.0,0.681,1.0,4.951,188.0,4.96,192.0,4.967,62.0,4.975,58.0,24.69851,24.68598,24.74863,24.0738,28.28567,25.96404,24.86677,25.50222,24.46223,24.5,26.5,25.0,24.0,24.5,0.0,910.25,,2.0,0.0,0.0,77.180115,77.180115,77.180115,77.180115,77.180115,77.180115,77.180115,77.180115,77.180115,77.180115,77.180115,77.180115,77.180115,77.180115,77.180115,77.180115,74.309649,74.309649,74.309649,74.309649,0.0,0.0,100.0,101.0,102.0,101.0,101.0,76.0,3020.0499999999997,527.986,930.7879999999999,288.54999999999995,True
2026-03-10 11:41:21,5.0,0.0,0.0,1.0,16.0,0.0,0.0,1.0,0.0,0.0,0.0,1.0,1.0,0.0,0.0,2.718,0.0,0.0,0.0,7.341,-409.0,0.0,7.223,417.0,0.0,0.0,4.982,106.0,4.981,267.0,0.681,0.0,4.951,188.0,4.961,196.0,4.967,62.0,4.975,62.0,24.6824,24.68598,24.75579,24.07738,28.29283,25.99089,24.87393,25.51654,24.46402,24.5,26.5,25.0,24.0,24.5,0.0,910.25,,2.0,0.0,0.0,77.180115,77.180115,77.180115,77.180115,77.180115,77.180115,77.180115,77.180115,77.180115,77.180115,77.180115,77.180115,77.180115,77.180115,77.180115,77.180115,74.309649,74.309649,74.309649,74.309649,0.0,0.0,100.0,101.0,102.0,101.0,101.0,77.0,3011.991,528.092,930.7879999999999,308.45,True
2026-03-10 11:41:22,5.0,0.0,0.0,1.0,18.0,0.0,0.0,1.0,0.0,0.0,0.0,1.0,1.0,0.0,0.0,2.743,1.0,0.0,0.0,7.341,-411.0,0.0,7.223,418.0,0.0,0.0,4.982,106.0,4.981,109.0,0.681,0.0,4.95,202.0,4.962,188.0,4.966,63.0,4.975,62.0,24.69135,24.69672,24.75937,24.08096,28.33221,26.12693,24.88646,25.51833,24.46402,24.5,26.5,25.0,24.0,24.5,0.0,910.25,,2.0,0.0,0.0,77.180115,77.180115,77.180115,77.180115,77.180115,77.180115,77.180115,77.180115,77.180115,77.180115,77.180115,77.180115,77.180115,77.180115,77.180115,77.180115,74.309649,74.309649,74.309649,74.309649,0.0,0.0,100.0,101.0,102.0,101.0,101.0,78.0,3019.214,528.092,999.9000000000001,308.45,True
2026-03-10 11:41:23,5.0,0.0,0.0,1.0,19.0,0.0,0.0,1.0,0.0,0.0,0.0,1.0,1.0,0.0,0.0,2.743,0.0,0.0,0.0,7.341,-411.0,0.0,7.221,418.0,0.0,0.0,4.981,105.0,4.981,109.0,0.681,0.0,4.95,202.0,4.963,193.0,4.966,61.0,4.975,60.0,24.69851,24.70746,24.754,24.08812,28.36085,26.15557,24.89004,25.53981,24.47118,24.5,26.5,25.0,24.0,25.0,0.0,910.25,,2.0,0.0,0.0,77.180115,77.180115,77.180115,77.180115,77.180115,77.180115,77.180115,77.180115,77.180115,77.180115,77.180115,77.180115,77.180115,77.180115,77.180115,77.180115,74.309649,74.309649,74.309649,74.309649,0.0,0.0,100.0,101.0,102.0,101.0,101.0,79.0,3018.378,523.005,999.9000000000001,298.5,True
2026-03-10 11:41:24,5.0,0.0,0.0,1.0,19.0,0.0,0.0,1.0,0.0,0.0,0.0,1.0,1.0,0.0,0.0,2.743,0.0,0.0,0.0,7.341,-411.0,0.0,7.223,420.0,0.0,0.0,4.982,106.0,4.982,109.0,0.68,0.0,4.951,191.0,4.961,193.0,4.967,60.0,4.975,60.0,24.68956,24.70746,24.76653,24.07738,28.37159,26.1502,24.88825,25.53802,24.46223,24.5,26.5,25.0,24.0,25.0,0.0,910.25,,2.0,0.0,0.0,77.180115,77.180115,77.180115,77.180115,77.180115,77.180115,77.180115,77.180115,77.180115,77.180115,77.180115,77.180115,77.180115,77.180115,77.180115,77.180115,74.309649,74.309649,74.309649,74.309649,0.0,0.0,100.0,101.0,102.0,101.0,101.0,80.0,3033.66,528.092,945.641,298.5,True
2026-03-10 11:41:25,5.0,0.0,0.0,1.0,,0.0,0.0,1.0,0.0,0.0,0.0,1.0,1.0,0.0,0.0,2.752,0.0,0.0,0.0,7.341,-412.0,0.0,7.223,418.0,0.0,0.0,4.981,109.0,4.982,267.0,0.68,1.0,4.951,190.0,4.96,192.0,4.968,62.0,4.975,60.0,24.6824,24.71283,24.7719,24.08096,28.38949,26.18063,24.89899,25.54518,24.47118,24.5,26.5,25.0,24.0,25.0,0.0,910.25,,2.0,0.0,0.0,77.180115,77.180115,77.180115,77.180115,77.180115,77.180115,77.180115,77.180115,77.180115,77.180115,77.180115,77.180115,77.180115,77.180115,77.180115,77.180115,74.309649,74.309649,74.309649,74.309649,0.0,0.0,100.0,101.0,102.0,101.0,101.0,81.0,3019.214,542.929,940.6899999999999,298.5,True
2026-03-10 11:41:26,5.0,0.0,0.0,1.0,,0.0,0.0,1.0,0.0,0.0,0.0,1.0,1.0,0.0,0.0,2.731,1.0,0.0,0.0,7.342,-395.0,0.0,7.222,420.0,0.0,0.0,4.981,109.0,4.981,267.0,0.68,0.0,4.951,203.0,4.961,187.0,4.967,62.0,4.975,60.0,24.69135,24.70925,24.76116,24.09707,28.42708,26.20032,24.90436,25.55771,24.4676,24.5,26.5,25.0,24.0,25.0,0.0,910.25,,2.0,0.0,0.0,77.180115,77.180115,77.180115,77.180115,77.180115,77.180115,77.180115,77.180115,77.180115,77.180115,77.180115,77.180115,77.180115,77.180115,77.180115,77.180115,74.309649,74.309649,74.309649,74.309649,0.0,0.0,100.0,101.0,102.0,101.0,101.0,82.0,3033.2400000000002,542.929,1005.0529999999999,298.5,True
2026-03-10 11:41:27,5.0,0.0,0.0,1.0,,0.0,0.0,1.0,0.0,0.0,0.0,1.0,1.0,0.0,0.0,2.731,0.0,0.0,0.0,7.342,-395.0,0.0,7.22,416.0,0.0,0.0,4.982,106.0,4.981,266.0,0.681,0.0,4.95,186.0,4.962,198.0,4.967,61.0,4.975,58.0,24.69493,24.72715,24.77369,24.08096,28.46109,26.23791,24.9151,25.55234,24.45865,24.5,26.5,25.0,24.0,25.0,0.0,910.25,,2.0,0.0,0.0,77.180115,77.180115,77.180115,77.180115,77.180115,77.180115,77.180115,77.180115,77.180115,77.180115,77.180115,77.180115,77.180115,77.180115,77.180115,77.180115,74.309649,74.309649,74.309649,74.309649,0.0,0.0,100.0,101.0,102.0,101.0,101.0,83.0,3003.52,528.092,920.7,288.54999999999995,True
2026-03-10 11:41:28,5.0,0.0,0.0,1.0,,0.0,0.0,1.0,0.0,0.0,0.0,1.0,1.0,0.0,0.0,2.731,1.0,0.0,0.0,7.342,-395.0,0.0,7.223,420.0,0.0,0.0,4.981,106.0,4.981,109.0,0.68,0.0,4.951,198.0,4.962,195.0,4.967,62.0,4.975,58.0,24.69851,24.7182,24.78801,24.0917,28.4951,26.26476,24.90794,25.57203,24.45686,24.5,26.5,25.0,24.0,25.0,0.0,910.25,,2.0,0.0,0.0,77.180115,77.180115,77.180115,77.180115,77.180115,77.180115,77.180115,77.180115,77.180115,77.180115,77.180115,77.180115,77.180115,77.180115,77.180115,77.180115,74.309649,74.309649,74.309649,74.309649,0.0,0.0,100.0,101.0,102.0,101.0,101.0,84.0,3033.66,527.986,980.2979999999999,288.54999999999995,True
2026-03-10 11:41:29,5.0,0.0,0.0,1.0,,0.0,0.0,1.0,0.0,0.0,0.0,1.0,1.0,0.0,0.0,2.731,0.0,0.0,0.0,7.342,-395.0,0.0,7.221,422.0,0.0,0.0,4.981,106.0,4.981,266.0,0.681,0.0,4.951,198.0,4.962,197.0,4.966,61.0,4.975,58.0,24.68956,24.72536,24.79875,24.09349,28.52195,26.30414,24.91868,25.57561,24.46044,24.5,26.5,25.0,24.0,25.0,0.0,910.25,,2.0,0.0,0.0,77.180115,77.180115,77.180115,77.180115,77.180115,77.180115,77.180115,77.180115,77.180115,77.180115,77.180115,77.180115,77.180115,77.180115,77.180115,77.180115,74.309649,74.309649,74.309649,74.309649,0.0,0.0,100.0,101.0,102.0,101.0,101.0,85.0,3047.262,527.986,980.2979999999999,288.54999999999995,True
2026-03-10 11:41:30,5.0,0.0,0.0,1.0,,0.0,0.0,1.0,0.0,0.0,0.0,1.0,1.0,0.0,0.0,2.731,0.0,0.0,0.0,7.342,-395.0,0.0,7.223,420.0,0.0,0.0,4.981,105.0,4.981,109.0,0.681,0.0,4.951,200.0,4.961,190.0,4.967,60.0,4.975,58.0,24.69493,24.72894,24.78801,24.10065,28.53627,26.30772,24.93121,25.57919,24.4676,24.5,26.5,25.0,24.0,25.0,0.0,910.25,,2.0,0.0,0.0,77.180115,77.180115,77.180115,77.180115,77.180115,77.180115,77.180115,77.180115,77.180115,77.180115,77.180115,77.180115,77.180115,77.180115,77.180115,77.180115,74.309649,74.309649,74.309649,74.309649,0.0,0.0,100.0,101.0,102.0,101.0,101.0,86.0,3033.66,523.005,990.1999999999999,288.54999999999995,True
2026-03-10 11:41:31,5.0,0.0,0.0,1.0,21.0,0.0,0.0,1.0,0.0,0.0,0.0,1.0,1.0,0.0,0.0,2.731,0.0,0.0,0.0,7.342,-395.0,0.0,7.222,421.0,0.0,0.0,4.982,106.0,4.982,266.0,0.681,0.0,4.951,195.0,4.961,188.0,4.966,62.0,4.975,58.0,24.68956,24.72894,24.78443,24.10602,28.56849,26.34531,24.94016,25.58993,24.46939,24.5,26.5,25.0,24.0,25.0,0.0,910.25,,2.0,0.0,0.0,77.180115,77.180115,77.180115,77.180115,77.180115,77.180115,77.180115,77.180115,77.180115,77.180115,77.180115,77.180115,77.180115,77.180115,77.180115,77.180115,74.309649,74.309649,74.309649,74.309649,0.0,0.0,100.0,101.0,102.0,101.0,101.0,87.0,3040.462,528.092,965.4449999999999,288.54999999999995,True
2026-03-10 11:41:32,5.0,0.0,0.0,1.0,22.0,0.0,0.0,1.0,0.0,0.0,0.0,1.0,1.0,0.0,0.0,2.731,0.0,0.0,0.0,7.342,-395.0,0.0,7.222,417.0,0.0,0.0,4.982,106.0,4.981,109.0,0.681,0.0,4.951,197.0,4.962,195.0,4.967,60.0,4.975,58.0,24.68777,24.73073,24.79517,24.10244,28.57923,26.37395,24.95269,25.59709,24.45686,24.5,26.5,25.0,24.0,25.0,0.0,910.25,,2.0,0.0,0.0,77.180115,77.180115,77.180115,77.180115,77.180115,77.180115,77.180115,77.180115,77.180115,77.180115,77.180115,77.180115,77.180115,77.180115,77.180115,77.180115,74.309649,74.309649,74.309649,74.309649,0.0,0.0,100.0,101.0,102.0,101.0,101.0,88.0,3011.574,528.092,975.347,288.54999999999995,True
2026-03-10 11:41:33,5.0,0.0,0.0,1.0,22.0,0.0,0.0,1.0,0.0,0.0,0.0,1.0,1.0,0.0,0.0,2.731,0.0,0.0,0.0,7.342,-395.0,0.0,7.223,418.0,0.0,0.0,4.982,106.0,4.982,266.0,0.681,0.0,4.951,200.0,4.96,192.0,4.967,61.0,4.975,60.0,24.6824,24.75042,24.7898,24.11318,28.59713,26.37216,24.94553,25.59172,24.47297,24.5,26.5,25.0,24.0,25.0,0.0,910.25,,2.0,0.0,0.0,77.180115,77.180115,77.180115,77.180115,77.180115,77.180115,77.180115,77.180115,77.180115,77.180115,77.180115,77.180115,77.180115,77.180115,77.180115,77.180115,74.309649,74.309649,74.309649,74.309649,0.0,0.0,100.0,101.0,102.0,101.0,101.0,89.0,3019.214,528.092,990.1999999999999,298.5,True
2026-03-10 11:41:34,5.0,0.0,0.0,1.0,24.0,0.0,0.0,1.0,0.0,0.0,0.0,1.0,1.0,0.0,0.0,2.554,0.0,0.0,0.0,7.341,-405.0,0.0,7.223,421.0,0.0,0.0,4.983,106.0,4.981,109.0,0.681,0.0,4.951,205.0,4.962,192.0,4.968,60.0,4.975,60.0,24.68777,24.73968,24.80591,24.11855,28.61324,26.41154,24.96701,25.60425,24.46939,24.5,26.5,25.5,24.0,25.0,0.0,910.25,,2.0,0.0,0.0,77.180115,77.180115,77.180115,77.180115,77.180115,77.180115,77.180115,77.180115,77.180115,77.180115,77.180115,77.180115,77.180115,77.180115,77.180115,77.180115,74.309649,74.309649,74.309649,74.309649,0.0,0.0,100.0,101.0,102.0,101.0,101.0,90.0,3040.883,528.198,1014.9549999999999,298.5,True
2026-03-10 11:41:35,5.0,0.0,0.0,1.0,25.0,0.0,0.0,1.0,0.0,0.0,0.0,1.0,1.0,0.0,0.0,2.722,0.0,0.0,0.0,7.341,-406.0,0.0,7.223,418.0,0.0,0.0,4.983,106.0,4.981,266.0,0.681,0.0,4.952,205.0,4.961,192.0,4.967,60.0,4.975,39.0,24.6824,24.73789,24.79875,24.11318,28.66336,26.43839,24.96164,25.60783,24.46581,24.5,26.5,25.5,24.0,25.0,0.0,910.25,,2.0,0.0,0.0,77.180115,77.180115,77.180115,77.180115,77.180115,77.180115,77.180115,77.180115,77.180115,77.180115,77.180115,77.180115,77.180115,77.180115,77.180115,77.180115,74.309649,74.309649,74.309649,74.309649,0.0,0.0,100.0,101.0,102.0,101.0,101.0,91.0,3019.214,528.198,1015.16,194.02499999999998,True
2026-03-10 11:41:36,5.0,0.0,0.0,1.0,25.0,0.0,0.0,1.0,0.0,0.0,0.0,1.0,1.0,0.0,0.0,2.722,0.0,0.0,0.0,7.341,-406.0,0.0,7.221,422.0,0.0,0.0,4.982,107.0,4.981,109.0,0.681,0.0,4.95,200.0,4.962,197.0,4.967,62.0,4.975,39.0,24.67345,24.74505,24.81128,24.12392,28.67768,26.45987,24.95985,25.62215,24.4676,24.5,26.5,25.5,24.0,25.0,0.0,910.25,,2.0,0.0,0.0,77.180115,77.180115,77.180115,77.180115,77.180115,77.180115,77.180115,77.180115,77.180115,77.180115,77.180115,77.180115,77.180115,77.180115,77.180115,77.180115,74.309649,74.309649,74.309649,74.309649,0.0,0.0,100.0,101.0,102.0,101.0,101.0,92.0,3047.262,533.0740000000001,990.0,194.02499999999998,True
2026-03-10 11:41:37,5.0,0.0,0.0,1.0,26.0,0.0,0.0,1.0,0.0,0.0,0.0,1.0,1.0,0.0,0.0,2.722,0.0,0.0,0.0,7.341,-406.0,0.0,7.22,415.0,0.0,0.0,4.981,105.0,4.981,107.0,0.68,0.0,4.95,201.0,4.961,190.0,4.967,61.0,4.975,58.0,24.68598,24.74505,24.81128,24.11676,28.67768,26.47061,24.97238,25.62573,24.47297,24.5,26.5,25.5,24.0,25.0,0.0,910.25,,2.0,0.0,0.0,77.180115,77.180115,77.180115,77.180115,77.180115,77.180115,77.180115,77.180115,77.180115,77.180115,77.180115,77.180115,77.180115,77.180115,77.180115,77.180115,74.309649,74.309649,74.309649,74.309649,0.0,0.0,100.0,101.0,102.0,101.0,101.0,93.0,2996.2999999999997,523.005,994.95,288.54999999999995,True
2026-03-10 11:41:38,5.0,0.0,0.0,1.0,27.0,0.0,0.0,1.0,0.0,0.0,0.0,1.0,1.0,0.0,0.0,2.642,0.0,0.0,0.0,7.341,-409.0,0.0,7.222,417.0,0.0,0.0,4.981,105.0,4.982,109.0,0.68,0.0,4.951,198.0,4.96,188.0,4.968,62.0,4.975,58.0,24.67703,24.75042,24.79696,24.1275,28.70811,26.49388,24.97775,25.63468,24.47297,24.5,27.0,25.5,24.0,25.0,0.0,910.25,,2.0,0.0,0.0,77.180115,77.180115,77.180115,77.180115,77.180115,77.180115,77.180115,77.180115,77.180115,77.180115,77.180115,77.180115,77.180115,77.180115,77.180115,77.180115,74.309649,74.309649,74.309649,74.309649,0.0,0.0,100.0,101.0,102.0,101.0,101.0,94.0,3011.574,523.005,980.2979999999999,288.54999999999995,True
2026-03-10 11:41:39,5.0,0.0,0.0,1.0,28.0,0.0,0.0,1.0,0.0,0.0,0.0,1.0,1.0,0.0,0.0,2.73,1.0,0.0,0.0,7.341,-421.0,0.0,7.223,416.0,0.0,0.0,4.981,106.0,4.983,266.0,0.681,0.0,4.951,200.0,4.962,191.0,4.967,61.0,4.976,61.0,24.67166,24.75042,24.81307,24.12571,28.72064,26.51178,24.97238,25.63826,24.46581,24.5,27.0,25.5,24.0,25.0,0.0,910.25,,2.0,0.0,0.0,77.180115,77.180115,77.180115,77.180115,77.180115,77.180115,77.180115,77.180115,77.180115,77.180115,77.180115,77.180115,77.180115,77.180115,77.180115,77.180115,74.309649,74.309649,74.309649,74.309649,0.0,0.0,100.0,101.0,102.0,101.0,101.0,95.0,3004.768,527.986,990.1999999999999,303.536,True
2026-03-10 11:41:40,5.0,0.0,0.0,1.0,,0.0,0.0,1.0,0.0,0.0,0.0,1.0,1.0,0.0,0.0,2.734,0.0,0.0,0.0,7.341,-411.0,0.0,7.222,421.0,0.0,0.0,4.983,107.0,4.981,266.0,0.681,0.0,4.951,203.0,4.961,183.0,4.967,62.0,4.976,61.0,24.67703,24.76116,24.81486,24.11855,28.77076,26.54579,24.99386,25.65795,24.48371,24.5,27.0,25.5,24.0,25.0,0.0,910.25,,2.0,0.0,0.0,77.180115,77.180115,77.180115,77.180115,77.180115,77.180115,77.180115,77.180115,77.180115,77.180115,77.180115,77.180115,77.180115,77.180115,77.180115,77.180115,74.309649,74.309649,74.309649,74.309649,0.0,0.0,100.0,101.0,102.0,101.0,101.0,96.0,3040.462,533.1809999999999,1005.0529999999999,303.536,True
2026-03-10 11:41:41,5.0,0.0,0.0,1.0,,0.0,0.0,1.0,0.0,0.0,0.0,1.0,1.0,0.0,0.0,2.734,0.0,0.0,0.0,7.341,-411.0,0.0,7.222,421.0,0.0,0.0,4.981,107.0,4.981,266.0,0.68,0.0,4.951,203.0,4.961,192.0,4.967,61.0,4.973,58.0,24.68598,24.75937,24.82023,24.13466,28.79224,26.5619,24.99565,25.649,24.47655,24.5,27.0,25.5,24.0,25.0,0.0,910.25,,2.0,0.0,0.0,77.180115,77.180115,77.180115,77.180115,77.180115,77.180115,77.180115,77.180115,77.180115,77.180115,77.180115,77.180115,77.180115,77.180115,77.180115,77.180115,74.309649,74.309649,74.309649,74.309649,0.0,0.0,100.0,101.0,102.0,101.0,101.0,97.0,3040.462,532.967,1005.0529999999999,288.43399999999997,True
2026-03-10 11:41:42,5.0,0.0,0.0,1.0,,0.0,0.0,1.0,0.0,0.0,0.0,1.0,1.0,0.0,0.0,2.722,0.0,0.0,0.0,7.339,-393.0,0.0,7.222,421.0,0.0,0.0,4.981,107.0,4.982,267.0,0.681,1.0,4.95,200.0,4.961,193.0,4.967,62.0,4.973,58.0,24.67524,24.77011,24.82023,24.13466,28.79224,26.57622,24.99028,25.65616,24.47476,24.5,27.0,25.5,24.0,25.0,0.0,910.25,,2.0,0.0,0.0,77.180115,77.180115,77.180115,77.180115,77.180115,77.180115,77.180115,77.180115,77.180115,77.180115,77.180115,77.180115,77.180115,77.180115,77.180115,77.180115,74.309649,74.309649,74.309649,74.309649,0.0,0.0,100.0,101.0,102.0,101.0,101.0,98.0,3040.462,532.967,990.0,288.43399999999997,True
2026-03-10 11:41:43,5.0,0.0,0.0,1.0,,0.0,0.0,1.0,0.0,0.0,0.0,1.0,1.0,0.0,0.0,2.654,0.0,0.0,0.0,7.342,-399.0,0.0,7.222,417.0,0.0,0.0,4.982,109.0,4.982,266.0,0.681,1.0,4.951,186.0,4.962,195.0,4.967,61.0,4.975,60.0,24.68061,24.76832,24.82202,24.13645,28.82983,26.61023,25.00102,25.66869,24.47655,24.5,27.0,25.5,24.0,25.0,0.0,910.25,,2.0,0.0,0.0,77.180115,77.180115,77.180115,77.180115,77.180115,77.180115,77.180115,77.180115,77.180115,77.180115,77.180115,77.180115,77.180115,77.180115,77.180115,77.180115,74.309649,74.309649,74.309649,74.309649,0.0,0.0,100.0,101.0,102.0,101.0,101.0,99.0,3011.574,543.038,920.886,298.5,True
2026-03-10 11:41:44,5.0,0.0,0.0,1.0,,0.0,0.0,1.0,0.0,0.0,0.0,1.0,1.0,0.0,0.0,2.654,0.0,0.0,0.0,7.342,-399.0,0.0,7.221,420.0,0.0,0.0,4.981,106.0,4.982,266.0,0.681,0.0,4.951,200.0,4.961,192.0,4.967,61.0,4.975,60.0,24.68777,24.76653,24.82202,24.13645,28.84594,26.63171,25.00102,25.6669,24.47476,24.5,27.0,25.5,24.0,25.0,0.0,910.25,,2.0,0.0,0.0,77.180115,77.180115,77.180115,77.180115,77.180115,77.180115,77.180115,77.180115,77.180115,77.180115,77.180115,77.180115,77.180115,77.180115,77.180115,77.180115,74.309649,74.309649,74.309649,74.309649,0.0,0.0,100.0,101.0,102.0,101.0,101.0,100.0,3032.82,527.986,990.1999999999999,298.5,True
2026-03-10 11:41:45,5.0,0.0,0.0,1.0,,0.0,0.0,1.0,0.0,0.0,0.0,1.0,1.0,0.0,0.0,2.654,0.0,0.0,0.0,7.342,-399.0,0.0,7.222,421.0,0.0,0.0,4.98,106.0,4.981,267.0,0.681,0.0,4.952,200.0,4.961,190.0,4.967,61.0,4.975,63.0,24.68777,24.76832,24.8256,24.14361,28.89964,26.66572,25.00818,25.68301,24.46939,24.5,27.0,25.5,24.0,25.0,0.0,910.25,,2.0,0.0,0.0,77.180115,77.180115,77.180115,77.180115,77.180115,77.180115,77.180115,77.180115,77.180115,77.180115,77.180115,77.180115,77.180115,77.180115,77.180115,77.180115,74.309649,74.309649,74.309649,74.309649,0.0,0.0,100.0,101.0,102.0,101.0,101.0,101.0,3040.462,527.88,990.4,313.42499999999995,True
2026-03-10 11:41:46,5.0,0.0,0.0,1.0,30.0,0.0,0.0,1.0,0.0,0.0,0.0,1.0,1.0,0.0,0.0,2.654,1.0,0.0,0.0,7.342,-399.0,0.0,7.222,421.0,0.0,0.0,4.98,107.0,4.981,109.0,0.68,0.0,4.953,198.0,4.962,195.0,4.967,61.0,4.975,63.0,24.67524,24.77727,24.83276,24.13824,28.89248,26.67646,25.01176,25.67764,24.47834,24.5,27.0,25.5,24.0,25.0,0.0,910.25,,2.0,0.0,0.0,77.180115,77.180115,77.180115,77.180115,77.180115,77.180115,77.180115,77.180115,77.180115,77.180115,77.180115,77.180115,77.180115,77.180115,77.180115,77.180115,74.309649,74.309649,74.309649,74.309649,0.0,0.0,100.0,101.0,102.0,101.0,101.0,102.0,3040.462,532.86,980.6940000000001,313.42499999999995,True
2026-03-10 11:41:47,5.0,0.0,0.0,1.0,31.0,0.0,0.0,1.0,0.0,0.0,0.0,1.0,1.0,0.0,0.0,2.692,0.0,0.0,0.0,7.34,-414.0,0.0,7.221,421.0,0.0,0.0,4.982,107.0,4.981,109.0,0.681,0.0,4.951,200.0,4.962,198.0,4.966,62.0,4.975,39.0,24.6824,24.78085,24.83455,24.13824,28.92828,26.69436,25.01892,25.68838,24.47476,24.5,27.0,25.5,24.0,25.0,0.0,910.25,,2.0,0.0,0.0,77.180115,77.180115,77.180115,77.180115,77.180115,77.180115,77.180115,77.180115,77.180115,77.180115,77.180115,77.180115,77.180115,77.180115,77.180115,77.180115,74.309649,74.309649,74.309649,74.309649,0.0,0.0,100.0,101.0,102.0,101.0,101.0,103.0,3040.041,533.0740000000001,990.1999999999999,194.02499999999998,True
2026-03-10 11:41:48,5.0,0.0,0.0,1.0,32.0,0.0,0.0,1.0,0.0,0.0,0.0,1.0,1.0,0.0,0.0,2.717,0.0,0.0,0.0,7.341,-404.0,0.0,7.221,420.0,0.0,0.0,4.982,266.0,4.981,266.0,0.681,0.0,4.952,200.0,4.961,192.0,4.967,61.0,4.975,39.0,24.67882,24.78801,24.83992,24.13287,28.92828,26.70868,25.0225,25.69196,24.4676,24.5,27.0,25.5,24.0,25.0,0.0,910.25,,2.0,0.0,0.0,77.180115,77.180115,77.180115,77.180115,77.180115,77.180115,77.180115,77.180115,77.180115,77.180115,77.180115,77.180115,77.180115,77.180115,77.180115,77.180115,74.309649,74.309649,74.309649,74.309649,0.0,0.0,100.0,101.0,102.0,101.0,101.0,104.0,3032.82,1325.212,990.4,194.02499999999998,True
2026-03-10 11:41:49,5.0,0.0,0.0,1.0,33.0,0.0,0.0,1.0,0.0,0.0,0.0,1.0,1.0,0.0,0.0,2.717,0.0,0.0,0.0,7.341,-404.0,0.0,7.221,420.0,0.0,0.0,4.982,109.0,4.981,107.0,0.681,0.0,4.95,191.0,4.961,191.0,4.967,60.0,4.976,60.0,24.68419,24.78622,24.83992,24.15256,28.9605,26.73911,25.04219,25.70628,24.47834,24.5,27.0,25.5,24.0,25.0,0.0,910.25,,2.0,0.0,0.0,77.180115,77.180115,77.180115,77.180115,77.180115,77.180115,77.180115,77.180115,77.180115,77.180115,77.180115,77.180115,77.180115,77.180115,77.180115,77.180115,74.309649,74.309649,74.309649,74.309649,0.0,0.0,100.0,101.0,102.0,101.0,101.0,105.0,3032.82,543.038,945.45,298.56,True
2026-03-10 11:41:50,5.0,0.0,0.0,1.0,33.0,0.0,0.0,1.0,0.0,0.0,0.0,1.0,1.0,0.0,0.0,2.717,0.0,0.0,0.0,7.341,-404.0,0.0,7.221,421.0,0.0,0.0,4.98,106.0,4.982,109.0,0.682,0.0,4.951,203.0,4.961,200.0,4.967,61.0,4.976,60.0,24.68598,24.78801,24.83992,24.15256,28.9963,26.74448,25.0404,25.70986,24.47476,24.5,27.0,25.5,24.0,25.0,0.0,910.25,,2.0,0.0,0.0,77.180115,77.180115,77.180115,77.180115,77.180115,77.180115,77.180115,77.180115,77.180115,77.180115,77.180115,77.180115,77.180115,77.180115,77.180115,77.180115,74.309649,74.309649,74.309649,74.309649,0.0,0.0,100.0,101.0,102.0,101.0,101.0,106.0,3040.041,527.88,1005.0529999999999,298.56,True
2026-03-10 11:41:51,5.0,0.0,0.0,1.0,34.0,0.0,0.0,1.0,0.0,0.0,0.0,1.0,1.0,0.0,0.0,2.717,0.0,0.0,0.0,7.341,-404.0,0.0,7.22,422.0,0.0,0.0,4.981,109.0,4.982,267.0,0.681,1.0,4.95,191.0,4.962,193.0,4.967,61.0,4.976,60.0,24.68956,24.79517,24.84887,24.14898,29.00167,26.75343,25.03324,25.71165,24.47476,24.5,27.0,25.5,24.0,25.0,0.0,910.25,,2.0,0.0,0.0,77.180115,77.180115,77.180115,77.180115,77.180115,77.180115,77.180115,77.180115,77.180115,77.180115,77.180115,77.180115,77.180115,77.180115,77.180115,77.180115,74.309649,74.309649,74.309649,74.309649,0.0,0.0,100.0,101.0,102.0,101.0,101.0,107.0,3046.8399999999997,542.929,945.45,298.56,True
2026-03-10 11:41:52,5.0,0.0,0.0,1.0,36.0,0.0,0.0,1.0,0.0,0.0,0.0,1.0,1.0,0.0,0.0,2.717,0.0,0.0,0.0,7.341,-404.0,0.0,7.221,423.0,0.0,0.0,4.98,107.0,4.981,266.0,0.68,0.0,4.95,190.0,4.962,195.0,4.966,61.0,4.975,62.0,24.67882,24.79338,24.84171,24.15077,29.04284,26.80534,25.05114,25.7206,24.48371,24.5,27.0,25.5,24.0,25.0,0.0,910.25,,2.0,0.0,0.0,77.180115,77.180115,77.180115,77.180115,77.180115,77.180115,77.180115,77.180115,77.180115,77.180115,77.180115,77.180115,77.180115,77.180115,77.180115,77.180115,74.309649,74.309649,74.309649,74.309649,0.0,0.0,100.0,101.0,102.0,101.0,101.0,108.0,3054.483,532.86,940.5,308.45,True
2026-03-10 11:41:53,5.0,0.0,0.0,1.0,36.0,0.0,0.0,1.0,0.0,0.0,0.0,1.0,1.0,0.0,0.0,2.717,0.0,0.0,0.0,7.341,-404.0,0.0,7.221,418.0,0.0,0.0,4.982,107.0,4.982,268.0,0.681,0.0,4.951,205.0,4.961,193.0,4.967,60.0,4.975,60.0,24.68419,24.7898,24.85603,24.15435,29.03926,26.79997,25.06009,25.72955,24.48729,24.5,27.0,25.5,24.0,25.0,0.0,910.25,,2.0,0.0,0.0,77.180115,77.180115,77.180115,77.180115,77.180115,77.180115,77.180115,77.180115,77.180115,77.180115,77.180115,77.180115,77.180115,77.180115,77.180115,77.180115,74.309649,74.309649,74.309649,74.309649,0.0,0.0,100.0,101.0,102.0,101.0,101.0,109.0,3018.378,533.0740000000001,1014.9549999999999,298.5,True
2026-03-10 11:41:54,5.0,0.0,0.0,1.0,38.0,0.0,0.0,1.0,0.0,0.0,0.0,1.0,1.0,0.0,0.0,2.717,0.0,0.0,0.0,7.341,-404.0,0.0,7.221,420.0,0.0,0.0,4.981,109.0,4.982,109.0,0.681,0.0,4.95,192.0,4.961,190.0,4.967,61.0,4.975,60.0,24.67345,24.7898,24.85961,24.15077,29.02315,26.83398,25.06188,25.7206,24.47834,25.0,27.0,25.5,24.0,25.0,0.0,910.25,,2.0,0.0,0.0,77.180115,77.180115,77.180115,77.180115,77.180115,77.180115,77.180115,77.180115,77.180115,77.180115,77.180115,77.180115,77.180115,77.180115,77.180115,77.180115,74.309649,74.309649,74.309649,74.309649,0.0,0.0,100.0,101.0,102.0,101.0,101.0,110.0,3032.82,542.929,950.4000000000001,298.5,True
2026-03-10 11:41:55,5.0,0.0,0.0,1.0,38.0,0.0,0.0,1.0,0.0,0.0,0.0,1.0,1.0,0.0,0.0,2.723,0.0,0.0,0.0,7.34,-401.0,0.0,7.221,421.0,0.0,0.0,4.981,107.0,4.981,266.0,0.68,0.0,4.95,203.0,4.962,198.0,4.966,61.0,4.975,58.0,24.67703,24.80591,24.87035,24.16688,29.08401,26.83577,25.05114,25.72418,24.48729,25.0,27.0,25.5,24.0,25.0,0.0,910.25,,2.0,0.0,0.0,77.180115,77.180115,77.180115,77.180115,77.180115,77.180115,77.180115,77.180115,77.180115,77.180115,77.180115,77.180115,77.180115,77.180115,77.180115,77.180115,74.309649,74.309649,74.309649,74.309649,0.0,0.0,100.0,101.0,102.0,101.0,101.0,111.0,3040.041,532.967,1004.85,288.54999999999995,True
2026-03-10 11:41:56,5.0,0.0,0.0,1.0,39.0,0.0,0.0,1.0,0.0,0.0,0.0,1.0,1.0,0.0,0.0,2.731,0.0,0.0,0.0,7.339,-416.0,0.0,7.221,420.0,0.0,0.0,4.982,109.0,4.981,266.0,0.681,0.0,4.95,205.0,4.96,193.0,4.968,61.0,4.975,58.0,24.67703,24.80054,24.86677,24.16509,29.10012,26.85546,25.06904,25.74029,24.47476,24.5,27.0,25.5,24.0,25.0,0.0,910.25,,2.0,0.0,0.0,77.180115,77.180115,77.180115,77.180115,77.180115,77.180115,77.180115,77.180115,77.180115,77.180115,77.180115,77.180115,77.180115,77.180115,77.180115,77.180115,74.309649,74.309649,74.309649,74.309649,0.0,0.0,100.0,101.0,102.0,101.0,101.0,112.0,3032.82,543.038,1014.75,288.54999999999995,True
2026-03-10 11:41:57,5.0,0.0,0.0,1.0,,0.0,0.0,1.0,0.0,0.0,0.0,1.0,1.0,0.0,0.0,2.625,0.0,0.0,0.0,7.339,-408.0,0.0,7.221,422.0,0.0,0.0,4.981,107.0,4.981,266.0,0.681,0.0,4.951,192.0,4.96,193.0,4.966,61.0,4.975,61.0,24.67166,24.81307,24.8614,24.16688,29.10728,26.88768,25.07262,25.74924,24.47476,25.0,27.0,25.5,24.0,25.0,0.0,910.25,,2.0,0.0,0.0,77.180115,77.180115,77.180115,77.180115,77.180115,77.180115,77.180115,77.180115,77.180115,77.180115,77.180115,77.180115,77.180115,77.180115,77.180115,77.180115,74.309649,74.309649,74.309649,74.309649,0.0,0.0,100.0,101.0,102.0,101.0,101.0,113.0,3047.262,532.967,950.5919999999999,303.47499999999997,True
2026-03-10 11:41:58,5.0,0.0,0.0,2.0,0.0,0.0,0.0,1.0,0.0,0.0,0.0,1.0,1.0,0.0,0.0,2.644,1.0,0.0,0.0,7.338,-407.0,0.0,7.22,421.0,0.0,0.0,4.98,266.0,4.981,267.0,0.681,0.0,4.951,192.0,4.96,190.0,4.966,61.0,4.975,61.0,24.66987,24.8077,24.87751,24.16688,29.16098,26.90558,25.08157,25.75103,24.48371,25.0,27.0,25.5,24.0,25.0,0.0,910.25,,2.0,0.0,0.0,77.180115,77.180115,77.180115,77.180115,77.180115,77.180115,77.180115,77.180115,77.180115,77.180115,77.180115,77.180115,77.180115,77.180115,77.180115,77.180115,74.309649,74.309649,74.309649,74.309649,0.0,0.0,100.0,101.0,102.0,101.0,101.0,114.0,3039.62,1324.68,950.5919999999999,303.47499999999997,True
2026-03-10 11:41:59,5.0,0.0,0.0,2.0,0.0,0.0,0.0,1.0,0.0,0.0,0.0,1.0,1.0,0.0,0.0,2.638,0.0,0.0,0.0,7.339,-409.0,0.0,7.221,420.0,0.0,0.0,4.981,109.0,4.981,266.0,0.68,1.0,4.95,202.0,4.963,200.0,4.967,62.0,4.975,58.0,24.67882,24.81486,24.86677,24.17225,29.13592,26.90916,25.07441,25.75461,24.48192,25.0,27.5,25.5,24.0,25.0,0.0,910.25,,2.0,0.0,0.0,77.180115,77.180115,77.180115,77.180115,77.180115,77.180115,77.180115,77.180115,77.180115,77.180115,77.180115,77.180115,77.180115,77.180115,77.180115,77.180115,74.309649,74.309649,74.309649,74.309649,0.0,0.0,100.0,101.0,102.0,101.0,101.0,115.0,3032.82,542.929,999.9000000000001,288.54999999999995,True
2026-03-10 11:42:00,5.0,0.0,0.0,2.0,1.0,0.0,0.0,1.0,0.0,0.0,0.0,1.0,1.0,0.0,0.0,2.635,0.0,0.0,0.0,7.338,-415.0,0.0,7.221,422.0,0.0,0.0,4.981,107.0,4.982,266.0,0.681,0.0,4.951,193.0,4.96,192.0,4.967,61.0,4.975,58.0,24.67345,24.81665,24.86677,24.17404,29.16098,26.9378,25.08515,25.75819,24.48908,24.5,27.5,26.0,24.0,25.0,0.0,910.25,,2.0,0.0,0.0,77.180115,77.180115,77.180115,77.180115,77.180115,77.180115,77.180115,77.180115,77.180115,77.180115,77.180115,77.180115,77.180115,77.180115,77.180115,77.180115,74.309649,74.309649,74.309649,74.309649,0.0,0.0,100.0,101.0,102.0,101.0,101.0,116.0,3047.262,532.967,955.5429999999999,288.54999999999995,True
2026-03-10 11:42:01,5.0,0.0,0.0,2.0,3.0,0.0,0.0,1.0,0.0,0.0,0.0,1.0,1.0,0.0,0.0,2.711,0.0,0.0,0.0,7.339,-402.0,0.0,7.221,423.0,0.0,0.0,4.981,109.0,4.981,266.0,0.681,1.0,4.951,187.0,4.962,197.0,4.967,62.0,4.975,39.0,24.67166,24.8256,24.87214,24.17404,29.21289,26.95928,25.08873,25.76177,24.49087,24.5,27.5,26.0,24.0,25.0,0.0,910.25,,2.0,0.0,0.0,77.180115,77.180115,77.180115,77.180115,77.180115,77.180115,77.180115,77.180115,77.180115,77.180115,77.180115,77.180115,77.180115,77.180115,77.180115,77.180115,74.309649,74.309649,74.309649,74.309649,0.0,0.0,100.0,101.0,102.0,101.0,101.0,117.0,3054.483,542.929,925.8369999999999,194.02499999999998,True
2026-03-10 11:42:02,5.0,0.0,0.0,2.0,3.0,0.0,0.0,1.0,0.0,0.0,0.0,1.0,1.0,0.0,0.0,2.729,0.0,0.0,0.0,7.337,-418.0,0.0,7.221,421.0,0.0,0.0,4.98,109.0,4.981,107.0,0.681,0.0,4.951,186.0,4.961,192.0,4.967,62.0,4.975,39.0,24.68061,24.81844,24.88288,24.17941,29.19499,26.95928,25.09052,25.77609,24.48192,25.0,27.5,26.0,24.0,25.0,0.0,910.25,,2.0,0.0,0.0,77.180115,77.180115,77.180115,77.180115,77.180115,77.180115,77.180115,77.180115,77.180115,77.180115,77.180115,77.180115,77.180115,77.180115,77.180115,77.180115,74.309649,74.309649,74.309649,74.309649,0.0,0.0,100.0,101.0,102.0,101.0,101.0,118.0,3040.041,542.82,920.886,194.02499999999998,True
2026-03-10 11:42:03,5.0,0.0,0.0,2.0,5.0,0.0,0.0,1.0,0.0,0.0,0.0,1.0,1.0,0.0,0.0,2.659,0.0,0.0,0.0,7.337,-413.0,0.0,7.22,422.0,0.0,0.0,4.981,109.0,4.981,266.0,0.681,1.0,4.951,200.0,4.96,190.0,4.966,61.0,4.975,39.0,24.67882,24.83634,24.8793,24.18478,29.2469,27.00224,25.10126,25.78146,24.49087,25.0,27.5,26.0,24.0,25.0,0.0,910.25,,2.0,0.0,0.0,77.180115,77.180115,77.180115,77.180115,77.180115,77.180115,77.180115,77.180115,77.180115,77.180115,77.180115,77.180115,77.180115,77.180115,77.180115,77.180115,74.309649,74.309649,74.309649,74.309649,0.0,0.0,100.0,101.0,102.0,101.0,101.0,119.0,3046.8399999999997,542.929,990.1999999999999,194.02499999999998,True
2026-03-10 11:42:04,5.0,0.0,0.0,2.0,6.0,0.0,0.0,1.0,0.0,0.0,0.0,1.0,1.0,0.0,0.0,2.472,0.0,0.0,0.0,7.337,-414.0,0.0,7.22,418.0,0.0,0.0,4.981,266.0,4.981,266.0,0.681,0.0,4.951,200.0,4.963,193.0,4.967,60.0,4.975,39.0,24.67524,24.82918,24.88288,24.1812,29.2648,27.0094,25.10484,25.77967,24.48908,25.0,27.5,26.0,24.0,25.0,0.0,910.25,,2.0,0.0,0.0,77.180115,77.180115,77.180115,77.180115,77.180115,77.180115,77.180115,77.180115,77.180115,77.180115,77.180115,77.180115,77.180115,77.180115,77.180115,77.180115,74.309649,74.309649,74.309649,74.309649,0.0,0.0,100.0,101.0,102.0,101.0,101.0,120.0,3017.96,1324.946,990.1999999999999,194.02499999999998,True
2026-03-10 11:42:05,5.0,0.0,0.0,2.0,6.0,0.0,0.0,1.0,0.0,0.0,0.0,1.0,1.0,0.0,0.0,2.581,1.0,0.0,0.0,7.338,-404.0,0.0,7.22,418.0,0.0,0.0,4.981,266.0,4.981,267.0,0.681,0.0,4.952,202.0,4.961,192.0,4.967,61.0,4.976,58.0,24.67345,24.84887,24.88646,24.19015,29.26838,27.01656,25.10842,25.78504,24.4855,25.0,27.5,26.0,24.0,25.0,0.0,910.25,,2.0,0.0,0.0,77.180115,77.180115,77.180115,77.180115,77.180115,77.180115,77.180115,77.180115,77.180115,77.180115,77.180115,77.180115,77.180115,77.180115,77.180115,77.180115,74.309649,74.309649,74.309649,74.309649,0.0,0.0,100.0,101.0,102.0,101.0,101.0,121.0,3017.96,1324.946,1000.304,288.608,True
2026-03-10 11:42:06,5.0,0.0,0.0,2.0,8.0,0.0,0.0,1.0,0.0,0.0,0.0,1.0,1.0,0.0,0.0,2.581,0.0,0.0,0.0,7.338,-404.0,0.0,7.22,423.0,0.0,0.0,4.98,266.0,4.981,268.0,0.682,0.0,4.95,200.0,4.96,197.0,4.967,60.0,4.976,58.0,24.67345,24.82381,24.89004,24.19731,29.30418,27.05236,25.11737,25.80294,24.49266,25.0,27.5,26.0,24.0,25.0,0.0,910.25,,2.0,0.0,0.0,77.180115,77.180115,77.180115,77.180115,77.180115,77.180115,77.180115,77.180115,77.180115,77.180115,77.180115,77.180115,77.180115,77.180115,77.180115,77.180115,74.309649,74.309649,74.309649,74.309649,0.0,0.0,100.0,101.0,102.0,101.0,101.0,122.0,3054.06,1324.68,990.0,288.608,True
2026-03-10 11:42:07,5.0,0.0,0.0,2.0,9.0,0.0,0.0,1.0,0.0,0.0,0.0,1.0,1.0,0.0,0.0,2.581,0.0,0.0,0.0,7.338,-404.0,0.0,7.221,421.0,0.0,0.0,4.982,266.0,4.982,107.0,0.681,0.0,4.951,201.0,4.961,188.0,4.968,61.0,4.973,39.0,24.6645,24.83813,24.89183,24.19731,29.31671,27.07563,25.11916,25.79936,24.49087,25.0,27.5,26.0,24.0,25.0,0.0,910.25,,2.0,0.0,0.0,77.180115,77.180115,77.180115,77.180115,77.180115,77.180115,77.180115,77.180115,77.180115,77.180115,77.180115,77.180115,77.180115,77.180115,77.180115,77.180115,74.309649,74.309649,74.309649,74.309649,0.0,0.0,100.0,101.0,102.0,101.0,101.0,123.0,3040.041,1325.212,995.151,193.947,True
2026-03-10 11:42:08,5.0,0.0,0.0,2.0,9.0,0.0,0.0,1.0,0.0,0.0,0.0,1.0,1.0,0.0,0.0,2.581,0.0,0.0,0.0,7.338,-404.0,0.0,7.216,422.0,0.0,0.0,4.982,266.0,4.981,266.0,0.68,1.0,4.951,206.0,4.961,198.0,4.967,60.0,4.973,39.0,24.66987,24.8435,24.89004,24.19552,29.33461,27.07742,25.11916,25.81189,24.49803,25.0,27.5,26.0,24.0,25.0,0.0,910.25,,2.0,0.0,0.0,77.180115,77.180115,77.180115,77.180115,77.180115,77.180115,77.180115,77.180115,77.180115,77.180115,77.180115,77.180115,77.180115,77.180115,77.180115,77.180115,74.309649,74.309649,74.309649,74.309649,0.0,0.0,100.0,101.0,102.0,101.0,101.0,124.0,3045.152,1325.212,1019.906,193.947,True
2026-03-10 11:42:09,5.0,0.0,0.0,2.0,,0.0,0.0,1.0,0.0,0.0,0.0,1.0,1.0,0.0,0.0,2.581,1.0,0.0,0.0,7.338,-404.0,0.0,7.221,420.0,0.0,0.0,4.981,109.0,4.981,109.0,0.681,1.0,4.95,198.0,4.962,198.0,4.967,61.0,4.975,58.0,24.66987,24.83992,24.90257,24.19552,29.35788,27.10069,25.12632,25.81368,24.48729,25.0,27.5,26.0,24.0,25.0,0.0,910.25,,2.0,0.0,0.0,77.180115,77.180115,77.180115,77.180115,77.180115,77.180115,77.180115,77.180115,77.180115,77.180115,77.180115,77.180115,77.180115,77.180115,77.180115,77.180115,74.309649,74.309649,74.309649,74.309649,0.0,0.0,100.0,101.0,102.0,101.0,101.0,125.0,3032.82,542.929,980.1,288.54999999999995,True
2026-03-10 11:42:10,5.0,0.0,0.0,2.0,,0.0,0.0,1.0,0.0,0.0,0.0,1.0,1.0,0.0,0.0,2.581,0.0,0.0,0.0,7.338,-404.0,0.0,7.216,421.0,0.0,0.0,4.982,109.0,4.978,109.0,0.681,0.0,4.951,200.0,4.96,197.0,4.967,61.0,4.975,58.0,24.65376,24.85066,24.90436,24.19552,29.38294,27.11859,25.12632,25.82621,24.48908,25.0,27.5,26.0,24.0,25.0,0.0,910.25,,2.0,0.0,0.0,77.180115,77.180115,77.180115,77.180115,77.180115,77.180115,77.180115,77.180115,77.180115,77.180115,77.180115,77.180115,77.180115,77.180115,77.180115,77.180115,74.309649,74.309649,74.309649,74.309649,0.0,0.0,100.0,101.0,102.0,101.0,101.0,126.0,3037.936,543.038,990.1999999999999,288.54999999999995,True
2026-03-10 11:42:11,5.0,0.0,0.0,2.0,,0.0,0.0,1.0,0.0,0.0,0.0,1.0,1.0,0.0,0.0,2.581,0.0,0.0,0.0,7.338,-404.0,0.0,7.22,421.0,0.0,0.0,4.981,107.0,4.98,267.0,0.681,0.0,4.952,203.0,4.962,196.0,4.967,61.0,4.975,60.0,24.66092,24.84529,24.8972,24.1991,29.37757,27.1347,25.12632,25.82263,24.49803,25.0,27.5,26.0,24.5,25.0,0.0,910.25,,2.0,0.0,0.0,77.180115,77.180115,77.180115,77.180115,77.180115,77.180115,77.180115,77.180115,77.180115,77.180115,77.180115,77.180115,77.180115,77.180115,77.180115,77.180115,74.309649,74.309649,74.309649,74.309649,0.0,0.0,100.0,101.0,102.0,101.0,101.0,127.0,3039.62,532.967,1005.256,298.5,True
2026-03-10 11:42:12,5.0,0.0,0.0,2.0,,0.0,0.0,1.0,0.0,0.0,0.0,1.0,1.0,0.0,0.0,2.581,0.0,0.0,0.0,7.338,-404.0,0.0,7.216,422.0,0.0,0.0,4.98,266.0,4.981,109.0,0.68,0.0,4.95,198.0,4.96,192.0,4.967,62.0,4.975,60.0,24.66092,24.85066,24.9151,24.20984,29.3901,27.16155,25.12632,25.81905,24.50519,25.0,27.5,26.0,24.5,25.0,0.0,910.25,,2.0,0.0,0.0,77.180115,77.180115,77.180115,77.180115,77.180115,77.180115,77.180115,77.180115,77.180115,77.180115,77.180115,77.180115,77.180115,77.180115,77.180115,77.180115,74.309649,74.309649,74.309649,74.309649,0.0,0.0,100.0,101.0,102.0,101.0,101.0,128.0,3045.152,1324.68,980.1,298.5,True
2026-03-10 11:42:13,5.0,0.0,0.0,2.0,,0.0,0.0,1.0,0.0,0.0,0.0,1.0,1.0,0.0,0.0,2.581,0.0,0.0,0.0,7.338,-404.0,0.0,7.221,426.0,0.0,0.0,4.981,107.0,4.98,271.0,0.68,0.0,4.952,203.0,4.961,195.0,4.966,61.0,4.973,39.0,24.66092,24.85782,24.90615,24.20268,29.41516,27.16692,25.1478,25.82442,24.49982,25.0,27.5,26.0,24.0,25.0,0.0,910.25,,2.0,0.0,0.0,77.180115,77.180115,77.180115,77.180115,77.180115,77.180115,77.180115,77.180115,77.180115,77.180115,77.180115,77.180115,77.180115,77.180115,77.180115,77.180115,74.309649,74.309649,74.309649,74.309649,0.0,0.0,100.0,101.0,102.0,101.0,101.0,129.0,3076.146,532.967,1005.256,193.947,True
2026-03-10 11:42:14,5.0,0.0,0.0,2.0,10.0,0.0,0.0,1.0,0.0,0.0,0.0,1.0,1.0,0.0,0.0,2.581,0.0,0.0,0.0,7.338,-404.0,0.0,7.218,425.0,0.0,0.0,4.981,109.0,4.98,111.0,0.68,0.0,4.95,201.0,4.961,198.0,4.966,61.0,4.973,39.0,24.6645,24.85782,24.90615,24.20268,29.40442,27.18661,25.15496,25.84769,24.49087,25.0,27.5,26.0,24.5,25.0,0.0,910.25,,2.0,0.0,0.0,77.180115,77.180115,77.180115,77.180115,77.180115,77.180115,77.180115,77.180115,77.180115,77.180115,77.180115,77.180115,77.180115,77.180115,77.180115,77.180115,74.309649,74.309649,74.309649,74.309649,0.0,0.0,100.0,101.0,102.0,101.0,101.0,130.0,3067.65,542.929,994.95,193.947,True
2026-03-10 11:42:15,5.0,0.0,0.0,2.0,11.0,0.0,0.0,1.0,0.0,0.0,0.0,1.0,1.0,0.0,0.0,2.581,0.0,0.0,0.0,7.338,-404.0,0.0,7.218,423.0,0.0,0.0,4.981,266.0,4.981,111.0,0.681,0.0,4.95,198.0,4.961,193.0,4.967,62.0,4.975,58.0,24.65734,24.85961,24.91689,24.20268,29.45633,27.20809,25.1478,25.83516,24.49266,25.0,27.5,26.0,24.5,25.0,0.0,910.25,,2.0,0.0,0.0,77.180115,77.180115,77.180115,77.180115,77.180115,77.180115,77.180115,77.180115,77.180115,77.180115,77.180115,77.180115,77.180115,77.180115,77.180115,77.180115,74.309649,74.309649,74.309649,74.309649,0.0,0.0,100.0,101.0,102.0,101.0,101.0,131.0,3053.214,1324.946,980.1,288.54999999999995,True
2026-03-10 11:42:16,5.0,0.0,0.0,2.0,12.0,0.0,0.0,1.0,0.0,0.0,0.0,1.0,1.0,0.0,0.0,2.581,0.0,0.0,0.0,7.338,-404.0,0.0,7.218,426.0,0.0,0.0,4.982,109.0,4.98,271.0,0.681,1.0,4.951,198.0,4.96,191.0,4.966,60.0,4.975,58.0,24.66987,24.85603,24.91331,24.20984,29.46528,27.22062,25.15854,25.84411,24.49624,25.0,27.5,26.0,24.5,25.0,0.0,910.25,,2.0,0.0,0.0,77.180115,77.180115,77.180115,77.180115,77.180115,77.180115,77.180115,77.180115,77.180115,77.180115,77.180115,77.180115,77.180115,77.180115,77.180115,77.180115,74.309649,74.309649,74.309649,74.309649,0.0,0.0,100.0,101.0,102.0,101.0,101.0,132.0,3074.868,543.038,980.2979999999999,288.54999999999995,True
2026-03-10 11:42:17,5.0,0.0,0.0,2.0,12.0,0.0,0.0,1.0,0.0,0.0,0.0,1.0,1.0,0.0,0.0,2.581,0.0,0.0,0.0,7.338,-404.0,0.0,7.218,425.0,0.0,0.0,4.981,266.0,4.981,111.0,0.681,0.0,4.95,195.0,4.961,200.0,4.967,61.0,4.973,62.0,24.65555,24.85782,24.91152,24.21879,29.47781,27.22957,25.15496,25.84948,24.5034,25.0,27.5,26.0,24.5,25.0,0.0,910.25,,2.0,0.0,0.0,77.180115,77.180115,77.180115,77.180115,77.180115,77.180115,77.180115,77.180115,77.180115,77.180115,77.180115,77.180115,77.180115,77.180115,77.180115,77.180115,74.309649,74.309649,74.309649,74.309649,0.0,0.0,100.0,101.0,102.0,101.0,101.0,133.0,3067.65,1324.946,965.25,308.32599999999996,True
2026-03-10 11:42:18,5.0,0.0,0.0,2.0,14.0,0.0,0.0,1.0,0.0,0.0,0.0,1.0,1.0,0.0,0.0,2.581,1.0,0.0,0.0,7.338,-404.0,0.0,7.218,427.0,0.0,0.0,4.981,266.0,4.98,110.0,0.68,1.0,4.951,190.0,4.962,198.0,4.967,61.0,4.973,62.0,24.65913,24.86498,24.92047,24.20984,29.50108,27.24568,25.16212,25.85127,24.49982,25.0,27.5,26.0,24.5,25.0,0.0,910.25,,2.0,0.0,0.0,77.180115,77.180115,77.180115,77.180115,77.180115,77.180115,77.180115,77.180115,77.180115,77.180115,77.180115,77.180115,77.180115,77.180115,77.180115,77.180115,74.309649,74.309649,74.309649,74.309649,0.0,0.0,100.0,101.0,102.0,101.0,101.0,134.0,3082.086,1324.946,940.6899999999999,308.32599999999996,True
2026-03-10 11:42:19,5.0,0.0,0.0,2.0,14.0,0.0,0.0,1.0,0.0,0.0,0.0,1.0,1.0,0.0,0.0,2.581,0.0,0.0,0.0,7.338,-404.0,0.0,7.22,426.0,0.0,0.0,4.981,107.0,4.981,111.0,0.681,0.0,4.951,192.0,4.961,188.0,4.967,61.0,4.975,60.0,24.66092,24.86319,24.92226,24.217,29.4975,27.26,25.17107,25.85485,24.5034,25.0,27.5,26.0,24.5,25.0,0.0,910.25,,2.0,0.0,0.0,77.180115,77.180115,77.180115,77.180115,77.180115,77.180115,77.180115,77.180115,77.180115,77.180115,77.180115,77.180115,77.180115,77.180115,77.180115,77.180115,74.309649,74.309649,74.309649,74.309649,0.0,0.0,100.0,101.0,102.0,101.0,101.0,135.0,3075.72,532.967,950.5919999999999,298.5,True
2026-03-10 11:42:20,5.0,0.0,0.0,2.0,16.0,0.0,0.0,1.0,0.0,0.0,0.0,1.0,1.0,0.0,0.0,2.581,0.0,0.0,0.0,7.338,-404.0,0.0,7.217,426.0,0.0,0.0,4.98,107.0,4.981,110.0,0.681,0.0,4.951,190.0,4.96,193.0,4.967,62.0,4.975,60.0,24.65376,24.87035,24.92584,24.23669,29.52256,27.28506,25.16928,25.86022,24.49624,25.0,27.5,26.0,24.5,25.0,0.0,910.25,,2.0,0.0,0.0,77.180115,77.180115,77.180115,77.180115,77.180115,77.180115,77.180115,77.180115,77.180115,77.180115,77.180115,77.180115,77.180115,77.180115,77.180115,77.180115,74.309649,74.309649,74.309649,74.309649,0.0,0.0,100.0,101.0,102.0,101.0,101.0,136.0,3074.442,532.86,940.6899999999999,298.5,True
2026-03-10 11:42:21,5.0,0.0,0.0,2.0,17.0,0.0,0.0,1.0,0.0,0.0,0.0,1.0,1.0,0.0,0.0,2.581,1.0,0.0,0.0,7.338,-404.0,0.0,7.218,426.0,0.0,0.0,4.981,109.0,4.981,113.0,0.681,0.0,4.95,205.0,4.96,195.0,4.967,61.0,4.975,58.0,24.65197,24.87035,24.92405,24.20984,29.54225,27.2958,25.1836,25.87096,24.50161,25.0,27.5,26.0,24.5,25.0,0.0,910.25,,2.0,0.0,0.0,77.180115,77.180115,77.180115,77.180115,77.180115,77.180115,77.180115,77.180115,77.180115,77.180115,77.180115,77.180115,77.180115,77.180115,77.180115,77.180115,74.309649,74.309649,74.309649,74.309649,0.0,0.0,100.0,101.0,102.0,101.0,101.0,137.0,3074.868,542.929,1014.75,288.54999999999995,True
2026-03-10 11:42:22,5.0,0.0,0.0,2.0,17.0,0.0,0.0,1.0,0.0,0.0,0.0,1.0,1.0,0.0,0.0,2.581,0.0,0.0,0.0,7.338,-404.0,0.0,7.217,426.0,0.0,0.0,4.981,267.0,4.981,113.0,0.681,0.0,4.951,186.0,4.961,196.0,4.967,60.0,4.975,58.0,24.65376,24.86856,24.92405,24.23311,29.55836,27.31012,25.18181,25.86917,24.50698,25.0,27.5,26.0,24.5,25.0,0.0,910.25,,2.0,0.0,0.0,77.180115,77.180115,77.180115,77.180115,77.180115,77.180115,77.180115,77.180115,77.180115,77.180115,77.180115,77.180115,77.180115,77.180115,77.180115,77.180115,74.309649,74.309649,74.309649,74.309649,0.0,0.0,100.0,101.0,102.0,101.0,101.0,138.0,3074.442,1329.927,920.886,288.54999999999995,True
2026-03-10 11:42:23,5.0,0.0,0.0,2.0,19.0,0.0,0.0,1.0,0.0,0.0,0.0,1.0,1.0,0.0,0.0,2.581,0.0,0.0,0.0,7.338,-404.0,0.0,7.218,423.0,0.0,0.0,4.982,266.0,4.98,271.0,0.681,0.0,4.948,201.0,4.962,198.0,4.967,60.0,4.975,61.0,24.65913,24.87214,24.92405,24.23311,29.59237,27.33339,25.18002,25.88707,24.51414,25.0,27.5,26.0,24.5,25.0,0.0,910.25,,2.0,0.0,0.0,77.180115,77.180115,77.180115,77.180115,77.180115,77.180115,77.180115,77.180115,77.180115,77.180115,77.180115,77.180115,77.180115,77.180115,77.180115,77.180115,74.309649,74.309649,74.309649,74.309649,0.0,0.0,100.0,101.0,102.0,101.0,101.0,139.0,3053.214,1325.212,994.5480000000001,303.47499999999997,True
2026-03-10 11:42:24,5.0,0.0,0.0,2.0,,0.0,0.0,1.0,0.0,0.0,0.0,1.0,1.0,0.0,0.0,2.581,0.0,0.0,0.0,7.338,-404.0,0.0,7.215,422.0,0.0,0.0,4.981,109.0,4.98,271.0,0.68,0.0,4.948,205.0,4.96,196.0,4.967,61.0,4.975,61.0,24.65376,24.88109,24.933,24.2349,29.57805,27.34771,25.19971,25.88349,24.51414,25.0,27.5,26.0,24.5,25.0,0.0,910.25,,2.0,0.0,0.0,77.180115,77.180115,77.180115,77.180115,77.180115,77.180115,77.180115,77.180115,77.180115,77.180115,77.180115,77.180115,77.180115,77.180115,77.180115,77.180115,74.309649,74.309649,74.309649,74.309649,0.0,0.0,100.0,101.0,102.0,101.0,101.0,140.0,3044.73,542.929,1014.34,303.47499999999997,True
2026-03-10 11:42:25,5.0,0.0,0.0,2.0,,0.0,0.0,1.0,0.0,0.0,0.0,1.0,1.0,0.0,0.0,2.581,0.0,0.0,0.0,7.338,-404.0,0.0,7.216,421.0,0.0,0.0,4.981,109.0,4.98,271.0,0.681,0.0,4.951,191.0,4.961,190.0,4.967,60.0,4.975,60.0,24.65018,24.8793,24.93837,24.23311,29.59416,27.36561,25.19076,25.88528,24.50698,25.0,27.5,26.0,24.5,25.0,0.0,910.25,,2.0,0.0,0.0,77.180115,77.180115,77.180115,77.180115,77.180115,77.180115,77.180115,77.180115,77.180115,77.180115,77.180115,77.180115,77.180115,77.180115,77.180115,77.180115,74.309649,74.309649,74.309649,74.309649,0.0,0.0,100.0,101.0,102.0,101.0,101.0,141.0,3037.936,542.929,945.641,298.5,True
2026-03-10 11:42:26,5.0,0.0,0.0,2.0,,0.0,0.0,1.0,0.0,0.0,0.0,1.0,1.0,0.0,0.0,2.581,0.0,0.0,0.0,7.338,-404.0,0.0,7.221,418.0,0.0,0.0,4.982,107.0,4.98,110.0,0.68,0.0,4.95,203.0,4.962,197.0,4.966,61.0,4.975,60.0,24.65018,24.88288,24.92584,24.24206,29.61385,27.36024,25.20329,25.89423,24.50877,25.0,27.5,26.0,24.5,25.0,0.0,910.25,,2.0,0.0,0.0,77.180115,77.180115,77.180115,77.180115,77.180115,77.180115,77.180115,77.180115,77.180115,77.180115,77.180115,77.180115,77.180115,77.180115,77.180115,77.180115,74.309649,74.309649,74.309649,74.309649,0.0,0.0,100.0,101.0,102.0,101.0,101.0,142.0,3018.378,533.0740000000001,1004.85,298.5,True
2026-03-10 11:42:27,5.0,0.0,0.0,2.0,,0.0,0.0,1.0,0.0,0.0,0.0,1.0,1.0,0.0,0.0,2.581,0.0,0.0,0.0,7.338,-404.0,0.0,7.218,413.0,0.0,0.0,4.981,101.0,4.982,104.0,0.681,0.0,4.95,188.0,4.962,198.0,4.967,61.0,4.975,61.0,24.63944,24.88288,24.92584,24.24206,29.62996,27.3853,25.2015,25.89065,24.50698,25.0,27.5,26.0,24.5,25.0,0.0,910.25,,2.0,0.0,0.0,77.180115,77.180115,77.180115,77.180115,77.180115,77.180115,77.180115,77.180115,77.180115,77.180115,77.180115,77.180115,77.180115,77.180115,77.180115,77.180115,74.309649,74.309649,74.309649,74.309649,0.0,0.0,100.0,101.0,102.0,101.0,101.0,143.0,2981.034,503.08099999999996,930.6,303.47499999999997,True
2026-03-10 11:42:28,5.0,0.0,0.0,2.0,,0.0,0.0,1.0,0.0,0.0,0.0,1.0,1.0,0.0,0.0,2.581,0.0,0.0,0.0,7.338,-404.0,0.0,7.22,413.0,0.0,0.0,4.982,101.0,4.981,105.0,0.681,0.0,4.95,190.0,4.961,193.0,4.967,60.0,4.975,61.0,24.65913,24.88825,24.94195,24.24743,29.64965,27.41215,25.20329,25.89065,24.50698,25.0,27.5,26.0,24.5,25.0,0.0,910.25,,2.0,0.0,0.0,77.180115,77.180115,77.180115,77.180115,77.180115,77.180115,77.180115,77.180115,77.180115,77.180115,77.180115,77.180115,77.180115,77.180115,77.180115,77.180115,74.309649,74.309649,74.309649,74.309649,0.0,0.0,100.0,101.0,102.0,101.0,101.0,144.0,2981.8599999999997,503.182,940.5,303.47499999999997,True
2026-03-10 11:42:29,5.0,0.0,0.0,2.0,,0.0,0.0,1.0,0.0,0.0,0.0,1.0,1.0,0.0,0.0,2.581,0.0,0.0,0.0,7.338,-404.0,0.0,7.218,411.0,0.0,0.0,4.981,255.0,4.981,105.0,0.681,0.0,4.951,202.0,4.962,197.0,4.967,61.0,4.975,62.0,24.65555,24.89541,24.94016,24.24027,29.67829,27.43005,25.20687,25.90676,24.51593,25.0,27.5,26.0,24.5,25.0,0.0,910.25,,2.0,0.0,0.0,77.180115,77.180115,77.180115,77.180115,77.180115,77.180115,77.180115,77.180115,77.180115,77.180115,77.180115,77.180115,77.180115,77.180115,77.180115,77.180115,74.309649,74.309649,74.309649,74.309649,0.0,0.0,100.0,101.0,102.0,101.0,101.0,145.0,2966.598,1270.155,1000.102,308.45,True
2026-03-10 11:42:30,5.0,0.0,0.0,2.0,20.0,0.0,0.0,1.0,0.0,0.0,0.0,1.0,1.0,0.0,0.0,2.581,0.0,0.0,0.0,7.338,-404.0,0.0,7.221,197.0,0.0,0.0,4.981,255.0,4.982,106.0,0.681,0.0,4.95,205.0,4.962,197.0,4.967,60.0,4.975,62.0,24.65376,24.90257,24.94195,24.2528,29.68724,27.44437,25.21582,25.92108,24.5213,25.0,28.0,26.0,24.5,25.0,0.0,910.25,,2.0,0.0,0.0,77.180115,77.180115,77.180115,77.180115,77.180115,77.180115,77.180115,77.180115,77.180115,77.180115,77.180115,77.180115,77.180115,77.180115,77.180115,77.180115,74.309649,74.309649,74.309649,74.309649,0.0,0.0,100.0,101.0,102.0,101.0,101.0,146.0,1422.537,1270.155,1014.75,308.45,True
2026-03-10 11:42:31,5.0,0.0,0.0,2.0,20.0,0.0,0.0,1.0,0.0,0.0,0.0,1.0,1.0,0.0,0.0,2.581,0.0,0.0,0.0,7.338,-404.0,0.0,7.22,198.0,0.0,0.0,4.983,255.0,4.982,104.0,0.681,0.0,4.95,190.0,4.962,200.0,4.967,61.0,4.975,58.0,24.65555,24.89362,24.9509,24.25459,29.6944,27.45511,25.22119,25.91929,24.51235,25.0,28.0,26.0,24.5,25.0,0.0,910.25,,2.0,0.0,0.0,77.180115,77.180115,77.180115,77.180115,77.180115,77.180115,77.180115,77.180115,77.180115,77.180115,77.180115,77.180115,77.180115,77.180115,77.180115,77.180115,74.309649,74.309649,74.309649,74.309649,0.0,0.0,100.0,101.0,102.0,101.0,101.0,147.0,1429.56,1270.665,940.5,288.54999999999995,True
2026-03-10 11:42:32,5.0,0.0,0.0,2.0,22.0,0.0,0.0,1.0,0.0,0.0,0.0,1.0,1.0,0.0,0.0,2.581,0.0,0.0,0.0,7.338,-404.0,0.0,7.22,411.0,0.0,0.0,4.982,101.0,4.98,109.0,0.68,0.0,4.95,198.0,4.961,192.0,4.966,61.0,4.975,58.0,24.65018,24.89004,24.94374,24.2528,29.78748,27.46048,25.22477,25.92287,24.51951,25.0,28.0,26.0,24.5,25.0,0.0,910.25,,2.0,0.0,0.0,77.180115,77.180115,77.180115,77.180115,77.180115,77.180115,77.180115,77.180115,77.180115,77.180115,77.180115,77.180115,77.180115,77.180115,77.180115,77.180115,74.309649,74.309649,74.309649,74.309649,0.0,0.0,100.0,101.0,102.0,101.0,101.0,148.0,2967.42,503.182,980.1,288.54999999999995,True
2026-03-10 11:42:33,5.0,0.0,0.0,2.0,23.0,0.0,0.0,1.0,0.0,0.0,0.0,1.0,1.0,0.0,0.0,2.581,0.0,0.0,0.0,7.338,-404.0,0.0,7.221,412.0,0.0,0.0,4.982,100.0,4.981,266.0,0.681,0.0,4.951,198.0,4.962,200.0,4.967,60.0,4.975,60.0,24.65197,24.90436,24.95985,24.26175,29.71946,27.48733,25.23014,25.93003,24.51593,25.0,28.0,26.5,24.5,25.0,0.0,910.25,,2.0,0.0,0.0,77.180115,77.180115,77.180115,77.180115,77.180115,77.180115,77.180115,77.180115,77.180115,77.180115,77.180115,77.180115,77.180115,77.180115,77.180115,77.180115,74.309649,74.309649,74.309649,74.309649,0.0,0.0,100.0,101.0,102.0,101.0,101.0,149.0,2975.052,498.20000000000005,980.2979999999999,298.5,True
2026-03-10 11:42:34,5.0,0.0,0.0,2.0,24.0,0.0,0.0,1.0,0.0,0.0,0.0,1.0,1.0,0.0,0.0,2.581,0.0,0.0,0.0,7.338,-404.0,0.0,7.221,411.0,0.0,0.0,4.982,255.0,4.982,109.0,0.68,0.0,4.951,197.0,4.962,192.0,4.965,61.0,4.975,60.0,24.6466,24.90436,24.95985,24.26175,29.75884,27.49986,25.23551,25.92287,24.51951,25.0,28.0,26.5,24.5,25.0,0.0,910.25,,2.0,0.0,0.0,77.180115,77.180115,77.180115,77.180115,77.180115,77.180115,77.180115,77.180115,77.180115,77.180115,77.180115,77.180115,77.180115,77.180115,77.180115,77.180115,74.309649,74.309649,74.309649,74.309649,0.0,0.0,100.0,101.0,102.0,101.0,101.0,150.0,2967.831,1270.41,975.347,298.5,True
2026-03-10 11:42:35,5.0,0.0,0.0,2.0,24.0,0.0,0.0,1.0,0.0,0.0,0.0,1.0,1.0,0.0,0.0,2.581,0.0,0.0,0.0,7.338,-404.0,0.0,7.22,415.0,0.0,0.0,4.981,255.0,4.98,266.0,0.681,0.0,4.951,195.0,4.961,197.0,4.966,61.0,4.975,62.0,24.64839,24.90615,24.95806,24.26175,29.75884,27.51239,25.24267,25.93003,24.51414,25.0,28.0,26.5,24.5,25.0,0.0,910.25,,2.0,0.0,0.0,77.180115,77.180115,77.180115,77.180115,77.180115,77.180115,77.180115,77.180115,77.180115,77.180115,77.180115,77.180115,77.180115,77.180115,77.180115,77.180115,74.309649,74.309649,74.309649,74.309649,0.0,0.0,100.0,101.0,102.0,101.0,101.0,151.0,2996.2999999999997,1270.155,965.4449999999999,308.45,True
2026-03-10 11:42:36,5.0,0.0,0.0,2.0,26.0,0.0,0.0,1.0,0.0,0.0,0.0,1.0,1.0,0.0,0.0,2.581,0.0,0.0,0.0,7.338,-404.0,0.0,7.218,416.0,0.0,0.0,4.982,253.0,4.98,266.0,0.681,0.0,4.95,196.0,4.96,192.0,4.967,60.0,4.975,62.0,24.6466,24.9151,24.97059,24.2707,29.79464,27.53208,25.24088,25.94256,24.52488,25.0,28.0,26.5,24.5,25.0,0.0,910.25,,2.0,0.0,0.0,77.180115,77.180115,77.180115,77.180115,77.180115,77.180115,77.180115,77.180115,77.180115,77.180115,77.180115,77.180115,77.180115,77.180115,77.180115,77.180115,74.309649,74.309649,74.309649,74.309649,0.0,0.0,100.0,101.0,102.0,101.0,101.0,152.0,3002.688,1260.4460000000001,970.2,308.45,True
2026-03-10 11:42:37,5.0,0.0,0.0,2.0,27.0,0.0,0.0,1.0,0.0,0.0,0.0,1.0,1.0,0.0,0.0,2.581,0.0,0.0,0.0,7.338,-404.0,0.0,7.218,417.0,0.0,0.0,4.981,107.0,4.98,107.0,0.681,0.0,4.951,203.0,4.961,197.0,4.966,61.0,4.975,60.0,24.65018,24.92047,24.97059,24.25996,29.79106,27.53208,25.25878,25.94614,24.52488,25.0,28.0,26.5,24.5,25.0,0.0,910.25,,2.0,0.0,0.0,77.180115,77.180115,77.180115,77.180115,77.180115,77.180115,77.180115,77.180115,77.180115,77.180115,77.180115,77.180115,77.180115,77.180115,77.180115,77.180115,74.309649,74.309649,74.309649,74.309649,0.0,0.0,100.0,101.0,102.0,101.0,101.0,153.0,3009.906,532.967,1005.0529999999999,298.5,True
2026-03-10 11:42:38,5.0,0.0,0.0,2.0,28.0,0.0,0.0,1.0,0.0,0.0,0.0,1.0,1.0,0.0,0.0,2.581,0.0,0.0,0.0,7.338,-404.0,0.0,7.22,420.0,0.0,0.0,4.981,106.0,4.981,106.0,0.681,0.0,4.952,205.0,4.962,200.0,4.966,61.0,4.975,60.0,24.63944,24.91152,24.96701,24.27249,29.83939,27.54998,25.24625,25.93898,24.52488,25.0,28.0,26.5,24.5,25.0,0.0,910.25,,2.0,0.0,0.0,77.180115,77.180115,77.180115,77.180115,77.180115,77.180115,77.180115,77.180115,77.180115,77.180115,77.180115,77.180115,77.180115,77.180115,77.180115,77.180115,74.309649,74.309649,74.309649,74.309649,0.0,0.0,100.0,101.0,102.0,101.0,101.0,154.0,3032.4,527.986,1015.16,298.5,True
2026-03-10 11:42:39,5.0,0.0,0.0,2.0,28.0,0.0,0.0,1.0,0.0,0.0,0.0,1.0,1.0,0.0,0.0,2.581,0.0,0.0,0.0,7.338,-404.0,0.0,7.216,420.0,0.0,0.0,4.981,105.0,4.981,106.0,0.681,0.0,4.95,193.0,4.961,192.0,4.967,63.0,4.975,60.0,24.63944,24.92047,24.96522,24.27428,29.84297,27.56072,25.24625,25.95151,24.51056,25.0,28.0,26.5,24.5,25.0,0.0,910.25,,2.0,0.0,0.0,77.180115,77.180115,77.180115,77.180115,77.180115,77.180115,77.180115,77.180115,77.180115,77.180115,77.180115,77.180115,77.180115,77.180115,77.180115,77.180115,74.309649,74.309649,74.309649,74.309649,0.0,0.0,100.0,101.0,102.0,101.0,101.0,155.0,3030.7200000000003,523.005,955.35,298.5,True
2026-03-10 11:42:40,5.0,0.0,0.0,2.0,,0.0,0.0,1.0,0.0,0.0,0.0,1.0,1.0,0.0,0.0,2.581,0.0,0.0,0.0,7.338,-404.0,0.0,7.215,418.0,0.0,0.0,4.981,105.0,4.981,266.0,0.681,0.0,4.953,205.0,4.96,190.0,4.967,60.0,4.975,60.0,24.63765,24.91868,24.97596,24.28323,29.84297,27.58757,25.25878,25.95509,24.53383,25.0,28.0,26.5,24.5,25.0,0.0,910.25,,2.0,0.0,0.0,77.180115,77.180115,77.180115,77.180115,77.180115,77.180115,77.180115,77.180115,77.180115,77.180115,77.180115,77.180115,77.180115,77.180115,77.180115,77.180115,74.309649,74.309649,74.309649,74.309649,0.0,0.0,100.0,101.0,102.0,101.0,101.0,156.0,3015.87,523.005,1015.365,298.5,True
2026-03-10 11:42:41,5.0,0.0,0.0,2.0,,0.0,0.0,1.0,0.0,0.0,0.0,1.0,1.0,0.0,0.0,2.581,0.0,0.0,0.0,7.338,-404.0,0.0,7.216,417.0,0.0,0.0,4.982,106.0,4.981,109.0,0.681,1.0,4.952,205.0,4.962,196.0,4.967,61.0,4.975,60.0,24.65018,24.92226,24.97417,24.28323,29.86445,27.59652,25.25878,25.9533,24.52488,25.0,28.0,26.5,24.5,25.0,0.0,910.25,,2.0,0.0,0.0,77.180115,77.180115,77.180115,77.180115,77.180115,77.180115,77.180115,77.180115,77.180115,77.180115,77.180115,77.180115,77.180115,77.180115,77.180115,77.180115,74.309649,74.309649,74.309649,74.309649,0.0,0.0,100.0,101.0,102.0,101.0,101.0,157.0,3009.072,528.092,1015.16,298.5,True
2026-03-10 11:42:42,5.0,0.0,0.0,2.0,,0.0,0.0,1.0,0.0,0.0,0.0,1.0,1.0,0.0,0.0,2.581,0.0,0.0,0.0,7.338,-404.0,0.0,7.215,417.0,0.0,0.0,4.981,106.0,4.981,107.0,0.681,1.0,4.952,203.0,4.961,200.0,4.967,60.0,4.975,60.0,24.65197,24.92763,24.97775,24.27786,29.87161,27.61084,25.27131,25.96583,24.52846,25.0,28.0,26.5,24.5,25.0,0.0,910.25,,2.0,0.0,0.0,77.180115,77.180115,77.180115,77.180115,77.180115,77.180115,77.180115,77.180115,77.180115,77.180115,77.180115,77.180115,77.180115,77.180115,77.180115,77.180115,74.309649,74.309649,74.309649,74.309649,0.0,0.0,100.0,101.0,102.0,101.0,101.0,158.0,3008.6549999999997,527.986,1005.256,298.5,True
2026-03-10 11:42:43,5.0,0.0,0.0,2.0,,0.0,0.0,1.0,0.0,0.0,0.0,1.0,1.0,0.0,0.0,2.581,0.0,0.0,0.0,7.338,-404.0,0.0,7.218,417.0,0.0,0.0,4.981,105.0,4.982,105.0,0.681,0.0,4.952,202.0,4.96,193.0,4.967,62.0,4.975,58.0,24.65018,24.91868,24.9867,24.27607,29.9092,27.62337,25.27489,25.97478,24.52667,25.0,28.0,26.5,24.5,25.0,0.0,910.25,,2.0,0.0,0.0,77.180115,77.180115,77.180115,77.180115,77.180115,77.180115,77.180115,77.180115,77.180115,77.180115,77.180115,77.180115,77.180115,77.180115,77.180115,77.180115,74.309649,74.309649,74.309649,74.309649,0.0,0.0,100.0,101.0,102.0,101.0,101.0,159.0,3009.906,523.005,1000.304,288.54999999999995,True
2026-03-10 11:42:44,5.0,0.0,0.0,2.0,,0.0,0.0,1.0,0.0,0.0,0.0,1.0,1.0,0.0,0.0,2.581,0.0,0.0,0.0,7.338,-404.0,0.0,7.22,420.0,0.0,0.0,4.982,105.0,4.981,109.0,0.681,0.0,4.95,195.0,4.961,196.0,4.967,61.0,4.975,58.0,24.65197,24.92584,24.98849,24.27428,29.9092,27.64306,25.2731,25.96941,24.5213,25.0,28.0,26.5,24.5,25.0,0.0,910.25,,2.0,0.0,0.0,77.180115,77.180115,77.180115,77.180115,77.180115,77.180115,77.180115,77.180115,77.180115,77.180115,77.180115,77.180115,77.180115,77.180115,77.180115,77.180115,74.309649,74.309649,74.309649,74.309649,0.0,0.0,100.0,101.0,102.0,101.0,101.0,160.0,3032.4,523.11,965.25,288.54999999999995,True
2026-03-10 11:42:45,5.0,0.0,0.0,2.0,,0.0,0.0,1.0,0.0,0.0,0.0,1.0,1.0,0.0,0.0,2.581,0.0,0.0,0.0,7.338,-404.0,0.0,7.218,420.0,0.0,0.0,4.981,107.0,4.981,266.0,0.681,0.0,4.95,195.0,4.961,198.0,4.967,62.0,4.973,60.0,24.64839,24.93121,24.99207,24.26712,29.92173,27.65559,25.27489,25.97836,24.53025,25.0,28.0,26.5,24.5,25.0,0.0,910.25,,2.0,0.0,0.0,77.180115,77.180115,77.180115,77.180115,77.180115,77.180115,77.180115,77.180115,77.180115,77.180115,77.180115,77.180115,77.180115,77.180115,77.180115,77.180115,74.309649,74.309649,74.309649,74.309649,0.0,0.0,100.0,101.0,102.0,101.0,101.0,161.0,3031.56,532.967,965.25,298.38,True
2026-03-10 11:42:46,5.0,0.0,0.0,2.0,30.0,0.0,0.0,1.0,0.0,0.0,0.0,1.0,1.0,0.0,0.0,2.581,0.0,0.0,0.0,7.338,-404.0,0.0,7.217,418.0,0.0,0.0,4.98,106.0,4.982,107.0,0.68,0.0,4.951,205.0,4.962,200.0,4.967,61.0,4.973,60.0,24.63586,24.92405,24.98133,24.27786,29.93426,27.67707,25.28026,25.98015,24.52488,25.0,28.0,26.5,24.5,25.0,0.0,910.25,,2.0,0.0,0.0,77.180115,77.180115,77.180115,77.180115,77.180115,77.180115,77.180115,77.180115,77.180115,77.180115,77.180115,77.180115,77.180115,77.180115,77.180115,77.180115,74.309649,74.309649,74.309649,74.309649,0.0,0.0,100.0,101.0,102.0,101.0,101.0,162.0,3016.7059999999997,527.88,1014.9549999999999,298.38,True
2026-03-10 11:42:47,5.0,0.0,0.0,2.0,31.0,0.0,0.0,1.0,0.0,0.0,0.0,1.0,1.0,0.0,0.0,2.581,0.0,0.0,0.0,7.338,-404.0,0.0,7.217,417.0,0.0,0.0,4.982,106.0,4.981,266.0,0.68,0.0,4.952,200.0,4.962,197.0,4.966,61.0,4.975,60.0,24.63765,24.93837,24.98312,24.27249,29.94321,27.68065,25.28384,25.97836,24.53562,25.0,28.0,26.5,24.5,25.0,0.0,910.25,,2.0,0.0,0.0,77.180115,77.180115,77.180115,77.180115,77.180115,77.180115,77.180115,77.180115,77.180115,77.180115,77.180115,77.180115,77.180115,77.180115,77.180115,77.180115,74.309649,74.309649,74.309649,74.309649,0.0,0.0,100.0,101.0,102.0,101.0,101.0,163.0,3009.489,528.092,990.4,298.5,True
2026-03-10 11:42:48,5.0,0.0,0.0,2.0,31.0,0.0,0.0,1.0,0.0,0.0,0.0,1.0,1.0,0.0,0.0,2.581,0.0,0.0,0.0,7.338,-404.0,0.0,7.218,420.0,0.0,0.0,4.981,107.0,4.98,109.0,0.681,0.0,4.952,201.0,4.962,198.0,4.966,62.0,4.975,60.0,24.64302,24.933,24.99207,24.2707,29.95753,27.69318,25.28742,25.98731,24.5213,25.0,28.0,26.5,24.5,25.0,0.0,910.25,,2.0,0.0,0.0,77.180115,77.180115,77.180115,77.180115,77.180115,77.180115,77.180115,77.180115,77.180115,77.180115,77.180115,77.180115,77.180115,77.180115,77.180115,77.180115,74.309649,74.309649,74.309649,74.309649,0.0,0.0,100.0,101.0,102.0,101.0,101.0,164.0,3031.56,532.967,995.352,298.5,True
2026-03-10 11:42:49,5.0,0.0,0.0,2.0,32.0,0.0,0.0,2.0,0.0,0.0,0.0,1.0,1.0,0.0,0.0,2.581,0.0,0.0,0.0,7.338,-404.0,0.0,7.217,418.0,0.0,0.0,4.981,109.0,4.981,107.0,0.681,0.0,4.953,201.0,4.961,200.0,4.967,60.0,4.975,60.0,24.63944,24.94195,24.99565,24.26354,29.98975,27.70213,25.28384,25.97836,24.52488,25.0,28.0,26.5,24.5,25.0,0.0,910.25,,2.0,0.0,0.0,77.180115,77.180115,77.180115,77.180115,77.180115,77.180115,77.180115,77.180115,77.180115,77.180115,77.180115,77.180115,77.180115,77.180115,77.180115,77.180115,74.309649,74.309649,74.309649,74.309649,0.0,0.0,100.0,101.0,102.0,101.0,101.0,165.0,3016.7059999999997,542.929,995.5530000000001,298.5,True
2026-03-10 11:42:50,5.0,0.0,0.0,2.0,34.0,0.0,0.0,2.0,0.0,0.0,0.0,1.0,1.0,0.0,0.0,2.581,1.0,0.0,0.0,7.338,-404.0,0.0,7.218,418.0,0.0,0.0,4.981,107.0,4.982,106.0,0.681,0.0,4.951,205.0,4.96,197.0,4.966,61.0,4.975,60.0,24.63765,24.94374,24.99386,24.26533,30.02734,27.72898,25.29816,25.98552,24.52488,25.0,28.0,26.5,24.5,25.0,0.0,910.25,,2.0,0.0,0.0,77.180115,77.180115,77.180115,77.180115,77.180115,77.180115,77.180115,77.180115,77.180115,77.180115,77.180115,77.180115,77.180115,77.180115,77.180115,77.180115,74.309649,74.309649,74.309649,74.309649,0.0,0.0,100.0,101.0,102.0,101.0,101.0,166.0,3017.124,532.967,1014.9549999999999,298.5,True
2026-03-10 11:42:51,5.0,0.0,0.0,2.0,34.0,0.0,0.0,2.0,0.0,0.0,0.0,1.0,1.0,0.0,0.0,2.581,0.0,0.0,0.0,7.338,-404.0,0.0,7.218,418.0,0.0,0.0,4.983,106.0,4.98,109.0,0.681,0.0,4.95,195.0,4.96,191.0,4.966,62.0,4.975,60.0,24.6466,24.94553,24.99744,24.26533,30.03987,27.74509,25.29816,26.00163,24.53741,25.0,28.0,26.5,24.5,25.0,0.0,910.25,,2.0,0.0,0.0,77.180115,77.180115,77.180115,77.180115,77.180115,77.180115,77.180115,77.180115,77.180115,77.180115,77.180115,77.180115,77.180115,77.180115,77.180115,77.180115,74.309649,74.309649,74.309649,74.309649,0.0,0.0,100.0,101.0,102.0,101.0,101.0,167.0,3017.124,528.198,965.25,298.5,True
2026-03-10 11:42:52,5.0,0.0,0.0,2.0,35.0,0.0,0.0,2.0,0.0,0.0,0.0,1.0,1.0,0.0,0.0,2.581,0.0,0.0,0.0,7.338,-404.0,0.0,7.213,417.0,0.0,0.0,4.982,107.0,4.981,109.0,0.681,0.0,4.95,197.0,4.961,191.0,4.967,62.0,4.975,60.0,24.63407,24.94553,25.0046,24.26891,30.01302,27.75404,25.30353,25.99984,24.53562,25.0,28.0,26.5,24.5,25.0,0.0,910.25,,2.0,0.0,0.0,77.180115,77.180115,77.180115,77.180115,77.180115,77.180115,77.180115,77.180115,77.180115,77.180115,77.180115,77.180115,77.180115,77.180115,77.180115,77.180115,74.309649,74.309649,74.309649,74.309649,0.0,0.0,100.0,101.0,102.0,101.0,101.0,168.0,3007.821,533.0740000000001,975.1500000000001,298.5,True
2026-03-10 11:42:53,5.0,0.0,0.0,2.0,36.0,0.0,0.0,2.0,0.0,0.0,0.0,1.0,1.0,0.0,0.0,2.581,0.0,0.0,0.0,7.338,-404.0,0.0,7.217,418.0,0.0,0.0,4.981,107.0,4.981,109.0,0.681,0.0,4.948,195.0,4.962,196.0,4.967,60.0,4.975,39.0,24.64123,24.9509,24.99744,24.27249,30.03271,27.77194,25.3089,26.00342,24.54099,25.0,28.0,26.5,24.5,25.0,0.0,910.25,,2.0,0.0,0.0,77.180115,77.180115,77.180115,77.180115,77.180115,77.180115,77.180115,77.180115,77.180115,77.180115,77.180115,77.180115,77.180115,77.180115,77.180115,77.180115,74.309649,74.309649,74.309649,74.309649,0.0,0.0,100.0,101.0,102.0,101.0,101.0,169.0,3016.7059999999997,532.967,964.8600000000001,194.02499999999998,True
2026-03-10 11:42:54,5.0,0.0,0.0,2.0,37.0,0.0,0.0,2.0,0.0,0.0,0.0,1.0,1.0,0.0,0.0,2.581,0.0,0.0,0.0,7.338,-404.0,0.0,7.212,420.0,0.0,0.0,4.981,107.0,4.981,107.0,0.68,0.0,4.948,193.0,4.961,200.0,4.966,61.0,4.975,39.0,24.63049,24.95806,25.00639,24.25996,30.07209,27.78984,25.30532,26.01953,24.53741,25.0,28.0,26.5,24.5,25.0,0.0,910.25,,2.0,0.0,0.0,77.180115,77.180115,77.180115,77.180115,77.180115,77.180115,77.180115,77.180115,77.180115,77.180115,77.180115,77.180115,77.180115,77.180115,77.180115,77.180115,74.309649,74.309649,74.309649,74.309649,0.0,0.0,100.0,101.0,102.0,101.0,101.0,170.0,3029.04,532.967,954.964,194.02499999999998,True
2026-03-10 11:42:55,5.0,0.0,0.0,2.0,39.0,0.0,0.0,2.0,0.0,0.0,0.0,1.0,1.0,0.0,0.0,2.581,0.0,0.0,0.0,7.338,-404.0,0.0,7.218,418.0,0.0,0.0,4.981,109.0,4.981,106.0,0.681,0.0,4.952,203.0,4.961,200.0,4.966,63.0,4.975,58.0,24.63407,24.95627,25.02071,24.26712,30.07388,27.81132,25.31248,26.00879,24.54636,25.0,28.0,26.5,24.5,25.0,0.0,910.25,,2.0,0.0,0.0,77.180115,77.180115,77.180115,77.180115,77.180115,77.180115,77.180115,77.180115,77.180115,77.180115,77.180115,77.180115,77.180115,77.180115,77.180115,77.180115,74.309649,74.309649,74.309649,74.309649,0.0,0.0,100.0,101.0,102.0,101.0,101.0,171.0,3017.124,542.929,1005.256,288.54999999999995,True
2026-03-10 11:42:56,5.0,0.0,0.0,2.0,,0.0,0.0,2.0,0.0,0.0,0.0,1.0,1.0,0.0,0.0,2.581,0.0,0.0,0.0,7.338,-404.0,0.0,7.217,420.0,0.0,0.0,4.981,107.0,4.981,107.0,0.681,0.0,4.953,205.0,4.961,197.0,4.965,61.0,4.975,58.0,24.6287,24.96522,25.01713,24.26891,30.12758,27.81848,25.31785,26.00879,24.53383,25.0,28.0,26.5,24.5,25.0,0.0,910.25,,2.0,0.0,0.0,77.180115,77.180115,77.180115,77.180115,77.180115,77.180115,77.180115,77.180115,77.180115,77.180115,77.180115,77.180115,77.180115,77.180115,77.180115,77.180115,74.309649,74.309649,74.309649,74.309649,0.0,0.0,100.0,101.0,102.0,101.0,101.0,172.0,3031.14,532.967,1015.365,288.54999999999995,True
2026-03-10 11:42:57,5.0,0.0,0.0,2.0,,0.0,0.0,2.0,0.0,0.0,0.0,1.0,1.0,0.0,0.0,2.581,0.0,0.0,0.0,7.338,-404.0,0.0,7.217,418.0,0.0,0.0,4.981,109.0,4.981,109.0,0.68,0.0,4.95,196.0,4.96,198.0,4.966,62.0,4.977,43.0,24.63407,24.95806,25.01176,24.26891,30.12579,27.82385,25.3268,26.01237,24.5392,25.0,28.0,26.5,24.5,25.0,0.0,910.25,,2.0,0.0,0.0,77.180115,77.180115,77.180115,77.180115,77.180115,77.180115,77.180115,77.180115,77.180115,77.180115,77.180115,77.180115,77.180115,77.180115,77.180115,77.180115,74.309649,74.309649,74.309649,74.309649,0.0,0.0,100.0,101.0,102.0,101.0,101.0,173.0,3016.7059999999997,542.929,970.2,214.01100000000002,True
2026-03-10 11:42:58,5.0,0.0,0.0,3.0,0.0,0.0,0.0,2.0,0.0,0.0,0.0,1.0,1.0,0.0,0.0,2.581,0.0,0.0,0.0,7.338,-404.0,0.0,7.221,191.0,0.0,0.0,4.981,255.0,4.981,102.0,0.681,0.0,4.952,205.0,4.961,192.0,4.966,41.0,4.977,43.0,24.63049,24.95269,25.01176,24.25638,30.12042,27.8507,25.33038,26.01953,24.54815,25.0,28.0,26.5,24.5,25.0,0.0,910.25,,2.0,0.0,0.0,77.180115,77.180115,77.180115,77.180115,77.180115,77.180115,77.180115,77.180115,77.180115,77.180115,77.180115,77.180115,77.180115,77.180115,77.180115,77.180115,74.309649,74.309649,74.309649,74.309649,0.0,0.0,100.0,101.0,102.0,101.0,101.0,174.0,1379.211,1270.155,1015.16,214.01100000000002,True
2026-03-10 11:42:59,5.0,0.0,0.0,3.0,1.0,0.0,0.0,2.0,0.0,0.0,0.0,1.0,1.0,0.0,0.0,2.581,1.0,0.0,0.0,7.338,-404.0,0.0,7.221,197.0,0.0,0.0,4.981,102.0,4.982,252.0,0.681,0.0,4.952,205.0,4.962,197.0,4.966,60.0,4.978,46.0,24.62512,24.97059,25.01534,24.25996,30.15622,27.86502,25.33038,26.0249,24.54278,25.0,28.0,26.5,24.5,25.0,0.0,910.25,,2.0,0.0,0.0,77.180115,77.180115,77.180115,77.180115,77.180115,77.180115,77.180115,77.180115,77.180115,77.180115,77.180115,77.180115,77.180115,77.180115,77.180115,77.180115,74.309649,74.309649,74.309649,74.309649,0.0,0.0,100.0,101.0,102.0,101.0,101.0,175.0,1422.537,508.062,1015.16,228.988,True
2026-03-10 11:43:00,5.0,0.0,0.0,3.0,1.0,0.0,0.0,2.0,0.0,0.0,0.0,1.0,1.0,0.0,0.0,2.581,0.0,0.0,0.0,7.338,-404.0,0.0,7.22,196.0,0.0,0.0,4.981,253.0,4.983,253.0,0.68,0.0,4.95,192.0,4.96,191.0,4.967,60.0,4.978,46.0,24.63407,24.96701,25.01892,24.2528,30.14548,27.8686,25.33217,26.03385,24.54099,25.0,28.0,26.5,24.5,25.0,0.0,910.25,,2.0,0.0,0.0,77.180115,77.180115,77.180115,77.180115,77.180115,77.180115,77.180115,77.180115,77.180115,77.180115,77.180115,77.180115,77.180115,77.180115,77.180115,77.180115,74.309649,74.309649,74.309649,74.309649,0.0,0.0,100.0,101.0,102.0,101.0,101.0,176.0,1415.12,1260.193,950.4000000000001,228.988,True
2026-03-10 11:43:01,5.0,0.0,0.0,3.0,3.0,0.0,0.0,2.0,0.0,0.0,0.0,1.0,1.0,0.0,0.0,2.581,0.0,0.0,0.0,7.338,-404.0,0.0,7.22,198.0,0.0,0.0,4.982,101.0,4.982,101.0,0.681,0.0,4.948,205.0,4.96,195.0,4.967,61.0,4.975,58.0,24.64302,24.97059,25.03145,24.25817,30.20276,27.89008,25.34112,26.03743,24.55531,25.0,28.0,26.5,24.5,25.0,0.0,910.25,,2.0,0.0,0.0,77.180115,77.180115,77.180115,77.180115,77.180115,77.180115,77.180115,77.180115,77.180115,77.180115,77.180115,77.180115,77.180115,77.180115,77.180115,77.180115,74.309649,74.309649,74.309649,74.309649,0.0,0.0,100.0,101.0,102.0,101.0,101.0,177.0,1429.56,503.182,1014.34,288.54999999999995,True
2026-03-10 11:43:02,5.0,0.0,0.0,3.0,3.0,0.0,0.0,2.0,0.0,0.0,0.0,1.0,1.0,0.0,0.0,2.581,0.0,0.0,0.0,7.338,-404.0,0.0,7.22,193.0,0.0,0.0,4.982,253.0,4.982,255.0,0.681,0.0,4.95,193.0,4.961,196.0,4.967,61.0,4.975,58.0,24.63944,24.97059,25.02787,24.26354,30.20992,27.87576,25.34112,26.03922,24.5571,25.0,28.0,26.5,24.5,25.0,0.0,910.25,,2.0,0.0,0.0,77.180115,77.180115,77.180115,77.180115,77.180115,77.180115,77.180115,77.180115,77.180115,77.180115,77.180115,77.180115,77.180115,77.180115,77.180115,77.180115,74.309649,74.309649,74.309649,74.309649,0.0,0.0,100.0,101.0,102.0,101.0,101.0,178.0,1393.46,1260.4460000000001,955.35,288.54999999999995,True
2026-03-10 11:43:03,5.0,0.0,0.0,3.0,5.0,0.0,0.0,2.0,0.0,0.0,0.0,1.0,1.0,0.0,0.0,2.581,0.0,0.0,0.0,7.338,-404.0,0.0,7.22,190.0,0.0,0.0,4.981,106.0,4.982,252.0,0.681,0.0,4.948,203.0,4.961,195.0,4.967,62.0,4.975,39.0,24.65018,24.96164,25.02608,24.26891,30.1956,27.92051,25.34649,26.03564,24.55531,25.0,28.0,26.5,24.5,25.0,0.0,910.25,,2.0,0.0,0.0,77.180115,77.180115,77.180115,77.180115,77.180115,77.180115,77.180115,77.180115,77.180115,77.180115,77.180115,77.180115,77.180115,77.180115,77.180115,77.180115,74.309649,74.309649,74.309649,74.309649,0.0,0.0,100.0,101.0,102.0,101.0,101.0,179.0,1371.8,527.986,1004.4440000000001,194.02499999999998,True
2026-03-10 11:43:04,5.0,0.0,0.0,3.0,6.0,0.0,0.0,2.0,0.0,0.0,0.0,1.0,1.0,0.0,0.0,2.581,0.0,0.0,0.0,7.338,-404.0,0.0,7.22,195.0,0.0,0.0,4.981,100.0,4.983,253.0,0.681,0.0,4.951,195.0,4.962,200.0,4.966,61.0,4.975,39.0,24.63944,24.9688,25.02608,24.26891,30.25646,27.94199,25.3447,26.03743,24.5392,25.0,28.0,26.5,24.5,25.0,0.0,910.25,,2.0,0.0,0.0,77.180115,77.180115,77.180115,77.180115,77.180115,77.180115,77.180115,77.180115,77.180115,77.180115,77.180115,77.180115,77.180115,77.180115,77.180115,77.180115,74.309649,74.309649,74.309649,74.309649,0.0,0.0,100.0,101.0,102.0,101.0,101.0,180.0,1407.8999999999999,498.09999999999997,965.4449999999999,194.02499999999998,True
2026-03-10 11:43:05,5.0,0.0,0.0,3.0,7.0,0.0,0.0,2.0,0.0,0.0,0.0,1.0,1.0,0.0,0.0,2.581,0.0,0.0,0.0,7.338,-404.0,0.0,7.221,196.0,0.0,0.0,4.981,107.0,4.981,100.0,0.681,0.0,4.95,193.0,4.961,195.0,4.967,61.0,4.972,60.0,24.6466,24.96701,25.03682,24.25996,30.23498,27.9581,25.35365,26.04817,24.53562,25.0,28.0,26.5,24.5,25.0,0.0,910.25,,2.0,0.0,0.0,77.180115,77.180115,77.180115,77.180115,77.180115,77.180115,77.180115,77.180115,77.180115,77.180115,77.180115,77.180115,77.180115,77.180115,77.180115,77.180115,74.309649,74.309649,74.309649,74.309649,0.0,0.0,100.0,101.0,102.0,101.0,101.0,181.0,1415.316,532.967,955.35,298.32000000000005,True
2026-03-10 11:43:06,5.0,0.0,0.0,3.0,7.0,0.0,0.0,2.0,0.0,0.0,0.0,1.0,1.0,0.0,0.0,2.581,0.0,0.0,0.0,7.338,-404.0,0.0,7.22,197.0,0.0,0.0,4.981,107.0,4.982,255.0,0.68,0.0,4.948,192.0,4.96,198.0,4.966,61.0,4.972,60.0,24.64123,24.97954,25.03503,24.27786,30.24214,27.95631,25.35544,26.0428,24.5392,25.0,28.5,26.5,24.5,25.0,0.0,910.25,,2.0,0.0,0.0,77.180115,77.180115,77.180115,77.180115,77.180115,77.180115,77.180115,77.180115,77.180115,77.180115,77.180115,77.180115,77.180115,77.180115,77.180115,77.180115,74.309649,74.309649,74.309649,74.309649,0.0,0.0,100.0,101.0,102.0,101.0,101.0,182.0,1422.34,532.967,950.0160000000001,298.32000000000005,True
2026-03-10 11:43:07,5.0,0.0,0.0,3.0,9.0,0.0,0.0,2.0,0.0,0.0,0.0,1.0,1.0,0.0,0.0,2.581,0.0,0.0,0.0,7.338,-404.0,0.0,7.218,410.0,0.0,0.0,4.982,106.0,4.982,252.0,0.68,1.0,4.952,201.0,4.96,195.0,4.967,62.0,4.975,61.0,24.63944,24.97596,25.03324,24.26354,30.2672,27.99211,25.35723,26.06607,24.55531,25.0,28.5,26.5,24.5,25.0,0.0,910.25,,2.0,0.0,0.0,77.180115,77.180115,77.180115,77.180115,77.180115,77.180115,77.180115,77.180115,77.180115,77.180115,77.180115,77.180115,77.180115,77.180115,77.180115,77.180115,74.309649,74.309649,74.309649,74.309649,0.0,0.0,100.0,101.0,102.0,101.0,101.0,183.0,2959.38,528.092,995.352,303.47499999999997,True
2026-03-10 11:43:08,5.0,0.0,0.0,3.0,,0.0,0.0,2.0,0.0,0.0,0.0,1.0,1.0,0.0,0.0,2.581,0.0,0.0,0.0,7.338,-404.0,0.0,7.217,420.0,0.0,0.0,4.981,109.0,4.982,253.0,0.681,0.0,4.948,191.0,4.961,198.0,4.966,62.0,4.975,61.0,24.64302,24.9867,25.04219,24.28323,30.303,27.99927,25.37155,26.05712,24.55889,25.0,28.5,26.5,24.5,25.0,0.0,910.25,,2.0,0.0,0.0,77.180115,77.180115,77.180115,77.180115,77.180115,77.180115,77.180115,77.180115,77.180115,77.180115,77.180115,77.180115,77.180115,77.180115,77.180115,77.180115,74.309649,74.309649,74.309649,74.309649,0.0,0.0,100.0,101.0,102.0,101.0,101.0,184.0,3031.14,542.929,945.0680000000001,303.47499999999997,True
2026-03-10 11:43:09,5.0,0.0,0.0,3.0,,0.0,0.0,2.0,0.0,0.0,0.0,1.0,1.0,0.0,0.0,2.581,0.0,0.0,0.0,7.338,-404.0,0.0,7.213,420.0,0.0,0.0,4.981,107.0,4.98,102.0,0.68,0.0,4.95,190.0,4.962,198.0,4.967,61.0,4.977,45.0,24.63407,24.9867,25.04398,24.28144,30.29226,28.00822,25.35544,26.06249,24.56068,25.0,28.5,26.5,24.5,25.0,0.0,910.25,,2.0,0.0,0.0,77.180115,77.180115,77.180115,77.180115,77.180115,77.180115,77.180115,77.180115,77.180115,77.180115,77.180115,77.180115,77.180115,77.180115,77.180115,77.180115,74.309649,74.309649,74.309649,74.309649,0.0,0.0,100.0,101.0,102.0,101.0,101.0,185.0,3029.46,532.967,940.5,223.965,True
2026-03-10 11:43:10,5.0,0.0,0.0,3.0,,0.0,0.0,2.0,0.0,0.0,0.0,1.0,1.0,0.0,0.0,2.581,0.0,0.0,0.0,7.338,-404.0,0.0,7.218,421.0,0.0,0.0,4.981,107.0,4.981,266.0,0.681,0.0,4.948,192.0,4.96,193.0,4.966,60.0,4.977,45.0,24.64302,24.98849,25.0404,24.26354,30.33343,28.03507,25.36976,26.07681,24.55352,25.0,28.5,26.5,24.5,25.0,0.0,910.25,,2.0,0.0,0.0,77.180115,77.180115,77.180115,77.180115,77.180115,77.180115,77.180115,77.180115,77.180115,77.180115,77.180115,77.180115,77.180115,77.180115,77.180115,77.180115,74.309649,74.309649,74.309649,74.309649,0.0,0.0,100.0,101.0,102.0,101.0,101.0,186.0,3038.778,532.967,950.0160000000001,223.965,True
2026-03-10 11:43:11,5.0,0.0,0.0,3.0,,0.0,0.0,2.0,0.0,0.0,0.0,1.0,1.0,0.0,0.0,2.581,0.0,0.0,0.0,7.338,-404.0,0.0,7.215,422.0,0.0,0.0,4.981,109.0,4.98,266.0,0.681,0.0,4.95,205.0,4.961,200.0,4.967,60.0,4.977,45.0,24.63586,24.97596,25.04219,24.26712,30.33522,28.02075,25.36797,26.07681,24.56068,25.0,28.5,26.5,24.5,25.0,0.0,910.25,,2.0,0.0,0.0,77.180115,77.180115,77.180115,77.180115,77.180115,77.180115,77.180115,77.180115,77.180115,77.180115,77.180115,77.180115,77.180115,77.180115,77.180115,77.180115,74.309649,74.309649,74.309649,74.309649,0.0,0.0,100.0,101.0,102.0,101.0,101.0,187.0,3044.73,542.929,1014.75,223.965,True
2026-03-10 11:43:12,5.0,0.0,0.0,3.0,,0.0,0.0,2.0,0.0,0.0,0.0,1.0,1.0,0.0,0.0,2.581,0.0,0.0,0.0,7.338,-404.0,0.0,7.213,413.0,0.0,0.0,4.981,106.0,4.981,267.0,0.681,0.0,4.95,192.0,4.96,197.0,4.967,60.0,4.977,45.0,24.63049,24.99028,25.04398,24.27607,30.36386,28.05476,25.3805,26.0786,24.56247,25.0,28.5,26.5,24.5,25.0,0.0,910.25,,2.0,0.0,0.0,77.180115,77.180115,77.180115,77.180115,77.180115,77.180115,77.180115,77.180115,77.180115,77.180115,77.180115,77.180115,77.180115,77.180115,77.180115,77.180115,74.309649,74.309649,74.309649,74.309649,0.0,0.0,100.0,101.0,102.0,101.0,101.0,188.0,2978.969,527.986,950.4000000000001,223.965,True
2026-03-10 11:43:13,5.0,0.0,0.0,3.0,,0.0,0.0,2.0,0.0,0.0,0.0,1.0,1.0,0.0,0.0,2.581,0.0,0.0,0.0,7.338,-404.0,0.0,7.215,421.0,0.0,0.0,4.981,109.0,4.98,266.0,0.681,1.0,4.948,190.0,4.961,198.0,4.966,60.0,4.976,46.0,24.63407,24.99207,25.05293,24.27249,30.37102,28.06192,25.38587,26.08218,24.55173,25.0,28.5,26.5,24.5,25.0,0.0,910.25,,2.0,0.0,0.0,77.180115,77.180115,77.180115,77.180115,77.180115,77.180115,77.180115,77.180115,77.180115,77.180115,77.180115,77.180115,77.180115,77.180115,77.180115,77.180115,74.309649,74.309649,74.309649,74.309649,0.0,0.0,100.0,101.0,102.0,101.0,101.0,189.0,3037.515,542.929,940.1200000000001,228.896,True
2026-03-10 11:43:14,5.0,0.0,0.0,3.0,,0.0,0.0,2.0,0.0,0.0,0.0,1.0,1.0,0.0,0.0,2.581,0.0,0.0,0.0,7.338,-404.0,0.0,7.216,418.0,0.0,0.0,4.98,106.0,4.981,267.0,0.68,0.0,4.95,205.0,4.961,193.0,4.967,60.0,4.976,46.0,24.6287,24.99923,25.05114,24.27786,30.38176,28.06908,25.37513,26.08218,24.55352,25.0,28.5,26.5,24.5,25.0,0.0,910.25,,2.0,0.0,0.0,77.180115,77.180115,77.180115,77.180115,77.180115,77.180115,77.180115,77.180115,77.180115,77.180115,77.180115,77.180115,77.180115,77.180115,77.180115,77.180115,74.309649,74.309649,74.309649,74.309649,0.0,0.0,100.0,101.0,102.0,101.0,101.0,190.0,3016.288,527.88,1014.75,228.896,True
2026-03-10 11:43:15,5.0,0.0,0.0,3.0,10.0,0.0,0.0,2.0,0.0,0.0,0.0,1.0,1.0,0.0,0.0,2.581,0.0,0.0,0.0,7.338,-404.0,0.0,7.216,418.0,0.0,0.0,4.981,107.0,4.98,267.0,0.681,0.0,4.948,192.0,4.96,191.0,4.966,62.0,4.976,46.0,24.62691,24.99207,25.05114,24.26712,30.3746,28.07087,25.38766,26.07502,24.56426,25.0,28.5,26.5,24.5,25.0,0.0,910.25,,2.0,0.0,0.0,77.180115,77.180115,77.180115,77.180115,77.180115,77.180115,77.180115,77.180115,77.180115,77.180115,77.180115,77.180115,77.180115,77.180115,77.180115,77.180115,74.309649,74.309649,74.309649,74.309649,0.0,0.0,100.0,101.0,102.0,101.0,101.0,191.0,3016.288,532.967,950.0160000000001,228.896,True
2026-03-10 11:43:16,5.0,0.0,0.0,3.0,12.0,0.0,0.0,2.0,0.0,0.0,0.0,1.0,1.0,0.0,0.0,2.581,0.0,0.0,0.0,7.338,-404.0,0.0,7.215,423.0,0.0,0.0,4.981,105.0,4.981,267.0,0.681,0.0,4.95,190.0,4.961,196.0,4.966,61.0,4.976,43.0,24.62512,24.99923,25.0404,24.27428,30.4104,28.09951,25.39303,26.08397,24.56605,25.0,28.5,27.0,24.5,25.0,0.0,910.25,,2.0,0.0,0.0,77.180115,77.180115,77.180115,77.180115,77.180115,77.180115,77.180115,77.180115,77.180115,77.180115,77.180115,77.180115,77.180115,77.180115,77.180115,77.180115,74.309649,74.309649,74.309649,74.309649,0.0,0.0,100.0,101.0,102.0,101.0,101.0,192.0,3051.945,523.005,940.5,213.968,True
2026-03-10 11:43:17,5.0,0.0,0.0,3.0,12.0,0.0,0.0,2.0,0.0,0.0,0.0,1.0,1.0,0.0,0.0,2.581,0.0,0.0,0.0,7.338,-404.0,0.0,7.217,422.0,0.0,0.0,4.981,107.0,4.981,266.0,0.681,0.0,4.948,205.0,4.96,193.0,4.966,62.0,4.973,58.0,24.62154,24.99923,25.06188,24.27249,30.43009,28.09593,25.39482,26.09829,24.5571,25.0,28.5,26.5,24.5,25.5,0.0,910.25,,2.0,0.0,0.0,77.180115,77.180115,77.180115,77.180115,77.180115,77.180115,77.180115,77.180115,77.180115,77.180115,77.180115,77.180115,77.180115,77.180115,77.180115,77.180115,74.309649,74.309649,74.309649,74.309649,0.0,0.0,100.0,101.0,102.0,101.0,101.0,193.0,3045.574,532.967,1014.34,288.43399999999997,True
2026-03-10 11:43:18,5.0,0.0,0.0,3.0,14.0,0.0,0.0,2.0,0.0,0.0,0.0,1.0,1.0,0.0,0.0,2.581,1.0,0.0,0.0,7.338,-404.0,0.0,7.217,418.0,0.0,0.0,4.981,107.0,4.981,267.0,0.681,0.0,4.952,200.0,4.962,196.0,4.966,62.0,4.973,58.0,24.63765,25.00281,25.04935,24.27428,30.42472,28.12994,25.3984,26.0965,24.56784,25.0,28.5,26.5,24.5,25.5,0.0,910.25,,2.0,0.0,0.0,77.180115,77.180115,77.180115,77.180115,77.180115,77.180115,77.180115,77.180115,77.180115,77.180115,77.180115,77.180115,77.180115,77.180115,77.180115,77.180115,74.309649,74.309649,74.309649,74.309649,0.0,0.0,100.0,101.0,102.0,101.0,101.0,194.0,3016.7059999999997,532.967,990.4,288.43399999999997,True
2026-03-10 11:43:19,5.0,0.0,0.0,3.0,15.0,0.0,0.0,2.0,0.0,0.0,0.0,1.0,1.0,0.0,0.0,2.581,0.0,0.0,0.0,7.338,-404.0,0.0,7.216,418.0,0.0,0.0,4.981,106.0,4.98,109.0,0.681,0.0,4.951,203.0,4.96,191.0,4.967,58.0,4.975,39.0,24.61975,24.99565,25.0583,24.27786,30.48379,28.13889,25.40556,26.10366,24.57321,25.0,28.5,27.0,24.5,25.5,0.0,910.25,,2.0,0.0,0.0,77.180115,77.180115,77.180115,77.180115,77.180115,77.180115,77.180115,77.180115,77.180115,77.180115,77.180115,77.180115,77.180115,77.180115,77.180115,77.180115,74.309649,74.309649,74.309649,74.309649,0.0,0.0,100.0,101.0,102.0,101.0,101.0,195.0,3016.288,527.986,1005.0529999999999,194.02499999999998,True
2026-03-10 11:43:20,5.0,0.0,0.0,3.0,15.0,0.0,0.0,2.0,0.0,0.0,0.0,1.0,1.0,0.0,0.0,2.581,0.0,0.0,0.0,7.338,-404.0,0.0,7.215,418.0,0.0,0.0,4.981,107.0,4.98,109.0,0.681,0.0,4.95,201.0,4.962,200.0,4.965,61.0,4.975,39.0,24.62691,25.00997,25.06725,24.27607,30.44083,28.14605,25.40556,26.09829,24.56247,25.0,28.5,27.0,24.5,25.5,0.0,910.25,,2.0,0.0,0.0,77.180115,77.180115,77.180115,77.180115,77.180115,77.180115,77.180115,77.180115,77.180115,77.180115,77.180115,77.180115,77.180115,77.180115,77.180115,77.180115,74.309649,74.309649,74.309649,74.309649,0.0,0.0,100.0,101.0,102.0,101.0,101.0,196.0,3015.87,532.967,994.95,194.02499999999998,True
2026-03-10 11:43:21,5.0,0.0,0.0,3.0,17.0,0.0,0.0,2.0,0.0,0.0,0.0,1.0,1.0,0.0,0.0,2.581,0.0,0.0,0.0,7.338,-404.0,0.0,7.213,422.0,0.0,0.0,4.981,106.0,4.981,267.0,0.681,0.0,4.95,196.0,4.962,196.0,4.966,62.0,4.975,58.0,24.61975,24.99744,25.0583,24.27965,30.48021,28.16932,25.40556,26.10366,24.54636,25.0,28.5,27.0,24.5,25.5,0.0,910.25,,2.0,0.0,0.0,77.180115,77.180115,77.180115,77.180115,77.180115,77.180115,77.180115,77.180115,77.180115,77.180115,77.180115,77.180115,77.180115,77.180115,77.180115,77.180115,74.309649,74.309649,74.309649,74.309649,0.0,0.0,100.0,101.0,102.0,101.0,101.0,197.0,3043.886,527.986,970.2,288.54999999999995,True
2026-03-10 11:43:22,5.0,0.0,0.0,3.0,18.0,0.0,0.0,2.0,0.0,0.0,0.0,1.0,1.0,0.0,0.0,2.581,0.0,0.0,0.0,7.338,-404.0,0.0,7.213,422.0,0.0,0.0,4.981,107.0,4.981,266.0,0.68,0.0,4.951,202.0,4.961,203.0,4.967,63.0,4.975,58.0,24.62154,25.02071,25.06904,24.27249,30.47126,28.17469,25.4163,26.10724,24.56426,25.0,28.5,27.0,24.5,25.5,0.0,910.25,,2.0,0.0,0.0,77.180115,77.180115,77.180115,77.180115,77.180115,77.180115,77.180115,77.180115,77.180115,77.180115,77.180115,77.180115,77.180115,77.180115,77.180115,77.180115,74.309649,74.309649,74.309649,74.309649,0.0,0.0,100.0,101.0,102.0,101.0,101.0,198.0,3043.886,532.967,1000.102,288.54999999999995,True
2026-03-10 11:43:23,5.0,0.0,0.0,3.0,18.0,0.0,0.0,2.0,0.0,0.0,0.0,1.0,1.0,0.0,0.0,2.581,0.0,0.0,0.0,7.338,-404.0,0.0,7.216,422.0,0.0,0.0,4.982,107.0,4.981,109.0,0.681,0.0,4.952,201.0,4.96,193.0,4.966,60.0,4.975,58.0,24.62691,25.02787,25.07083,24.28502,30.51422,28.1908,25.42167,26.10545,24.57321,25.0,28.5,27.0,24.5,25.0,0.0,910.25,,2.0,0.0,0.0,77.180115,77.180115,77.180115,77.180115,77.180115,77.180115,77.180115,77.180115,77.180115,77.180115,77.180115,77.180115,77.180115,77.180115,77.180115,77.180115,74.309649,74.309649,74.309649,74.309649,0.0,0.0,100.0,101.0,102.0,101.0,101.0,199.0,3045.152,533.0740000000001,995.352,288.54999999999995,True
2026-03-10 11:43:24,5.0,0.0,0.0,3.0,,0.0,0.0,2.0,0.0,0.0,0.0,1.0,1.0,0.0,0.0,2.581,0.0,0.0,0.0,7.338,-404.0,0.0,7.216,417.0,0.0,0.0,4.98,105.0,4.98,268.0,0.681,0.0,4.95,200.0,4.96,188.0,4.967,60.0,4.975,58.0,24.62512,25.02071,25.06904,24.28323,30.51601,28.21049,25.42167,26.12335,24.57142,25.0,28.5,27.0,24.5,25.0,0.0,910.25,,2.0,0.0,0.0,77.180115,77.180115,77.180115,77.180115,77.180115,77.180115,77.180115,77.180115,77.180115,77.180115,77.180115,77.180115,77.180115,77.180115,77.180115,77.180115,74.309649,74.309649,74.309649,74.309649,0.0,0.0,100.0,101.0,102.0,101.0,101.0,200.0,3009.072,522.9000000000001,990.0,288.54999999999995,True
2026-03-10 11:43:25,5.0,0.0,0.0,3.0,,0.0,0.0,2.0,0.0,0.0,0.0,1.0,1.0,0.0,0.0,2.581,0.0,0.0,0.0,7.338,-404.0,0.0,7.215,418.0,0.0,0.0,4.981,107.0,4.981,267.0,0.68,0.0,4.948,195.0,4.961,193.0,4.967,61.0,4.975,58.0,24.62333,25.01892,25.07978,24.28681,30.5178,28.21586,25.41272,26.11798,24.57679,25.0,28.5,27.0,24.5,25.5,0.0,910.25,,2.0,0.0,0.0,77.180115,77.180115,77.180115,77.180115,77.180115,77.180115,77.180115,77.180115,77.180115,77.180115,77.180115,77.180115,77.180115,77.180115,77.180115,77.180115,74.309649,74.309649,74.309649,74.309649,0.0,0.0,100.0,101.0,102.0,101.0,101.0,201.0,3015.87,532.967,964.8600000000001,288.54999999999995,True
2026-03-10 11:43:26,5.0,0.0,0.0,3.0,,0.0,0.0,2.0,0.0,0.0,0.0,1.0,1.0,0.0,0.0,2.581,0.0,0.0,0.0,7.338,-404.0,0.0,7.213,422.0,0.0,0.0,4.98,105.0,4.98,268.0,0.681,0.0,4.951,205.0,4.961,195.0,4.966,62.0,4.975,58.0,24.62333,25.02787,25.08515,24.28144,30.54644,28.22302,25.43062,26.12156,24.57679,25.0,28.5,27.0,24.5,25.5,0.0,910.25,,2.0,0.0,0.0,77.180115,77.180115,77.180115,77.180115,77.180115,77.180115,77.180115,77.180115,77.180115,77.180115,77.180115,77.180115,77.180115,77.180115,77.180115,77.180115,74.309649,74.309649,74.309649,74.309649,0.0,0.0,100.0,101.0,102.0,101.0,101.0,202.0,3043.886,522.9000000000001,1014.9549999999999,288.54999999999995,True
2026-03-10 11:43:27,5.0,0.0,0.0,3.0,,0.0,0.0,2.0,0.0,0.0,0.0,1.0,1.0,0.0,0.0,2.581,0.0,0.0,0.0,7.338,-404.0,0.0,7.213,420.0,0.0,0.0,4.981,106.0,4.981,109.0,0.681,0.0,4.95,198.0,4.96,197.0,4.966,61.0,4.976,46.0,24.62512,25.02966,25.08336,24.29397,30.56792,28.24629,25.42883,26.12156,24.57142,25.0,28.5,27.0,24.5,25.5,0.0,910.25,,2.0,0.0,0.0,77.180115,77.180115,77.180115,77.180115,77.180115,77.180115,77.180115,77.180115,77.180115,77.180115,77.180115,77.180115,77.180115,77.180115,77.180115,77.180115,74.309649,74.309649,74.309649,74.309649,0.0,0.0,100.0,101.0,102.0,101.0,101.0,203.0,3029.46,527.986,980.1,228.896,True
2026-03-10 11:43:28,5.0,0.0,0.0,3.0,,0.0,0.0,2.0,0.0,0.0,0.0,1.0,1.0,0.0,0.0,2.581,0.0,0.0,0.0,7.338,-404.0,0.0,7.216,421.0,0.0,0.0,4.981,105.0,4.981,266.0,0.681,0.0,4.951,205.0,4.962,197.0,4.966,60.0,4.976,46.0,24.62512,25.02966,25.08515,24.2886,30.58403,28.23555,25.4342,26.12156,24.57858,25.0,28.5,27.0,24.5,25.5,0.0,910.25,,2.0,0.0,0.0,77.180115,77.180115,77.180115,77.180115,77.180115,77.180115,77.180115,77.180115,77.180115,77.180115,77.180115,77.180115,77.180115,77.180115,77.180115,77.180115,74.309649,74.309649,74.309649,74.309649,0.0,0.0,100.0,101.0,102.0,101.0,101.0,204.0,3037.936,523.005,1014.9549999999999,228.896,True
2026-03-10 11:43:29,5.0,0.0,0.0,3.0,,0.0,0.0,2.0,0.0,0.0,0.0,1.0,1.0,0.0,0.0,2.581,0.0,0.0,0.0,7.338,-404.0,0.0,7.216,420.0,0.0,0.0,4.981,107.0,4.98,267.0,0.681,0.0,4.952,203.0,4.962,198.0,4.967,62.0,4.977,43.0,24.63407,25.02429,25.08336,24.29576,30.58045,28.25345,25.4342,26.13051,24.58037,25.0,28.5,27.0,24.5,25.5,0.0,910.25,,2.0,0.0,0.0,77.180115,77.180115,77.180115,77.180115,77.180115,77.180115,77.180115,77.180115,77.180115,77.180115,77.180115,77.180115,77.180115,77.180115,77.180115,77.180115,74.309649,74.309649,74.309649,74.309649,0.0,0.0,100.0,101.0,102.0,101.0,101.0,205.0,3030.7200000000003,532.967,1005.256,214.01100000000002,True
2026-03-10 11:43:30,5.0,0.0,0.0,3.0,20.0,0.0,0.0,2.0,0.0,0.0,0.0,1.0,1.0,0.0,0.0,2.581,0.0,0.0,0.0,7.338,-404.0,0.0,7.215,418.0,0.0,0.0,4.98,107.0,4.98,266.0,0.681,1.0,4.95,196.0,4.961,195.0,4.966,62.0,4.977,43.0,24.63765,25.0225,25.09231,24.28502,30.60014,28.29283,25.44136,26.12872,24.58037,25.0,28.5,27.0,24.5,25.5,0.0,910.25,,2.0,0.0,0.0,77.180115,77.180115,77.180115,77.180115,77.180115,77.180115,77.180115,77.180115,77.180115,77.180115,77.180115,77.180115,77.180115,77.180115,77.180115,77.180115,74.309649,74.309649,74.309649,74.309649,0.0,0.0,100.0,101.0,102.0,101.0,101.0,206.0,3015.87,532.86,970.2,214.01100000000002,True
2026-03-10 11:43:31,5.0,0.0,0.0,3.0,21.0,0.0,0.0,2.0,0.0,0.0,0.0,1.0,1.0,0.0,0.0,2.581,0.0,0.0,0.0,7.338,-404.0,0.0,7.212,425.0,0.0,0.0,4.981,109.0,4.981,267.0,0.68,0.0,4.948,196.0,4.961,198.0,4.967,62.0,4.976,43.0,24.6287,25.03324,25.08873,24.2886,30.59656,28.29104,25.43957,26.12872,24.58574,25.0,28.5,27.0,24.5,25.5,0.0,910.25,,2.0,0.0,0.0,77.180115,77.180115,77.180115,77.180115,77.180115,77.180115,77.180115,77.180115,77.180115,77.180115,77.180115,77.180115,77.180115,77.180115,77.180115,77.180115,74.309649,74.309649,74.309649,74.309649,0.0,0.0,100.0,101.0,102.0,101.0,101.0,207.0,3065.1,542.929,969.8080000000001,213.968,True
2026-03-10 11:43:32,5.0,0.0,0.0,3.0,21.0,0.0,0.0,2.0,0.0,0.0,0.0,1.0,1.0,0.0,0.0,2.581,0.0,0.0,0.0,7.338,-404.0,0.0,7.215,422.0,0.0,0.0,4.981,107.0,4.98,267.0,0.681,0.0,4.951,206.0,4.96,192.0,4.966,62.0,4.976,43.0,24.63049,25.03145,25.08694,24.29576,30.6252,28.30178,25.44673,26.1323,24.58395,25.0,28.5,27.0,24.5,25.5,0.0,910.25,,2.0,0.0,0.0,77.180115,77.180115,77.180115,77.180115,77.180115,77.180115,77.180115,77.180115,77.180115,77.180115,77.180115,77.180115,77.180115,77.180115,77.180115,77.180115,74.309649,74.309649,74.309649,74.309649,0.0,0.0,100.0,101.0,102.0,101.0,101.0,208.0,3044.73,532.967,1019.906,213.968,True
2026-03-10 11:43:33,5.0,0.0,0.0,3.0,23.0,0.0,0.0,2.0,0.0,0.0,0.0,1.0,1.0,0.0,0.0,2.581,0.0,0.0,0.0,7.338,-404.0,0.0,7.215,420.0,0.0,0.0,4.981,107.0,4.98,266.0,0.682,0.0,4.948,196.0,4.96,196.0,4.966,61.0,4.975,62.0,24.63407,25.03503,25.0941,24.30471,30.66458,28.31073,25.44494,26.13588,24.59111,25.0,28.5,27.0,24.5,25.5,0.0,910.25,,2.0,0.0,0.0,77.180115,77.180115,77.180115,77.180115,77.180115,77.180115,77.180115,77.180115,77.180115,77.180115,77.180115,77.180115,77.180115,77.180115,77.180115,77.180115,74.309649,74.309649,74.309649,74.309649,0.0,0.0,100.0,101.0,102.0,101.0,101.0,209.0,3030.2999999999997,532.967,969.8080000000001,308.45,True
2026-03-10 11:43:34,5.0,0.0,0.0,3.0,24.0,0.0,0.0,2.0,0.0,0.0,0.0,1.0,1.0,0.0,0.0,2.581,0.0,0.0,0.0,7.338,-404.0,0.0,7.215,420.0,0.0,0.0,4.981,107.0,4.98,109.0,0.681,1.0,4.952,201.0,4.96,192.0,4.966,61.0,4.975,62.0,24.63228,25.04398,25.09589,24.29576,30.66995,28.33579,25.46463,26.14841,24.58037,25.0,28.5,27.0,24.5,25.5,0.0,910.25,,2.0,0.0,0.0,77.180115,77.180115,77.180115,77.180115,77.180115,77.180115,77.180115,77.180115,77.180115,77.180115,77.180115,77.180115,77.180115,77.180115,77.180115,77.180115,74.309649,74.309649,74.309649,74.309649,0.0,0.0,100.0,101.0,102.0,101.0,101.0,210.0,3030.2999999999997,532.967,995.352,308.45,True
2026-03-10 11:43:35,5.0,0.0,0.0,3.0,25.0,0.0,0.0,2.0,0.0,0.0,0.0,1.0,1.0,0.0,0.0,2.581,0.0,0.0,0.0,7.338,-404.0,0.0,7.215,421.0,0.0,0.0,4.981,106.0,4.981,270.0,0.68,0.0,4.951,200.0,4.961,198.0,4.967,61.0,4.975,60.0,24.63407,25.04398,25.09589,24.30113,30.66816,28.34116,25.46105,26.14662,24.58753,25.0,28.5,27.0,24.5,25.5,0.0,910.25,,2.0,0.0,0.0,77.180115,77.180115,77.180115,77.180115,77.180115,77.180115,77.180115,77.180115,77.180115,77.180115,77.180115,77.180115,77.180115,77.180115,77.180115,77.180115,74.309649,74.309649,74.309649,74.309649,0.0,0.0,100.0,101.0,102.0,101.0,101.0,211.0,3037.515,527.986,990.1999999999999,298.5,True
2026-03-10 11:43:36,5.0,0.0,0.0,3.0,26.0,0.0,0.0,2.0,0.0,0.0,0.0,1.0,1.0,0.0,0.0,2.581,0.0,0.0,0.0,7.338,-404.0,0.0,7.216,420.0,0.0,0.0,4.981,106.0,4.98,267.0,0.681,0.0,4.95,201.0,4.961,198.0,4.967,61.0,4.975,60.0,24.63228,25.04756,25.10126,24.30471,30.68427,28.34474,25.45747,26.1502,24.58932,25.0,28.5,27.0,24.5,25.5,0.0,910.25,,2.0,0.0,0.0,77.180115,77.180115,77.180115,77.180115,77.180115,77.180115,77.180115,77.180115,77.180115,77.180115,77.180115,77.180115,77.180115,77.180115,77.180115,77.180115,74.309649,74.309649,74.309649,74.309649,0.0,0.0,100.0,101.0,102.0,101.0,101.0,212.0,3030.7200000000003,527.986,994.95,298.5,True
2026-03-10 11:43:37,5.0,0.0,0.0,3.0,26.0,0.0,0.0,2.0,0.0,0.0,0.0,1.0,1.0,0.0,0.0,2.581,0.0,0.0,0.0,7.338,-404.0,0.0,7.212,422.0,0.0,0.0,4.981,107.0,4.981,267.0,0.681,0.0,4.951,201.0,4.961,196.0,4.966,61.0,4.973,60.0,24.6287,25.04577,25.10663,24.29934,30.69501,28.35906,25.45926,26.15378,24.5929,25.0,28.5,27.0,24.5,25.5,0.0,910.25,,2.0,0.0,0.0,77.180115,77.180115,77.180115,77.180115,77.180115,77.180115,77.180115,77.180115,77.180115,77.180115,77.180115,77.180115,77.180115,77.180115,77.180115,77.180115,74.309649,74.309649,74.309649,74.309649,0.0,0.0,100.0,101.0,102.0,101.0,101.0,213.0,3043.464,532.967,995.151,298.38,True
2026-03-10 11:43:38,5.0,0.0,0.0,3.0,27.0,0.0,0.0,2.0,0.0,0.0,0.0,1.0,1.0,0.0,0.0,2.581,0.0,0.0,0.0,7.338,-404.0,0.0,7.216,421.0,0.0,0.0,4.981,106.0,4.981,267.0,0.681,0.0,4.95,201.0,4.962,200.0,4.967,60.0,4.973,60.0,24.63049,25.05114,25.10484,24.31008,30.70754,28.3698,25.45568,26.15378,24.59827,25.0,28.5,27.0,24.5,25.5,0.0,910.25,,2.0,0.0,0.0,77.180115,77.180115,77.180115,77.180115,77.180115,77.180115,77.180115,77.180115,77.180115,77.180115,77.180115,77.180115,77.180115,77.180115,77.180115,77.180115,74.309649,74.309649,74.309649,74.309649,0.0,0.0,100.0,101.0,102.0,101.0,101.0,214.0,3037.936,527.986,994.95,298.38,True
2026-03-10 11:43:39,5.0,0.0,0.0,3.0,29.0,0.0,0.0,2.0,0.0,0.0,0.0,1.0,1.0,0.0,0.0,2.581,0.0,0.0,0.0,7.338,-404.0,0.0,7.215,421.0,0.0,0.0,4.981,109.0,4.981,268.0,0.681,1.0,4.95,185.0,4.96,195.0,4.965,63.0,4.975,58.0,24.63407,25.05114,25.10842,24.31366,30.7326,28.38591,25.47179,26.16094,24.58216,25.0,29.0,27.0,24.5,25.5,0.0,910.25,,2.0,0.0,0.0,77.180115,77.180115,77.180115,77.180115,77.180115,77.180115,77.180115,77.180115,77.180115,77.180115,77.180115,77.180115,77.180115,77.180115,77.180115,77.180115,74.309649,74.309649,74.309649,74.309649,0.0,0.0,100.0,101.0,102.0,101.0,101.0,215.0,3037.515,542.929,915.75,288.54999999999995,True
2026-03-10 11:43:40,5.0,0.0,0.0,3.0,,0.0,0.0,2.0,0.0,0.0,0.0,1.0,1.0,0.0,0.0,2.581,0.0,0.0,0.0,7.338,-404.0,0.0,7.216,418.0,0.0,0.0,4.982,107.0,4.981,267.0,0.681,0.0,4.95,202.0,4.961,201.0,4.966,61.0,4.975,58.0,24.63407,25.04935,25.112,24.32619,30.73976,28.40023,25.46284,26.16273,24.5929,25.0,28.5,27.0,24.5,25.5,0.0,910.25,,2.0,0.0,0.0,77.180115,77.180115,77.180115,77.180115,77.180115,77.180115,77.180115,77.180115,77.180115,77.180115,77.180115,77.180115,77.180115,77.180115,77.180115,77.180115,74.309649,74.309649,74.309649,74.309649,0.0,0.0,100.0,101.0,102.0,101.0,101.0,216.0,3016.288,533.0740000000001,999.9000000000001,288.54999999999995,True
2026-03-10 11:43:41,5.0,0.0,0.0,3.0,,0.0,0.0,2.0,0.0,0.0,0.0,1.0,1.0,0.0,0.0,2.581,0.0,0.0,0.0,7.338,-404.0,0.0,7.211,421.0,0.0,0.0,4.981,106.0,4.981,267.0,0.681,0.0,4.95,203.0,4.96,193.0,4.967,61.0,4.975,60.0,24.63049,25.06188,25.11021,24.3065,30.73976,28.41813,25.47,26.1681,24.60185,25.0,29.0,27.0,24.5,25.5,0.0,910.25,,2.0,0.0,0.0,77.180115,77.180115,77.180115,77.180115,77.180115,77.180115,77.180115,77.180115,77.180115,77.180115,77.180115,77.180115,77.180115,77.180115,77.180115,77.180115,74.309649,74.309649,74.309649,74.309649,0.0,0.0,100.0,101.0,102.0,101.0,101.0,217.0,3035.831,527.986,1004.85,298.5,True
2026-03-10 11:43:42,5.0,0.0,0.0,3.0,,0.0,0.0,2.0,0.0,0.0,0.0,1.0,1.0,0.0,0.0,2.581,0.0,0.0,0.0,7.338,-404.0,0.0,7.215,421.0,0.0,0.0,4.981,107.0,4.981,268.0,0.681,0.0,4.948,206.0,4.961,197.0,4.967,61.0,4.975,60.0,24.63228,25.0583,25.10305,24.30829,30.75587,28.41276,25.48074,26.16094,24.60006,25.0,29.0,27.0,24.5,25.5,0.0,910.25,,2.0,0.0,0.0,77.180115,77.180115,77.180115,77.180115,77.180115,77.180115,77.180115,77.180115,77.180115,77.180115,77.180115,77.180115,77.180115,77.180115,77.180115,77.180115,74.309649,74.309649,74.309649,74.309649,0.0,0.0,100.0,101.0,102.0,101.0,101.0,218.0,3037.515,532.967,1019.2880000000001,298.5,True
2026-03-10 11:43:43,5.0,0.0,0.0,3.0,,0.0,0.0,2.0,0.0,0.0,0.0,1.0,1.0,0.0,0.0,2.581,0.0,0.0,0.0,7.338,-404.0,0.0,7.212,422.0,0.0,0.0,4.981,107.0,4.98,266.0,0.681,1.0,4.948,202.0,4.961,193.0,4.967,61.0,4.976,45.0,24.62512,25.04935,25.112,24.31724,30.78272,28.4414,25.47716,26.17168,24.60006,25.0,29.0,27.0,24.5,25.5,0.0,910.25,,2.0,0.0,0.0,77.180115,77.180115,77.180115,77.180115,77.180115,77.180115,77.180115,77.180115,77.180115,77.180115,77.180115,77.180115,77.180115,77.180115,77.180115,77.180115,74.309649,74.309649,74.309649,74.309649,0.0,0.0,100.0,101.0,102.0,101.0,101.0,219.0,3043.464,532.967,999.4960000000001,223.92,True
2026-03-10 11:43:44,5.0,0.0,0.0,3.0,,0.0,0.0,2.0,0.0,0.0,0.0,1.0,1.0,0.0,0.0,2.581,0.0,0.0,0.0,7.338,-404.0,0.0,7.213,420.0,0.0,0.0,4.981,106.0,4.981,266.0,0.681,0.0,4.948,201.0,4.961,198.0,4.966,61.0,4.976,45.0,24.63228,25.06188,25.11558,24.3244,30.79704,28.44498,25.48074,26.16452,24.59827,25.0,29.0,27.0,24.5,25.5,0.0,910.25,,2.0,0.0,0.0,77.180115,77.180115,77.180115,77.180115,77.180115,77.180115,77.180115,77.180115,77.180115,77.180115,77.180115,77.180115,77.180115,77.180115,77.180115,77.180115,74.309649,74.309649,74.309649,74.309649,0.0,0.0,100.0,101.0,102.0,101.0,101.0,220.0,3029.46,527.986,994.5480000000001,223.92,True
2026-03-10 11:43:45,5.0,0.0,0.0,3.0,,0.0,0.0,2.0,0.0,0.0,0.0,1.0,1.0,0.0,0.0,2.581,0.0,0.0,0.0,7.338,-404.0,0.0,7.215,421.0,0.0,0.0,4.981,109.0,4.98,268.0,0.68,0.0,4.95,202.0,4.96,191.0,4.966,61.0,4.977,42.0,24.63228,25.06725,25.12453,24.31903,30.77377,28.45035,25.4879,26.17884,24.60364,25.0,29.0,27.0,24.5,25.5,0.0,910.25,,2.0,0.0,0.0,77.180115,77.180115,77.180115,77.180115,77.180115,77.180115,77.180115,77.180115,77.180115,77.180115,77.180115,77.180115,77.180115,77.180115,77.180115,77.180115,74.309649,74.309649,74.309649,74.309649,0.0,0.0,100.0,101.0,102.0,101.0,101.0,221.0,3037.515,542.929,999.9000000000001,209.03400000000002,True
2026-03-10 11:43:46,5.0,0.0,0.0,3.0,,0.0,0.0,2.0,0.0,0.0,0.0,1.0,1.0,0.0,0.0,2.581,0.0,0.0,0.0,7.338,-404.0,0.0,7.215,420.0,0.0,0.0,4.98,107.0,4.981,268.0,0.681,0.0,4.948,202.0,4.962,195.0,4.967,62.0,4.977,42.0,24.63228,25.06367,25.10842,24.32261,30.77914,28.45214,25.49327,26.18063,24.6108,25.0,29.0,27.0,24.5,25.5,0.0,910.25,,2.0,0.0,0.0,77.180115,77.180115,77.180115,77.180115,77.180115,77.180115,77.180115,77.180115,77.180115,77.180115,77.180115,77.180115,77.180115,77.180115,77.180115,77.180115,74.309649,74.309649,74.309649,74.309649,0.0,0.0,100.0,101.0,102.0,101.0,101.0,222.0,3030.2999999999997,532.86,999.4960000000001,209.03400000000002,True
2026-03-10 11:43:47,5.0,0.0,0.0,3.0,31.0,0.0,0.0,2.0,0.0,0.0,0.0,1.0,1.0,0.0,0.0,2.581,0.0,0.0,0.0,7.338,-404.0,0.0,7.216,420.0,0.0,0.0,4.98,107.0,4.98,266.0,0.68,0.0,4.95,201.0,4.96,193.0,4.966,61.0,4.977,45.0,24.64123,25.06009,25.11558,24.32798,30.81673,28.47899,25.49506,26.18421,24.60722,25.0,29.0,27.0,24.5,25.5,0.0,910.25,,2.0,0.0,0.0,77.180115,77.180115,77.180115,77.180115,77.180115,77.180115,77.180115,77.180115,77.180115,77.180115,77.180115,77.180115,77.180115,77.180115,77.180115,77.180115,74.309649,74.309649,74.309649,74.309649,0.0,0.0,100.0,101.0,102.0,101.0,101.0,223.0,3030.7200000000003,532.86,994.95,223.965,True
2026-03-10 11:43:48,5.0,0.0,0.0,3.0,31.0,0.0,0.0,2.0,0.0,0.0,0.0,1.0,1.0,0.0,0.0,2.581,0.0,0.0,0.0,7.338,-404.0,0.0,7.215,422.0,0.0,0.0,4.98,107.0,4.978,266.0,0.681,0.0,4.95,205.0,4.961,193.0,4.967,62.0,4.977,45.0,24.6287,25.07083,25.12453,24.32619,30.81315,28.48257,25.49148,26.17884,24.60722,25.0,29.0,27.0,24.5,25.5,0.0,910.25,,2.0,0.0,0.0,77.180115,77.180115,77.180115,77.180115,77.180115,77.180115,77.180115,77.180115,77.180115,77.180115,77.180115,77.180115,77.180115,77.180115,77.180115,77.180115,74.309649,74.309649,74.309649,74.309649,0.0,0.0,100.0,101.0,102.0,101.0,101.0,224.0,3044.73,532.86,1014.75,223.965,True
2026-03-10 11:43:49,5.0,0.0,0.0,3.0,33.0,0.0,0.0,2.0,0.0,0.0,0.0,1.0,1.0,0.0,0.0,2.581,0.0,0.0,0.0,7.338,-404.0,0.0,7.216,422.0,0.0,0.0,4.981,107.0,4.981,109.0,0.681,1.0,4.95,200.0,4.96,200.0,4.966,60.0,4.972,58.0,24.63049,25.07083,25.12632,24.32082,30.83642,28.48973,25.49506,26.19137,24.61617,25.0,29.0,27.0,24.5,25.5,0.0,910.25,,2.0,0.0,0.0,77.180115,77.180115,77.180115,77.180115,77.180115,77.180115,77.180115,77.180115,77.180115,77.180115,77.180115,77.180115,77.180115,77.180115,77.180115,77.180115,74.309649,74.309649,74.309649,74.309649,0.0,0.0,100.0,101.0,102.0,101.0,101.0,225.0,3045.152,532.967,990.0,288.37600000000003,True
2026-03-10 11:43:50,5.0,0.0,0.0,3.0,33.0,0.0,0.0,2.0,0.0,0.0,0.0,1.0,1.0,0.0,0.0,2.581,1.0,0.0,0.0,7.338,-404.0,0.0,7.215,421.0,0.0,0.0,4.98,109.0,4.982,268.0,0.68,0.0,4.951,187.0,4.961,196.0,4.967,60.0,4.972,58.0,24.63944,25.07978,25.12632,24.32977,30.85074,28.50047,25.50401,26.18958,24.61259,25.0,29.0,27.0,24.5,25.5,0.0,910.25,,2.0,0.0,0.0,77.180115,77.180115,77.180115,77.180115,77.180115,77.180115,77.180115,77.180115,77.180115,77.180115,77.180115,77.180115,77.180115,77.180115,77.180115,77.180115,74.309649,74.309649,74.309649,74.309649,0.0,0.0,100.0,101.0,102.0,101.0,101.0,226.0,3037.515,542.82,925.8369999999999,288.37600000000003,True
2026-03-10 11:43:51,5.0,0.0,0.0,3.0,34.0,0.0,0.0,2.0,0.0,0.0,0.0,1.0,1.0,0.0,0.0,2.581,0.0,0.0,0.0,7.338,-404.0,0.0,7.215,420.0,0.0,0.0,4.981,109.0,4.981,267.0,0.681,0.0,4.95,203.0,4.962,201.0,4.966,62.0,4.975,58.0,24.63228,25.08515,25.12632,24.32798,30.85969,28.52374,25.5058,26.19137,24.6108,25.0,29.0,27.0,24.5,25.5,0.0,910.25,,2.0,0.0,0.0,77.180115,77.180115,77.180115,77.180115,77.180115,77.180115,77.180115,77.180115,77.180115,77.180115,77.180115,77.180115,77.180115,77.180115,77.180115,77.180115,74.309649,74.309649,74.309649,74.309649,0.0,0.0,100.0,101.0,102.0,101.0,101.0,227.0,3030.2999999999997,542.929,1004.85,288.54999999999995,True
2026-03-10 11:43:52,5.0,0.0,0.0,3.0,36.0,0.0,0.0,2.0,0.0,0.0,0.0,1.0,1.0,0.0,0.0,2.581,0.0,0.0,0.0,7.338,-404.0,0.0,7.213,422.0,0.0,0.0,4.981,107.0,4.982,266.0,0.681,1.0,4.951,200.0,4.96,195.0,4.966,60.0,4.975,58.0,24.63049,25.07978,25.12632,24.32619,30.86864,28.53269,25.51475,26.19674,24.61438,25.0,29.0,27.0,24.5,25.5,0.0,910.25,,2.0,0.0,0.0,77.180115,77.180115,77.180115,77.180115,77.180115,77.180115,77.180115,77.180115,77.180115,77.180115,77.180115,77.180115,77.180115,77.180115,77.180115,77.180115,74.309649,74.309649,74.309649,74.309649,0.0,0.0,100.0,101.0,102.0,101.0,101.0,228.0,3043.886,532.967,990.1999999999999,288.54999999999995,True
2026-03-10 11:43:53,5.0,0.0,0.0,3.0,37.0,0.0,0.0,2.0,0.0,0.0,0.0,1.0,1.0,0.0,0.0,2.581,0.0,0.0,0.0,7.338,-404.0,0.0,7.216,423.0,0.0,0.0,4.98,109.0,4.98,267.0,0.68,0.0,4.95,200.0,4.962,201.0,4.966,62.0,4.975,58.0,24.63228,25.08336,25.12632,24.30471,30.8758,28.54522,25.51654,26.19316,24.61438,25.0,29.0,27.0,24.5,25.5,0.0,910.25,,2.0,0.0,0.0,77.180115,77.180115,77.180115,77.180115,77.180115,77.180115,77.180115,77.180115,77.180115,77.180115,77.180115,77.180115,77.180115,77.180115,77.180115,77.180115,74.309649,74.309649,74.309649,74.309649,0.0,0.0,100.0,101.0,102.0,101.0,101.0,229.0,3052.368,542.82,990.0,288.54999999999995,True
2026-03-10 11:43:54,5.0,0.0,0.0,3.0,37.0,0.0,0.0,2.0,0.0,0.0,0.0,1.0,1.0,0.0,0.0,2.581,0.0,0.0,0.0,7.338,-404.0,0.0,7.215,421.0,0.0,0.0,4.981,107.0,4.981,266.0,0.681,0.0,4.95,201.0,4.958,195.0,4.967,58.0,4.975,58.0,24.64123,25.08157,25.12632,24.3244,30.87938,28.5488,25.50759,26.2039,24.62691,25.0,29.0,27.0,24.5,25.5,0.0,910.25,,2.0,0.0,0.0,77.180115,77.180115,77.180115,77.180115,77.180115,77.180115,77.180115,77.180115,77.180115,77.180115,77.180115,77.180115,77.180115,77.180115,77.180115,77.180115,74.309649,74.309649,74.309649,74.309649,0.0,0.0,100.0,101.0,102.0,101.0,101.0,230.0,3037.515,532.967,994.95,288.54999999999995,True
2026-03-10 11:43:55,5.0,0.0,0.0,3.0,38.0,0.0,0.0,2.0,0.0,0.0,0.0,1.0,1.0,0.0,0.0,2.581,0.0,0.0,0.0,7.338,-404.0,0.0,7.215,421.0,0.0,0.0,4.981,107.0,4.98,267.0,0.681,0.0,4.95,192.0,4.96,196.0,4.966,60.0,4.975,58.0,24.64123,25.08873,25.12632,24.33693,30.89191,28.55954,25.52907,26.20927,24.62691,25.0,29.0,27.0,24.5,25.5,0.0,910.25,,2.0,0.0,0.0,77.180115,77.180115,77.180115,77.180115,77.180115,77.180115,77.180115,77.180115,77.180115,77.180115,77.180115,77.180115,77.180115,77.180115,77.180115,77.180115,74.309649,74.309649,74.309649,74.309649,0.0,0.0,100.0,101.0,102.0,101.0,101.0,231.0,3037.515,532.967,950.4000000000001,288.54999999999995,True
2026-03-10 11:43:56,5.0,0.0,0.0,3.0,,0.0,0.0,2.0,0.0,0.0,0.0,1.0,1.0,0.0,0.0,2.581,0.0,0.0,0.0,7.338,-404.0,0.0,7.216,413.0,0.0,0.0,4.981,253.0,4.981,109.0,0.681,0.0,4.948,205.0,4.961,193.0,4.966,60.0,4.973,58.0,24.63407,25.08157,25.12632,24.3423,30.93129,28.57028,25.52728,26.21285,24.62691,25.0,29.0,27.0,24.5,25.5,0.0,910.25,,2.0,0.0,0.0,77.180115,77.180115,77.180115,77.180115,77.180115,77.180115,77.180115,77.180115,77.180115,77.180115,77.180115,77.180115,77.180115,77.180115,77.180115,77.180115,74.309649,74.309649,74.309649,74.309649,0.0,0.0,100.0,101.0,102.0,101.0,101.0,232.0,2980.208,1260.193,1014.34,288.43399999999997,True
2026-03-10 11:43:57,5.0,0.0,0.0,3.0,,0.0,0.0,2.0,0.0,0.0,0.0,1.0,1.0,0.0,0.0,2.581,0.0,0.0,0.0,7.338,-404.0,0.0,7.215,416.0,0.0,0.0,4.981,101.0,4.982,267.0,0.68,0.0,4.948,188.0,4.961,192.0,4.966,60.0,4.977,45.0,24.63228,25.08515,25.12632,24.33693,30.94024,28.57923,25.52728,26.20748,24.61796,25.0,29.0,27.0,24.5,25.5,0.0,910.25,,2.0,0.0,0.0,77.180115,77.180115,77.180115,77.180115,77.180115,77.180115,77.180115,77.180115,77.180115,77.180115,77.180115,77.180115,77.180115,77.180115,77.180115,77.180115,74.309649,74.309649,74.309649,74.309649,0.0,0.0,100.0,101.0,102.0,101.0,101.0,233.0,3001.44,503.08099999999996,930.224,223.965,True
2026-03-10 11:43:58,5.0,0.0,0.0,4.0,0.0,0.0,0.0,2.0,0.0,0.0,0.0,1.0,1.0,0.0,0.0,2.581,0.0,0.0,0.0,7.338,-404.0,0.0,7.216,413.0,0.0,0.0,4.982,100.0,4.981,266.0,0.68,0.0,4.95,203.0,4.961,196.0,4.966,60.0,4.977,45.0,24.63765,25.09768,25.1478,24.34588,30.94024,28.59176,25.52728,26.22001,24.62512,25.0,29.0,27.0,24.5,25.5,0.0,910.25,,2.0,0.0,0.0,77.180115,77.180115,77.180115,77.180115,77.180115,77.180115,77.180115,77.180115,77.180115,77.180115,77.180115,77.180115,77.180115,77.180115,77.180115,77.180115,74.309649,74.309649,74.309649,74.309649,0.0,0.0,100.0,101.0,102.0,101.0,101.0,234.0,2980.208,498.20000000000005,1004.85,223.965,True
2026-03-10 11:43:59,5.0,0.0,0.0,4.0,0.0,0.0,0.0,2.0,0.0,0.0,0.0,1.0,1.0,0.0,0.0,2.581,0.0,0.0,0.0,7.338,-404.0,0.0,7.216,416.0,0.0,0.0,4.982,251.0,4.981,266.0,0.68,0.0,4.95,185.0,4.96,196.0,4.966,62.0,4.976,43.0,24.65018,25.09589,25.15675,24.34409,30.93666,28.60608,25.53265,26.21285,24.61796,25.0,29.0,27.0,24.5,25.5,0.0,910.25,,2.0,0.0,0.0,77.180115,77.180115,77.180115,77.180115,77.180115,77.180115,77.180115,77.180115,77.180115,77.180115,77.180115,77.180115,77.180115,77.180115,77.180115,77.180115,74.309649,74.309649,74.309649,74.309649,0.0,0.0,100.0,101.0,102.0,101.0,101.0,235.0,3001.856,1250.482,915.75,213.968,True
2026-03-10 11:44:00,5.0,0.0,0.0,4.0,1.0,0.0,0.0,2.0,0.0,0.0,0.0,1.0,1.0,0.0,0.0,2.581,0.0,0.0,0.0,7.338,-404.0,0.0,7.212,415.0,0.0,0.0,4.981,101.0,4.981,266.0,0.681,0.0,4.95,187.0,4.961,198.0,4.966,60.0,4.976,43.0,24.65018,25.0941,25.15675,24.33872,30.95814,28.61324,25.53265,26.2218,24.62154,25.0,29.0,27.5,24.5,25.5,0.0,910.25,,2.0,0.0,0.0,77.180115,77.180115,77.180115,77.180115,77.180115,77.180115,77.180115,77.180115,77.180115,77.180115,77.180115,77.180115,77.180115,77.180115,77.180115,77.180115,74.309649,74.309649,74.309649,74.309649,0.0,0.0,100.0,101.0,102.0,101.0,101.0,236.0,2992.98,503.08099999999996,925.65,213.968,True
2026-03-10 11:44:01,5.0,0.0,0.0,4.0,3.0,0.0,0.0,2.0,0.0,0.0,0.0,1.0,1.0,0.0,0.0,2.581,1.0,0.0,0.0,7.338,-404.0,0.0,7.215,415.0,0.0,0.0,4.981,252.0,4.981,267.0,0.681,0.0,4.95,205.0,4.961,198.0,4.966,61.0,4.976,43.0,24.6287,25.10663,25.15138,24.35125,30.99394,28.64009,25.54518,26.21464,24.6287,25.0,29.0,27.0,24.5,25.5,0.0,910.25,,2.0,0.0,0.0,77.180115,77.180115,77.180115,77.180115,77.180115,77.180115,77.180115,77.180115,77.180115,77.180115,77.180115,77.180115,77.180115,77.180115,77.180115,77.180115,74.309649,74.309649,74.309649,74.309649,0.0,0.0,100.0,101.0,102.0,101.0,101.0,237.0,2994.225,1255.212,1014.75,213.968,True
2026-03-10 11:44:02,5.0,0.0,0.0,4.0,4.0,0.0,0.0,2.0,0.0,0.0,0.0,1.0,1.0,0.0,0.0,2.581,0.0,0.0,0.0,7.338,-404.0,0.0,7.215,416.0,0.0,0.0,4.983,251.0,4.98,109.0,0.68,1.0,4.95,206.0,4.96,201.0,4.966,61.0,4.976,43.0,24.63228,25.10126,25.16391,24.35483,31.00468,28.6383,25.53444,26.21464,24.63944,25.0,29.0,27.5,24.5,25.5,0.0,910.25,,2.0,0.0,0.0,77.180115,77.180115,77.180115,77.180115,77.180115,77.180115,77.180115,77.180115,77.180115,77.180115,77.180115,77.180115,77.180115,77.180115,77.180115,77.180115,74.309649,74.309649,74.309649,74.309649,0.0,0.0,100.0,101.0,102.0,101.0,101.0,238.0,3001.44,1250.733,1019.7,213.968,True
2026-03-10 11:44:03,5.0,0.0,0.0,4.0,4.0,0.0,0.0,2.0,0.0,0.0,0.0,1.0,1.0,0.0,0.0,2.581,0.0,0.0,0.0,7.338,-404.0,0.0,7.215,415.0,0.0,0.0,4.981,106.0,4.98,271.0,0.681,0.0,4.948,190.0,4.96,195.0,4.966,60.0,4.977,45.0,24.63586,25.10305,25.15138,24.34767,31.019,28.65441,25.54518,26.23254,24.6287,25.0,29.0,27.0,24.5,25.5,0.0,910.25,,2.0,0.0,0.0,77.180115,77.180115,77.180115,77.180115,77.180115,77.180115,77.180115,77.180115,77.180115,77.180115,77.180115,77.180115,77.180115,77.180115,77.180115,77.180115,74.309649,74.309649,74.309649,74.309649,0.0,0.0,100.0,101.0,102.0,101.0,101.0,239.0,2994.225,527.986,940.1200000000001,223.965,True
2026-03-10 11:44:04,5.0,0.0,0.0,4.0,5.0,0.0,0.0,2.0,0.0,0.0,0.0,1.0,1.0,0.0,0.0,2.581,1.0,0.0,0.0,7.338,-404.0,0.0,7.213,416.0,0.0,0.0,4.981,107.0,4.981,266.0,0.681,0.0,4.95,205.0,4.96,195.0,4.967,60.0,4.977,45.0,24.64123,25.09768,25.16033,24.34588,31.02974,28.65262,25.54697,26.26655,24.63407,25.0,29.0,27.5,24.5,25.5,0.0,910.25,,2.0,0.0,0.0,77.180115,77.180115,77.180115,77.180115,77.180115,77.180115,77.180115,77.180115,77.180115,77.180115,77.180115,77.180115,77.180115,77.180115,77.180115,77.180115,74.309649,74.309649,74.309649,74.309649,0.0,0.0,100.0,101.0,102.0,101.0,101.0,240.0,3000.608,532.967,1014.75,223.965,True
2026-03-10 11:44:05,5.0,0.0,0.0,4.0,7.0,0.0,0.0,2.0,0.0,0.0,0.0,1.0,1.0,0.0,0.0,2.581,0.0,0.0,0.0,7.338,-404.0,0.0,7.215,422.0,0.0,0.0,4.981,107.0,4.981,266.0,0.68,0.0,4.95,202.0,4.96,197.0,4.967,61.0,4.973,58.0,24.65197,25.10126,25.15675,24.35304,31.0369,28.67947,25.55592,26.23433,24.63228,25.0,29.0,27.5,25.0,25.5,0.0,910.25,,2.0,0.0,0.0,77.180115,77.180115,77.180115,77.180115,77.180115,77.180115,77.180115,77.180115,77.180115,77.180115,77.180115,77.180115,77.180115,77.180115,77.180115,77.180115,74.309649,74.309649,74.309649,74.309649,0.0,0.0,100.0,101.0,102.0,101.0,101.0,241.0,3044.73,532.967,999.9000000000001,288.43399999999997,True
2026-03-10 11:44:06,5.0,0.0,0.0,4.0,8.0,0.0,0.0,2.0,0.0,0.0,0.0,1.0,1.0,0.0,0.0,2.581,0.0,0.0,0.0,7.338,-404.0,0.0,7.215,415.0,0.0,0.0,4.981,101.0,4.98,268.0,0.681,0.0,4.951,191.0,4.961,202.0,4.966,61.0,4.973,58.0,24.64123,25.10484,25.16033,24.35304,31.05659,28.67768,25.55234,26.2397,24.63228,25.0,29.0,27.5,25.0,25.5,0.0,910.25,,2.0,0.0,0.0,77.180115,77.180115,77.180115,77.180115,77.180115,77.180115,77.180115,77.180115,77.180115,77.180115,77.180115,77.180115,77.180115,77.180115,77.180115,77.180115,74.309649,74.309649,74.309649,74.309649,0.0,0.0,100.0,101.0,102.0,101.0,101.0,242.0,2994.225,503.08099999999996,945.641,288.43399999999997,True
2026-03-10 11:44:07,5.0,0.0,0.0,4.0,9.0,0.0,0.0,2.0,0.0,0.0,0.0,1.0,1.0,0.0,0.0,2.581,0.0,0.0,0.0,7.338,-404.0,0.0,7.213,413.0,0.0,0.0,4.982,102.0,4.981,267.0,0.681,0.0,4.951,187.0,4.96,196.0,4.966,62.0,4.973,58.0,24.64123,25.10842,25.16749,24.35662,31.05838,28.69379,25.56129,26.24865,24.64302,25.0,29.0,27.5,25.0,25.5,0.0,910.25,,2.0,0.0,0.0,77.180115,77.180115,77.180115,77.180115,77.180115,77.180115,77.180115,77.180115,77.180115,77.180115,77.180115,77.180115,77.180115,77.180115,77.180115,77.180115,74.309649,74.309649,74.309649,74.309649,0.0,0.0,100.0,101.0,102.0,101.0,101.0,243.0,2978.969,508.16400000000004,925.8369999999999,288.43399999999997,True
2026-03-10 11:44:08,5.0,0.0,0.0,4.0,,0.0,0.0,2.0,0.0,0.0,0.0,1.0,1.0,0.0,0.0,2.581,0.0,0.0,0.0,7.338,-404.0,0.0,7.211,423.0,0.0,0.0,4.981,268.0,4.981,266.0,0.681,0.0,4.951,201.0,4.96,190.0,4.967,62.0,4.973,58.0,24.63228,25.09768,25.15496,24.35304,31.07807,28.70453,25.57024,26.24328,24.63228,25.0,29.0,27.5,25.0,25.5,0.0,910.25,,2.0,0.0,0.0,77.180115,77.180115,77.180115,77.180115,77.180115,77.180115,77.180115,77.180115,77.180115,77.180115,77.180115,77.180115,77.180115,77.180115,77.180115,77.180115,74.309649,74.309649,74.309649,74.309649,0.0,0.0,100.0,101.0,102.0,101.0,101.0,244.0,3050.253,1334.908,995.151,288.43399999999997,True
2026-03-10 11:44:09,5.0,0.0,0.0,4.0,,0.0,0.0,2.0,0.0,0.0,0.0,1.0,1.0,0.0,0.0,2.581,1.0,0.0,0.0,7.338,-404.0,0.0,7.213,422.0,0.0,0.0,4.981,267.0,4.981,267.0,0.681,0.0,4.951,202.0,4.96,193.0,4.966,60.0,4.973,61.0,24.64123,25.11379,25.17107,24.35125,31.09418,28.71348,25.57203,26.2397,24.62512,25.0,29.0,27.5,25.0,25.5,0.0,910.25,,2.0,0.0,0.0,77.180115,77.180115,77.180115,77.180115,77.180115,77.180115,77.180115,77.180115,77.180115,77.180115,77.180115,77.180115,77.180115,77.180115,77.180115,77.180115,74.309649,74.309649,74.309649,74.309649,0.0,0.0,100.0,101.0,102.0,101.0,101.0,245.0,3043.886,1329.927,1000.102,303.353,True
2026-03-10 11:44:10,5.0,0.0,0.0,4.0,,0.0,0.0,2.0,0.0,0.0,0.0,1.0,1.0,0.0,0.0,2.581,0.0,0.0,0.0,7.338,-404.0,0.0,7.212,428.0,0.0,0.0,4.981,268.0,4.98,267.0,0.681,0.0,4.948,192.0,4.961,200.0,4.966,61.0,4.973,61.0,24.62512,25.11558,25.16033,24.3602,31.10492,28.73138,25.57024,26.25223,24.63944,25.0,29.0,27.5,25.0,25.5,0.0,910.25,,2.0,0.0,0.0,77.180115,77.180115,77.180115,77.180115,77.180115,77.180115,77.180115,77.180115,77.180115,77.180115,77.180115,77.180115,77.180115,77.180115,77.180115,77.180115,74.309649,74.309649,74.309649,74.309649,0.0,0.0,100.0,101.0,102.0,101.0,101.0,246.0,3086.736,1334.908,950.0160000000001,303.353,True
2026-03-10 11:44:11,5.0,0.0,0.0,4.0,,0.0,0.0,2.0,0.0,0.0,0.0,1.0,1.0,0.0,0.0,2.581,0.0,0.0,0.0,7.338,-404.0,0.0,7.212,421.0,0.0,0.0,4.981,267.0,4.98,266.0,0.681,0.0,4.95,191.0,4.961,200.0,4.967,61.0,4.975,58.0,24.63586,25.11558,25.16928,24.36378,31.11566,28.73496,25.57382,26.25044,24.63944,25.0,29.0,27.5,25.0,25.5,0.0,910.25,,2.0,0.0,0.0,77.180115,77.180115,77.180115,77.180115,77.180115,77.180115,77.180115,77.180115,77.180115,77.180115,77.180115,77.180115,77.180115,77.180115,77.180115,77.180115,74.309649,74.309649,74.309649,74.309649,0.0,0.0,100.0,101.0,102.0,101.0,101.0,247.0,3036.252,1329.927,945.45,288.54999999999995,True
2026-03-10 11:44:12,5.0,0.0,0.0,4.0,,0.0,0.0,2.0,0.0,0.0,0.0,1.0,1.0,0.0,0.0,2.581,0.0,0.0,0.0,7.338,-404.0,0.0,7.212,423.0,0.0,0.0,4.98,267.0,4.981,266.0,0.681,1.0,4.95,196.0,4.961,195.0,4.966,62.0,4.975,58.0,24.62691,25.12632,25.17465,24.36378,31.11029,28.73317,25.56487,26.25044,24.6466,25.0,29.0,27.5,25.0,25.5,0.0,910.25,,2.0,0.0,0.0,77.180115,77.180115,77.180115,77.180115,77.180115,77.180115,77.180115,77.180115,77.180115,77.180115,77.180115,77.180115,77.180115,77.180115,77.180115,77.180115,74.309649,74.309649,74.309649,74.309649,0.0,0.0,100.0,101.0,102.0,101.0,101.0,248.0,3050.676,1329.66,970.2,288.54999999999995,True
2026-03-10 11:44:13,5.0,0.0,0.0,4.0,,0.0,0.0,2.0,0.0,0.0,0.0,1.0,1.0,0.0,0.0,2.581,0.0,0.0,0.0,7.338,-404.0,0.0,7.213,425.0,0.0,0.0,4.98,268.0,4.981,267.0,0.681,0.0,4.95,192.0,4.961,202.0,4.966,61.0,4.973,60.0,24.63586,25.11916,25.17644,24.36199,31.11208,28.74749,25.58277,26.26118,24.65197,25.0,29.0,27.5,25.0,25.5,0.0,910.25,,2.0,0.0,0.0,77.180115,77.180115,77.180115,77.180115,77.180115,77.180115,77.180115,77.180115,77.180115,77.180115,77.180115,77.180115,77.180115,77.180115,77.180115,77.180115,74.309649,74.309649,74.309649,74.309649,0.0,0.0,100.0,101.0,102.0,101.0,101.0,249.0,3065.525,1334.64,950.4000000000001,298.38,True
2026-03-10 11:44:14,5.0,0.0,0.0,4.0,10.0,0.0,0.0,2.0,0.0,0.0,0.0,1.0,1.0,0.0,0.0,2.581,1.0,0.0,0.0,7.338,-404.0,0.0,7.213,425.0,0.0,0.0,4.982,100.0,4.981,266.0,0.681,0.0,4.948,206.0,4.961,198.0,4.967,62.0,4.973,60.0,24.63228,25.12632,25.18002,24.37094,31.15683,28.76539,25.5774,26.26655,24.64839,25.0,29.0,27.5,25.0,25.5,0.0,910.25,,2.0,0.0,0.0,77.180115,77.180115,77.180115,77.180115,77.180115,77.180115,77.180115,77.180115,77.180115,77.180115,77.180115,77.180115,77.180115,77.180115,77.180115,77.180115,74.309649,74.309649,74.309649,74.309649,0.0,0.0,100.0,101.0,102.0,101.0,101.0,250.0,3065.525,498.20000000000005,1019.2880000000001,298.38,True
2026-03-10 11:44:15,5.0,0.0,0.0,4.0,10.0,0.0,0.0,2.0,0.0,0.0,0.0,1.0,1.0,0.0,0.0,2.581,0.0,0.0,0.0,7.338,-404.0,0.0,7.213,425.0,0.0,0.0,4.982,100.0,4.981,267.0,0.681,1.0,4.948,190.0,4.96,186.0,4.967,61.0,4.977,43.0,24.63228,25.12095,25.17823,24.36557,31.16041,28.7636,25.58456,26.25581,24.65018,25.0,29.0,27.5,25.0,25.5,0.0,910.25,,2.0,0.0,0.0,77.180115,77.180115,77.180115,77.180115,77.180115,77.180115,77.180115,77.180115,77.180115,77.180115,77.180115,77.180115,77.180115,77.180115,77.180115,77.180115,74.309649,74.309649,74.309649,74.309649,0.0,0.0,100.0,101.0,102.0,101.0,101.0,251.0,3065.525,498.20000000000005,940.1200000000001,214.01100000000002,True
2026-03-10 11:44:16,5.0,0.0,0.0,4.0,12.0,0.0,0.0,2.0,0.0,0.0,0.0,1.0,1.0,0.0,0.0,2.581,1.0,0.0,0.0,7.338,-404.0,0.0,7.215,417.0,0.0,0.0,4.982,100.0,4.98,270.0,0.68,0.0,4.95,205.0,4.96,197.0,4.966,61.0,4.977,43.0,24.63228,25.12632,25.1836,24.36915,31.1443,28.77792,25.58456,26.25402,24.65555,25.0,29.0,27.5,25.0,25.5,0.0,910.25,,2.0,0.0,0.0,77.180115,77.180115,77.180115,77.180115,77.180115,77.180115,77.180115,77.180115,77.180115,77.180115,77.180115,77.180115,77.180115,77.180115,77.180115,77.180115,74.309649,74.309649,74.309649,74.309649,0.0,0.0,100.0,101.0,102.0,101.0,101.0,252.0,3008.6549999999997,498.20000000000005,1014.75,214.01100000000002,True
2026-03-10 11:44:17,5.0,0.0,0.0,4.0,13.0,0.0,0.0,2.0,0.0,0.0,0.0,1.0,1.0,0.0,0.0,2.581,0.0,0.0,0.0,7.338,-404.0,0.0,7.215,413.0,0.0,0.0,4.982,102.0,4.98,268.0,0.681,0.0,4.948,205.0,4.96,190.0,4.967,62.0,4.977,46.0,24.63228,25.12632,25.18181,24.36378,31.15862,28.79224,25.58456,26.26834,24.65555,25.0,29.0,27.5,25.0,25.5,0.0,910.25,,2.0,0.0,0.0,77.180115,77.180115,77.180115,77.180115,77.180115,77.180115,77.180115,77.180115,77.180115,77.180115,77.180115,77.180115,77.180115,77.180115,77.180115,77.180115,74.309649,74.309649,74.309649,74.309649,0.0,0.0,100.0,101.0,102.0,101.0,101.0,253.0,2979.795,508.16400000000004,1014.34,228.942,True
2026-03-10 11:44:18,5.0,0.0,0.0,4.0,13.0,0.0,0.0,2.0,0.0,0.0,0.0,1.0,1.0,0.0,0.0,2.581,0.0,0.0,0.0,7.338,-404.0,0.0,7.213,415.0,0.0,0.0,4.982,102.0,4.98,268.0,0.681,0.0,4.948,190.0,4.961,197.0,4.966,61.0,4.977,46.0,24.64302,25.12632,25.19255,24.38347,31.18547,28.79224,25.58277,26.27371,24.63586,25.0,29.0,27.5,25.0,25.5,0.0,910.25,,2.0,0.0,0.0,77.180115,77.180115,77.180115,77.180115,77.180115,77.180115,77.180115,77.180115,77.180115,77.180115,77.180115,77.180115,77.180115,77.180115,77.180115,77.180115,74.309649,74.309649,74.309649,74.309649,0.0,0.0,100.0,101.0,102.0,101.0,101.0,254.0,2993.395,508.16400000000004,940.1200000000001,228.942,True
2026-03-10 11:44:19,5.0,0.0,0.0,4.0,15.0,0.0,0.0,2.0,0.0,0.0,0.0,1.0,1.0,0.0,0.0,2.581,0.0,0.0,0.0,7.338,-404.0,0.0,7.216,413.0,0.0,0.0,4.98,100.0,4.981,267.0,0.681,0.0,4.948,203.0,4.961,201.0,4.967,60.0,4.976,43.0,24.64481,25.12632,25.18539,24.3781,31.20337,28.80835,25.58814,26.26476,24.66987,25.0,29.0,27.5,25.0,25.5,0.0,910.25,,2.0,0.0,0.0,77.180115,77.180115,77.180115,77.180115,77.180115,77.180115,77.180115,77.180115,77.180115,77.180115,77.180115,77.180115,77.180115,77.180115,77.180115,77.180115,74.309649,74.309649,74.309649,74.309649,0.0,0.0,100.0,101.0,102.0,101.0,101.0,255.0,2980.208,498.00000000000006,1004.4440000000001,213.968,True
2026-03-10 11:44:20,5.0,0.0,0.0,4.0,16.0,0.0,0.0,2.0,0.0,0.0,0.0,1.0,1.0,0.0,0.0,2.581,1.0,0.0,0.0,7.338,-404.0,0.0,7.213,423.0,0.0,0.0,4.982,101.0,4.981,111.0,0.681,0.0,4.948,205.0,4.96,197.0,4.966,63.0,4.976,43.0,24.63228,25.12632,25.19434,24.36736,31.21411,28.8173,25.58456,26.28087,24.65376,25.0,29.0,27.5,25.0,25.5,0.0,910.25,,2.0,0.0,0.0,77.180115,77.180115,77.180115,77.180115,77.180115,77.180115,77.180115,77.180115,77.180115,77.180115,77.180115,77.180115,77.180115,77.180115,77.180115,77.180115,74.309649,74.309649,74.309649,74.309649,0.0,0.0,100.0,101.0,102.0,101.0,101.0,256.0,3051.099,503.182,1014.34,213.968,True
2026-03-10 11:44:21,5.0,0.0,0.0,4.0,16.0,0.0,0.0,2.0,0.0,0.0,0.0,1.0,1.0,0.0,0.0,2.581,0.0,0.0,0.0,7.338,-404.0,0.0,7.213,417.0,0.0,0.0,4.981,102.0,4.98,268.0,0.681,0.0,4.95,187.0,4.961,200.0,4.967,61.0,4.973,60.0,24.63944,25.12632,25.20508,24.38347,31.21769,28.82983,25.58635,26.27729,24.66271,25.0,29.0,27.5,25.0,25.5,0.0,910.25,,2.0,0.0,0.0,77.180115,77.180115,77.180115,77.180115,77.180115,77.180115,77.180115,77.180115,77.180115,77.180115,77.180115,77.180115,77.180115,77.180115,77.180115,77.180115,74.309649,74.309649,74.309649,74.309649,0.0,0.0,100.0,101.0,102.0,101.0,101.0,257.0,3007.821,508.062,925.65,298.38,True
2026-03-10 11:44:22,5.0,0.0,0.0,4.0,17.0,0.0,0.0,2.0,0.0,0.0,0.0,1.0,1.0,0.0,0.0,2.581,0.0,0.0,0.0,7.338,-404.0,0.0,7.212,435.0,0.0,0.0,4.98,111.0,4.978,111.0,0.681,0.0,4.951,195.0,4.96,200.0,4.967,61.0,4.973,60.0,24.63228,25.12632,25.1836,24.38347,31.23559,28.84057,25.58993,26.28087,24.66629,25.0,29.5,27.5,25.0,25.5,0.0,910.25,,2.0,0.0,0.0,77.180115,77.180115,77.180115,77.180115,77.180115,77.180115,77.180115,77.180115,77.180115,77.180115,77.180115,77.180115,77.180115,77.180115,77.180115,77.180115,74.309649,74.309649,74.309649,74.309649,0.0,0.0,100.0,101.0,102.0,101.0,101.0,258.0,3137.22,552.7800000000001,965.4449999999999,298.38,True
2026-03-10 11:44:23,5.0,0.0,0.0,4.0,19.0,0.0,0.0,2.0,0.0,0.0,0.0,1.0,1.0,0.0,0.0,2.581,1.0,0.0,0.0,7.338,-404.0,0.0,7.21,428.0,0.0,0.0,4.981,101.0,4.98,111.0,0.681,0.0,4.95,188.0,4.962,200.0,4.967,58.0,4.973,63.0,24.63407,25.14422,25.19971,24.38526,31.2338,28.84952,25.58814,26.27908,24.65913,25.0,29.0,27.5,25.0,25.5,0.0,910.25,,2.0,0.0,0.0,77.180115,77.180115,77.180115,77.180115,77.180115,77.180115,77.180115,77.180115,77.180115,77.180115,77.180115,77.180115,77.180115,77.180115,77.180115,77.180115,74.309649,74.309649,74.309649,74.309649,0.0,0.0,100.0,101.0,102.0,101.0,101.0,259.0,3085.88,503.08099999999996,930.6,313.299,True
2026-03-10 11:44:24,5.0,0.0,0.0,4.0,19.0,0.0,0.0,2.0,0.0,0.0,0.0,1.0,1.0,0.0,0.0,2.581,0.0,0.0,0.0,7.338,-404.0,0.0,7.208,432.0,0.0,0.0,4.98,114.0,4.98,111.0,0.68,0.0,4.95,188.0,4.96,191.0,4.967,61.0,4.973,63.0,24.6287,25.12632,25.19792,24.38705,31.20516,28.86563,25.59709,26.28445,24.65913,25.0,29.5,27.5,25.0,25.5,0.0,910.25,,2.0,0.0,0.0,77.180115,77.180115,77.180115,77.180115,77.180115,77.180115,77.180115,77.180115,77.180115,77.180115,77.180115,77.180115,77.180115,77.180115,77.180115,77.180115,74.309649,74.309649,74.309649,74.309649,0.0,0.0,100.0,101.0,102.0,101.0,101.0,260.0,3113.856,567.72,930.6,313.299,True
2026-03-10 11:44:25,5.0,0.0,0.0,4.0,,0.0,0.0,2.0,0.0,0.0,0.0,1.0,1.0,0.0,0.0,2.581,0.0,0.0,0.0,7.338,-404.0,0.0,7.211,426.0,0.0,0.0,4.981,113.0,4.98,110.0,0.681,0.0,4.95,201.0,4.96,191.0,4.967,61.0,4.975,60.0,24.63944,25.14064,25.19613,24.37989,31.25707,28.871,25.59351,26.28982,24.6645,25.0,29.5,27.5,25.0,25.5,0.0,910.25,,2.0,0.0,0.0,77.180115,77.180115,77.180115,77.180115,77.180115,77.180115,77.180115,77.180115,77.180115,77.180115,77.180115,77.180115,77.180115,77.180115,77.180115,77.180115,74.309649,74.309649,74.309649,74.309649,0.0,0.0,100.0,101.0,102.0,101.0,101.0,261.0,3071.886,562.853,994.95,298.5,True
2026-03-10 11:44:26,5.0,0.0,0.0,4.0,,0.0,0.0,2.0,0.0,0.0,0.0,1.0,1.0,0.0,0.0,2.581,1.0,0.0,0.0,7.338,-404.0,0.0,7.212,427.0,0.0,0.0,4.98,106.0,4.98,110.0,0.681,0.0,4.948,195.0,4.961,193.0,4.967,61.0,4.975,60.0,24.63586,25.14601,25.2015,24.39242,31.26602,28.87995,25.59172,26.29698,24.66808,25.0,29.5,27.5,25.0,25.5,0.0,910.25,,2.0,0.0,0.0,77.180115,77.180115,77.180115,77.180115,77.180115,77.180115,77.180115,77.180115,77.180115,77.180115,77.180115,77.180115,77.180115,77.180115,77.180115,77.180115,74.309649,74.309649,74.309649,74.309649,0.0,0.0,100.0,101.0,102.0,101.0,101.0,262.0,3079.524,527.88,964.8600000000001,298.5,True
2026-03-10 11:44:27,5.0,0.0,0.0,4.0,,0.0,0.0,2.0,0.0,0.0,0.0,1.0,1.0,0.0,0.0,2.581,0.0,0.0,0.0,7.338,-404.0,0.0,7.208,430.0,0.0,0.0,4.98,266.0,4.98,113.0,0.681,0.0,4.95,193.0,4.96,195.0,4.967,60.0,4.973,39.0,24.63586,25.14959,25.21045,24.38884,31.2517,28.88532,25.59888,26.29161,24.68061,25.0,29.5,27.5,25.0,25.5,0.0,910.25,,2.0,0.0,0.0,77.180115,77.180115,77.180115,77.180115,77.180115,77.180115,77.180115,77.180115,77.180115,77.180115,77.180115,77.180115,77.180115,77.180115,77.180115,77.180115,74.309649,74.309649,74.309649,74.309649,0.0,0.0,100.0,101.0,102.0,101.0,101.0,263.0,3099.44,1324.68,955.35,193.947,True
2026-03-10 11:44:28,5.0,0.0,0.0,4.0,,0.0,0.0,2.0,0.0,0.0,0.0,1.0,1.0,0.0,0.0,2.581,0.0,0.0,0.0,7.338,-404.0,0.0,7.21,426.0,0.0,0.0,4.98,102.0,4.981,110.0,0.681,0.0,4.953,205.0,4.96,198.0,4.967,63.0,4.973,39.0,24.63228,25.15496,25.20687,24.38168,31.27139,28.90859,25.60246,26.29519,24.67703,25.0,29.5,27.5,25.0,25.5,0.0,910.25,,2.0,0.0,0.0,77.180115,77.180115,77.180115,77.180115,77.180115,77.180115,77.180115,77.180115,77.180115,77.180115,77.180115,77.180115,77.180115,77.180115,77.180115,77.180115,74.309649,74.309649,74.309649,74.309649,0.0,0.0,100.0,101.0,102.0,101.0,101.0,264.0,3071.46,507.96000000000004,1015.365,193.947,True
2026-03-10 11:44:29,5.0,0.0,0.0,4.0,,0.0,0.0,2.0,0.0,0.0,0.0,1.0,1.0,0.0,0.0,2.581,0.0,0.0,0.0,7.338,-404.0,0.0,7.211,427.0,0.0,0.0,4.981,109.0,4.98,110.0,0.681,0.0,4.948,203.0,4.96,192.0,4.967,61.0,4.973,60.0,24.62333,25.15138,25.21403,24.396,31.27318,28.90322,25.61499,26.28624,24.67703,25.0,29.5,27.5,25.0,25.5,0.0,910.25,,2.0,0.0,0.0,77.180115,77.180115,77.180115,77.180115,77.180115,77.180115,77.180115,77.180115,77.180115,77.180115,77.180115,77.180115,77.180115,77.180115,77.180115,77.180115,74.309649,74.309649,74.309649,74.309649,0.0,0.0,100.0,101.0,102.0,101.0,101.0,265.0,3079.097,542.929,1004.4440000000001,298.38,True
2026-03-10 11:44:30,5.0,0.0,0.0,4.0,,0.0,0.0,2.0,0.0,0.0,0.0,1.0,1.0,0.0,0.0,2.581,0.0,0.0,0.0,7.338,-404.0,0.0,7.207,430.0,0.0,0.0,4.98,266.0,4.98,113.0,0.68,0.0,4.948,195.0,4.961,201.0,4.967,61.0,4.973,60.0,24.63765,25.16033,25.21224,24.39958,31.30898,28.91396,25.60246,26.30414,24.66808,25.0,29.5,27.5,25.0,25.5,0.0,910.25,,2.0,0.0,0.0,77.180115,77.180115,77.180115,77.180115,77.180115,77.180115,77.180115,77.180115,77.180115,77.180115,77.180115,77.180115,77.180115,77.180115,77.180115,77.180115,74.309649,74.309649,74.309649,74.309649,0.0,0.0,100.0,101.0,102.0,101.0,101.0,266.0,3099.0099999999998,1324.68,964.8600000000001,298.38,True
2026-03-10 11:44:31,5.0,0.0,0.0,4.0,21.0,0.0,0.0,3.0,0.0,0.0,0.0,1.0,1.0,0.0,0.0,2.581,0.0,0.0,0.0,7.338,-404.0,0.0,7.212,428.0,0.0,0.0,4.98,109.0,4.98,110.0,0.681,0.0,4.942,188.0,4.803,1035.0,4.841,61.0,4.976,45.0,24.62512,25.16391,25.22119,24.38884,31.29108,28.91933,25.61499,26.30772,24.68419,25.0,29.5,27.5,25.0,25.5,0.0,910.25,,2.0,0.0,0.0,77.180115,77.180115,77.180115,77.180115,77.180115,77.180115,77.180115,77.180115,77.180115,77.180115,77.180115,77.180115,77.180115,77.180115,77.180115,77.180115,74.309649,74.309649,74.309649,74.309649,0.0,0.0,100.0,101.0,102.0,101.0,101.0,267.0,3086.736,542.82,929.096,223.92,True
2026-03-10 11:44:32,5.0,0.0,0.0,4.0,22.0,0.0,0.0,3.0,0.0,0.0,0.0,1.0,1.0,0.0,0.0,2.581,0.0,0.0,0.0,7.338,-404.0,0.0,7.208,427.0,0.0,0.0,4.981,109.0,4.98,110.0,0.681,0.0,4.95,206.0,4.961,200.0,4.966,60.0,4.976,45.0,24.62691,25.1657,25.21582,24.39958,31.28034,28.95155,25.6132,26.31309,24.68419,25.0,29.5,27.5,25.0,25.5,0.0,910.25,,2.0,0.0,0.0,77.180115,77.180115,77.180115,77.180115,77.180115,77.180115,77.180115,77.180115,77.180115,77.180115,77.180115,77.180115,77.180115,77.180115,77.180115,77.180115,74.309649,74.309649,74.309649,74.309649,0.0,0.0,100.0,101.0,102.0,101.0,101.0,268.0,3077.8160000000003,542.929,1019.7,223.92,True
2026-03-10 11:44:33,5.0,0.0,0.0,4.0,22.0,0.0,0.0,3.0,0.0,0.0,0.0,1.0,1.0,0.0,0.0,2.581,0.0,0.0,0.0,7.338,-404.0,0.0,7.212,422.0,0.0,0.0,4.981,266.0,4.978,110.0,0.68,0.0,4.948,201.0,4.96,192.0,4.966,61.0,4.977,45.0,24.6287,25.1657,25.21224,24.396,31.33583,28.94618,25.62573,26.30772,24.6824,25.0,29.5,27.5,25.0,25.5,0.0,910.25,,2.0,0.0,0.0,77.180115,77.180115,77.180115,77.180115,77.180115,77.180115,77.180115,77.180115,77.180115,77.180115,77.180115,77.180115,77.180115,77.180115,77.180115,77.180115,74.309649,74.309649,74.309649,74.309649,0.0,0.0,100.0,101.0,102.0,101.0,101.0,269.0,3043.464,1324.946,994.5480000000001,223.965,True
2026-03-10 11:44:34,5.0,0.0,0.0,4.0,24.0,0.0,0.0,3.0,0.0,0.0,0.0,1.0,1.0,0.0,0.0,2.581,0.0,0.0,0.0,7.338,-404.0,0.0,7.212,417.0,0.0,0.0,4.98,107.0,4.982,106.0,0.681,0.0,4.951,205.0,4.958,196.0,4.966,62.0,4.977,45.0,24.62691,25.1657,25.2194,24.40316,31.32688,28.94976,25.61857,26.32383,24.68777,25.0,29.5,27.5,25.0,25.5,0.0,910.25,,2.0,0.0,0.0,77.180115,77.180115,77.180115,77.180115,77.180115,77.180115,77.180115,77.180115,77.180115,77.180115,77.180115,77.180115,77.180115,77.180115,77.180115,77.180115,74.309649,74.309649,74.309649,74.309649,0.0,0.0,100.0,101.0,102.0,101.0,101.0,270.0,3007.404,532.86,1014.9549999999999,223.965,True
2026-03-10 11:44:35,5.0,0.0,0.0,4.0,25.0,0.0,0.0,3.0,0.0,0.0,0.0,1.0,1.0,0.0,0.0,2.581,0.0,0.0,0.0,7.338,-404.0,0.0,7.208,421.0,0.0,0.0,4.98,114.0,4.981,106.0,0.68,0.0,4.95,206.0,4.96,191.0,4.967,63.0,4.973,39.0,24.62154,25.17465,25.22656,24.396,31.34836,28.96408,25.62573,26.31309,24.6824,25.0,29.5,27.5,25.0,25.5,0.0,910.25,,2.0,0.0,0.0,77.180115,77.180115,77.180115,77.180115,77.180115,77.180115,77.180115,77.180115,77.180115,77.180115,77.180115,77.180115,77.180115,77.180115,77.180115,77.180115,74.309649,74.309649,74.309649,74.309649,0.0,0.0,100.0,101.0,102.0,101.0,101.0,271.0,3034.568,567.72,1019.7,193.947,True
2026-03-10 11:44:36,5.0,0.0,0.0,4.0,26.0,0.0,0.0,3.0,0.0,0.0,0.0,1.0,1.0,0.0,0.0,2.581,1.0,0.0,0.0,7.338,-404.0,0.0,7.212,415.0,0.0,0.0,4.981,266.0,4.982,105.0,0.68,0.0,4.95,205.0,4.961,192.0,4.967,61.0,4.973,39.0,24.62333,25.17644,25.23372,24.40674,31.34657,28.98198,25.63647,26.31846,24.68061,25.0,29.5,27.5,25.0,25.5,0.0,910.25,,2.0,0.0,0.0,77.180115,77.180115,77.180115,77.180115,77.180115,77.180115,77.180115,77.180115,77.180115,77.180115,77.180115,77.180115,77.180115,77.180115,77.180115,77.180115,74.309649,74.309649,74.309649,74.309649,0.0,0.0,100.0,101.0,102.0,101.0,101.0,272.0,2992.98,1324.946,1014.75,193.947,True
2026-03-10 11:44:37,5.0,0.0,0.0,4.0,27.0,0.0,0.0,3.0,0.0,0.0,0.0,1.0,1.0,0.0,0.0,2.581,0.0,0.0,0.0,7.338,-404.0,0.0,7.213,415.0,0.0,0.0,4.981,109.0,4.981,106.0,0.678,0.0,4.95,205.0,4.962,200.0,4.966,61.0,4.975,60.0,24.6287,25.16391,25.23193,24.40495,31.35194,28.98019,25.63647,26.31846,24.67882,25.0,29.5,27.5,25.0,25.5,0.0,910.25,,2.0,0.0,0.0,77.180115,77.180115,77.180115,77.180115,77.180115,77.180115,77.180115,77.180115,77.180115,77.180115,77.180115,77.180115,77.180115,77.180115,77.180115,77.180115,74.309649,74.309649,74.309649,74.309649,0.0,0.0,100.0,101.0,102.0,101.0,101.0,273.0,2993.395,542.929,1014.75,298.5,True
2026-03-10 11:44:38,5.0,0.0,0.0,4.0,27.0,0.0,0.0,3.0,0.0,0.0,0.0,1.0,1.0,0.0,0.0,2.581,0.0,0.0,0.0,7.338,-404.0,0.0,7.213,416.0,0.0,0.0,4.98,109.0,4.981,109.0,0.681,1.0,4.951,203.0,4.96,190.0,4.966,61.0,4.975,60.0,24.61975,25.17107,25.2194,24.41211,31.36626,28.98556,25.62573,26.32204,24.68777,25.0,29.5,27.5,25.0,25.5,0.0,910.25,,2.0,0.0,0.0,77.180115,77.180115,77.180115,77.180115,77.180115,77.180115,77.180115,77.180115,77.180115,77.180115,77.180115,77.180115,77.180115,77.180115,77.180115,77.180115,74.309649,74.309649,74.309649,74.309649,0.0,0.0,100.0,101.0,102.0,101.0,101.0,274.0,3000.608,542.82,1005.0529999999999,298.5,True
2026-03-10 11:44:39,5.0,0.0,0.0,4.0,29.0,0.0,0.0,3.0,0.0,0.0,0.0,1.0,1.0,0.0,0.0,2.581,0.0,0.0,0.0,7.338,-404.0,0.0,7.213,417.0,0.0,0.0,4.981,102.0,4.98,105.0,0.68,0.0,4.951,200.0,4.96,192.0,4.966,60.0,4.973,61.0,24.62512,25.17644,25.23372,24.41032,31.38237,29.00525,25.63468,26.3292,24.68061,25.0,29.5,27.5,25.0,25.5,0.0,910.25,,2.0,0.0,0.0,77.180115,77.180115,77.180115,77.180115,77.180115,77.180115,77.180115,77.180115,77.180115,77.180115,77.180115,77.180115,77.180115,77.180115,77.180115,77.180115,74.309649,74.309649,74.309649,74.309649,0.0,0.0,100.0,101.0,102.0,101.0,101.0,275.0,3007.821,508.062,990.1999999999999,303.353,True
2026-03-10 11:44:40,5.0,0.0,0.0,4.0,29.0,0.0,0.0,3.0,0.0,0.0,0.0,1.0,1.0,0.0,0.0,2.581,0.0,0.0,0.0,7.338,-404.0,0.0,7.213,418.0,0.0,0.0,4.981,104.0,4.981,109.0,0.681,0.0,4.951,201.0,4.961,201.0,4.967,61.0,4.973,61.0,24.62333,25.18539,25.23372,24.41032,31.38774,29.00704,25.64363,26.32204,24.68956,25.0,29.5,27.5,25.0,25.5,0.0,910.25,,2.0,0.0,0.0,77.180115,77.180115,77.180115,77.180115,77.180115,77.180115,77.180115,77.180115,77.180115,77.180115,77.180115,77.180115,77.180115,77.180115,77.180115,77.180115,74.309649,74.309649,74.309649,74.309649,0.0,0.0,100.0,101.0,102.0,101.0,101.0,276.0,3015.034,518.024,995.151,303.353,True
2026-03-10 11:44:41,5.0,0.0,0.0,4.0,,0.0,0.0,4.0,0.0,0.0,0.0,1.0,1.0,0.0,0.0,2.581,0.0,0.0,0.0,7.338,-404.0,0.0,7.212,420.0,0.0,0.0,4.981,105.0,4.98,266.0,0.681,0.0,4.95,202.0,4.961,198.0,0.0,0.0,4.973,58.0,24.62691,25.18002,25.23372,24.40674,31.42175,29.02673,25.64721,26.3292,24.68956,25.0,29.5,27.5,0.0,25.5,0.0,910.25,,2.0,0.0,0.0,77.180115,77.180115,77.180115,77.180115,77.180115,77.180115,77.180115,77.180115,77.180115,77.180115,77.180115,77.180115,77.180115,77.180115,77.180115,77.180115,74.309649,74.309649,74.309649,74.309649,0.0,0.0,100.0,101.0,102.0,101.0,101.0,277.0,3029.04,523.005,999.9000000000001,288.43399999999997,True
2026-03-10 11:44:42,5.0,0.0,0.0,4.0,,0.0,0.0,4.0,0.0,0.0,0.0,1.0,0.0,0.0,0.0,2.581,0.0,0.0,0.0,7.338,-404.0,0.0,7.251,221.0,0.0,0.0,4.983,104.0,0.706,1.0,0.681,0.0,4.952,202.0,4.961,198.0,0.0,0.0,4.973,58.0,24.6108,25.18539,25.2373,24.40853,31.42533,29.02494,25.64184,26.32741,24.69851,25.0,29.5,27.5,0.0,25.5,0.0,910.25,,2.0,0.0,0.0,77.180115,77.180115,77.180115,77.180115,77.180115,77.180115,77.180115,77.180115,77.180115,77.180115,77.180115,77.180115,77.180115,77.180115,77.180115,77.180115,74.309649,74.309649,74.309649,74.309649,0.0,0.0,100.0,101.0,102.0,101.0,101.0,278.0,1602.471,518.232,1000.304,288.43399999999997,True
2026-03-10 11:44:43,5.0,0.0,0.0,4.0,,0.0,0.0,4.0,0.0,0.0,0.0,1.0,0.0,0.0,0.0,2.581,0.0,0.0,0.0,7.338,-404.0,0.0,7.251,0.0,0.0,0.0,4.983,105.0,0.65,0.0,0.68,0.0,4.952,205.0,4.961,198.0,0.0,0.0,4.976,58.0,24.62333,25.1836,25.24088,24.4139,31.40743,29.03568,25.64005,26.33636,24.69672,25.0,29.5,27.5,0.0,25.5,0.0,910.25,,2.0,0.0,0.0,77.180115,77.180115,77.180115,77.180115,77.180115,77.180115,77.180115,77.180115,77.180115,77.180115,77.180115,77.180115,77.180115,77.180115,77.180115,77.180115,74.309649,74.309649,74.309649,74.309649,0.0,0.0,100.0,101.0,102.0,101.0,101.0,279.0,0.0,523.2149999999999,1015.16,288.608,True
2026-03-10 11:44:44,5.0,0.0,0.0,4.0,,0.0,0.0,4.0,0.0,0.0,0.0,1.0,0.0,0.0,0.0,2.581,0.0,0.0,0.0,7.338,-404.0,0.0,7.248,220.0,0.0,0.0,4.985,105.0,0.601,0.0,0.681,0.0,4.952,202.0,4.961,198.0,0.0,0.0,4.976,58.0,24.62333,25.18897,25.24625,24.41032,31.44323,29.04284,25.62394,26.34352,24.69851,25.0,29.5,27.5,0.0,25.5,0.0,910.25,,2.0,0.0,0.0,77.180115,77.180115,77.180115,77.180115,77.180115,77.180115,77.180115,77.180115,77.180115,77.180115,77.180115,77.180115,77.180115,77.180115,77.180115,77.180115,74.309649,74.309649,74.309649,74.309649,0.0,0.0,100.0,101.0,102.0,101.0,101.0,280.0,1594.56,523.4250000000001,1000.304,288.608,True
2026-03-10 11:44:45,5.0,0.0,0.0,4.0,,0.0,0.0,4.0,0.0,0.0,0.0,1.0,0.0,0.0,0.0,2.581,1.0,0.0,0.0,7.338,-404.0,0.0,7.252,223.0,0.0,0.0,4.983,104.0,0.571,1.0,0.68,0.0,4.952,201.0,4.961,198.0,0.0,0.0,4.98,45.0,24.62154,25.19076,25.24267,24.41748,31.44144,29.04105,25.60604,26.34889,24.70567,25.0,29.5,27.5,0.0,25.5,0.0,910.25,,2.0,0.0,0.0,77.180115,77.180115,77.180115,77.180115,77.180115,77.180115,77.180115,77.180115,77.180115,77.180115,77.180115,77.180115,77.180115,77.180115,77.180115,77.180115,74.309649,74.309649,74.309649,74.309649,0.0,0.0,100.0,101.0,102.0,101.0,101.0,281.0,1617.196,518.232,995.352,224.10000000000002,True
2026-03-10 11:44:46,5.0,0.0,0.0,4.0,,0.0,0.0,4.0,0.0,0.0,0.0,1.0,0.0,0.0,0.0,2.581,0.0,0.0,0.0,7.338,-404.0,0.0,7.251,221.0,0.0,0.0,4.982,104.0,0.558,1.0,0.68,0.0,4.953,206.0,4.961,198.0,0.0,0.0,4.98,45.0,24.62691,25.19255,25.2373,24.42106,31.43965,29.04284,25.60425,26.33636,24.70209,25.0,29.5,27.5,0.0,25.5,0.0,910.25,,2.0,0.0,0.0,77.180115,77.180115,77.180115,77.180115,77.180115,77.180115,77.180115,77.180115,77.180115,77.180115,77.180115,77.180115,77.180115,77.180115,77.180115,77.180115,74.309649,74.309649,74.309649,74.309649,0.0,0.0,100.0,101.0,102.0,101.0,101.0,282.0,1602.471,518.128,1020.3180000000001,224.10000000000002,True
2026-03-10 11:44:47,5.0,0.0,0.0,4.0,30.0,0.0,0.0,4.0,0.0,0.0,0.0,1.0,0.0,0.0,0.0,2.581,0.0,0.0,0.0,7.338,-404.0,0.0,7.253,222.0,0.0,0.0,4.983,104.0,0.533,0.0,0.68,0.0,4.953,206.0,4.961,198.0,0.0,0.0,4.981,45.0,24.61796,25.19434,25.24446,24.43001,31.45576,29.02852,25.58635,26.34173,24.70388,25.0,29.5,27.5,0.0,25.5,0.0,910.25,,2.0,0.0,0.0,77.180115,77.180115,77.180115,77.180115,77.180115,77.180115,77.180115,77.180115,77.180115,77.180115,77.180115,77.180115,77.180115,77.180115,77.180115,77.180115,74.309649,74.309649,74.309649,74.309649,0.0,0.0,100.0,101.0,102.0,101.0,101.0,283.0,1610.166,518.232,1020.3180000000001,224.14499999999998,True
2026-03-10 11:44:48,5.0,0.0,0.0,4.0,32.0,0.0,0.0,4.0,0.0,0.0,0.0,1.0,0.0,0.0,0.0,2.581,0.0,0.0,0.0,7.338,-404.0,0.0,7.25,221.0,0.0,0.0,4.983,105.0,0.5,0.0,0.681,0.0,4.952,200.0,4.961,198.0,0.0,0.0,4.981,45.0,24.61796,25.2015,25.25341,24.42643,31.48798,29.0321,25.56845,26.3471,24.70388,25.0,29.5,27.5,0.0,25.5,0.0,910.25,,2.0,0.0,0.0,77.180115,77.180115,77.180115,77.180115,77.180115,77.180115,77.180115,77.180115,77.180115,77.180115,77.180115,77.180115,77.180115,77.180115,77.180115,77.180115,74.309649,74.309649,74.309649,74.309649,0.0,0.0,100.0,101.0,102.0,101.0,101.0,284.0,1602.25,523.2149999999999,990.4,224.14499999999998,True
