timestamp,FSW_DB_VER,DAY,HOUR,MINUTE,SECOND,SC_ID,CMD_RCV_CNT,CMD_ACC_CNT,CMD_REJ_CNT,CMD_INC_CNT,PAYLOAD_STATUS,PLATFORM_PWR_STATUS,ADCS_PWR_STATUS,PAYLOAD_PWR_STATUS,SPR_PWR_STATUS,SOLAR_V,SOLAR_S,EXT_V,EXT_S,BATT_CHR_V,BATT_CHR_I,BATT_CHR_STATUS,SYS_V,SYS_I,SPR_V,SPR_I,PLAT_5V_V,PLAT_5V_I,ADCS_5V_V,ADCS_5V_I,PAYLOAD_5V_V,PAYLOAD_5V_I,OBC_PWR_V,OBC_PWR_I,ADCS_PROC_PWR_V,ADCS_PROC_PWR_I,ADCS_PER_PWR_V,ADCS_PER_PWR_I,COMMS_PWR_V,COMMS_PWR_I,TEMP_SOLAR,TEMP_EPS,TEMP_BATTERY,TEMP_BACKPLANE,TEMP_OBDH,TEMP_ADCS,TEMP_WHEEL,TEMP_COMMS,TEMP_PAYLOAD,TEMP_EPS_L,TEMP_OBDH_L,TEMP_ADCS_L,TEMP_WHEEL_L,TEMP_COMMS_L,TEMP_PAYLOAD_L,FREQ,RSSI,TX_POWER,FRAME_ERR,TEMP_THERM_EXP_L,THERMISTOR_ROD_1,THERMISTOR_ROD_2,THERMISTOR_ROD_3,THERMISTOR_ROD_4,THERMISTOR_ROD_5,THERMISTOR_ROD_6,THERMISTOR_ROD_7,THERMISTOR_ROD_8,THERMISTOR_ROD_9,THERMISTOR_ROD_10,THERMISTOR_ROD_11,THERMISTOR_ROD_12,THERMISTOR_ROD_13,THERMISTOR_ROD_14,THERMISTOR_ROD_15,THERMISTOR_ROD_16,THERMISTOR_BATH_1,THERMISTOR_BATH_2,THERMISTOR_BATH_3,THERMISTOR_EXP3,THERMISTOR_HEATER,THERMAL_EXP_SW_VERSION,OBC_SW_VERSION,PWR_SW_VERSION,COMMS_SW_VERSION,ADCS_SW_VERSION,ACTUATOR_SW_VERSION,elapsed_s,PWR_SYS,PWR_PLAT_5V,PWR_OBC_PWR,PWR_COMMS_PWR,_has_stuck_thermistor,anomaly,anomaly_type
2026-03-22 12:49:33,5.0,0.0,0.0,0.0,15.0,0.0,0.0,0.0,0.0,0.0,0.0,1.0,0.0,0.0,0.0,1.746,0.0,0.0,0.0,7.286,-399.0,0.0,7.22,220.0,0.0,0.0,4.986,105.0,0.091,1.0,0.683,0.0,4.956,201.0,0.0,0.0,0.0,0.0,4.981,60.0,23.1788,22.36077,22.4091,22.24263,23.62451,22.30528,22.2122,22.93894,22.54156,22.0,22.5,0.0,0.0,22.0,0.0,910.25,0.0,2.0,0.0,0.0,77.180115,77.180115,77.180115,77.180115,77.180115,77.180115,77.180115,77.180115,77.180115,77.180115,77.180115,77.180115,77.180115,77.180115,77.180115,77.180115,74.309649,74.309649,74.309649,74.309649,0.0,0.0,100.0,101.0,102.0,0.0,0.0,0.0,1588.3999999999999,523.53,996.1560000000001,298.86,True,False,
2026-03-22 12:49:34,5.0,0.0,0.0,0.0,16.0,0.0,0.0,0.0,0.0,0.0,0.0,1.0,0.0,0.0,0.0,1.746,0.0,0.0,0.0,7.286,-399.0,0.0,7.22,220.0,0.0,0.0,4.985,104.0,0.092,1.0,0.683,0.0,4.956,201.0,0.0,0.0,0.0,0.0,4.98,58.0,23.18238,22.37509,22.41984,22.24979,23.70506,22.30349,22.21578,22.95863,22.54693,22.5,22.5,0.0,0.0,22.0,0.0,910.25,0.0,2.0,0.0,0.0,77.180115,77.180115,77.180115,77.180115,77.180115,77.180115,77.180115,77.180115,77.180115,77.180115,77.180115,77.180115,77.180115,77.180115,77.180115,77.180115,74.309649,74.309649,74.309649,74.309649,0.0,0.0,100.0,101.0,102.0,0.0,0.0,1.0,1588.3999999999999,518.44,996.1560000000001,288.84000000000003,True,False,
2026-03-22 12:49:35,5.0,0.0,0.0,0.0,17.0,0.0,0.0,0.0,0.0,0.0,0.0,1.0,0.0,0.0,0.0,1.746,0.0,0.0,0.0,7.286,-399.0,0.0,7.22,220.0,0.0,0.0,4.986,100.0,0.093,1.0,0.685,0.0,4.956,180.0,0.0,0.0,0.0,0.0,4.98,58.0,23.18238,22.36256,22.41447,22.248,23.73191,22.3017,22.21399,22.964,22.5344,22.0,22.5,0.0,0.0,22.0,0.0,910.25,0.0,2.0,0.0,0.0,77.180115,77.180115,77.180115,77.180115,77.180115,77.180115,77.180115,77.180115,77.180115,77.180115,77.180115,77.180115,77.180115,77.180115,77.180115,77.180115,74.309649,74.309649,74.309649,74.309649,0.0,0.0,100.0,101.0,102.0,0.0,0.0,2.0,1588.3999999999999,498.59999999999997,892.08,288.84000000000003,True,False,
2026-03-22 12:49:36,5.0,0.0,0.0,0.0,18.0,0.0,0.0,0.0,0.0,0.0,0.0,1.0,0.0,0.0,0.0,1.746,0.0,0.0,0.0,7.286,-399.0,0.0,7.22,217.0,0.0,0.0,4.986,253.0,0.095,1.0,0.685,0.0,4.956,200.0,0.0,0.0,0.0,0.0,4.978,60.0,23.18775,22.36972,22.41984,22.23547,23.82678,22.29812,22.21578,22.99443,22.54335,22.5,22.5,0.0,0.0,22.0,0.0,910.25,0.0,2.0,0.0,0.0,77.180115,77.180115,77.180115,77.180115,77.180115,77.180115,77.180115,77.180115,77.180115,77.180115,77.180115,77.180115,77.180115,77.180115,77.180115,77.180115,74.309649,74.309649,74.309649,74.309649,0.0,0.0,100.0,101.0,102.0,0.0,0.0,3.0,1566.74,1261.4579999999999,991.2,298.68,True,False,
2026-03-22 12:49:37,5.0,0.0,0.0,0.0,19.0,0.0,0.0,0.0,0.0,0.0,0.0,1.0,0.0,0.0,0.0,1.746,1.0,0.0,0.0,7.286,-399.0,0.0,7.22,218.0,0.0,0.0,4.986,255.0,0.096,0.0,0.685,0.0,4.957,200.0,0.0,0.0,0.0,0.0,4.978,60.0,23.18417,22.37509,22.43058,22.24621,23.88048,22.3017,22.20325,23.00696,22.53798,22.5,22.5,0.0,0.0,22.0,0.0,910.25,0.0,2.0,0.0,0.0,77.180115,77.180115,77.180115,77.180115,77.180115,77.180115,77.180115,77.180115,77.180115,77.180115,77.180115,77.180115,77.180115,77.180115,77.180115,77.180115,74.309649,74.309649,74.309649,74.309649,0.0,0.0,100.0,101.0,102.0,0.0,0.0,4.0,1573.96,1271.4299999999998,991.4,298.68,True,False,
2026-03-22 12:49:38,5.0,0.0,0.0,0.0,,0.0,0.0,0.0,0.0,0.0,0.0,1.0,0.0,0.0,0.0,1.746,0.0,0.0,0.0,7.286,-399.0,0.0,7.218,221.0,0.0,0.0,4.987,100.0,0.097,0.0,0.682,0.0,4.955,188.0,0.0,0.0,0.0,0.0,4.978,60.0,23.18238,22.37509,22.43774,22.2301,23.9306,22.31065,22.20862,23.02307,22.54514,22.5,22.5,0.0,0.0,22.0,0.0,910.25,0.0,2.0,0.0,0.0,77.180115,77.180115,77.180115,77.180115,77.180115,77.180115,77.180115,77.180115,77.180115,77.180115,77.180115,77.180115,77.180115,77.180115,77.180115,77.180115,74.309649,74.309649,74.309649,74.309649,0.0,0.0,100.0,101.0,102.0,0.0,0.0,5.0,1595.1779999999999,498.7,931.54,298.68,True,False,
2026-03-22 12:49:39,5.0,0.0,0.0,0.0,,0.0,0.0,0.0,0.0,0.0,0.0,1.0,0.0,0.0,0.0,1.746,0.0,0.0,0.0,7.286,-399.0,0.0,7.218,218.0,0.0,0.0,4.987,101.0,0.098,0.0,0.683,0.0,4.957,195.0,0.0,0.0,0.0,0.0,4.981,39.0,23.18775,22.40015,22.45027,22.24263,24.02726,22.29812,22.20862,23.04455,22.54156,22.5,22.5,0.0,0.0,22.5,0.0,910.25,0.0,2.0,0.0,0.0,77.180115,77.180115,77.180115,77.180115,77.180115,77.180115,77.180115,77.180115,77.180115,77.180115,77.180115,77.180115,77.180115,77.180115,77.180115,77.180115,74.309649,74.309649,74.309649,74.309649,0.0,0.0,100.0,101.0,102.0,0.0,0.0,6.0,1573.524,503.687,966.615,194.259,True,False,
2026-03-22 12:49:40,5.0,0.0,0.0,0.0,,0.0,0.0,0.0,0.0,0.0,0.0,1.0,0.0,0.0,0.0,1.746,0.0,0.0,0.0,7.286,-399.0,0.0,7.218,221.0,0.0,0.0,4.986,255.0,0.1,0.0,0.685,0.0,4.957,191.0,0.0,0.0,0.0,0.0,4.98,39.0,23.18954,22.40731,22.44848,22.24442,24.10602,22.27664,22.20683,23.04992,22.55051,22.5,23.0,0.0,0.0,22.5,0.0,910.25,0.0,2.0,0.0,0.0,77.180115,77.180115,77.180115,77.180115,77.180115,77.180115,77.180115,77.180115,77.180115,77.180115,77.180115,77.180115,77.180115,77.180115,77.180115,77.180115,74.309649,74.309649,74.309649,74.309649,0.0,0.0,100.0,101.0,102.0,0.0,0.0,7.0,1595.1779999999999,1271.4299999999998,946.7869999999999,194.22000000000003,True,False,
2026-03-22 12:49:41,5.0,0.0,0.0,0.0,,0.0,0.0,0.0,0.0,0.0,0.0,1.0,0.0,0.0,0.0,1.746,0.0,0.0,0.0,7.286,-399.0,0.0,7.218,218.0,0.0,0.0,4.986,100.0,0.1,0.0,0.685,0.0,4.957,190.0,0.0,0.0,0.0,0.0,4.98,39.0,23.18954,22.39657,22.45206,22.24084,24.10244,22.29991,22.20862,23.06245,22.54693,22.5,23.0,0.0,0.0,22.5,0.0,910.25,0.0,2.0,0.0,0.0,77.180115,77.180115,77.180115,77.180115,77.180115,77.180115,77.180115,77.180115,77.180115,77.180115,77.180115,77.180115,77.180115,77.180115,77.180115,77.180115,74.309649,74.309649,74.309649,74.309649,0.0,0.0,100.0,101.0,102.0,0.0,0.0,8.0,1573.524,498.59999999999997,941.8299999999999,194.22000000000003,True,False,
2026-03-22 12:49:42,5.0,0.0,0.0,0.0,,0.0,0.0,0.0,0.0,0.0,0.0,1.0,0.0,0.0,0.0,1.746,0.0,0.0,0.0,7.286,-399.0,0.0,7.216,218.0,0.0,0.0,4.986,101.0,0.101,1.0,0.685,0.0,4.956,195.0,0.0,0.0,0.0,0.0,4.98,62.0,23.17522,22.4091,22.46459,22.23905,24.20268,22.30707,22.2122,23.08572,22.53977,22.5,23.0,0.0,0.0,22.5,0.0,910.25,0.0,2.0,0.0,0.0,77.180115,77.180115,77.180115,77.180115,77.180115,77.180115,77.180115,77.180115,77.180115,77.180115,77.180115,77.180115,77.180115,77.180115,77.180115,77.180115,74.309649,74.309649,74.309649,74.309649,0.0,0.0,100.0,101.0,102.0,0.0,0.0,9.0,1573.088,503.58599999999996,966.4200000000001,308.76000000000005,True,False,
2026-03-22 12:49:43,5.0,0.0,0.0,0.0,,0.0,0.0,0.0,0.0,0.0,0.0,1.0,0.0,0.0,0.0,1.746,0.0,0.0,0.0,7.286,-399.0,0.0,7.215,0.0,0.0,0.0,4.986,104.0,0.102,0.0,0.683,0.0,4.956,195.0,0.0,0.0,0.0,0.0,4.98,62.0,23.19491,22.41626,22.47712,22.24442,24.25817,22.30707,22.2122,23.10362,22.55051,22.5,23.0,0.0,0.0,22.5,0.0,910.25,0.0,2.0,0.0,0.0,77.180115,77.180115,77.180115,77.180115,77.180115,77.180115,77.180115,77.180115,77.180115,77.180115,77.180115,77.180115,77.180115,77.180115,77.180115,77.180115,74.309649,74.309649,74.309649,74.309649,0.0,0.0,100.0,101.0,102.0,0.0,0.0,10.0,0.0,518.544,966.4200000000001,308.76000000000005,True,False,
2026-03-22 12:49:44,5.0,0.0,0.0,0.0,20.0,0.0,0.0,0.0,0.0,0.0,0.0,1.0,0.0,0.0,0.0,1.746,0.0,0.0,0.0,7.286,-399.0,0.0,7.215,222.0,0.0,0.0,4.986,104.0,0.102,1.0,0.685,0.0,4.957,197.0,0.0,0.0,0.0,0.0,4.981,60.0,23.1967,22.427,22.47354,22.24979,24.32619,22.30528,22.20504,23.11257,22.55051,22.5,23.0,0.0,0.0,22.5,0.0,910.25,0.0,2.0,0.0,0.0,77.180115,77.180115,77.180115,77.180115,77.180115,77.180115,77.180115,77.180115,77.180115,77.180115,77.180115,77.180115,77.180115,77.180115,77.180115,77.180115,74.309649,74.309649,74.309649,74.309649,0.0,0.0,100.0,101.0,102.0,0.0,0.0,11.0,1601.73,518.544,976.529,298.86,True,False,
2026-03-22 12:49:45,5.0,0.0,0.0,0.0,21.0,0.0,0.0,0.0,0.0,0.0,0.0,1.0,0.0,0.0,0.0,1.746,0.0,0.0,0.0,7.286,-399.0,0.0,7.218,223.0,0.0,0.0,4.986,100.0,0.102,1.0,0.683,0.0,4.957,202.0,0.0,0.0,0.0,0.0,4.981,60.0,23.18954,22.42521,22.4807,22.24442,24.35304,22.3017,22.20504,23.11973,22.54693,22.5,23.0,0.0,0.0,22.5,0.0,910.25,0.0,2.0,0.0,0.0,77.180115,77.180115,77.180115,77.180115,77.180115,77.180115,77.180115,77.180115,77.180115,77.180115,77.180115,77.180115,77.180115,77.180115,77.180115,77.180115,74.309649,74.309649,74.309649,74.309649,0.0,0.0,100.0,101.0,102.0,0.0,0.0,12.0,1609.614,498.59999999999997,1001.314,298.86,True,False,
2026-03-22 12:49:46,5.0,0.0,0.0,0.0,22.0,0.0,0.0,0.0,0.0,0.0,0.0,1.0,0.0,0.0,0.0,1.746,0.0,0.0,0.0,7.286,-399.0,0.0,7.22,218.0,0.0,0.0,4.987,101.0,0.103,0.0,0.683,0.0,4.955,200.0,0.0,0.0,0.0,0.0,4.978,58.0,23.18775,22.43595,22.4807,22.25158,24.46402,22.30528,22.20862,23.143,22.54514,22.5,23.0,0.0,0.0,22.5,0.0,910.25,0.0,2.0,0.0,0.0,77.180115,77.180115,77.180115,77.180115,77.180115,77.180115,77.180115,77.180115,77.180115,77.180115,77.180115,77.180115,77.180115,77.180115,77.180115,77.180115,74.309649,74.309649,74.309649,74.309649,0.0,0.0,100.0,101.0,102.0,0.0,0.0,13.0,1573.96,503.687,991.0,288.724,True,False,
2026-03-22 12:49:47,5.0,0.0,0.0,0.0,23.0,0.0,0.0,0.0,0.0,0.0,0.0,1.0,0.0,0.0,0.0,1.746,0.0,0.0,0.0,7.286,-399.0,0.0,7.218,218.0,0.0,0.0,4.987,100.0,0.105,0.0,0.683,0.0,4.956,201.0,0.0,0.0,0.0,0.0,4.978,58.0,23.18775,22.43416,22.48786,22.25158,24.49445,22.29812,22.21041,23.15016,22.54693,22.5,23.0,0.0,0.0,22.5,0.0,910.25,0.0,2.0,0.0,0.0,77.180115,77.180115,77.180115,77.180115,77.180115,77.180115,77.180115,77.180115,77.180115,77.180115,77.180115,77.180115,77.180115,77.180115,77.180115,77.180115,74.309649,74.309649,74.309649,74.309649,0.0,0.0,100.0,101.0,102.0,0.0,0.0,14.0,1573.524,498.7,996.1560000000001,288.724,True,False,
2026-03-22 12:49:48,5.0,0.0,0.0,0.0,24.0,0.0,0.0,0.0,0.0,0.0,0.0,1.0,0.0,0.0,0.0,1.746,0.0,0.0,0.0,7.286,-399.0,0.0,7.22,221.0,0.0,0.0,4.986,100.0,0.105,1.0,0.683,0.0,4.956,200.0,0.0,0.0,0.0,0.0,4.98,61.0,23.19491,22.44311,22.48965,22.248,24.57321,22.31065,22.2122,23.17522,22.55588,22.5,23.0,0.0,0.0,22.5,0.0,910.25,0.0,2.0,0.0,0.0,77.180115,77.180115,77.180115,77.180115,77.180115,77.180115,77.180115,77.180115,77.180115,77.180115,77.180115,77.180115,77.180115,77.180115,77.180115,77.180115,74.309649,74.309649,74.309649,74.309649,0.0,0.0,100.0,101.0,102.0,0.0,0.0,15.0,1595.62,498.59999999999997,991.2,303.78000000000003,True,False,
2026-03-22 12:49:49,5.0,0.0,0.0,0.0,25.0,0.0,0.0,0.0,0.0,0.0,0.0,1.0,0.0,0.0,0.0,1.746,0.0,0.0,0.0,7.286,-399.0,0.0,7.217,222.0,0.0,0.0,4.986,101.0,0.105,0.0,0.685,0.0,4.956,182.0,0.0,0.0,0.0,0.0,4.98,61.0,23.18954,22.45206,22.49144,22.248,24.59827,22.31244,22.21399,23.18238,22.54872,22.5,23.0,0.0,0.0,22.5,0.0,910.25,0.0,2.0,0.0,0.0,77.180115,77.180115,77.180115,77.180115,77.180115,77.180115,77.180115,77.180115,77.180115,77.180115,77.180115,77.180115,77.180115,77.180115,77.180115,77.180115,74.309649,74.309649,74.309649,74.309649,0.0,0.0,100.0,101.0,102.0,0.0,0.0,16.0,1602.174,503.58599999999996,901.9920000000001,303.78000000000003,True,False,
2026-03-22 12:49:50,5.0,0.0,0.0,0.0,25.0,0.0,0.0,0.0,0.0,0.0,0.0,1.0,0.0,0.0,0.0,1.746,0.0,0.0,0.0,7.286,-399.0,0.0,7.216,218.0,0.0,0.0,4.985,100.0,0.105,0.0,0.683,0.0,4.955,201.0,0.0,0.0,0.0,0.0,4.98,61.0,23.19133,22.44132,22.50039,22.24442,24.58574,22.30349,22.22115,23.18238,22.54872,22.5,23.0,0.0,0.0,22.5,0.0,910.25,0.0,2.0,0.0,0.0,77.180115,77.180115,77.180115,77.180115,77.180115,77.180115,77.180115,77.180115,77.180115,77.180115,77.180115,77.180115,77.180115,77.180115,77.180115,77.180115,74.309649,74.309649,74.309649,74.309649,0.0,0.0,100.0,101.0,102.0,0.0,0.0,17.0,1573.088,498.50000000000006,995.955,303.78000000000003,True,False,
2026-03-22 12:49:51,5.0,0.0,0.0,0.0,27.0,0.0,0.0,0.0,0.0,0.0,0.0,1.0,0.0,0.0,0.0,1.746,0.0,0.0,0.0,7.286,-399.0,0.0,7.217,218.0,0.0,0.0,4.986,101.0,0.106,1.0,0.683,0.0,4.957,201.0,0.0,0.0,0.0,0.0,4.981,60.0,23.19491,22.45743,22.51113,22.24979,24.70925,22.30707,22.21041,23.21102,22.54872,22.5,23.0,0.0,0.0,22.5,0.0,910.25,0.0,2.0,0.0,0.0,77.180115,77.180115,77.180115,77.180115,77.180115,77.180115,77.180115,77.180115,77.180115,77.180115,77.180115,77.180115,77.180115,77.180115,77.180115,77.180115,74.309649,74.309649,74.309649,74.309649,0.0,0.0,100.0,101.0,102.0,0.0,0.0,18.0,1573.3059999999998,503.58599999999996,996.357,298.86,True,False,
2026-03-22 12:49:52,5.0,0.0,0.0,0.0,28.0,0.0,0.0,0.0,0.0,0.0,0.0,1.0,0.0,0.0,0.0,1.746,0.0,0.0,0.0,7.286,-399.0,0.0,7.218,220.0,0.0,0.0,4.987,102.0,0.105,1.0,0.685,0.0,4.956,188.0,0.0,0.0,0.0,0.0,4.981,60.0,23.19849,22.46459,22.51471,22.25337,24.73968,22.30349,22.21041,23.2146,22.54872,22.5,23.5,0.0,0.0,22.5,0.0,910.25,0.0,2.0,0.0,0.0,77.180115,77.180115,77.180115,77.180115,77.180115,77.180115,77.180115,77.180115,77.180115,77.180115,77.180115,77.180115,77.180115,77.180115,77.180115,77.180115,74.309649,74.309649,74.309649,74.309649,0.0,0.0,100.0,101.0,102.0,0.0,0.0,19.0,1587.96,508.67400000000004,931.7280000000001,298.86,True,False,
2026-03-22 12:49:53,5.0,0.0,0.0,0.0,29.0,0.0,0.0,0.0,0.0,0.0,0.0,1.0,0.0,0.0,0.0,1.746,0.0,0.0,0.0,7.286,-399.0,0.0,7.213,218.0,0.0,0.0,4.986,101.0,0.106,0.0,0.683,0.0,4.957,191.0,0.0,0.0,0.0,0.0,4.98,58.0,23.19491,22.46817,22.52008,22.248,24.79696,22.3017,22.20683,23.23608,22.55409,22.5,23.5,0.0,0.0,22.5,0.0,910.25,0.0,2.0,0.0,0.0,77.180115,77.180115,77.180115,77.180115,77.180115,77.180115,77.180115,77.180115,77.180115,77.180115,77.180115,77.180115,77.180115,77.180115,77.180115,77.180115,74.309649,74.309649,74.309649,74.309649,0.0,0.0,100.0,101.0,102.0,0.0,0.0,20.0,1572.434,503.58599999999996,946.7869999999999,288.84000000000003,True,False,
2026-03-22 12:49:54,5.0,0.0,0.0,0.0,,0.0,0.0,0.0,0.0,0.0,0.0,1.0,0.0,0.0,0.0,1.746,0.0,0.0,0.0,7.286,-399.0,0.0,7.218,221.0,0.0,0.0,4.986,101.0,0.105,0.0,0.683,0.0,4.957,190.0,0.0,0.0,0.0,0.0,4.98,58.0,23.19133,22.46996,22.52545,22.25158,24.84708,22.3017,22.22115,23.24324,22.55409,22.5,23.5,0.0,0.0,22.5,0.0,910.25,0.0,2.0,0.0,0.0,77.180115,77.180115,77.180115,77.180115,77.180115,77.180115,77.180115,77.180115,77.180115,77.180115,77.180115,77.180115,77.180115,77.180115,77.180115,77.180115,74.309649,74.309649,74.309649,74.309649,0.0,0.0,100.0,101.0,102.0,0.0,0.0,21.0,1595.1779999999999,503.58599999999996,941.8299999999999,288.84000000000003,True,False,
2026-03-22 12:49:55,5.0,0.0,0.0,0.0,,0.0,0.0,0.0,0.0,0.0,0.0,1.0,0.0,0.0,0.0,1.746,0.0,0.0,0.0,7.286,-399.0,0.0,7.218,222.0,0.0,0.0,4.987,102.0,0.107,1.0,0.685,0.0,4.955,187.0,0.0,0.0,0.0,0.0,4.98,63.0,23.19312,22.47712,22.51829,22.25158,24.89541,22.30528,22.21578,23.25219,22.56304,22.5,23.5,0.0,0.0,22.5,0.0,910.25,0.0,2.0,0.0,0.0,77.180115,77.180115,77.180115,77.180115,77.180115,77.180115,77.180115,77.180115,77.180115,77.180115,77.180115,77.180115,77.180115,77.180115,77.180115,77.180115,74.309649,74.309649,74.309649,74.309649,0.0,0.0,100.0,101.0,102.0,0.0,0.0,22.0,1602.396,508.67400000000004,926.585,313.74,True,False,
2026-03-22 12:49:56,5.0,0.0,0.0,0.0,,0.0,0.0,0.0,0.0,0.0,0.0,1.0,0.0,0.0,0.0,1.746,1.0,0.0,0.0,7.286,-399.0,0.0,7.218,218.0,0.0,0.0,4.987,101.0,0.107,0.0,0.683,0.0,4.957,183.0,0.0,0.0,0.0,0.0,4.98,58.0,23.19491,22.48965,22.53261,22.24979,24.96164,22.29812,22.21757,23.27725,22.54514,22.5,23.5,0.0,0.0,22.5,0.0,910.25,0.0,2.0,0.0,0.0,77.180115,77.180115,77.180115,77.180115,77.180115,77.180115,77.180115,77.180115,77.180115,77.180115,77.180115,77.180115,77.180115,77.180115,77.180115,77.180115,74.309649,74.309649,74.309649,74.309649,0.0,0.0,100.0,101.0,102.0,0.0,0.0,23.0,1573.524,503.687,907.131,288.84000000000003,True,False,
2026-03-22 12:49:57,5.0,0.0,0.0,0.0,,0.0,0.0,1.0,0.0,0.0,0.0,1.0,0.0,0.0,0.0,1.746,0.0,0.0,0.0,7.286,-399.0,0.0,7.215,217.0,0.0,0.0,4.986,101.0,0.107,0.0,0.683,0.0,4.956,186.0,0.0,0.0,0.0,0.0,4.98,58.0,23.1788,22.49144,22.54335,22.248,25.00997,22.29991,22.22294,23.28441,22.55588,22.5,23.5,0.0,0.0,22.5,0.0,910.25,0.0,2.0,0.0,0.0,77.180115,77.180115,77.180115,77.180115,77.180115,77.180115,77.180115,77.180115,77.180115,77.180115,77.180115,77.180115,77.180115,77.180115,77.180115,77.180115,74.309649,74.309649,74.309649,74.309649,0.0,0.0,100.0,101.0,102.0,0.0,0.0,24.0,1565.655,503.58599999999996,921.816,288.84000000000003,True,False,
2026-03-22 12:49:58,5.0,0.0,0.0,0.0,,0.0,0.0,1.0,0.0,0.0,0.0,1.0,0.0,0.0,0.0,1.746,0.0,0.0,0.0,7.286,-399.0,0.0,7.217,0.0,0.0,0.0,4.986,105.0,0.107,1.0,0.683,0.0,4.955,190.0,0.0,0.0,0.0,0.0,4.98,58.0,23.19312,22.49502,22.54872,22.26053,24.99744,22.30349,22.21399,23.28978,22.54872,22.5,23.5,0.0,0.0,22.5,0.0,910.25,0.0,2.0,0.0,0.0,77.180115,77.180115,77.180115,77.180115,77.180115,77.180115,77.180115,77.180115,77.180115,77.180115,77.180115,77.180115,77.180115,77.180115,77.180115,77.180115,74.309649,74.309649,74.309649,74.309649,0.0,0.0,100.0,101.0,102.0,0.0,0.0,25.0,0.0,523.53,941.45,288.84000000000003,True,False,
2026-03-22 12:49:59,5.0,0.0,0.0,0.0,,0.0,0.0,1.0,0.0,0.0,0.0,1.0,0.0,0.0,0.0,1.746,0.0,0.0,0.0,7.286,-399.0,0.0,7.215,0.0,0.0,0.0,4.986,105.0,0.107,1.0,0.683,0.0,4.955,191.0,0.0,0.0,0.0,0.0,4.98,39.0,23.18596,22.48965,22.55051,22.25516,25.05114,22.29812,22.21578,23.3041,22.55767,22.5,23.5,0.0,0.0,22.5,0.0,910.25,,2.0,0.0,0.0,77.180115,77.180115,77.180115,77.180115,77.180115,77.180115,77.180115,77.180115,77.180115,77.180115,77.180115,77.180115,77.180115,77.180115,77.180115,77.180115,74.309649,74.309649,74.309649,74.309649,0.0,0.0,100.0,101.0,102.0,0.0,0.0,26.0,0.0,523.53,946.405,194.22000000000003,True,False,
2026-03-22 12:50:00,5.0,0.0,0.0,0.0,30.0,0.0,0.0,1.0,0.0,0.0,0.0,1.0,0.0,0.0,0.0,1.746,0.0,0.0,0.0,7.286,-399.0,0.0,7.217,223.0,0.0,0.0,4.986,104.0,0.107,1.0,0.685,0.0,4.958,200.0,0.0,0.0,0.0,0.0,4.98,62.0,23.18775,22.50755,22.55409,22.25516,25.11737,22.31244,22.22115,23.32379,22.55946,22.5,23.5,0.0,0.0,22.5,0.0,910.25,,2.0,0.0,0.0,77.180115,77.180115,77.180115,77.180115,77.180115,77.180115,77.180115,77.180115,77.180115,77.180115,77.180115,77.180115,77.180115,77.180115,77.180115,77.180115,74.309649,74.309649,74.309649,74.309649,0.0,0.0,100.0,101.0,102.0,0.0,0.0,27.0,1609.3909999999998,518.544,991.6,308.76000000000005,True,False,
2026-03-22 12:50:01,5.0,0.0,0.0,0.0,31.0,0.0,0.0,1.0,0.0,0.0,0.0,1.0,0.0,0.0,0.0,1.746,0.0,0.0,0.0,7.286,-399.0,0.0,7.213,223.0,0.0,0.0,4.985,105.0,0.108,1.0,0.683,0.0,4.956,192.0,0.0,0.0,0.0,0.0,4.98,62.0,23.19491,22.50218,22.5523,22.26053,25.14601,22.30886,22.21757,23.33095,22.55409,22.5,23.5,0.0,0.0,22.5,0.0,910.25,,2.0,0.0,0.0,77.180115,77.180115,77.180115,77.180115,77.180115,77.180115,77.180115,77.180115,77.180115,77.180115,77.180115,77.180115,77.180115,77.180115,77.180115,77.180115,74.309649,74.309649,74.309649,74.309649,0.0,0.0,100.0,101.0,102.0,0.0,0.0,28.0,1608.499,523.4250000000001,951.5520000000001,308.76000000000005,True,False,
2026-03-22 12:50:02,5.0,0.0,0.0,0.0,32.0,0.0,0.0,1.0,0.0,0.0,0.0,1.0,0.0,0.0,0.0,1.746,0.0,0.0,0.0,7.286,-399.0,0.0,7.217,223.0,0.0,0.0,4.986,106.0,0.106,0.0,0.683,0.0,4.958,203.0,0.0,0.0,0.0,0.0,4.978,58.0,23.20028,22.51471,22.55767,22.2659,25.20866,22.30349,22.21936,23.34527,22.56125,22.5,23.5,0.0,0.0,22.5,0.0,910.25,,2.0,0.0,0.0,77.180115,77.180115,77.180115,77.180115,77.180115,77.180115,77.180115,77.180115,77.180115,77.180115,77.180115,77.180115,77.180115,77.180115,77.180115,77.180115,74.309649,74.309649,74.309649,74.309649,0.0,0.0,100.0,101.0,102.0,0.0,0.0,29.0,1609.3909999999998,528.516,1006.474,288.724,True,False,
2026-03-22 12:50:03,5.0,0.0,0.0,0.0,33.0,0.0,0.0,1.0,0.0,0.0,0.0,1.0,0.0,0.0,0.0,1.746,0.0,0.0,0.0,7.286,-399.0,0.0,7.218,223.0,0.0,0.0,4.986,105.0,0.107,0.0,0.685,0.0,4.957,201.0,0.0,0.0,0.0,0.0,4.978,58.0,23.1967,22.52366,22.56125,22.25695,25.24804,22.31602,22.21936,23.36138,22.54872,22.5,23.5,0.0,0.0,22.5,0.0,910.25,,2.0,0.0,0.0,77.180115,77.180115,77.180115,77.180115,77.180115,77.180115,77.180115,77.180115,77.180115,77.180115,77.180115,77.180115,77.180115,77.180115,77.180115,77.180115,74.309649,74.309649,74.309649,74.309649,0.0,0.0,100.0,101.0,102.0,0.0,0.0,30.0,1609.614,523.53,996.357,288.724,True,False,
2026-03-22 12:50:04,5.0,0.0,0.0,0.0,34.0,0.0,0.0,1.0,0.0,0.0,0.0,1.0,0.0,0.0,0.0,1.746,0.0,0.0,0.0,7.286,-399.0,0.0,7.212,0.0,0.0,0.0,4.986,105.0,0.108,0.0,0.683,0.0,4.955,193.0,0.0,0.0,0.0,0.0,4.978,58.0,23.18775,22.51829,22.57378,22.26053,25.26952,22.3017,22.21578,23.35064,22.56125,22.5,23.5,0.0,0.0,22.5,0.0,910.25,,2.0,0.0,0.0,77.180115,77.180115,77.180115,77.180115,77.180115,77.180115,77.180115,77.180115,77.180115,77.180115,77.180115,77.180115,77.180115,77.180115,77.180115,77.180115,74.309649,74.309649,74.309649,74.309649,0.0,0.0,100.0,101.0,102.0,0.0,0.0,31.0,0.0,523.53,956.315,288.724,True,False,
2026-03-22 12:50:05,5.0,0.0,0.0,0.0,35.0,0.0,0.0,1.0,0.0,0.0,0.0,1.0,0.0,0.0,0.0,1.746,0.0,0.0,0.0,7.286,-399.0,0.0,7.216,0.0,0.0,0.0,4.986,104.0,0.108,0.0,0.683,1.0,4.957,201.0,0.0,0.0,0.0,0.0,4.98,58.0,23.20028,22.52724,22.57199,22.25337,25.33396,22.31781,22.22473,23.37928,22.56483,22.5,23.5,0.0,0.0,22.5,0.0,910.25,,2.0,0.0,0.0,77.180115,77.180115,77.180115,77.180115,77.180115,77.180115,77.180115,77.180115,77.180115,77.180115,77.180115,77.180115,77.180115,77.180115,77.180115,77.180115,74.309649,74.309649,74.309649,74.309649,0.0,0.0,100.0,101.0,102.0,0.0,0.0,32.0,0.0,518.544,996.357,288.84000000000003,True,False,
2026-03-22 12:50:06,5.0,0.0,0.0,0.0,36.0,0.0,0.0,1.0,0.0,0.0,0.0,1.0,0.0,0.0,0.0,1.746,0.0,0.0,0.0,7.286,-399.0,0.0,7.216,222.0,0.0,0.0,4.986,105.0,0.107,1.0,0.685,0.0,4.956,196.0,0.0,0.0,0.0,0.0,4.98,58.0,23.20386,22.52903,22.57557,22.25695,25.33396,22.30707,22.22115,23.38286,22.56483,22.5,23.5,0.0,0.0,22.5,0.0,910.25,,2.0,0.0,0.0,77.180115,77.180115,77.180115,77.180115,77.180115,77.180115,77.180115,77.180115,77.180115,77.180115,77.180115,77.180115,77.180115,77.180115,77.180115,77.180115,74.309649,74.309649,74.309649,74.309649,0.0,0.0,100.0,101.0,102.0,0.0,0.0,33.0,1601.952,523.53,971.3760000000001,288.84000000000003,True,False,
2026-03-22 12:50:07,5.0,0.0,0.0,0.0,37.0,0.0,0.0,1.0,0.0,0.0,0.0,1.0,0.0,0.0,0.0,1.746,1.0,0.0,0.0,7.286,-399.0,0.0,7.216,222.0,0.0,0.0,4.986,105.0,0.107,0.0,0.685,0.0,4.957,197.0,0.0,0.0,0.0,0.0,4.98,58.0,23.19849,22.53082,22.58631,22.25158,25.38587,22.31423,22.22115,23.39897,22.56662,22.5,24.0,0.0,0.0,22.5,0.0,910.25,,2.0,0.0,0.0,77.180115,77.180115,77.180115,77.180115,77.180115,77.180115,77.180115,77.180115,77.180115,77.180115,77.180115,77.180115,77.180115,77.180115,77.180115,77.180115,74.309649,74.309649,74.309649,74.309649,0.0,0.0,100.0,101.0,102.0,0.0,0.0,34.0,1601.952,523.53,976.529,288.84000000000003,True,False,
2026-03-22 12:50:08,5.0,0.0,0.0,0.0,38.0,0.0,0.0,1.0,0.0,0.0,0.0,1.0,0.0,0.0,0.0,1.746,0.0,0.0,0.0,7.286,-399.0,0.0,7.217,0.0,0.0,0.0,4.986,106.0,0.107,1.0,0.685,0.0,4.957,196.0,0.0,0.0,0.0,0.0,4.981,58.0,23.1967,22.53619,22.5881,22.25337,25.44494,22.3017,22.22294,23.40971,22.56483,22.5,24.0,0.0,0.0,22.5,0.0,910.25,,2.0,0.0,0.0,77.180115,77.180115,77.180115,77.180115,77.180115,77.180115,77.180115,77.180115,77.180115,77.180115,77.180115,77.180115,77.180115,77.180115,77.180115,77.180115,74.309649,74.309649,74.309649,74.309649,0.0,0.0,100.0,101.0,102.0,0.0,0.0,35.0,0.0,528.516,971.572,288.89799999999997,True,False,
2026-03-22 12:50:09,5.0,0.0,0.0,0.0,39.0,0.0,0.0,1.0,0.0,0.0,0.0,1.0,0.0,0.0,0.0,1.746,0.0,0.0,0.0,7.286,-399.0,0.0,7.213,0.0,0.0,0.0,4.985,106.0,0.108,0.0,0.683,0.0,4.956,193.0,0.0,0.0,0.0,0.0,4.981,58.0,23.19849,22.54514,22.59526,22.26948,25.4879,22.3017,22.21936,23.42045,22.56304,22.5,24.0,0.0,0.0,22.5,0.0,910.25,,2.0,0.0,0.0,77.180115,77.180115,77.180115,77.180115,77.180115,77.180115,77.180115,77.180115,77.180115,77.180115,77.180115,77.180115,77.180115,77.180115,77.180115,77.180115,74.309649,74.309649,74.309649,74.309649,0.0,0.0,100.0,101.0,102.0,0.0,0.0,36.0,0.0,528.4100000000001,956.508,288.89799999999997,True,False,
2026-03-22 12:50:10,5.0,0.0,0.0,0.0,,0.0,0.0,1.0,0.0,0.0,0.0,1.0,0.0,0.0,0.0,1.746,0.0,0.0,0.0,7.286,-399.0,0.0,7.215,0.0,0.0,0.0,4.986,250.0,0.107,1.0,0.685,0.0,4.957,192.0,0.0,0.0,0.0,0.0,4.98,60.0,23.19849,22.5523,22.59526,22.25874,25.52549,22.31065,22.2122,23.4294,22.56483,22.5,24.0,0.0,0.0,22.5,0.0,910.25,,2.0,0.0,0.0,77.180115,77.180115,77.180115,77.180115,77.180115,77.180115,77.180115,77.180115,77.180115,77.180115,77.180115,77.180115,77.180115,77.180115,77.180115,77.180115,74.309649,74.309649,74.309649,74.309649,0.0,0.0,100.0,101.0,102.0,0.0,0.0,37.0,0.0,1246.5,951.7439999999999,298.8,True,False,
2026-03-22 12:50:11,5.0,0.0,0.0,0.0,,0.0,0.0,1.0,0.0,0.0,0.0,1.0,0.0,0.0,0.0,1.746,0.0,0.0,0.0,7.286,-399.0,0.0,7.216,222.0,0.0,0.0,4.986,255.0,0.11,0.0,0.683,0.0,4.958,200.0,0.0,0.0,0.0,0.0,4.98,60.0,23.20386,22.54514,22.60063,22.25874,25.57561,22.31602,22.22652,23.43298,22.57557,22.5,24.0,0.0,0.0,22.5,0.0,910.25,,2.0,0.0,0.0,77.180115,77.180115,77.180115,77.180115,77.180115,77.180115,77.180115,77.180115,77.180115,77.180115,77.180115,77.180115,77.180115,77.180115,77.180115,77.180115,74.309649,74.309649,74.309649,74.309649,0.0,0.0,100.0,101.0,102.0,0.0,0.0,38.0,1601.952,1271.4299999999998,991.6,298.8,True,False,
2026-03-22 12:50:12,5.0,0.0,0.0,1.0,0.0,0.0,0.0,1.0,0.0,0.0,0.0,1.0,0.0,0.0,0.0,1.746,1.0,0.0,0.0,7.286,-399.0,0.0,7.216,0.0,0.0,0.0,4.987,248.0,0.108,1.0,0.683,0.0,4.957,198.0,0.0,0.0,0.0,0.0,4.98,60.0,23.1967,22.55588,22.60242,22.25516,25.58635,22.31065,22.23189,23.4473,22.56662,22.5,24.0,0.0,0.0,22.5,0.0,910.25,,2.0,0.0,0.0,77.180115,77.180115,77.180115,77.180115,77.180115,77.180115,77.180115,77.180115,77.180115,77.180115,77.180115,77.180115,77.180115,77.180115,77.180115,77.180115,74.309649,74.309649,74.309649,74.309649,0.0,0.0,100.0,101.0,102.0,0.0,0.0,39.0,0.0,1236.776,981.486,298.8,True,False,
2026-03-22 12:50:13,5.0,0.0,0.0,1.0,1.0,0.0,0.0,1.0,0.0,0.0,0.0,1.0,0.0,0.0,0.0,1.746,0.0,0.0,0.0,7.286,-399.0,0.0,7.217,0.0,0.0,0.0,4.986,107.0,0.108,0.0,0.683,0.0,4.955,193.0,0.0,0.0,0.0,0.0,4.98,58.0,23.19849,22.56841,22.606,22.2659,25.6311,22.31244,22.22473,23.46341,22.5702,22.5,24.0,0.0,0.0,22.5,0.0,910.25,,2.0,0.0,0.0,77.180115,77.180115,77.180115,77.180115,77.180115,77.180115,77.180115,77.180115,77.180115,77.180115,77.180115,77.180115,77.180115,77.180115,77.180115,77.180115,74.309649,74.309649,74.309649,74.309649,0.0,0.0,100.0,101.0,102.0,0.0,0.0,40.0,0.0,533.502,956.315,288.84000000000003,True,False,
2026-03-22 12:50:14,5.0,0.0,0.0,1.0,2.0,0.0,0.0,1.0,0.0,0.0,0.0,1.0,0.0,0.0,0.0,1.746,0.0,0.0,0.0,7.286,-399.0,0.0,7.217,0.0,0.0,0.0,4.986,107.0,0.108,1.0,0.685,0.0,4.955,195.0,0.0,0.0,0.0,0.0,4.977,60.0,23.19312,22.56841,22.61495,22.26232,25.649,22.31781,22.21936,23.4652,22.55409,22.5,24.0,0.0,0.0,22.5,0.0,910.25,,2.0,0.0,0.0,77.180115,77.180115,77.180115,77.180115,77.180115,77.180115,77.180115,77.180115,77.180115,77.180115,77.180115,77.180115,77.180115,77.180115,77.180115,77.180115,74.309649,74.309649,74.309649,74.309649,0.0,0.0,100.0,101.0,102.0,0.0,0.0,41.0,0.0,533.502,966.225,298.62,True,False,
2026-03-22 12:50:15,5.0,0.0,0.0,1.0,3.0,0.0,0.0,1.0,0.0,0.0,0.0,1.0,0.0,0.0,0.0,1.746,0.0,0.0,0.0,7.286,-399.0,0.0,7.215,0.0,0.0,0.0,4.986,105.0,0.108,0.0,0.683,0.0,4.957,201.0,0.0,0.0,0.0,0.0,4.977,60.0,23.20207,22.56841,22.606,22.26769,25.68838,22.31065,22.21936,23.47057,22.57557,22.5,24.0,0.0,0.0,22.5,0.0,910.25,,2.0,0.0,0.0,77.180115,77.180115,77.180115,77.180115,77.180115,77.180115,77.180115,77.180115,77.180115,77.180115,77.180115,77.180115,77.180115,77.180115,77.180115,77.180115,74.309649,74.309649,74.309649,74.309649,0.0,0.0,100.0,101.0,102.0,0.0,0.0,42.0,0.0,523.53,996.357,298.62,True,False,
2026-03-22 12:50:16,5.0,0.0,0.0,1.0,4.0,0.0,0.0,1.0,0.0,0.0,0.0,1.0,0.0,0.0,0.0,1.746,0.0,0.0,0.0,7.286,-399.0,0.0,7.215,215.0,0.0,0.0,4.987,106.0,0.11,1.0,0.683,0.0,4.957,203.0,0.0,0.0,0.0,0.0,4.977,60.0,23.19133,22.57736,22.62569,22.26948,25.71881,22.30528,22.22294,23.48668,22.57736,22.5,24.0,0.0,0.0,22.5,0.0,910.25,,2.0,0.0,0.0,77.180115,77.180115,77.180115,77.180115,77.180115,77.180115,77.180115,77.180115,77.180115,77.180115,77.180115,77.180115,77.180115,77.180115,77.180115,77.180115,74.309649,74.309649,74.309649,74.309649,0.0,0.0,100.0,101.0,102.0,0.0,0.0,43.0,1551.225,528.622,1006.271,298.62,True,False,
2026-03-22 12:50:17,5.0,0.0,0.0,1.0,5.0,0.0,0.0,1.0,0.0,0.0,0.0,1.0,0.0,0.0,0.0,1.746,0.0,0.0,0.0,7.286,-399.0,0.0,7.215,0.0,0.0,0.0,4.985,110.0,0.108,0.0,0.685,0.0,4.956,196.0,0.0,0.0,0.0,0.0,4.981,58.0,23.20744,22.58094,22.62927,22.27485,25.78146,22.3196,22.22473,23.49205,22.5702,22.5,24.0,0.0,0.0,23.0,0.0,910.25,,2.0,0.0,0.0,77.180115,77.180115,77.180115,77.180115,77.180115,77.180115,77.180115,77.180115,77.180115,77.180115,77.180115,77.180115,77.180115,77.180115,77.180115,77.180115,74.309649,74.309649,74.309649,74.309649,0.0,0.0,100.0,101.0,102.0,0.0,0.0,44.0,0.0,548.35,971.3760000000001,288.89799999999997,True,False,
2026-03-22 12:50:18,5.0,0.0,0.0,1.0,6.0,0.0,0.0,1.0,0.0,0.0,0.0,1.0,0.0,0.0,0.0,1.746,0.0,0.0,0.0,7.286,-399.0,0.0,7.216,0.0,0.0,0.0,4.986,106.0,0.11,1.0,0.683,0.0,4.955,202.0,0.0,0.0,0.0,0.0,4.981,58.0,23.19312,22.58452,22.61853,22.27127,25.78146,22.30528,22.22473,23.50458,22.57915,22.5,24.0,0.0,0.0,23.0,0.0,910.25,,2.0,0.0,0.0,77.180115,77.180115,77.180115,77.180115,77.180115,77.180115,77.180115,77.180115,77.180115,77.180115,77.180115,77.180115,77.180115,77.180115,77.180115,77.180115,74.309649,74.309649,74.309649,74.309649,0.0,0.0,100.0,101.0,102.0,0.0,0.0,45.0,0.0,528.516,1000.91,288.89799999999997,True,False,
2026-03-22 12:50:19,5.0,0.0,0.0,1.0,7.0,0.0,0.0,2.0,0.0,0.0,0.0,1.0,1.0,0.0,0.0,1.746,0.0,0.0,0.0,7.286,-399.0,0.0,7.203,286.0,0.0,0.0,4.985,268.0,5.001,51.0,0.683,0.0,4.953,198.0,0.0,0.0,0.0,0.0,4.981,43.0,23.20207,22.5881,22.63643,22.26948,25.85127,22.31602,22.22115,23.52427,22.57736,22.5,24.0,0.0,0.0,23.0,0.0,910.25,,2.0,0.0,0.0,77.180115,77.180115,77.180115,77.180115,77.180115,77.180115,77.180115,77.180115,77.180115,77.180115,77.180115,77.180115,77.180115,77.180115,77.180115,77.180115,74.309649,74.309649,74.309649,74.309649,0.0,0.0,100.0,101.0,102.0,0.0,0.0,46.0,2060.058,1335.98,980.6940000000001,214.183,True,False,
2026-03-22 12:50:20,5.0,0.0,0.0,1.0,8.0,0.0,0.0,2.0,0.0,0.0,0.0,1.0,1.0,0.0,0.0,1.746,0.0,0.0,0.0,7.286,-399.0,0.0,7.182,396.0,0.0,0.0,4.983,106.0,4.985,235.0,0.685,0.0,4.953,200.0,0.0,0.0,4.968,61.0,4.977,58.0,23.20028,22.58989,22.64896,22.27485,25.87275,22.31065,22.22294,23.52248,22.57736,22.5,24.0,0.0,22.0,23.0,0.0,910.25,,2.0,0.0,0.0,77.180115,77.180115,77.180115,77.180115,77.180115,77.180115,77.180115,77.180115,77.180115,77.180115,77.180115,77.180115,77.180115,77.180115,77.180115,77.180115,74.309649,74.309649,74.309649,74.309649,0.0,0.0,100.0,101.0,102.0,0.0,101.0,47.0,2844.072,528.198,990.6,288.666,True,False,
2026-03-22 12:50:21,5.0,0.0,0.0,1.0,9.0,0.0,0.0,2.0,0.0,0.0,0.0,1.0,1.0,0.0,0.0,1.746,0.0,0.0,0.0,7.286,-399.0,0.0,7.097,314.0,0.0,0.0,4.982,105.0,4.983,104.0,0.685,0.0,4.951,202.0,4.965,186.0,4.968,58.0,4.977,58.0,23.19312,22.59705,22.64001,22.27127,25.8996,22.31781,22.23189,23.52606,22.57557,22.5,24.0,21.5,22.0,23.0,0.0,910.25,,2.0,0.0,0.0,77.180115,77.180115,77.180115,77.180115,77.180115,77.180115,77.180115,77.180115,77.180115,77.180115,77.180115,77.180115,77.180115,77.180115,77.180115,77.180115,74.309649,74.309649,74.309649,74.309649,0.0,0.0,100.0,101.0,102.0,101.0,101.0,48.0,2228.458,523.11,1000.102,288.666,True,False,
2026-03-22 12:50:22,5.0,0.0,0.0,1.0,,0.0,0.0,2.0,0.0,0.0,0.0,1.0,1.0,0.0,0.0,1.746,0.0,0.0,0.0,7.286,-399.0,0.0,7.101,781.0,0.0,0.0,4.985,106.0,4.983,105.0,0.685,0.0,4.955,200.0,4.965,193.0,4.968,60.0,4.976,63.0,23.19491,22.60242,22.65254,22.27306,25.92824,22.32318,22.24979,23.5368,22.58631,22.5,24.0,21.5,22.0,23.0,0.0,910.25,,2.0,0.0,0.0,77.180115,77.180115,77.180115,77.180115,77.180115,77.180115,77.180115,77.180115,77.180115,77.180115,77.180115,77.180115,77.180115,77.180115,77.180115,77.180115,74.309649,74.309649,74.309649,74.309649,0.0,0.0,100.0,101.0,102.0,101.0,101.0,49.0,5545.881,528.4100000000001,991.0,313.488,True,False,
2026-03-22 12:50:23,5.0,0.0,0.0,1.0,,0.0,0.0,3.0,0.0,0.0,0.0,1.0,1.0,0.0,0.0,1.746,0.0,0.0,0.0,7.286,-399.0,0.0,7.101,778.0,0.0,0.0,4.982,105.0,4.983,102.0,0.685,0.0,4.953,192.0,4.962,191.0,4.971,58.0,4.976,63.0,23.19491,22.60063,22.65791,22.28559,26.01237,22.32855,22.27306,23.56365,22.57378,22.5,24.0,21.5,22.0,23.0,0.0,910.25,,2.0,0.0,0.0,77.180115,77.180115,77.180115,77.180115,77.180115,77.180115,77.180115,77.180115,77.180115,77.180115,77.180115,77.180115,77.180115,77.180115,77.180115,77.180115,74.309649,74.309649,74.309649,74.309649,0.0,0.0,100.0,101.0,102.0,101.0,101.0,50.0,5524.578,523.11,950.9760000000001,313.488,True,False,
2026-03-22 12:50:24,5.0,0.0,0.0,1.0,,0.0,0.0,4.0,0.0,0.0,0.0,1.0,1.0,0.0,0.0,1.746,0.0,0.0,0.0,7.286,-399.0,0.0,7.175,428.0,0.0,0.0,4.982,105.0,4.982,104.0,0.685,0.0,4.952,183.0,4.963,188.0,4.968,60.0,4.976,63.0,23.1967,22.59884,22.65791,22.27306,26.01058,22.3375,22.28022,23.56544,22.57736,22.5,24.0,21.5,22.0,23.0,0.0,910.25,,2.0,0.0,0.0,77.180115,77.180115,77.180115,77.180115,77.180115,77.180115,77.180115,77.180115,77.180115,77.180115,77.180115,77.180115,77.180115,77.180115,77.180115,77.180115,74.309649,74.309649,74.309649,74.309649,0.0,0.0,100.0,101.0,102.0,101.0,101.0,51.0,3070.9,523.11,906.216,313.488,True,False,
2026-03-22 12:50:25,5.0,0.0,0.0,1.0,,0.0,0.0,5.0,0.0,0.0,0.0,1.0,1.0,0.0,0.0,1.746,0.0,0.0,0.0,7.286,-399.0,0.0,7.175,421.0,0.0,0.0,4.982,105.0,4.983,105.0,0.683,0.0,4.953,201.0,4.962,187.0,4.968,61.0,4.977,58.0,23.1967,22.606,22.65612,22.26769,26.02848,22.35361,22.30886,23.56544,22.58631,22.5,24.5,21.5,22.0,23.0,0.0,910.25,,2.0,0.0,0.0,77.180115,77.180115,77.180115,77.180115,77.180115,77.180115,77.180115,77.180115,77.180115,77.180115,77.180115,77.180115,77.180115,77.180115,77.180115,77.180115,74.309649,74.309649,74.309649,74.309649,0.0,0.0,100.0,101.0,102.0,101.0,101.0,52.0,3020.6749999999997,523.11,995.5530000000001,288.666,True,False,
2026-03-22 12:50:26,5.0,0.0,0.0,1.0,,0.0,0.0,6.0,0.0,0.0,0.0,1.0,1.0,0.0,0.0,1.746,0.0,0.0,0.0,7.286,-399.0,0.0,7.175,415.0,0.0,0.0,4.982,105.0,4.982,105.0,0.682,0.0,4.951,198.0,4.965,186.0,4.97,62.0,4.98,45.0,23.18596,22.61137,22.66328,22.27306,26.15557,22.37509,22.35003,23.58155,22.58631,22.5,24.5,21.5,22.0,23.0,0.0,910.25,,2.0,0.0,0.0,77.180115,77.180115,77.180115,77.180115,77.180115,77.180115,77.180115,77.180115,77.180115,77.180115,77.180115,77.180115,77.180115,77.180115,77.180115,77.180115,74.309649,74.309649,74.309649,74.309649,0.0,0.0,100.0,101.0,102.0,101.0,101.0,53.0,2977.625,523.11,980.2979999999999,224.10000000000002,True,False,
2026-03-22 12:50:27,5.0,0.0,0.0,1.0,,0.0,0.0,6.0,0.0,0.0,0.0,1.0,1.0,0.0,0.0,1.746,1.0,0.0,0.0,7.286,-399.0,0.0,7.176,413.0,0.0,0.0,4.982,105.0,4.982,104.0,0.683,0.0,4.953,198.0,4.963,192.0,4.971,60.0,4.98,45.0,23.19133,22.61853,22.67223,22.27843,26.18063,22.39478,22.3554,23.57976,22.59168,22.5,24.5,21.5,22.0,23.0,0.0,910.25,,2.0,0.0,0.0,77.180115,77.180115,77.180115,77.180115,77.180115,77.180115,77.180115,77.180115,77.180115,77.180115,77.180115,77.180115,77.180115,77.180115,77.180115,77.180115,74.309649,74.309649,74.309649,74.309649,0.0,0.0,100.0,101.0,102.0,101.0,101.0,54.0,2963.688,523.11,980.6940000000001,224.10000000000002,True,False,
2026-03-22 12:50:28,5.0,0.0,0.0,1.0,10.0,0.0,0.0,6.0,0.0,0.0,0.0,1.0,1.0,0.0,0.0,1.746,0.0,0.0,0.0,7.286,-399.0,0.0,7.171,420.0,0.0,0.0,4.983,105.0,4.983,105.0,0.685,0.0,4.955,201.0,4.963,183.0,4.97,61.0,4.98,45.0,23.19849,22.62748,22.67402,22.28022,26.20748,22.41089,22.37688,23.5905,22.58273,22.5,24.5,21.5,22.0,23.0,0.0,910.25,,2.0,0.0,0.0,77.180115,77.180115,77.180115,77.180115,77.180115,77.180115,77.180115,77.180115,77.180115,77.180115,77.180115,77.180115,77.180115,77.180115,77.180115,77.180115,74.309649,74.309649,74.309649,74.309649,0.0,0.0,100.0,101.0,102.0,101.0,101.0,55.0,3011.82,523.2149999999999,995.955,224.10000000000002,True,False,
2026-03-22 12:50:29,5.0,0.0,0.0,1.0,11.0,0.0,0.0,6.0,0.0,0.0,0.0,1.0,1.0,0.0,0.0,1.746,1.0,0.0,0.0,7.286,-399.0,0.0,7.175,417.0,0.0,0.0,4.982,105.0,4.983,102.0,0.683,1.0,4.952,200.0,4.963,191.0,4.97,61.0,4.98,45.0,23.18596,22.62569,22.67581,22.28201,26.27371,22.45743,22.40552,23.60124,22.58989,22.5,24.5,21.5,22.0,23.0,0.0,910.25,,2.0,0.0,0.0,77.180115,77.180115,77.180115,77.180115,77.180115,77.180115,77.180115,77.180115,77.180115,77.180115,77.180115,77.180115,77.180115,77.180115,77.180115,77.180115,74.309649,74.309649,74.309649,74.309649,0.0,0.0,100.0,101.0,102.0,101.0,101.0,56.0,2991.975,523.11,990.4,224.10000000000002,True,False,
2026-03-22 12:50:30,5.0,0.0,0.0,1.0,12.0,0.0,0.0,6.0,0.0,0.0,0.0,1.0,1.0,0.0,0.0,1.746,0.0,0.0,0.0,7.286,-399.0,0.0,7.175,415.0,0.0,0.0,4.982,105.0,4.982,105.0,0.685,0.0,4.952,202.0,4.963,183.0,4.97,61.0,4.976,60.0,23.19312,22.62748,22.68297,22.28559,26.27908,22.47712,22.43416,23.60661,22.58989,22.5,24.5,22.0,22.0,23.0,0.0,910.25,,2.0,0.0,0.0,77.180115,77.180115,77.180115,77.180115,77.180115,77.180115,77.180115,77.180115,77.180115,77.180115,77.180115,77.180115,77.180115,77.180115,77.180115,77.180115,74.309649,74.309649,74.309649,74.309649,0.0,0.0,100.0,101.0,102.0,101.0,101.0,57.0,2977.625,523.11,1000.304,298.56,True,False,
2026-03-22 12:50:31,5.0,0.0,0.0,1.0,13.0,0.0,0.0,6.0,0.0,0.0,0.0,1.0,1.0,0.0,0.0,1.746,0.0,0.0,0.0,7.286,-399.0,0.0,7.176,420.0,0.0,0.0,4.983,105.0,4.982,105.0,0.685,0.0,4.952,185.0,4.965,190.0,4.967,61.0,4.976,60.0,23.20028,22.63643,22.67581,22.28022,26.30772,22.48428,22.43416,23.61556,22.58452,22.5,24.5,21.5,22.0,23.0,0.0,910.25,,2.0,0.0,0.0,77.180115,77.180115,77.180115,77.180115,77.180115,77.180115,77.180115,77.180115,77.180115,77.180115,77.180115,77.180115,77.180115,77.180115,77.180115,77.180115,74.309649,74.309649,74.309649,74.309649,0.0,0.0,100.0,101.0,102.0,101.0,101.0,58.0,3013.92,523.2149999999999,916.12,298.56,True,False,
2026-03-22 12:50:32,5.0,0.0,0.0,1.0,13.0,0.0,0.0,6.0,0.0,0.0,0.0,1.0,1.0,0.0,0.0,1.746,0.0,0.0,0.0,7.286,-399.0,0.0,7.175,415.0,0.0,0.0,4.983,105.0,4.983,104.0,0.685,0.0,4.953,201.0,4.963,186.0,4.97,61.0,4.976,60.0,23.19133,22.63464,22.6776,22.28738,26.27908,22.50755,22.44848,23.61735,22.59168,22.5,24.5,22.0,22.0,23.0,0.0,910.25,,2.0,0.0,0.0,77.180115,77.180115,77.180115,77.180115,77.180115,77.180115,77.180115,77.180115,77.180115,77.180115,77.180115,77.180115,77.180115,77.180115,77.180115,77.180115,74.309649,74.309649,74.309649,74.309649,0.0,0.0,100.0,101.0,102.0,101.0,101.0,59.0,2977.625,523.2149999999999,995.5530000000001,298.56,True,False,
2026-03-22 12:50:33,5.0,0.0,0.0,1.0,15.0,0.0,0.0,6.0,0.0,0.0,0.0,1.0,1.0,0.0,0.0,1.746,1.0,0.0,0.0,7.286,-399.0,0.0,7.173,415.0,0.0,0.0,4.985,105.0,4.982,105.0,0.685,0.0,4.952,202.0,4.965,193.0,4.968,61.0,4.976,38.0,23.19312,22.65433,22.69192,22.28738,26.35068,22.57557,22.48786,23.63704,22.59526,22.5,24.5,22.0,22.0,23.0,0.0,910.25,,2.0,0.0,0.0,77.180115,77.180115,77.180115,77.180115,77.180115,77.180115,77.180115,77.180115,77.180115,77.180115,77.180115,77.180115,77.180115,77.180115,77.180115,77.180115,74.309649,74.309649,74.309649,74.309649,0.0,0.0,100.0,101.0,102.0,101.0,101.0,60.0,2976.795,523.4250000000001,1000.304,189.088,True,False,
2026-03-22 12:50:34,5.0,0.0,0.0,1.0,16.0,0.0,0.0,6.0,0.0,0.0,0.0,1.0,1.0,0.0,0.0,1.746,1.0,0.0,0.0,7.286,-399.0,0.0,7.175,418.0,0.0,0.0,4.982,106.0,4.982,104.0,0.685,1.0,4.951,185.0,4.965,185.0,4.971,61.0,4.976,38.0,23.20565,22.63643,22.68297,22.28738,26.37932,22.57915,22.48607,23.63704,22.5881,22.5,24.5,22.0,22.0,23.0,0.0,910.25,,2.0,0.0,0.0,77.180115,77.180115,77.180115,77.180115,77.180115,77.180115,77.180115,77.180115,77.180115,77.180115,77.180115,77.180115,77.180115,77.180115,77.180115,77.180115,74.309649,74.309649,74.309649,74.309649,0.0,0.0,100.0,101.0,102.0,101.0,101.0,61.0,2999.15,528.092,915.935,189.088,True,False,
2026-03-22 12:50:35,5.0,0.0,0.0,1.0,17.0,0.0,0.0,6.0,0.0,0.0,0.0,1.0,1.0,0.0,0.0,1.746,1.0,0.0,0.0,7.286,-399.0,0.0,7.175,417.0,0.0,0.0,4.982,104.0,4.983,105.0,0.683,0.0,4.952,203.0,4.963,187.0,4.97,61.0,4.976,58.0,23.20028,22.65254,22.70803,22.28559,26.40796,22.62032,22.53082,23.64957,22.59168,22.5,24.5,22.0,22.0,23.0,0.0,910.25,,2.0,0.0,0.0,77.180115,77.180115,77.180115,77.180115,77.180115,77.180115,77.180115,77.180115,77.180115,77.180115,77.180115,77.180115,77.180115,77.180115,77.180115,77.180115,74.309649,74.309649,74.309649,74.309649,0.0,0.0,100.0,101.0,102.0,101.0,101.0,62.0,2991.975,518.128,1005.256,288.608,True,False,
2026-03-22 12:50:36,5.0,0.0,0.0,1.0,18.0,0.0,0.0,6.0,0.0,0.0,0.0,1.0,1.0,0.0,0.0,1.746,0.0,0.0,0.0,7.286,-399.0,0.0,7.173,416.0,0.0,0.0,4.982,107.0,4.985,105.0,0.685,0.0,4.951,198.0,4.963,188.0,4.97,62.0,4.975,58.0,23.20386,22.64896,22.69192,22.2838,26.44018,22.65254,22.53082,23.65673,22.58989,22.5,24.5,22.0,22.0,23.0,0.0,910.25,,2.0,0.0,0.0,77.180115,77.180115,77.180115,77.180115,77.180115,77.180115,77.180115,77.180115,77.180115,77.180115,77.180115,77.180115,77.180115,77.180115,77.180115,77.180115,74.309649,74.309649,74.309649,74.309649,0.0,0.0,100.0,101.0,102.0,101.0,101.0,63.0,2983.968,533.0740000000001,980.2979999999999,288.54999999999995,True,False,
2026-03-22 12:50:37,5.0,0.0,0.0,1.0,19.0,0.0,0.0,6.0,0.0,0.0,0.0,1.0,1.0,0.0,0.0,1.746,0.0,0.0,0.0,7.286,-399.0,0.0,7.175,415.0,0.0,0.0,4.982,104.0,4.983,105.0,0.686,0.0,4.953,200.0,4.965,192.0,4.968,60.0,4.975,58.0,23.20386,22.65254,22.70266,22.29275,26.48851,22.69192,22.5523,23.66389,22.5881,22.5,24.5,22.0,22.0,23.0,0.0,910.25,,2.0,0.0,0.0,77.180115,77.180115,77.180115,77.180115,77.180115,77.180115,77.180115,77.180115,77.180115,77.180115,77.180115,77.180115,77.180115,77.180115,77.180115,77.180115,74.309649,74.309649,74.309649,74.309649,0.0,0.0,100.0,101.0,102.0,101.0,101.0,64.0,2977.625,518.128,990.6,288.54999999999995,True,False,
2026-03-22 12:50:38,5.0,0.0,0.0,1.0,,0.0,0.0,6.0,0.0,0.0,0.0,1.0,1.0,0.0,0.0,1.746,0.0,0.0,0.0,7.286,-399.0,0.0,7.173,415.0,0.0,0.0,4.982,106.0,4.982,104.0,0.685,0.0,4.952,200.0,4.965,191.0,4.967,61.0,4.976,60.0,23.20207,22.66149,22.70624,22.29275,26.49567,22.73309,22.56483,23.67642,22.59705,22.5,24.5,22.0,22.0,23.0,0.0,910.25,,2.0,0.0,0.0,77.180115,77.180115,77.180115,77.180115,77.180115,77.180115,77.180115,77.180115,77.180115,77.180115,77.180115,77.180115,77.180115,77.180115,77.180115,77.180115,74.309649,74.309649,74.309649,74.309649,0.0,0.0,100.0,101.0,102.0,101.0,101.0,65.0,2976.795,528.092,990.4,298.56,True,False,
2026-03-22 12:50:39,5.0,0.0,0.0,1.0,,0.0,0.0,6.0,0.0,0.0,0.0,1.0,1.0,0.0,0.0,1.746,1.0,0.0,0.0,7.286,-420.0,0.0,7.173,418.0,0.0,0.0,4.982,105.0,4.983,105.0,0.683,0.0,4.952,200.0,4.965,190.0,4.97,61.0,4.976,60.0,23.20028,22.67044,22.70624,22.28917,26.544,22.76173,22.57736,23.68179,22.59884,22.5,24.5,22.0,22.5,23.0,0.0,910.25,,2.0,0.0,0.0,77.180115,77.180115,77.180115,77.180115,77.180115,77.180115,77.180115,77.180115,77.180115,77.180115,77.180115,77.180115,77.180115,77.180115,77.180115,77.180115,74.309649,74.309649,74.309649,74.309649,0.0,0.0,100.0,101.0,102.0,101.0,101.0,66.0,2998.314,523.11,990.4,298.56,True,False,
2026-03-22 12:50:40,5.0,0.0,0.0,1.0,,0.0,0.0,6.0,0.0,0.0,0.0,1.0,1.0,0.0,0.0,2.726,0.0,0.0,0.0,7.289,-420.0,0.0,7.173,420.0,0.0,0.0,4.983,105.0,4.983,106.0,0.683,0.0,4.951,185.0,4.965,190.0,4.97,61.0,4.976,60.0,23.20386,22.67044,22.7134,22.29633,26.56727,22.77784,22.57736,23.69074,22.59526,22.5,24.5,22.0,22.5,23.0,0.0,910.25,,2.0,0.0,0.0,77.180115,77.180115,77.180115,77.180115,77.180115,77.180115,77.180115,77.180115,77.180115,77.180115,77.180115,77.180115,77.180115,77.180115,77.180115,77.180115,74.309649,74.309649,74.309649,74.309649,0.0,0.0,100.0,101.0,102.0,101.0,101.0,67.0,3012.66,523.2149999999999,915.935,298.56,True,False,
2026-03-22 12:50:41,5.0,0.0,0.0,1.0,,0.0,0.0,6.0,0.0,0.0,0.0,1.0,1.0,0.0,0.0,2.752,0.0,0.0,0.0,7.29,-399.0,0.0,7.173,420.0,0.0,0.0,4.982,105.0,4.983,105.0,0.683,0.0,4.951,191.0,4.965,190.0,4.971,60.0,4.978,45.0,23.21281,22.67402,22.70803,22.29991,26.57622,22.81543,22.59705,23.68537,22.60063,22.5,24.5,22.0,22.5,23.0,0.0,910.25,,2.0,0.0,0.0,77.180115,77.180115,77.180115,77.180115,77.180115,77.180115,77.180115,77.180115,77.180115,77.180115,77.180115,77.180115,77.180115,77.180115,77.180115,77.180115,74.309649,74.309649,74.309649,74.309649,0.0,0.0,100.0,101.0,102.0,101.0,101.0,68.0,3012.66,523.11,945.641,224.01,True,False,
2026-03-22 12:50:42,5.0,0.0,0.0,1.0,,0.0,0.0,6.0,0.0,0.0,0.0,1.0,1.0,0.0,0.0,2.752,0.0,0.0,0.0,7.29,-399.0,0.0,7.173,416.0,0.0,0.0,4.982,105.0,4.983,106.0,0.683,0.0,4.953,203.0,4.963,192.0,4.968,60.0,4.976,43.0,23.2146,22.68297,22.72951,22.29454,26.62813,22.86376,22.61853,23.70506,22.61137,22.5,24.5,22.0,22.5,23.0,0.0,910.25,,2.0,0.0,0.0,77.180115,77.180115,77.180115,77.180115,77.180115,77.180115,77.180115,77.180115,77.180115,77.180115,77.180115,77.180115,77.180115,77.180115,77.180115,77.180115,74.309649,74.309649,74.309649,74.309649,0.0,0.0,100.0,101.0,102.0,101.0,101.0,69.0,2983.968,523.11,1005.4590000000001,213.968,True,False,
2026-03-22 12:50:43,5.0,0.0,0.0,1.0,,0.0,0.0,6.0,0.0,0.0,0.0,1.0,1.0,0.0,0.0,2.752,1.0,0.0,0.0,7.29,-399.0,0.0,7.173,417.0,0.0,0.0,4.983,106.0,4.982,104.0,0.685,0.0,4.952,201.0,4.965,192.0,4.97,63.0,4.976,43.0,23.2146,22.67581,22.72056,22.29275,26.64066,22.90314,22.62748,23.71401,22.60421,22.5,24.5,22.0,22.5,23.0,0.0,910.25,,2.0,0.0,0.0,77.180115,77.180115,77.180115,77.180115,77.180115,77.180115,77.180115,77.180115,77.180115,77.180115,77.180115,77.180115,77.180115,77.180115,77.180115,77.180115,74.309649,74.309649,74.309649,74.309649,0.0,0.0,100.0,101.0,102.0,101.0,101.0,70.0,2991.141,528.198,995.352,213.968,True,False,
2026-03-22 12:50:44,5.0,0.0,0.0,1.0,20.0,0.0,0.0,6.0,0.0,0.0,0.0,1.0,1.0,0.0,0.0,2.752,0.0,0.0,0.0,7.29,-399.0,0.0,7.048,991.0,0.0,0.0,4.982,105.0,4.981,266.0,0.685,0.0,4.952,186.0,4.963,185.0,4.97,42.0,4.976,43.0,23.20744,22.68118,22.73667,22.29096,26.66751,22.92283,22.62748,23.71401,22.59884,22.5,24.5,22.0,22.5,23.0,0.0,910.25,,2.0,0.0,0.0,77.180115,77.180115,77.180115,77.180115,77.180115,77.180115,77.180115,77.180115,77.180115,77.180115,77.180115,77.180115,77.180115,77.180115,77.180115,77.180115,74.309649,74.309649,74.309649,74.309649,0.0,0.0,100.0,101.0,102.0,101.0,101.0,71.0,6984.568,523.11,921.072,213.968,True,False,
2026-03-22 12:50:45,5.0,0.0,0.0,1.0,21.0,0.0,0.0,6.0,0.0,0.0,0.0,1.0,1.0,0.0,0.0,2.752,0.0,0.0,0.0,7.29,-399.0,0.0,7.172,422.0,0.0,0.0,4.982,106.0,4.982,266.0,0.685,0.0,4.951,202.0,4.963,192.0,4.967,63.0,4.977,43.0,23.21997,22.68655,22.73488,22.30707,26.69794,22.964,22.65791,23.71938,22.60242,22.5,24.5,22.0,22.5,23.0,0.0,910.25,,2.0,0.0,0.0,77.180115,77.180115,77.180115,77.180115,77.180115,77.180115,77.180115,77.180115,77.180115,77.180115,77.180115,77.180115,77.180115,77.180115,77.180115,77.180115,74.309649,74.309649,74.309649,74.309649,0.0,0.0,100.0,101.0,102.0,101.0,101.0,72.0,3026.584,528.092,1000.102,214.01100000000002,True,False,
2026-03-22 12:50:46,5.0,0.0,0.0,1.0,22.0,0.0,0.0,6.0,0.0,0.0,0.0,1.0,1.0,0.0,0.0,2.752,1.0,0.0,0.0,7.29,-399.0,0.0,7.171,421.0,0.0,0.0,4.982,107.0,4.983,107.0,0.682,0.0,4.952,203.0,4.963,186.0,4.97,41.0,4.976,60.0,23.21997,22.68297,22.73488,22.29812,26.72479,23.01054,22.66507,23.74265,22.59884,22.5,25.0,22.5,22.5,23.0,0.0,910.25,,2.0,0.0,0.0,77.180115,77.180115,77.180115,77.180115,77.180115,77.180115,77.180115,77.180115,77.180115,77.180115,77.180115,77.180115,77.180115,77.180115,77.180115,77.180115,74.309649,74.309649,74.309649,74.309649,0.0,0.0,100.0,101.0,102.0,101.0,101.0,73.0,3018.991,533.0740000000001,1005.256,298.56,True,False,
2026-03-22 12:50:47,5.0,0.0,0.0,1.0,23.0,0.0,0.0,6.0,0.0,0.0,0.0,1.0,1.0,0.0,0.0,2.752,0.0,0.0,0.0,7.29,-399.0,0.0,7.167,428.0,0.0,0.0,4.982,107.0,4.982,109.0,0.683,0.0,4.952,191.0,4.963,191.0,4.967,41.0,4.976,60.0,23.21997,22.67939,22.73846,22.31244,26.74985,23.04097,22.66328,23.73549,22.61495,22.5,25.0,22.5,22.5,23.0,0.0,910.25,,2.0,0.0,0.0,77.180115,77.180115,77.180115,77.180115,77.180115,77.180115,77.180115,77.180115,77.180115,77.180115,77.180115,77.180115,77.180115,77.180115,77.180115,77.180115,74.309649,74.309649,74.309649,74.309649,0.0,0.0,100.0,101.0,102.0,101.0,101.0,74.0,3067.476,533.0740000000001,945.832,298.56,True,False,
2026-03-22 12:50:48,5.0,0.0,0.0,1.0,24.0,0.0,0.0,6.0,0.0,0.0,0.0,1.0,1.0,0.0,0.0,2.752,0.0,0.0,0.0,7.29,-399.0,0.0,7.162,473.0,0.0,0.0,4.982,106.0,4.981,110.0,0.683,0.0,4.955,201.0,4.965,196.0,4.967,41.0,4.977,60.0,23.22176,22.6955,22.73667,22.30349,26.78207,23.08214,22.68297,23.74444,22.60063,22.5,25.0,22.5,22.5,23.0,0.0,910.25,,2.0,0.0,0.0,77.180115,77.180115,77.180115,77.180115,77.180115,77.180115,77.180115,77.180115,77.180115,77.180115,77.180115,77.180115,77.180115,77.180115,77.180115,77.180115,74.309649,74.309649,74.309649,74.309649,0.0,0.0,100.0,101.0,102.0,101.0,101.0,75.0,3387.6259999999997,528.092,995.955,298.62,True,False,
2026-03-22 12:50:49,5.0,0.0,0.0,1.0,25.0,0.0,0.0,6.0,0.0,0.0,0.0,1.0,1.0,0.0,0.0,2.752,0.0,0.0,0.0,7.29,-399.0,0.0,7.156,502.0,0.0,0.0,4.982,105.0,4.981,111.0,0.682,0.0,4.952,192.0,4.961,185.0,4.967,43.0,4.977,60.0,23.22534,22.70087,22.75099,22.3017,26.76775,23.09646,22.69192,23.74981,22.60958,22.5,25.0,22.5,22.5,23.0,0.0,910.25,,2.0,0.0,0.0,77.180115,77.180115,77.180115,77.180115,77.180115,77.180115,77.180115,77.180115,77.180115,77.180115,77.180115,77.180115,77.180115,77.180115,77.180115,77.180115,74.309649,74.309649,74.309649,74.309649,0.0,0.0,100.0,101.0,102.0,101.0,101.0,76.0,3592.312,523.11,950.784,298.62,True,False,
2026-03-22 12:50:50,5.0,0.0,0.0,1.0,26.0,0.0,0.0,6.0,0.0,0.0,0.0,1.0,1.0,0.0,0.0,2.752,0.0,0.0,0.0,7.29,-399.0,0.0,7.163,450.0,0.0,0.0,4.982,105.0,4.981,271.0,0.685,0.0,4.953,192.0,4.962,191.0,4.967,43.0,4.977,60.0,23.21818,22.70087,22.74562,22.30886,26.80713,23.14121,22.69908,23.76234,22.60958,22.5,25.0,22.5,22.5,23.0,0.0,910.25,,2.0,0.0,0.0,77.180115,77.180115,77.180115,77.180115,77.180115,77.180115,77.180115,77.180115,77.180115,77.180115,77.180115,77.180115,77.180115,77.180115,77.180115,77.180115,74.309649,74.309649,74.309649,74.309649,0.0,0.0,100.0,101.0,102.0,101.0,101.0,77.0,3223.35,523.11,950.9760000000001,298.62,True,False,
2026-03-22 12:50:51,5.0,0.0,0.0,1.0,27.0,0.0,0.0,6.0,0.0,0.0,0.0,1.0,1.0,0.0,0.0,2.752,0.0,0.0,0.0,7.29,-399.0,0.0,7.161,471.0,0.0,0.0,4.982,105.0,4.981,111.0,0.685,0.0,4.952,188.0,4.961,185.0,4.967,46.0,4.976,58.0,23.22534,22.7134,22.7492,22.31065,26.84472,23.18954,22.7134,23.77308,22.60779,22.5,25.0,22.5,22.5,23.0,0.0,910.25,,2.0,0.0,0.0,77.180115,77.180115,77.180115,77.180115,77.180115,77.180115,77.180115,77.180115,77.180115,77.180115,77.180115,77.180115,77.180115,77.180115,77.180115,77.180115,74.309649,74.309649,74.309649,74.309649,0.0,0.0,100.0,101.0,102.0,101.0,101.0,78.0,3372.8309999999997,523.11,930.976,288.608,True,False,
2026-03-22 12:50:52,5.0,0.0,0.0,1.0,28.0,0.0,0.0,6.0,0.0,0.0,0.0,1.0,1.0,0.0,0.0,2.752,0.0,0.0,0.0,7.29,-399.0,0.0,7.168,411.0,0.0,0.0,4.983,105.0,4.981,114.0,0.685,0.0,4.953,188.0,4.963,188.0,4.967,42.0,4.976,60.0,23.20744,22.71161,22.75994,22.31602,26.88052,23.22355,22.72951,23.77845,22.61137,22.5,25.0,22.5,22.5,23.0,0.0,910.25,,2.0,0.0,0.0,77.180115,77.180115,77.180115,77.180115,77.180115,77.180115,77.180115,77.180115,77.180115,77.180115,77.180115,77.180115,77.180115,77.180115,77.180115,77.180115,74.309649,74.309649,74.309649,74.309649,0.0,0.0,100.0,101.0,102.0,101.0,101.0,79.0,2946.0480000000002,523.2149999999999,931.1640000000001,298.56,True,False,
2026-03-22 12:50:53,5.0,0.0,0.0,1.0,29.0,0.0,0.0,6.0,0.0,0.0,0.0,1.0,1.0,0.0,0.0,2.752,0.0,0.0,0.0,7.29,-399.0,0.0,7.172,413.0,0.0,0.0,4.983,105.0,4.981,111.0,0.685,0.0,4.953,181.0,4.961,185.0,4.968,43.0,4.976,60.0,23.22355,22.70624,22.76889,22.30528,26.89305,23.23787,22.73846,23.77308,22.606,22.5,25.0,22.5,22.5,23.0,0.0,910.25,,2.0,0.0,0.0,77.180115,77.180115,77.180115,77.180115,77.180115,77.180115,77.180115,77.180115,77.180115,77.180115,77.180115,77.180115,77.180115,77.180115,77.180115,77.180115,74.309649,74.309649,74.309649,74.309649,0.0,0.0,100.0,101.0,102.0,101.0,101.0,80.0,2962.036,523.2149999999999,896.493,298.56,True,False,
2026-03-22 12:50:54,5.0,0.0,0.0,1.0,,0.0,0.0,6.0,0.0,0.0,0.0,1.0,1.0,0.0,0.0,2.752,0.0,0.0,0.0,7.29,-399.0,0.0,7.152,493.0,0.0,0.0,4.982,106.0,4.981,111.0,0.686,0.0,4.952,185.0,4.963,190.0,4.968,43.0,4.976,61.0,23.21639,22.7134,22.76889,22.31781,26.92527,23.29336,22.75994,23.79098,22.61316,22.5,25.0,22.5,22.5,23.0,0.0,910.25,,2.0,0.0,0.0,77.180115,77.180115,77.180115,77.180115,77.180115,77.180115,77.180115,77.180115,77.180115,77.180115,77.180115,77.180115,77.180115,77.180115,77.180115,77.180115,74.309649,74.309649,74.309649,74.309649,0.0,0.0,100.0,101.0,102.0,101.0,101.0,81.0,3525.936,528.092,916.12,303.536,True,False,
2026-03-22 12:50:55,5.0,0.0,0.0,1.0,,0.0,0.0,6.0,0.0,0.0,0.0,1.0,1.0,0.0,0.0,2.752,0.0,0.0,0.0,7.29,-399.0,0.0,7.166,441.0,0.0,0.0,4.982,104.0,4.982,111.0,0.683,0.0,4.952,188.0,4.962,187.0,4.967,42.0,4.976,61.0,23.21281,22.72414,22.76531,22.32139,26.92885,23.33095,22.75278,23.79993,22.61674,22.5,25.0,22.5,22.5,23.0,0.0,910.25,,2.0,0.0,0.0,77.180115,77.180115,77.180115,77.180115,77.180115,77.180115,77.180115,77.180115,77.180115,77.180115,77.180115,77.180115,77.180115,77.180115,77.180115,77.180115,74.309649,74.309649,74.309649,74.309649,0.0,0.0,100.0,101.0,102.0,101.0,101.0,82.0,3160.206,518.128,930.976,303.536,True,False,
2026-03-22 12:50:56,5.0,0.0,0.0,1.0,,0.0,0.0,6.0,0.0,0.0,0.0,1.0,1.0,0.0,0.0,2.752,1.0,0.0,0.0,7.29,-399.0,0.0,7.162,455.0,0.0,0.0,4.982,106.0,4.981,111.0,0.683,0.0,4.951,202.0,4.962,193.0,4.967,42.0,4.976,61.0,23.22355,22.72593,22.77068,22.31602,26.9378,23.33632,22.7671,23.80172,22.62211,22.5,25.0,22.5,22.5,23.0,0.0,910.25,,2.0,0.0,0.0,77.180115,77.180115,77.180115,77.180115,77.180115,77.180115,77.180115,77.180115,77.180115,77.180115,77.180115,77.180115,77.180115,77.180115,77.180115,77.180115,74.309649,74.309649,74.309649,74.309649,0.0,0.0,100.0,101.0,102.0,101.0,101.0,83.0,3258.71,528.092,1000.102,303.536,True,False,
2026-03-22 12:50:57,5.0,0.0,0.0,1.0,,0.0,0.0,6.0,0.0,0.0,0.0,1.0,1.0,0.0,0.0,2.752,1.0,0.0,0.0,7.29,-399.0,0.0,7.163,467.0,0.0,0.0,4.982,106.0,4.981,111.0,0.683,0.0,4.951,188.0,4.963,191.0,4.968,44.0,4.978,43.0,23.21997,22.71877,22.78142,22.32855,26.95928,23.40434,22.77784,23.81425,22.61316,22.5,25.0,22.5,22.5,23.0,0.0,910.25,,2.0,0.0,0.0,77.180115,77.180115,77.180115,77.180115,77.180115,77.180115,77.180115,77.180115,77.180115,77.180115,77.180115,77.180115,77.180115,77.180115,77.180115,77.180115,74.309649,74.309649,74.309649,74.309649,0.0,0.0,100.0,101.0,102.0,101.0,101.0,84.0,3345.121,528.092,930.7879999999999,214.054,True,False,
2026-03-22 12:50:58,5.0,0.0,0.0,1.0,,0.0,0.0,6.0,0.0,0.0,0.0,1.0,1.0,0.0,0.0,2.752,0.0,0.0,0.0,7.29,-399.0,0.0,7.17,431.0,0.0,0.0,4.981,106.0,4.981,114.0,0.683,1.0,4.952,202.0,4.961,187.0,4.967,43.0,4.978,43.0,23.23429,22.72772,22.77784,22.33392,26.98971,23.40792,22.78321,23.81783,22.6239,22.5,25.0,22.5,22.5,23.0,0.0,910.25,,2.0,0.0,0.0,77.180115,77.180115,77.180115,77.180115,77.180115,77.180115,77.180115,77.180115,77.180115,77.180115,77.180115,77.180115,77.180115,77.180115,77.180115,77.180115,74.309649,74.309649,74.309649,74.309649,0.0,0.0,100.0,101.0,102.0,101.0,101.0,85.0,3090.27,527.986,1000.304,214.054,True,True,T3_board_divergence
2026-03-22 12:50:59,5.0,0.0,0.0,1.0,,0.0,0.0,6.0,0.0,0.0,0.0,1.0,1.0,0.0,0.0,2.752,0.0,0.0,0.0,7.29,-399.0,0.0,7.172,423.0,0.0,0.0,4.982,105.0,4.983,110.0,0.683,0.0,4.951,191.0,4.962,192.0,4.967,44.0,4.978,43.0,23.22355,22.73488,22.79037,22.32676,27.03446,23.45088,22.81185,23.8232,22.62032,22.5,25.0,22.5,22.5,23.0,0.0,910.25,,2.0,0.0,0.0,77.180115,77.180115,77.180115,77.180115,77.180115,77.180115,77.180115,77.180115,77.180115,77.180115,77.180115,77.180115,77.180115,77.180115,77.180115,77.180115,74.309649,74.309649,74.309649,74.309649,0.0,0.0,100.0,101.0,102.0,101.0,101.0,86.0,3033.756,523.11,945.641,214.054,True,True,T3_board_divergence
2026-03-22 12:51:00,5.0,0.0,0.0,1.0,30.0,0.0,0.0,6.0,0.0,0.0,0.0,1.0,1.0,0.0,0.0,2.752,0.0,0.0,0.0,7.29,-399.0,0.0,7.172,421.0,0.0,0.0,4.982,106.0,4.982,104.0,0.685,0.0,4.951,191.0,4.961,188.0,4.967,42.0,4.978,45.0,23.2146,22.73488,22.77426,22.3196,27.03625,23.50279,22.81901,23.83394,22.61674,22.5,25.0,22.5,22.5,23.0,0.0,910.25,,2.0,0.0,0.0,77.180115,77.180115,77.180115,77.180115,77.180115,77.180115,77.180115,77.180115,77.180115,77.180115,77.180115,77.180115,77.180115,77.180115,77.180115,77.180115,74.309649,74.309649,74.309649,74.309649,0.0,0.0,100.0,101.0,102.0,101.0,101.0,87.0,3019.412,528.092,945.641,224.01,True,True,T3_board_divergence
2026-03-22 12:51:01,5.0,0.0,0.0,1.0,31.0,0.0,0.0,6.0,0.0,0.0,0.0,1.0,1.0,0.0,0.0,2.752,0.0,0.0,0.0,7.29,-399.0,0.0,7.171,426.0,0.0,0.0,4.983,105.0,4.982,109.0,0.683,0.0,4.955,201.0,4.962,197.0,4.967,42.0,4.978,45.0,23.21818,22.72772,22.78858,22.32676,27.06668,23.51532,22.81543,23.8232,22.61137,22.5,25.0,22.5,22.5,23.0,0.0,910.25,,2.0,0.0,0.0,77.180115,77.180115,77.180115,77.180115,77.180115,77.180115,77.180115,77.180115,77.180115,77.180115,77.180115,77.180115,77.180115,77.180115,77.180115,77.180115,74.309649,74.309649,74.309649,74.309649,0.0,0.0,100.0,101.0,102.0,101.0,101.0,88.0,3054.846,523.2149999999999,995.955,224.01,True,True,T3_board_divergence
2026-03-22 12:51:02,5.0,0.0,0.0,1.0,32.0,0.0,0.0,6.0,0.0,0.0,0.0,1.0,1.0,0.0,0.0,2.752,0.0,0.0,0.0,7.29,-399.0,0.0,7.171,422.0,0.0,0.0,4.982,109.0,4.982,106.0,0.685,0.0,4.951,193.0,4.963,190.0,4.968,44.0,4.976,58.0,23.22713,22.74204,22.785,22.32855,27.07921,23.56007,22.82617,23.85184,22.62569,22.5,25.0,23.0,22.5,23.0,0.0,910.25,,2.0,0.0,0.0,77.180115,77.180115,77.180115,77.180115,77.180115,77.180115,77.180115,77.180115,77.180115,77.180115,77.180115,77.180115,77.180115,77.180115,77.180115,77.180115,74.309649,74.309649,74.309649,74.309649,0.0,0.0,100.0,101.0,102.0,101.0,101.0,89.0,3026.1620000000003,543.038,955.5429999999999,288.608,True,True,T3_board_divergence
2026-03-22 12:51:03,5.0,0.0,0.0,1.0,33.0,0.0,0.0,6.0,0.0,0.0,0.0,1.0,1.0,0.0,0.0,2.752,0.0,0.0,0.0,7.29,-399.0,0.0,7.17,426.0,0.0,0.0,4.982,106.0,4.982,106.0,0.683,0.0,4.951,191.0,4.963,195.0,4.968,42.0,4.976,58.0,23.21818,22.74383,22.8029,22.3375,27.13291,23.59229,22.84228,23.85184,22.62569,22.5,25.0,23.0,22.5,23.0,0.0,910.25,,2.0,0.0,0.0,77.180115,77.180115,77.180115,77.180115,77.180115,77.180115,77.180115,77.180115,77.180115,77.180115,77.180115,77.180115,77.180115,77.180115,77.180115,77.180115,74.309649,74.309649,74.309649,74.309649,0.0,0.0,100.0,101.0,102.0,101.0,101.0,90.0,3054.42,528.092,945.641,288.608,True,True,T3_board_divergence
2026-03-22 12:51:05,5.0,0.0,0.0,1.0,35.0,0.0,0.0,6.0,0.0,0.0,0.0,1.0,1.0,0.0,0.0,2.752,0.0,0.0,0.0,7.29,-399.0,0.0,7.171,427.0,0.0,0.0,4.982,105.0,4.982,267.0,0.685,0.0,4.953,198.0,4.962,187.0,4.967,43.0,4.976,60.0,23.2146,22.75099,22.79216,22.33571,27.14902,23.64778,22.8566,23.86616,22.63822,22.5,25.0,23.0,22.5,23.0,0.0,910.25,,2.0,0.0,0.0,77.180115,77.180115,77.180115,77.180115,77.180115,77.180115,77.180115,77.180115,77.180115,77.180115,77.180115,77.180115,77.180115,77.180115,77.180115,77.180115,74.309649,74.309649,74.309649,74.309649,0.0,0.0,100.0,101.0,102.0,101.0,101.0,92.0,3062.0170000000003,523.11,980.6940000000001,298.56,True,True,T3_board_divergence
2026-03-22 12:51:06,5.0,0.0,0.0,1.0,36.0,0.0,0.0,6.0,0.0,0.0,0.0,1.0,1.0,0.0,0.0,2.752,0.0,0.0,0.0,7.29,-399.0,0.0,7.168,433.0,0.0,0.0,4.983,105.0,4.982,266.0,0.685,0.0,4.953,200.0,4.962,196.0,4.967,44.0,4.976,60.0,23.2325,22.75994,22.80648,22.33392,27.18124,23.6621,22.86913,23.86437,22.63106,22.5,25.5,23.0,22.5,23.0,0.0,910.25,,2.0,0.0,0.0,77.180115,77.180115,77.180115,77.180115,77.180115,77.180115,77.180115,77.180115,77.180115,77.180115,77.180115,77.180115,77.180115,77.180115,77.180115,77.180115,74.309649,74.309649,74.309649,74.309649,0.0,0.0,100.0,101.0,102.0,101.0,101.0,93.0,3103.744,523.2149999999999,990.6,298.56,True,True,T3_board_divergence
2026-03-22 12:51:07,5.0,0.0,0.0,1.0,37.0,0.0,0.0,6.0,0.0,0.0,0.0,1.0,1.0,0.0,0.0,2.752,0.0,0.0,0.0,7.29,-399.0,0.0,7.17,425.0,0.0,0.0,4.982,106.0,4.981,109.0,0.685,0.0,4.953,198.0,4.962,188.0,4.967,43.0,4.975,58.0,23.21997,22.74562,22.8029,22.34108,27.20809,23.71938,22.87271,23.87153,22.63464,22.5,25.5,23.0,23.0,23.0,0.0,910.25,,2.0,0.0,0.0,77.180115,77.180115,77.180115,77.180115,77.180115,77.180115,77.180115,77.180115,77.180115,77.180115,77.180115,77.180115,77.180115,77.180115,77.180115,77.180115,74.309649,74.309649,74.309649,74.309649,0.0,0.0,100.0,101.0,102.0,101.0,101.0,94.0,3047.25,528.092,980.6940000000001,288.54999999999995,True,True,T3_board_divergence
2026-03-22 12:51:08,5.0,0.0,0.0,1.0,38.0,0.0,0.0,6.0,0.0,0.0,0.0,1.0,1.0,0.0,0.0,2.752,0.0,0.0,0.0,7.29,-399.0,0.0,7.168,425.0,0.0,0.0,4.982,109.0,4.982,266.0,0.683,0.0,4.952,197.0,4.963,195.0,4.968,42.0,4.977,60.0,23.22892,22.76352,22.8029,22.33213,27.21883,23.75518,22.89419,23.88406,22.63643,22.5,25.5,23.0,22.5,23.0,0.0,910.25,,2.0,0.0,0.0,77.180115,77.180115,77.180115,77.180115,77.180115,77.180115,77.180115,77.180115,77.180115,77.180115,77.180115,77.180115,77.180115,77.180115,77.180115,77.180115,74.309649,74.309649,74.309649,74.309649,0.0,0.0,100.0,101.0,102.0,101.0,101.0,95.0,3046.4,543.038,975.544,298.62,True,True,T3_board_divergence
2026-03-22 12:51:09,5.0,0.0,0.0,1.0,39.0,0.0,0.0,6.0,0.0,0.0,0.0,1.0,1.0,0.0,0.0,2.752,0.0,0.0,0.0,7.29,-399.0,0.0,7.17,428.0,0.0,0.0,4.982,109.0,4.981,107.0,0.683,0.0,4.951,200.0,4.963,193.0,4.968,46.0,4.977,60.0,23.22355,22.76173,22.81006,22.33571,27.24031,23.77129,22.8924,23.87869,22.62748,22.5,25.5,23.0,23.0,23.0,0.0,910.25,,2.0,0.0,0.0,77.180115,77.180115,77.180115,77.180115,77.180115,77.180115,77.180115,77.180115,77.180115,77.180115,77.180115,77.180115,77.180115,77.180115,77.180115,77.180115,74.309649,74.309649,74.309649,74.309649,0.0,0.0,100.0,101.0,102.0,101.0,101.0,96.0,3068.7599999999998,543.038,990.1999999999999,298.62,True,True,T3_board_divergence
2026-03-22 12:51:10,5.0,0.0,0.0,1.0,,0.0,0.0,6.0,0.0,0.0,0.0,1.0,1.0,0.0,0.0,2.752,0.0,0.0,0.0,7.29,-399.0,0.0,7.168,432.0,0.0,0.0,4.982,109.0,4.982,268.0,0.685,0.0,4.952,201.0,4.963,190.0,4.967,43.0,4.977,60.0,23.21997,22.76352,22.81185,22.35182,27.27074,23.78382,22.8924,23.88406,22.64538,22.5,25.5,23.0,23.0,23.0,0.0,910.25,,2.0,0.0,0.0,77.180115,77.180115,77.180115,77.180115,77.180115,77.180115,77.180115,77.180115,77.180115,77.180115,77.180115,77.180115,77.180115,77.180115,77.180115,77.180115,74.309649,74.309649,74.309649,74.309649,0.0,0.0,100.0,101.0,102.0,101.0,101.0,97.0,3096.576,543.038,995.352,298.62,True,True,T3_board_divergence
2026-03-22 12:51:11,5.0,0.0,0.0,1.0,,0.0,0.0,6.0,0.0,0.0,0.0,1.0,1.0,0.0,0.0,2.752,0.0,0.0,0.0,7.29,-399.0,0.0,7.168,425.0,0.0,0.0,4.982,106.0,4.982,268.0,0.685,0.0,4.951,202.0,4.961,185.0,4.967,43.0,4.976,58.0,23.21997,22.77068,22.8208,22.34824,27.30296,23.83394,22.91388,23.89838,22.64001,22.5,25.5,23.0,22.5,23.0,0.0,910.25,,2.0,0.0,0.0,77.180115,77.180115,77.180115,77.180115,77.180115,77.180115,77.180115,77.180115,77.180115,77.180115,77.180115,77.180115,77.180115,77.180115,77.180115,77.180115,74.309649,74.309649,74.309649,74.309649,0.0,0.0,100.0,101.0,102.0,101.0,101.0,98.0,3046.4,528.092,1000.102,288.608,True,True,T3_board_divergence
2026-03-22 12:51:12,5.0,0.0,0.0,2.0,0.0,0.0,0.0,6.0,0.0,0.0,0.0,1.0,1.0,0.0,0.0,2.752,0.0,0.0,0.0,7.29,-399.0,0.0,7.168,423.0,0.0,0.0,4.983,107.0,4.983,267.0,0.685,0.0,4.951,203.0,4.962,191.0,4.967,43.0,4.978,46.0,23.2146,22.77605,22.8208,22.35003,27.30654,23.86079,22.91925,23.90733,22.63643,22.5,25.5,23.0,23.0,23.0,0.0,910.25,,2.0,0.0,0.0,77.180115,77.180115,77.180115,77.180115,77.180115,77.180115,77.180115,77.180115,77.180115,77.180115,77.180115,77.180115,77.180115,77.180115,77.180115,77.180115,74.309649,74.309649,74.309649,74.309649,0.0,0.0,100.0,101.0,102.0,101.0,101.0,99.0,3032.064,533.1809999999999,1005.0529999999999,228.988,True,True,T3_board_divergence
2026-03-22 12:51:13,5.0,0.0,0.0,2.0,1.0,0.0,0.0,6.0,0.0,0.0,0.0,1.0,1.0,0.0,0.0,2.752,0.0,0.0,0.0,7.29,-399.0,0.0,7.168,422.0,0.0,0.0,4.983,107.0,4.981,266.0,0.683,0.0,4.951,202.0,4.963,192.0,4.966,44.0,4.978,46.0,23.22176,22.77426,22.83333,22.34645,27.34234,23.8948,22.93178,23.91091,22.64717,22.5,25.5,23.0,23.0,23.0,0.0,910.25,,2.0,0.0,0.0,77.180115,77.180115,77.180115,77.180115,77.180115,77.180115,77.180115,77.180115,77.180115,77.180115,77.180115,77.180115,77.180115,77.180115,77.180115,77.180115,74.309649,74.309649,74.309649,74.309649,0.0,0.0,100.0,101.0,102.0,101.0,101.0,100.0,3024.896,533.1809999999999,1000.102,228.988,True,True,T3_board_divergence
2026-03-22 12:51:14,5.0,0.0,0.0,2.0,2.0,0.0,0.0,7.0,0.0,0.0,0.0,1.0,1.0,0.0,0.0,2.752,0.0,0.0,0.0,7.29,-399.0,0.0,7.168,425.0,0.0,0.0,4.982,107.0,4.982,268.0,0.682,0.0,4.951,202.0,4.96,188.0,4.967,41.0,4.978,45.0,23.21997,22.77605,22.82617,22.34466,27.36203,23.91628,22.93715,23.92165,22.64717,22.5,25.5,23.0,23.0,23.0,0.0,910.25,,2.0,0.0,0.0,77.180115,77.180115,77.180115,77.180115,77.180115,77.180115,77.180115,77.180115,77.180115,77.180115,77.180115,77.180115,77.180115,77.180115,77.180115,77.180115,74.309649,74.309649,74.309649,74.309649,0.0,0.0,100.0,101.0,102.0,101.0,101.0,101.0,3046.4,533.0740000000001,1000.102,224.01,True,True,T3_board_divergence
2026-03-22 12:51:15,5.0,0.0,0.0,2.0,3.0,0.0,0.0,7.0,0.0,0.0,0.0,1.0,1.0,0.0,0.0,2.752,0.0,0.0,0.0,7.29,-399.0,0.0,7.17,425.0,0.0,0.0,4.982,109.0,4.983,107.0,0.685,0.0,4.951,192.0,4.963,196.0,4.968,60.0,4.978,45.0,23.21102,22.79037,22.83512,22.36077,27.35666,23.93597,22.94073,23.91986,22.65075,22.5,25.5,23.0,23.0,23.0,0.0,910.25,,2.0,0.0,0.0,77.180115,77.180115,77.180115,77.180115,77.180115,77.180115,77.180115,77.180115,77.180115,77.180115,77.180115,77.180115,77.180115,77.180115,77.180115,77.180115,74.309649,74.309649,74.309649,74.309649,0.0,0.0,100.0,101.0,102.0,101.0,101.0,102.0,3047.25,543.038,950.5919999999999,224.01,True,True,T3_board_divergence
2026-03-22 12:51:17,5.0,0.0,0.0,2.0,5.0,0.0,0.0,7.0,0.0,0.0,0.0,1.0,1.0,0.0,0.0,2.752,1.0,0.0,0.0,7.29,-399.0,0.0,7.166,421.0,0.0,0.0,4.983,107.0,4.983,106.0,0.686,0.0,4.952,191.0,4.962,190.0,4.968,61.0,4.975,39.0,23.21997,22.78679,22.82796,22.34645,27.41036,23.99146,22.94968,23.93597,22.64896,22.5,25.5,23.0,23.0,23.0,0.0,910.25,,2.0,0.0,0.0,77.180115,77.180115,77.180115,77.180115,77.180115,77.180115,77.180115,77.180115,77.180115,77.180115,77.180115,77.180115,77.180115,77.180115,77.180115,77.180115,74.309649,74.309649,74.309649,74.309649,0.0,0.0,100.0,101.0,102.0,101.0,101.0,104.0,3016.886,533.1809999999999,945.832,194.02499999999998,True,True,T3_board_divergence
2026-03-22 12:51:18,5.0,0.0,0.0,2.0,6.0,0.0,0.0,7.0,0.0,0.0,0.0,1.0,1.0,0.0,0.0,2.752,0.0,0.0,0.0,7.29,-399.0,0.0,7.17,416.0,0.0,0.0,4.982,107.0,4.982,105.0,0.683,0.0,4.953,203.0,4.963,197.0,4.968,61.0,4.977,43.0,23.21102,22.79753,22.8387,22.34824,27.45511,24.04337,22.95684,23.93955,22.6418,22.5,25.5,23.0,23.0,23.0,0.0,910.25,,2.0,0.0,0.0,77.180115,77.180115,77.180115,77.180115,77.180115,77.180115,77.180115,77.180115,77.180115,77.180115,77.180115,77.180115,77.180115,77.180115,77.180115,77.180115,74.309649,74.309649,74.309649,74.309649,0.0,0.0,100.0,101.0,102.0,101.0,101.0,105.0,2982.72,533.0740000000001,1005.4590000000001,214.01100000000002,True,True,T3_board_divergence
2026-03-22 12:51:19,5.0,0.0,0.0,2.0,7.0,0.0,0.0,7.0,0.0,0.0,0.0,1.0,1.0,0.0,0.0,2.424,0.0,0.0,0.0,7.287,-413.0,0.0,7.17,421.0,0.0,0.0,4.983,109.0,4.981,104.0,0.683,0.0,4.952,186.0,4.961,191.0,4.968,61.0,4.977,43.0,23.2325,22.79395,22.8387,22.35361,27.46406,24.06485,22.96758,23.9485,22.65254,22.5,25.5,23.0,23.0,23.0,0.0,910.25,,2.0,0.0,0.0,77.180115,77.180115,77.180115,77.180115,77.180115,77.180115,77.180115,77.180115,77.180115,77.180115,77.180115,77.180115,77.180115,77.180115,77.180115,77.180115,74.309649,74.309649,74.309649,74.309649,0.0,0.0,100.0,101.0,102.0,101.0,101.0,106.0,3018.57,543.1469999999999,921.072,214.01100000000002,True,True,T3_board_divergence
2026-03-22 12:51:20,5.0,0.0,0.0,2.0,8.0,0.0,0.0,7.0,0.0,0.0,0.0,1.0,1.0,0.0,0.0,2.424,0.0,0.0,0.0,7.287,-413.0,0.0,7.168,425.0,0.0,0.0,4.982,109.0,4.982,105.0,0.683,0.0,4.952,187.0,4.963,197.0,4.968,61.0,4.977,43.0,23.23071,22.79216,22.83691,22.35719,27.4748,24.06485,22.97295,23.95745,22.64538,22.5,25.5,23.0,23.0,23.0,0.0,910.25,,2.0,0.0,0.0,77.180115,77.180115,77.180115,77.180115,77.180115,77.180115,77.180115,77.180115,77.180115,77.180115,77.180115,77.180115,77.180115,77.180115,77.180115,77.180115,74.309649,74.309649,74.309649,74.309649,0.0,0.0,100.0,101.0,102.0,101.0,101.0,107.0,3046.4,543.038,926.024,214.01100000000002,True,True,T3_board_divergence
2026-03-22 12:51:21,5.0,0.0,0.0,2.0,9.0,0.0,0.0,7.0,0.0,0.0,0.0,1.0,1.0,0.0,0.0,3.215,0.0,0.0,0.0,7.286,-400.0,0.0,7.171,421.0,0.0,0.0,4.982,107.0,4.983,106.0,0.683,0.0,4.952,198.0,4.961,187.0,4.968,61.0,4.977,58.0,23.24682,22.80648,22.84586,22.35361,27.48554,24.12929,22.97116,23.95745,22.65433,22.5,25.5,23.0,23.0,23.0,0.0,910.25,,2.0,0.0,0.0,77.180115,77.180115,77.180115,77.180115,77.180115,77.180115,77.180115,77.180115,77.180115,77.180115,77.180115,77.180115,77.180115,77.180115,77.180115,77.180115,74.309649,74.309649,74.309649,74.309649,0.0,0.0,100.0,101.0,102.0,101.0,101.0,108.0,3018.991,533.0740000000001,980.496,288.666,True,True,T3_board_divergence
2026-03-22 12:51:22,5.0,0.0,0.0,2.0,,0.0,0.0,7.0,0.0,0.0,0.0,1.0,1.0,0.0,0.0,2.924,0.0,0.0,0.0,7.286,-399.0,0.0,7.17,418.0,0.0,0.0,4.982,107.0,4.982,104.0,0.685,0.0,4.953,198.0,4.962,190.0,4.968,60.0,4.976,58.0,23.24503,22.79932,22.84049,22.3554,27.55893,24.14898,22.99085,23.96461,22.6597,22.5,25.5,23.0,23.0,23.0,0.0,910.25,,2.0,0.0,0.0,77.180115,77.180115,77.180115,77.180115,77.180115,77.180115,77.180115,77.180115,77.180115,77.180115,77.180115,77.180115,77.180115,77.180115,77.180115,77.180115,74.309649,74.309649,74.309649,74.309649,0.0,0.0,100.0,101.0,102.0,101.0,101.0,109.0,2997.06,533.0740000000001,980.6940000000001,288.608,True,True,T3_board_divergence
2026-03-22 12:51:23,5.0,0.0,0.0,2.0,,0.0,0.0,7.0,0.0,0.0,0.0,1.0,1.0,0.0,0.0,1.985,0.0,0.0,0.0,7.286,-407.0,0.0,7.168,421.0,0.0,0.0,4.982,109.0,4.982,107.0,0.683,0.0,4.953,198.0,4.962,192.0,4.967,61.0,4.976,58.0,23.24682,22.79932,22.84765,22.3554,27.53387,24.16509,22.98906,23.96998,22.65612,22.5,25.5,23.0,23.0,23.0,0.0,910.25,,2.0,0.0,0.0,77.180115,77.180115,77.180115,77.180115,77.180115,77.180115,77.180115,77.180115,77.180115,77.180115,77.180115,77.180115,77.180115,77.180115,77.180115,77.180115,74.309649,74.309649,74.309649,74.309649,0.0,0.0,100.0,101.0,102.0,101.0,101.0,110.0,3017.728,543.038,980.6940000000001,288.608,True,True,T3_board_divergence
2026-03-22 12:51:24,5.0,0.0,0.0,2.0,,0.0,0.0,7.0,0.0,0.0,0.0,1.0,1.0,0.0,0.0,3.199,0.0,0.0,0.0,7.286,-407.0,0.0,7.17,416.0,0.0,0.0,4.982,109.0,4.981,104.0,0.683,0.0,4.951,191.0,4.963,197.0,4.967,61.0,4.976,58.0,23.25219,22.81185,22.84765,22.36435,27.53924,24.17941,23.00159,23.96461,22.66507,22.5,25.5,23.5,23.0,23.0,0.0,910.25,,2.0,0.0,0.0,77.180115,77.180115,77.180115,77.180115,77.180115,77.180115,77.180115,77.180115,77.180115,77.180115,77.180115,77.180115,77.180115,77.180115,77.180115,77.180115,74.309649,74.309649,74.309649,74.309649,0.0,0.0,100.0,101.0,102.0,101.0,101.0,111.0,2982.72,543.038,945.641,288.608,True,True,T3_board_divergence
2026-03-22 12:51:25,5.0,0.0,0.0,2.0,,0.0,0.0,7.0,0.0,0.0,0.0,1.0,1.0,0.0,0.0,3.265,0.0,0.0,0.0,7.285,-395.0,0.0,7.17,422.0,0.0,0.0,4.982,106.0,4.983,105.0,0.683,1.0,4.953,202.0,4.962,192.0,4.968,60.0,4.977,43.0,23.25398,22.81722,22.8566,22.36256,27.58399,24.24385,23.01054,23.9843,22.66686,22.5,25.5,23.5,23.0,23.0,0.0,910.25,,2.0,0.0,0.0,77.180115,77.180115,77.180115,77.180115,77.180115,77.180115,77.180115,77.180115,77.180115,77.180115,77.180115,77.180115,77.180115,77.180115,77.180115,77.180115,74.309649,74.309649,74.309649,74.309649,0.0,0.0,100.0,101.0,102.0,101.0,101.0,112.0,3025.74,528.092,1000.5060000000001,214.01100000000002,True,True,T3_board_divergence
2026-03-22 12:51:26,5.0,0.0,0.0,2.0,,0.0,0.0,7.0,0.0,0.0,0.0,1.0,1.0,0.0,0.0,2.972,0.0,0.0,0.0,7.286,-396.0,0.0,7.17,422.0,0.0,0.0,4.982,107.0,4.982,104.0,0.685,1.0,4.951,195.0,4.963,193.0,4.967,62.0,4.977,43.0,23.26114,22.81901,22.85302,22.35898,27.59294,24.24564,23.00875,23.98072,22.66328,23.0,25.5,23.5,23.0,23.0,0.0,910.25,,2.0,0.0,0.0,77.180115,77.180115,77.180115,77.180115,77.180115,77.180115,77.180115,77.180115,77.180115,77.180115,77.180115,77.180115,77.180115,77.180115,77.180115,77.180115,74.309649,74.309649,74.309649,74.309649,0.0,0.0,100.0,101.0,102.0,101.0,101.0,113.0,3025.74,533.0740000000001,965.4449999999999,214.01100000000002,True,True,T3_board_divergence
2026-03-22 12:51:27,5.0,0.0,0.0,2.0,,0.0,0.0,7.0,0.0,0.0,0.0,1.0,1.0,0.0,0.0,2.972,0.0,0.0,0.0,7.286,-396.0,0.0,7.17,421.0,0.0,0.0,4.982,109.0,4.982,106.0,0.685,0.0,4.953,202.0,4.962,193.0,4.968,61.0,4.978,45.0,23.25219,22.81364,22.86197,22.36077,27.61084,24.30113,23.02128,23.99862,22.66328,22.5,25.5,23.5,23.0,23.0,0.0,910.25,,2.0,0.0,0.0,77.180115,77.180115,77.180115,77.180115,77.180115,77.180115,77.180115,77.180115,77.180115,77.180115,77.180115,77.180115,77.180115,77.180115,77.180115,77.180115,74.309649,74.309649,74.309649,74.309649,0.0,0.0,100.0,101.0,102.0,101.0,101.0,114.0,3018.57,543.038,1000.5060000000001,224.01,True,True,T3_board_divergence
2026-03-22 12:51:28,5.0,0.0,0.0,2.0,10.0,0.0,0.0,7.0,0.0,0.0,0.0,1.0,1.0,0.0,0.0,2.972,0.0,0.0,0.0,7.286,-396.0,0.0,7.168,422.0,0.0,0.0,4.982,109.0,4.982,104.0,0.683,0.0,4.952,193.0,4.962,192.0,4.968,60.0,4.978,45.0,23.25756,22.8208,22.86376,22.36077,27.618,24.30829,23.01949,24.00041,22.67044,22.5,25.5,23.5,23.0,23.0,0.0,910.25,,2.0,0.0,0.0,77.180115,77.180115,77.180115,77.180115,77.180115,77.180115,77.180115,77.180115,77.180115,77.180115,77.180115,77.180115,77.180115,77.180115,77.180115,77.180115,74.309649,74.309649,74.309649,74.309649,0.0,0.0,100.0,101.0,102.0,101.0,101.0,115.0,3024.896,543.038,955.736,224.01,True,True,T3_board_divergence
2026-03-22 12:51:29,5.0,0.0,0.0,2.0,11.0,0.0,0.0,7.0,0.0,0.0,0.0,1.0,1.0,0.0,0.0,2.972,0.0,0.0,0.0,7.286,-396.0,0.0,7.168,421.0,0.0,0.0,4.982,106.0,4.982,104.0,0.683,0.0,4.951,195.0,4.962,185.0,4.967,61.0,4.978,43.0,23.2504,22.83691,22.86018,22.36614,27.63948,24.34051,23.02844,24.00041,22.67044,23.0,25.5,23.5,23.0,23.5,0.0,910.25,,2.0,0.0,0.0,77.180115,77.180115,77.180115,77.180115,77.180115,77.180115,77.180115,77.180115,77.180115,77.180115,77.180115,77.180115,77.180115,77.180115,77.180115,77.180115,74.309649,74.309649,74.309649,74.309649,0.0,0.0,100.0,101.0,102.0,101.0,101.0,116.0,3017.728,528.092,965.4449999999999,214.054,True,True,T3_board_divergence
2026-03-22 12:51:30,5.0,0.0,0.0,2.0,12.0,0.0,0.0,7.0,0.0,0.0,0.0,1.0,1.0,0.0,0.0,2.972,0.0,0.0,0.0,7.286,-396.0,0.0,7.168,418.0,0.0,0.0,4.981,107.0,4.981,105.0,0.683,0.0,4.952,203.0,4.961,192.0,4.968,62.0,4.978,45.0,23.25219,22.83333,22.87092,22.35898,27.6717,24.36915,23.03381,24.0022,22.66686,23.0,25.5,23.5,23.0,23.5,0.0,910.25,,2.0,0.0,0.0,77.180115,77.180115,77.180115,77.180115,77.180115,77.180115,77.180115,77.180115,77.180115,77.180115,77.180115,77.180115,77.180115,77.180115,77.180115,77.180115,74.309649,74.309649,74.309649,74.309649,0.0,0.0,100.0,101.0,102.0,101.0,101.0,117.0,2996.224,532.967,1005.256,224.01,True,True,T3_board_divergence
2026-03-22 12:51:31,5.0,0.0,0.0,2.0,13.0,0.0,0.0,7.0,0.0,0.0,0.0,1.0,1.0,0.0,0.0,2.972,0.0,0.0,0.0,7.286,-396.0,0.0,7.168,416.0,0.0,0.0,4.983,107.0,4.981,105.0,0.685,0.0,4.952,203.0,4.962,190.0,4.967,61.0,4.978,45.0,23.24503,22.82975,22.87092,22.36435,27.72003,24.40316,23.03918,24.01294,22.6776,23.0,25.5,23.5,23.0,23.5,0.0,910.25,,2.0,0.0,0.0,77.180115,77.180115,77.180115,77.180115,77.180115,77.180115,77.180115,77.180115,77.180115,77.180115,77.180115,77.180115,77.180115,77.180115,77.180115,77.180115,74.309649,74.309649,74.309649,74.309649,0.0,0.0,100.0,101.0,102.0,101.0,101.0,118.0,2981.888,533.1809999999999,1005.256,224.01,True,True,T3_board_divergence
2026-03-22 12:51:32,5.0,0.0,0.0,2.0,14.0,0.0,0.0,7.0,0.0,0.0,0.0,1.0,1.0,0.0,0.0,2.972,0.0,0.0,0.0,7.286,-396.0,0.0,7.168,418.0,0.0,0.0,4.982,109.0,4.982,101.0,0.683,0.0,4.951,197.0,4.963,198.0,4.968,60.0,4.978,45.0,23.24503,22.82617,22.87987,22.36972,27.68244,24.41569,23.04992,24.01831,22.66865,22.5,25.5,23.5,23.0,23.5,0.0,910.25,,2.0,0.0,0.0,77.180115,77.180115,77.180115,77.180115,77.180115,77.180115,77.180115,77.180115,77.180115,77.180115,77.180115,77.180115,77.180115,77.180115,77.180115,77.180115,74.309649,74.309649,74.309649,74.309649,0.0,0.0,100.0,101.0,102.0,101.0,101.0,119.0,2996.224,543.038,975.347,224.01,True,True,T3_board_divergence
2026-03-22 12:51:33,5.0,0.0,0.0,2.0,15.0,0.0,0.0,7.0,0.0,0.0,0.0,1.0,1.0,0.0,0.0,2.972,0.0,0.0,0.0,7.286,-396.0,0.0,7.171,413.0,0.0,0.0,4.982,106.0,4.983,253.0,0.683,0.0,4.952,197.0,4.962,192.0,4.968,61.0,4.976,58.0,23.24503,22.83512,22.88703,22.36793,27.73614,24.43717,23.04097,24.01831,22.67223,23.0,26.0,23.5,23.0,23.5,0.0,910.25,,2.0,0.0,0.0,77.180115,77.180115,77.180115,77.180115,77.180115,77.180115,77.180115,77.180115,77.180115,77.180115,77.180115,77.180115,77.180115,77.180115,77.180115,77.180115,74.309649,74.309649,74.309649,74.309649,0.0,0.0,100.0,101.0,102.0,101.0,101.0,120.0,2961.623,528.092,975.544,288.608,True,True,T3_board_divergence
2026-03-22 12:51:34,5.0,0.0,0.0,2.0,16.0,0.0,0.0,7.0,0.0,0.0,0.0,1.0,1.0,0.0,0.0,2.972,1.0,0.0,0.0,7.286,-396.0,0.0,7.171,412.0,0.0,0.0,4.982,109.0,4.983,252.0,0.685,0.0,4.952,200.0,4.961,193.0,4.967,61.0,4.978,46.0,23.24503,22.83333,22.88345,22.37151,27.75404,24.4676,23.06603,24.0201,22.67223,23.0,26.0,23.5,23.0,23.5,0.0,910.25,,2.0,0.0,0.0,77.180115,77.180115,77.180115,77.180115,77.180115,77.180115,77.180115,77.180115,77.180115,77.180115,77.180115,77.180115,77.180115,77.180115,77.180115,77.180115,74.309649,74.309649,74.309649,74.309649,0.0,0.0,100.0,101.0,102.0,101.0,101.0,121.0,2954.452,543.038,990.4,228.988,True,True,T3_board_divergence
2026-03-22 12:51:35,5.0,0.0,0.0,2.0,17.0,0.0,0.0,7.0,0.0,0.0,0.0,1.0,1.0,0.0,0.0,2.972,1.0,0.0,0.0,7.286,-396.0,0.0,7.17,415.0,0.0,0.0,4.981,266.0,4.983,253.0,0.685,0.0,4.952,200.0,4.962,195.0,4.968,61.0,4.978,46.0,23.23966,22.85123,22.88703,22.37688,27.75583,24.49266,23.06066,24.02905,22.64717,23.0,26.0,23.5,23.0,23.5,0.0,910.25,,2.0,0.0,0.0,77.180115,77.180115,77.180115,77.180115,77.180115,77.180115,77.180115,77.180115,77.180115,77.180115,77.180115,77.180115,77.180115,77.180115,77.180115,77.180115,74.309649,74.309649,74.309649,74.309649,0.0,0.0,100.0,101.0,102.0,101.0,101.0,122.0,2975.55,1324.946,990.4,228.988,True,True,T3_board_divergence
2026-03-22 12:51:36,5.0,0.0,0.0,2.0,18.0,0.0,0.0,8.0,0.0,0.0,0.0,1.0,1.0,0.0,0.0,2.972,0.0,0.0,0.0,7.286,-396.0,0.0,7.168,197.0,0.0,0.0,4.983,107.0,4.983,250.0,0.683,0.0,4.951,195.0,4.962,188.0,4.967,61.0,4.975,63.0,23.23966,22.85123,22.90851,22.36972,27.80774,24.5213,23.07498,24.04158,22.66149,23.0,26.0,23.5,23.0,23.5,0.0,910.25,,2.0,0.0,0.0,77.180115,77.180115,77.180115,77.180115,77.180115,77.180115,77.180115,77.180115,77.180115,77.180115,77.180115,77.180115,77.180115,77.180115,77.180115,77.180115,74.309649,74.309649,74.309649,74.309649,0.0,0.0,100.0,101.0,102.0,101.0,101.0,123.0,1412.096,533.1809999999999,965.4449999999999,313.42499999999995,True,True,T3_board_divergence
2026-03-22 12:51:37,5.0,0.0,0.0,2.0,19.0,0.0,0.0,8.0,0.0,0.0,0.0,1.0,1.0,0.0,0.0,2.972,0.0,0.0,0.0,7.286,-396.0,0.0,7.168,197.0,0.0,0.0,4.982,107.0,4.985,250.0,0.685,0.0,4.952,198.0,4.965,192.0,4.967,61.0,4.975,63.0,23.2325,22.84586,22.88703,22.36972,27.80774,24.54815,23.0714,24.03621,22.67581,23.0,26.0,23.5,23.0,23.5,0.0,910.25,,2.0,0.0,0.0,77.180115,77.180115,77.180115,77.180115,77.180115,77.180115,77.180115,77.180115,77.180115,77.180115,77.180115,77.180115,77.180115,77.180115,77.180115,77.180115,74.309649,74.309649,74.309649,74.309649,0.0,0.0,100.0,101.0,102.0,101.0,101.0,124.0,1412.096,533.0740000000001,980.496,313.42499999999995,True,True,T3_board_divergence
2026-03-22 12:51:38,5.0,0.0,0.0,2.0,,0.0,0.0,8.0,0.0,0.0,0.0,1.0,1.0,0.0,0.0,2.972,1.0,0.0,0.0,7.286,-396.0,0.0,7.168,196.0,0.0,0.0,4.981,107.0,4.983,246.0,0.685,0.0,4.952,198.0,4.963,190.0,4.968,62.0,4.976,38.0,23.24682,22.84228,22.89598,22.37688,27.83101,24.56784,23.08214,24.038,22.68118,23.0,26.0,23.5,23.0,23.5,0.0,910.25,,2.0,0.0,0.0,77.180115,77.180115,77.180115,77.180115,77.180115,77.180115,77.180115,77.180115,77.180115,77.180115,77.180115,77.180115,77.180115,77.180115,77.180115,77.180115,74.309649,74.309649,74.309649,74.309649,0.0,0.0,100.0,101.0,102.0,101.0,101.0,125.0,1404.928,532.967,980.496,189.088,True,True,T3_board_divergence
2026-03-22 12:51:39,5.0,0.0,0.0,2.0,,0.0,0.0,8.0,0.0,0.0,0.0,1.0,1.0,0.0,0.0,2.972,0.0,0.0,0.0,7.286,-396.0,0.0,7.165,411.0,0.0,0.0,4.982,107.0,4.983,248.0,0.683,0.0,4.951,200.0,4.963,193.0,4.968,60.0,4.976,38.0,23.23429,22.84407,22.89777,22.36972,27.83638,24.58932,23.08393,24.038,22.68476,23.0,26.0,23.5,23.0,23.5,0.0,910.25,,2.0,0.0,0.0,77.180115,77.180115,77.180115,77.180115,77.180115,77.180115,77.180115,77.180115,77.180115,77.180115,77.180115,77.180115,77.180115,77.180115,77.180115,77.180115,74.309649,74.309649,74.309649,74.309649,0.0,0.0,100.0,101.0,102.0,101.0,101.0,126.0,2944.815,533.0740000000001,990.1999999999999,189.088,True,True,T3_board_divergence
2026-03-22 12:51:40,5.0,0.0,0.0,2.0,,0.0,0.0,8.0,0.0,0.0,0.0,1.0,1.0,0.0,0.0,2.972,0.0,0.0,0.0,7.286,-396.0,0.0,7.167,411.0,0.0,0.0,4.982,109.0,4.982,247.0,0.682,0.0,4.95,200.0,4.962,185.0,4.967,60.0,4.978,43.0,23.23608,22.84944,22.89956,22.37688,27.86502,24.62691,23.09646,24.06306,22.69371,23.0,26.0,23.5,23.0,23.5,0.0,910.25,,2.0,0.0,0.0,77.180115,77.180115,77.180115,77.180115,77.180115,77.180115,77.180115,77.180115,77.180115,77.180115,77.180115,77.180115,77.180115,77.180115,77.180115,77.180115,74.309649,74.309649,74.309649,74.309649,0.0,0.0,100.0,101.0,102.0,101.0,101.0,127.0,2945.6369999999997,543.038,990.0,214.054,True,True,T3_board_divergence
2026-03-22 12:51:41,5.0,0.0,0.0,2.0,,0.0,0.0,8.0,0.0,0.0,0.0,1.0,1.0,0.0,0.0,2.972,0.0,0.0,0.0,7.286,-396.0,0.0,7.17,412.0,0.0,0.0,4.982,109.0,4.982,248.0,0.683,0.0,4.952,203.0,4.961,190.0,4.968,62.0,4.978,43.0,23.24503,22.86197,22.9103,22.37688,27.8686,24.63228,23.09825,24.0559,22.69013,23.0,26.0,23.5,23.0,23.5,0.0,910.25,,2.0,0.0,0.0,77.180115,77.180115,77.180115,77.180115,77.180115,77.180115,77.180115,77.180115,77.180115,77.180115,77.180115,77.180115,77.180115,77.180115,77.180115,77.180115,74.309649,74.309649,74.309649,74.309649,0.0,0.0,100.0,101.0,102.0,101.0,101.0,128.0,2954.04,543.038,1005.256,214.054,True,True,T3_board_divergence
2026-03-22 12:51:42,5.0,0.0,0.0,2.0,,0.0,0.0,8.0,0.0,0.0,0.0,1.0,1.0,0.0,0.0,2.972,0.0,0.0,0.0,7.286,-396.0,0.0,7.168,420.0,0.0,0.0,4.982,107.0,4.983,251.0,0.683,0.0,4.951,201.0,4.965,193.0,4.967,60.0,4.978,42.0,23.23429,22.85481,22.9103,22.37688,27.9044,24.65913,23.10899,24.06664,22.69371,23.0,26.0,23.5,23.0,23.5,0.0,910.25,,2.0,0.0,0.0,77.180115,77.180115,77.180115,77.180115,77.180115,77.180115,77.180115,77.180115,77.180115,77.180115,77.180115,77.180115,77.180115,77.180115,77.180115,77.180115,74.309649,74.309649,74.309649,74.309649,0.0,0.0,100.0,101.0,102.0,101.0,101.0,129.0,3010.56,533.0740000000001,995.151,209.076,True,True,T3_board_divergence
2026-03-22 12:51:43,5.0,0.0,0.0,2.0,,0.0,0.0,8.0,0.0,0.0,0.0,1.0,1.0,0.0,0.0,2.972,0.0,0.0,0.0,7.286,-396.0,0.0,7.167,420.0,0.0,0.0,4.981,109.0,4.982,105.0,0.683,0.0,4.952,203.0,4.962,190.0,4.968,62.0,4.978,42.0,23.23608,22.87092,22.90135,22.37688,27.9223,24.68598,23.10899,24.07738,22.69371,23.0,26.0,23.5,23.0,23.5,0.0,910.25,,2.0,0.0,0.0,77.180115,77.180115,77.180115,77.180115,77.180115,77.180115,77.180115,77.180115,77.180115,77.180115,77.180115,77.180115,77.180115,77.180115,77.180115,77.180115,74.309649,74.309649,74.309649,74.309649,0.0,0.0,100.0,101.0,102.0,101.0,101.0,130.0,3010.14,542.929,1005.256,209.076,True,True,T3_board_divergence
2026-03-22 12:51:44,5.0,0.0,0.0,2.0,20.0,0.0,0.0,8.0,0.0,0.0,0.0,1.0,1.0,0.0,0.0,2.972,0.0,0.0,0.0,7.286,-396.0,0.0,7.167,422.0,0.0,0.0,4.982,109.0,4.982,106.0,0.683,0.0,4.952,202.0,4.962,186.0,4.968,62.0,4.978,43.0,23.23787,22.86376,22.91209,22.37688,27.92409,24.70388,23.11794,24.08096,22.69371,23.0,26.0,23.5,23.0,23.5,0.0,910.25,,2.0,0.0,0.0,77.180115,77.180115,77.180115,77.180115,77.180115,77.180115,77.180115,77.180115,77.180115,77.180115,77.180115,77.180115,77.180115,77.180115,77.180115,77.180115,74.309649,74.309649,74.309649,74.309649,0.0,0.0,100.0,101.0,102.0,101.0,101.0,131.0,3024.4739999999997,543.038,1000.304,214.054,True,True,T3_board_divergence
2026-03-22 12:51:45,5.0,0.0,0.0,2.0,21.0,0.0,0.0,8.0,0.0,0.0,0.0,1.0,1.0,0.0,0.0,2.972,0.0,0.0,0.0,7.286,-396.0,0.0,7.166,423.0,0.0,0.0,4.982,109.0,4.981,106.0,0.682,0.0,4.951,203.0,4.963,186.0,4.968,60.0,4.978,43.0,23.23966,22.87271,22.90672,22.37688,27.96168,24.72894,23.13047,24.08454,22.69371,23.0,26.0,23.5,23.0,23.5,0.0,910.25,,2.0,0.0,0.0,77.180115,77.180115,77.180115,77.180115,77.180115,77.180115,77.180115,77.180115,77.180115,77.180115,77.180115,77.180115,77.180115,77.180115,77.180115,77.180115,74.309649,74.309649,74.309649,74.309649,0.0,0.0,100.0,101.0,102.0,101.0,101.0,132.0,3031.2180000000003,543.038,1005.0529999999999,214.054,True,True,T3_board_divergence
2026-03-22 12:51:46,5.0,0.0,0.0,2.0,22.0,0.0,0.0,8.0,0.0,0.0,0.0,1.0,1.0,0.0,0.0,2.972,0.0,0.0,0.0,7.286,-396.0,0.0,7.167,420.0,0.0,0.0,4.981,107.0,4.981,105.0,0.683,0.0,4.951,201.0,4.965,191.0,4.968,61.0,4.977,43.0,23.23966,22.87271,22.91925,22.39657,27.95452,24.75042,23.12152,24.07917,22.69371,23.0,26.0,23.5,23.0,23.5,0.0,910.25,,2.0,0.0,0.0,77.180115,77.180115,77.180115,77.180115,77.180115,77.180115,77.180115,77.180115,77.180115,77.180115,77.180115,77.180115,77.180115,77.180115,77.180115,77.180115,74.309649,74.309649,74.309649,74.309649,0.0,0.0,100.0,101.0,102.0,101.0,101.0,133.0,3010.14,532.967,995.151,214.01100000000002,True,True,T3_board_divergence
2026-03-22 12:51:47,5.0,0.0,0.0,2.0,23.0,0.0,0.0,8.0,0.0,0.0,0.0,1.0,1.0,0.0,0.0,2.6,0.0,0.0,0.0,7.285,-410.0,0.0,7.168,413.0,0.0,0.0,4.982,105.0,4.982,105.0,0.683,2.0,4.951,187.0,4.963,183.0,4.968,60.0,4.977,43.0,23.24324,22.87808,22.91925,22.37688,27.96526,24.75579,23.12152,24.08812,22.68834,23.0,26.0,23.5,23.0,23.5,0.0,910.25,,2.0,0.0,0.0,77.180115,77.180115,77.180115,77.180115,77.180115,77.180115,77.180115,77.180115,77.180115,77.180115,77.180115,77.180115,77.180115,77.180115,77.180115,77.180115,74.309649,74.309649,74.309649,74.309649,0.0,0.0,100.0,101.0,102.0,101.0,101.0,134.0,2960.384,523.11,925.8369999999999,214.01100000000002,True,True,T3_board_divergence
2026-03-22 12:51:48,5.0,0.0,0.0,2.0,24.0,0.0,0.0,8.0,0.0,0.0,0.0,1.0,1.0,0.0,0.0,2.797,0.0,0.0,0.0,7.285,-414.0,0.0,7.166,427.0,0.0,0.0,4.982,255.0,4.982,266.0,0.683,0.0,4.951,202.0,4.962,191.0,4.967,43.0,4.976,60.0,23.2504,22.87987,22.92999,22.40552,27.99748,24.78622,23.13226,24.09707,22.69729,23.0,26.0,23.5,23.0,23.5,0.0,910.25,,2.0,0.0,0.0,77.180115,77.180115,77.180115,77.180115,77.180115,77.180115,77.180115,77.180115,77.180115,77.180115,77.180115,77.180115,77.180115,77.180115,77.180115,77.180115,74.309649,74.309649,74.309649,74.309649,0.0,0.0,100.0,101.0,102.0,101.0,101.0,135.0,3059.882,1270.41,1000.102,298.56,True,True,T3_board_divergence
2026-03-22 12:51:49,5.0,0.0,0.0,2.0,25.0,0.0,0.0,8.0,0.0,0.0,0.0,1.0,1.0,0.0,0.0,3.228,0.0,0.0,0.0,7.284,-439.0,0.0,7.163,435.0,0.0,0.0,4.983,255.0,4.982,266.0,0.685,0.0,4.952,198.0,4.962,183.0,4.967,63.0,4.976,60.0,23.24861,22.87987,22.92641,22.39478,28.03328,24.79696,23.13584,24.10244,22.70087,23.0,26.0,24.0,23.0,23.5,0.0,910.25,,2.0,0.0,0.0,77.180115,77.180115,77.180115,77.180115,77.180115,77.180115,77.180115,77.180115,77.180115,77.180115,77.180115,77.180115,77.180115,77.180115,77.180115,77.180115,74.309649,74.309649,74.309649,74.309649,0.0,0.0,100.0,101.0,102.0,101.0,101.0,136.0,3115.905,1270.665,980.496,298.56,True,True,T3_board_divergence
2026-03-22 12:51:50,5.0,0.0,0.0,2.0,26.0,0.0,0.0,8.0,0.0,0.0,0.0,1.0,1.0,0.0,0.0,2.985,0.0,0.0,0.0,7.286,-398.0,0.0,7.168,415.0,0.0,0.0,4.982,252.0,4.981,109.0,0.683,0.0,4.951,198.0,4.962,197.0,4.968,41.0,4.976,60.0,23.25398,22.87808,22.92641,22.4091,28.03149,24.81307,23.13584,24.1096,22.69908,23.0,26.0,24.0,23.0,23.5,0.0,910.25,,2.0,0.0,0.0,77.180115,77.180115,77.180115,77.180115,77.180115,77.180115,77.180115,77.180115,77.180115,77.180115,77.180115,77.180115,77.180115,77.180115,77.180115,77.180115,74.309649,74.309649,74.309649,74.309649,0.0,0.0,100.0,101.0,102.0,101.0,101.0,137.0,2974.7200000000003,1255.464,980.2979999999999,298.56,True,True,T3_board_divergence
2026-03-22 12:51:51,5.0,0.0,0.0,2.0,27.0,0.0,0.0,8.0,0.0,0.0,0.0,1.0,1.0,0.0,0.0,1.848,0.0,0.0,0.0,7.284,-420.0,0.0,7.167,426.0,0.0,0.0,4.983,253.0,4.982,109.0,0.685,0.0,4.953,198.0,4.962,195.0,4.968,42.0,4.975,58.0,23.27367,22.88166,22.92462,22.40552,28.0655,24.84708,23.1609,24.11497,22.70087,23.0,26.0,24.0,23.0,23.5,0.0,910.25,,2.0,0.0,0.0,77.180115,77.180115,77.180115,77.180115,77.180115,77.180115,77.180115,77.180115,77.180115,77.180115,77.180115,77.180115,77.180115,77.180115,77.180115,77.180115,74.309649,74.309649,74.309649,74.309649,0.0,0.0,100.0,101.0,102.0,101.0,101.0,138.0,3053.142,1260.6989999999998,980.6940000000001,288.54999999999995,True,False,
2026-03-22 12:51:52,5.0,0.0,0.0,2.0,28.0,0.0,0.0,8.0,0.0,0.0,0.0,1.0,1.0,0.0,0.0,2.009,0.0,0.0,0.0,7.284,-427.0,0.0,7.168,417.0,0.0,0.0,4.982,253.0,4.982,266.0,0.683,0.0,4.952,196.0,4.963,193.0,4.968,63.0,4.976,60.0,23.26472,22.88524,22.93536,22.4091,28.04939,24.85961,23.1609,24.11676,22.69192,23.0,26.0,24.0,23.0,23.5,0.0,910.25,,2.0,0.0,0.0,77.180115,77.180115,77.180115,77.180115,77.180115,77.180115,77.180115,77.180115,77.180115,77.180115,77.180115,77.180115,77.180115,77.180115,77.180115,77.180115,74.309649,74.309649,74.309649,74.309649,0.0,0.0,100.0,101.0,102.0,101.0,101.0,139.0,2989.056,1260.4460000000001,970.592,298.56,True,False,
2026-03-22 12:51:53,5.0,0.0,0.0,2.0,29.0,0.0,0.0,8.0,0.0,0.0,0.0,1.0,1.0,0.0,0.0,2.506,0.0,0.0,0.0,7.284,-422.0,0.0,7.168,417.0,0.0,0.0,4.983,253.0,4.982,266.0,0.683,0.0,4.951,195.0,4.961,188.0,4.967,62.0,4.976,60.0,23.27009,22.89419,22.92999,22.41447,28.08877,24.87751,23.16448,24.11139,22.70624,23.0,26.0,24.0,23.0,23.5,0.0,910.25,,2.0,0.0,0.0,77.180115,77.180115,77.180115,77.180115,77.180115,77.180115,77.180115,77.180115,77.180115,77.180115,77.180115,77.180115,77.180115,77.180115,77.180115,77.180115,74.309649,74.309649,74.309649,74.309649,0.0,0.0,100.0,101.0,102.0,101.0,101.0,140.0,2989.056,1260.6989999999998,965.4449999999999,298.56,True,False,
2026-03-22 12:51:54,5.0,0.0,0.0,2.0,,0.0,0.0,8.0,0.0,0.0,0.0,1.0,1.0,0.0,0.0,1.972,0.0,0.0,0.0,7.283,-416.0,0.0,7.166,421.0,0.0,0.0,4.982,252.0,4.981,109.0,0.685,0.0,4.951,196.0,4.961,187.0,4.967,63.0,4.976,60.0,23.2683,22.88882,22.94073,22.41268,28.11383,24.90615,23.17522,24.12392,22.70624,23.0,26.0,24.0,23.0,23.5,0.0,910.25,,2.0,0.0,0.0,77.180115,77.180115,77.180115,77.180115,77.180115,77.180115,77.180115,77.180115,77.180115,77.180115,77.180115,77.180115,77.180115,77.180115,77.180115,77.180115,74.309649,74.309649,74.309649,74.309649,0.0,0.0,100.0,101.0,102.0,101.0,101.0,141.0,3016.886,1255.464,970.396,298.56,True,False,
2026-03-22 12:51:55,5.0,0.0,0.0,2.0,,0.0,0.0,8.0,0.0,0.0,0.0,1.0,1.0,0.0,0.0,3.202,0.0,0.0,0.0,7.282,-402.0,0.0,7.167,418.0,0.0,0.0,4.982,253.0,4.981,266.0,0.683,0.0,4.952,203.0,4.962,190.0,4.967,43.0,4.976,60.0,23.26293,22.89956,22.93894,22.42163,28.12636,24.92047,23.18238,24.1275,22.7134,23.0,26.0,24.0,23.0,23.5,0.0,910.25,,2.0,0.0,0.0,77.180115,77.180115,77.180115,77.180115,77.180115,77.180115,77.180115,77.180115,77.180115,77.180115,77.180115,77.180115,77.180115,77.180115,77.180115,77.180115,74.309649,74.309649,74.309649,74.309649,0.0,0.0,100.0,101.0,102.0,101.0,101.0,142.0,2995.806,1260.4460000000001,1005.256,298.56,True,False,
2026-03-22 12:51:56,5.0,0.0,0.0,2.0,,0.0,0.0,8.0,0.0,0.0,0.0,1.0,1.0,0.0,0.0,2.241,0.0,0.0,0.0,7.284,-410.0,0.0,7.167,418.0,0.0,0.0,4.982,253.0,4.981,266.0,0.685,0.0,4.952,198.0,4.962,190.0,4.967,42.0,4.976,60.0,23.25935,22.89777,22.94073,22.41268,28.10488,24.94195,23.18954,24.14361,22.70982,23.0,26.0,24.0,23.0,23.5,0.0,910.25,,2.0,0.0,0.0,77.180115,77.180115,77.180115,77.180115,77.180115,77.180115,77.180115,77.180115,77.180115,77.180115,77.180115,77.180115,77.180115,77.180115,77.180115,77.180115,74.309649,74.309649,74.309649,74.309649,0.0,0.0,100.0,101.0,102.0,101.0,101.0,143.0,2995.806,1260.4460000000001,980.496,298.56,True,False,
2026-03-22 12:51:57,5.0,0.0,0.0,2.0,,0.0,0.0,8.0,0.0,0.0,0.0,1.0,1.0,0.0,0.0,2.107,0.0,0.0,0.0,7.282,-428.0,0.0,7.166,427.0,0.0,0.0,4.982,255.0,4.981,266.0,0.685,0.0,4.951,203.0,4.963,196.0,4.968,41.0,4.978,43.0,23.25398,22.90672,22.94968,22.41805,28.14247,24.96343,23.20028,24.13287,22.7134,23.0,26.0,24.0,23.0,23.5,0.0,910.25,,2.0,0.0,0.0,77.180115,77.180115,77.180115,77.180115,77.180115,77.180115,77.180115,77.180115,77.180115,77.180115,77.180115,77.180115,77.180115,77.180115,77.180115,77.180115,74.309649,74.309649,74.309649,74.309649,0.0,0.0,100.0,101.0,102.0,101.0,101.0,144.0,3059.882,1270.41,1005.0529999999999,214.054,True,False,
2026-03-22 12:51:58,5.0,0.0,0.0,2.0,,0.0,0.0,8.0,0.0,0.0,0.0,1.0,1.0,0.0,0.0,3.42,0.0,0.0,0.0,7.284,-419.0,0.0,7.166,425.0,0.0,0.0,4.981,106.0,4.981,267.0,0.682,0.0,4.951,200.0,4.962,188.0,4.968,63.0,4.978,43.0,23.25398,22.89956,22.9461,22.427,28.155,24.95806,23.19133,24.1454,22.70624,23.0,26.0,24.0,23.0,23.5,0.0,910.25,,2.0,0.0,0.0,77.180115,77.180115,77.180115,77.180115,77.180115,77.180115,77.180115,77.180115,77.180115,77.180115,77.180115,77.180115,77.180115,77.180115,77.180115,77.180115,74.309649,74.309649,74.309649,74.309649,0.0,0.0,100.0,101.0,102.0,101.0,101.0,145.0,3045.55,527.986,990.1999999999999,214.054,True,False,
2026-03-22 12:51:59,5.0,0.0,0.0,2.0,,0.0,0.0,8.0,0.0,0.0,0.0,1.0,1.0,0.0,0.0,3.379,0.0,0.0,0.0,7.284,-397.0,0.0,7.166,426.0,0.0,0.0,4.982,106.0,4.982,266.0,0.683,0.0,4.951,200.0,4.963,196.0,4.967,41.0,4.978,46.0,23.24861,22.9103,22.95505,22.41984,28.20333,24.99207,23.20386,24.14182,22.7134,23.0,26.0,24.0,23.0,23.5,0.0,910.25,,2.0,0.0,0.0,77.180115,77.180115,77.180115,77.180115,77.180115,77.180115,77.180115,77.180115,77.180115,77.180115,77.180115,77.180115,77.180115,77.180115,77.180115,77.180115,74.309649,74.309649,74.309649,74.309649,0.0,0.0,100.0,101.0,102.0,101.0,101.0,146.0,3052.7160000000003,528.092,990.1999999999999,228.988,True,False,
2026-03-22 12:52:00,5.0,0.0,0.0,2.0,30.0,0.0,0.0,8.0,0.0,0.0,0.0,1.0,1.0,0.0,0.0,2.313,0.0,0.0,0.0,7.282,-418.0,0.0,7.166,427.0,0.0,0.0,4.982,106.0,4.981,107.0,0.685,0.0,4.951,202.0,4.962,190.0,4.967,63.0,4.977,45.0,23.25398,22.91388,22.95326,22.427,28.23197,25.01355,23.21281,24.15972,22.72772,23.0,26.0,24.0,23.0,23.5,0.0,910.25,,2.0,0.0,0.0,77.180115,77.180115,77.180115,77.180115,77.180115,77.180115,77.180115,77.180115,77.180115,77.180115,77.180115,77.180115,77.180115,77.180115,77.180115,77.180115,74.309649,74.309649,74.309649,74.309649,0.0,0.0,100.0,101.0,102.0,101.0,101.0,147.0,3059.882,528.092,1000.102,223.965,True,False,
2026-03-22 12:52:01,5.0,0.0,0.0,2.0,31.0,0.0,0.0,8.0,0.0,0.0,0.0,1.0,1.0,0.0,0.0,2.325,1.0,0.0,0.0,7.283,-408.0,0.0,7.166,425.0,0.0,0.0,4.982,106.0,4.981,266.0,0.683,0.0,4.951,203.0,4.962,196.0,4.967,63.0,4.977,45.0,23.24324,22.91209,22.964,22.41984,28.25524,25.01892,23.22713,24.15972,22.72593,23.0,26.0,24.0,23.0,23.5,0.0,910.25,,2.0,0.0,0.0,77.180115,77.180115,77.180115,77.180115,77.180115,77.180115,77.180115,77.180115,77.180115,77.180115,77.180115,77.180115,77.180115,77.180115,77.180115,77.180115,74.309649,74.309649,74.309649,74.309649,0.0,0.0,100.0,101.0,102.0,101.0,101.0,148.0,3045.55,528.092,1005.0529999999999,223.965,True,False,
2026-03-22 12:52:02,5.0,0.0,0.0,2.0,32.0,0.0,0.0,8.0,0.0,0.0,0.0,1.0,1.0,0.0,0.0,2.287,0.0,0.0,0.0,7.283,-421.0,0.0,7.166,423.0,0.0,0.0,4.982,107.0,4.982,266.0,0.683,0.0,4.951,201.0,4.962,188.0,4.967,63.0,4.977,45.0,23.2504,22.91388,22.95863,22.42521,28.23734,25.04577,23.22176,24.15614,22.7313,23.0,26.0,24.0,23.0,23.5,0.0,910.25,,2.0,0.0,0.0,77.180115,77.180115,77.180115,77.180115,77.180115,77.180115,77.180115,77.180115,77.180115,77.180115,77.180115,77.180115,77.180115,77.180115,77.180115,77.180115,74.309649,74.309649,74.309649,74.309649,0.0,0.0,100.0,101.0,102.0,101.0,101.0,149.0,3031.2180000000003,533.0740000000001,995.151,223.965,True,False,
2026-03-22 12:52:03,5.0,0.0,0.0,2.0,33.0,0.0,0.0,8.0,0.0,0.0,0.0,1.0,1.0,0.0,0.0,2.3,0.0,0.0,0.0,7.282,-428.0,0.0,7.166,426.0,0.0,0.0,4.982,106.0,4.981,267.0,0.683,0.0,4.95,203.0,4.961,191.0,4.967,63.0,4.977,45.0,23.25398,22.91746,22.96579,22.43058,28.26956,25.06904,23.22713,24.17583,22.72593,23.0,26.0,24.0,23.0,23.5,0.0,910.25,,2.0,0.0,0.0,77.180115,77.180115,77.180115,77.180115,77.180115,77.180115,77.180115,77.180115,77.180115,77.180115,77.180115,77.180115,77.180115,77.180115,77.180115,77.180115,74.309649,74.309649,74.309649,74.309649,0.0,0.0,100.0,101.0,102.0,101.0,101.0,150.0,3052.7160000000003,528.092,1004.85,223.965,True,False,
2026-03-22 12:52:04,5.0,0.0,0.0,2.0,34.0,0.0,0.0,8.0,0.0,0.0,0.0,1.0,1.0,0.0,0.0,2.286,0.0,0.0,0.0,7.282,-418.0,0.0,7.166,425.0,0.0,0.0,4.982,106.0,4.982,267.0,0.685,0.0,4.951,205.0,4.962,187.0,4.968,63.0,4.975,58.0,23.25935,22.91746,22.96042,22.43237,28.29641,25.08336,23.2325,24.16509,22.72593,23.0,26.0,24.0,23.0,23.5,0.0,910.25,,2.0,0.0,0.0,77.180115,77.180115,77.180115,77.180115,77.180115,77.180115,77.180115,77.180115,77.180115,77.180115,77.180115,77.180115,77.180115,77.180115,77.180115,77.180115,74.309649,74.309649,74.309649,74.309649,0.0,0.0,100.0,101.0,102.0,101.0,101.0,151.0,3045.55,528.092,1014.9549999999999,288.54999999999995,True,False,
2026-03-22 12:52:05,5.0,0.0,0.0,2.0,35.0,0.0,0.0,8.0,0.0,0.0,0.0,1.0,1.0,0.0,0.0,2.304,0.0,0.0,0.0,7.281,-410.0,0.0,7.165,423.0,0.0,0.0,4.982,106.0,4.982,109.0,0.683,0.0,4.952,200.0,4.962,191.0,4.968,41.0,4.975,58.0,23.25219,22.91746,22.964,22.43416,28.29641,25.09231,23.23787,24.17941,22.72593,23.0,26.5,24.0,23.0,23.5,0.0,910.25,,2.0,0.0,0.0,77.180115,77.180115,77.180115,77.180115,77.180115,77.180115,77.180115,77.180115,77.180115,77.180115,77.180115,77.180115,77.180115,77.180115,77.180115,77.180115,74.309649,74.309649,74.309649,74.309649,0.0,0.0,100.0,101.0,102.0,101.0,101.0,152.0,3030.795,528.092,990.4,288.54999999999995,True,False,
2026-03-22 12:52:06,5.0,0.0,0.0,2.0,35.0,0.0,0.0,9.0,0.0,0.0,0.0,1.0,1.0,0.0,0.0,2.28,0.0,0.0,0.0,7.282,-425.0,0.0,7.165,427.0,0.0,0.0,4.981,107.0,4.981,266.0,0.685,0.0,4.952,186.0,4.962,193.0,4.967,42.0,4.975,58.0,23.26114,22.92462,22.964,22.42879,28.3161,25.10484,23.23787,24.17225,22.72414,23.0,26.5,24.0,23.0,23.5,0.0,910.25,,2.0,0.0,0.0,77.180115,77.180115,77.180115,77.180115,77.180115,77.180115,77.180115,77.180115,77.180115,77.180115,77.180115,77.180115,77.180115,77.180115,77.180115,77.180115,74.309649,74.309649,74.309649,74.309649,0.0,0.0,100.0,101.0,102.0,101.0,101.0,153.0,3059.455,532.967,921.072,288.54999999999995,True,False,
2026-03-22 12:52:07,5.0,0.0,0.0,2.0,37.0,0.0,0.0,9.0,0.0,0.0,0.0,1.0,1.0,0.0,0.0,2.222,0.0,0.0,0.0,7.285,-394.0,0.0,7.166,421.0,0.0,0.0,4.981,105.0,4.982,266.0,0.685,0.0,4.953,193.0,4.962,192.0,4.968,62.0,4.975,58.0,23.25398,22.9282,22.97832,22.43237,28.35011,25.12632,23.25398,24.1812,22.73488,23.0,26.5,24.0,23.0,23.5,0.0,910.25,,2.0,0.0,0.0,77.180115,77.180115,77.180115,77.180115,77.180115,77.180115,77.180115,77.180115,77.180115,77.180115,77.180115,77.180115,77.180115,77.180115,77.180115,77.180115,74.309649,74.309649,74.309649,74.309649,0.0,0.0,100.0,101.0,102.0,101.0,101.0,154.0,3016.886,523.005,955.9290000000001,288.54999999999995,True,False,
2026-03-22 12:52:08,5.0,0.0,0.0,2.0,38.0,0.0,0.0,9.0,0.0,0.0,0.0,1.0,1.0,0.0,0.0,2.3,0.0,0.0,0.0,7.283,-402.0,0.0,7.166,425.0,0.0,0.0,4.982,104.0,4.983,109.0,0.685,0.0,4.951,205.0,4.961,191.0,4.968,61.0,4.976,60.0,23.25398,22.92104,22.96937,22.43774,28.334,25.16033,23.26651,24.19731,22.73667,23.0,26.5,24.0,23.0,23.5,0.0,910.25,,2.0,0.0,0.0,77.180115,77.180115,77.180115,77.180115,77.180115,77.180115,77.180115,77.180115,77.180115,77.180115,77.180115,77.180115,77.180115,77.180115,77.180115,77.180115,74.309649,74.309649,74.309649,74.309649,0.0,0.0,100.0,101.0,102.0,101.0,101.0,155.0,3045.55,518.128,1014.9549999999999,298.56,True,False,
2026-03-22 12:52:09,5.0,0.0,0.0,2.0,39.0,0.0,0.0,9.0,0.0,0.0,0.0,1.0,1.0,0.0,0.0,2.271,0.0,0.0,0.0,7.283,-399.0,0.0,7.166,422.0,0.0,0.0,4.981,105.0,4.981,109.0,0.685,0.0,4.951,203.0,4.962,195.0,4.967,60.0,4.976,60.0,23.26472,22.93178,22.97832,22.43953,28.39665,25.18897,23.25756,24.19552,22.73488,23.0,26.5,24.0,23.0,23.5,0.0,910.25,,2.0,0.0,0.0,77.180115,77.180115,77.180115,77.180115,77.180115,77.180115,77.180115,77.180115,77.180115,77.180115,77.180115,77.180115,77.180115,77.180115,77.180115,77.180115,74.309649,74.309649,74.309649,74.309649,0.0,0.0,100.0,101.0,102.0,101.0,101.0,156.0,3024.052,523.005,1005.0529999999999,298.56,True,False,
2026-03-22 12:52:10,5.0,0.0,0.0,2.0,,0.0,0.0,9.0,0.0,0.0,0.0,1.0,1.0,0.0,0.0,3.234,0.0,0.0,0.0,7.283,-421.0,0.0,7.165,423.0,0.0,0.0,4.982,106.0,4.982,107.0,0.683,0.0,4.951,203.0,4.965,198.0,4.968,61.0,4.975,58.0,23.25577,22.93715,22.98548,22.44669,28.3877,25.20329,23.2683,24.19194,22.74204,23.0,26.5,24.0,23.0,23.5,0.0,910.25,,2.0,0.0,0.0,77.180115,77.180115,77.180115,77.180115,77.180115,77.180115,77.180115,77.180115,77.180115,77.180115,77.180115,77.180115,77.180115,77.180115,77.180115,77.180115,74.309649,74.309649,74.309649,74.309649,0.0,0.0,100.0,101.0,102.0,101.0,101.0,157.0,3030.795,528.092,1005.0529999999999,288.54999999999995,True,False,
2026-03-22 12:52:11,5.0,0.0,0.0,2.0,,0.0,0.0,9.0,0.0,0.0,0.0,1.0,1.0,0.0,0.0,3.353,0.0,0.0,0.0,7.284,-417.0,0.0,7.166,426.0,0.0,0.0,4.982,106.0,4.981,109.0,0.683,0.0,4.951,202.0,4.962,197.0,4.968,61.0,4.975,58.0,23.26472,22.93715,22.99443,22.44311,28.40023,25.21224,23.27546,24.19731,22.74204,23.0,26.5,24.0,23.0,23.5,0.0,910.25,,2.0,0.0,0.0,77.180115,77.180115,77.180115,77.180115,77.180115,77.180115,77.180115,77.180115,77.180115,77.180115,77.180115,77.180115,77.180115,77.180115,77.180115,77.180115,74.309649,74.309649,74.309649,74.309649,0.0,0.0,100.0,101.0,102.0,101.0,101.0,158.0,3052.7160000000003,528.092,1000.102,288.54999999999995,True,False,
2026-03-22 12:52:12,5.0,0.0,0.0,3.0,0.0,0.0,0.0,9.0,0.0,0.0,0.0,1.0,1.0,0.0,0.0,3.353,1.0,0.0,0.0,7.284,-417.0,0.0,7.166,422.0,0.0,0.0,4.981,106.0,4.981,109.0,0.685,0.0,4.95,191.0,4.963,198.0,4.967,60.0,4.975,58.0,23.27188,22.94431,22.99085,22.44669,28.41634,25.22477,23.27725,24.20268,22.74562,23.0,26.5,24.0,23.0,23.5,0.0,910.25,,2.0,0.0,0.0,77.180115,77.180115,77.180115,77.180115,77.180115,77.180115,77.180115,77.180115,77.180115,77.180115,77.180115,77.180115,77.180115,77.180115,77.180115,77.180115,74.309649,74.309649,74.309649,74.309649,0.0,0.0,100.0,101.0,102.0,101.0,101.0,159.0,3024.052,527.986,945.45,288.54999999999995,True,False,
2026-03-22 12:52:13,5.0,0.0,0.0,3.0,1.0,0.0,0.0,9.0,0.0,0.0,0.0,1.0,1.0,0.0,0.0,3.339,0.0,0.0,0.0,7.284,-410.0,0.0,7.166,426.0,0.0,0.0,4.982,109.0,4.982,270.0,0.683,0.0,4.95,203.0,4.961,192.0,4.968,62.0,4.978,46.0,23.27546,22.95147,22.98727,22.45564,28.43424,25.26415,23.28441,24.20626,22.74562,23.0,26.5,24.0,23.0,23.5,0.0,910.25,,2.0,0.0,0.0,77.180115,77.180115,77.180115,77.180115,77.180115,77.180115,77.180115,77.180115,77.180115,77.180115,77.180115,77.180115,77.180115,77.180115,77.180115,77.180115,74.309649,74.309649,74.309649,74.309649,0.0,0.0,100.0,101.0,102.0,101.0,101.0,160.0,3052.7160000000003,543.038,1004.85,228.988,True,False,
2026-03-22 12:52:14,5.0,0.0,0.0,3.0,2.0,0.0,0.0,9.0,0.0,0.0,0.0,1.0,1.0,0.0,0.0,2.563,0.0,0.0,0.0,7.283,-400.0,0.0,7.166,423.0,0.0,0.0,4.981,106.0,4.981,109.0,0.683,0.0,4.95,202.0,4.962,195.0,4.968,61.0,4.978,45.0,23.28083,22.94431,22.98906,22.44311,28.46825,25.28205,23.28978,24.20984,22.74562,23.0,26.5,24.0,23.0,23.5,0.0,910.25,,2.0,0.0,0.0,77.180115,77.180115,77.180115,77.180115,77.180115,77.180115,77.180115,77.180115,77.180115,77.180115,77.180115,77.180115,77.180115,77.180115,77.180115,77.180115,74.309649,74.309649,74.309649,74.309649,0.0,0.0,100.0,101.0,102.0,101.0,101.0,161.0,3031.2180000000003,527.986,999.9000000000001,224.01,True,False,
2026-03-22 12:52:15,5.0,0.0,0.0,3.0,3.0,0.0,0.0,9.0,0.0,0.0,0.0,1.0,1.0,0.0,0.0,2.536,0.0,0.0,0.0,7.284,-398.0,0.0,7.166,415.0,0.0,0.0,4.982,253.0,4.982,109.0,0.685,0.0,4.951,191.0,4.962,185.0,4.968,61.0,4.978,45.0,23.27725,22.94431,22.99085,22.45027,28.44856,25.27847,23.2862,24.21342,22.74741,23.0,26.5,24.0,23.0,23.5,0.0,910.25,,2.0,0.0,0.0,77.180115,77.180115,77.180115,77.180115,77.180115,77.180115,77.180115,77.180115,77.180115,77.180115,77.180115,77.180115,77.180115,77.180115,77.180115,77.180115,74.309649,74.309649,74.309649,74.309649,0.0,0.0,100.0,101.0,102.0,101.0,101.0,162.0,2973.8900000000003,1260.4460000000001,945.641,224.01,True,False,
2026-03-22 12:52:16,5.0,0.0,0.0,3.0,4.0,0.0,0.0,9.0,0.0,0.0,0.0,1.0,1.0,0.0,0.0,2.713,0.0,0.0,0.0,7.283,-407.0,0.0,7.167,411.0,0.0,0.0,4.983,100.0,4.981,107.0,0.683,0.0,4.95,193.0,4.962,191.0,4.968,61.0,4.978,45.0,23.27367,22.94968,22.99443,22.45385,28.4593,25.30174,23.28799,24.22237,22.74562,23.0,26.5,24.5,23.0,23.5,0.0,910.25,,2.0,0.0,0.0,77.180115,77.180115,77.180115,77.180115,77.180115,77.180115,77.180115,77.180115,77.180115,77.180115,77.180115,77.180115,77.180115,77.180115,77.180115,77.180115,74.309649,74.309649,74.309649,74.309649,0.0,0.0,100.0,101.0,102.0,101.0,101.0,163.0,2945.6369999999997,498.29999999999995,955.35,224.01,True,False,
2026-03-22 12:52:17,5.0,0.0,0.0,3.0,5.0,0.0,0.0,9.0,0.0,0.0,0.0,1.0,1.0,0.0,0.0,2.732,0.0,0.0,0.0,7.282,-407.0,0.0,7.168,418.0,0.0,0.0,4.982,255.0,4.981,266.0,0.683,0.0,4.955,203.0,4.962,192.0,4.967,61.0,4.978,43.0,23.2683,22.95326,22.98906,22.4449,28.49868,25.33575,23.29336,24.22058,22.7492,23.0,26.5,24.5,23.0,23.5,0.0,910.25,,2.0,0.0,0.0,77.180115,77.180115,77.180115,77.180115,77.180115,77.180115,77.180115,77.180115,77.180115,77.180115,77.180115,77.180115,77.180115,77.180115,77.180115,77.180115,74.309649,74.309649,74.309649,74.309649,0.0,0.0,100.0,101.0,102.0,101.0,101.0,164.0,2996.224,1270.41,1005.865,214.054,True,False,
2026-03-22 12:52:18,5.0,0.0,0.0,3.0,6.0,0.0,0.0,9.0,0.0,0.0,0.0,1.0,1.0,0.0,0.0,2.728,0.0,0.0,0.0,7.283,-411.0,0.0,7.167,415.0,0.0,0.0,4.982,106.0,4.982,107.0,0.683,0.0,4.95,192.0,4.963,198.0,4.968,60.0,4.978,43.0,23.27188,22.94968,22.99622,22.46459,28.48973,25.34649,23.29336,24.22774,22.7492,23.0,26.5,24.5,23.0,23.5,0.0,910.25,,2.0,0.0,0.0,77.180115,77.180115,77.180115,77.180115,77.180115,77.180115,77.180115,77.180115,77.180115,77.180115,77.180115,77.180115,77.180115,77.180115,77.180115,77.180115,74.309649,74.309649,74.309649,74.309649,0.0,0.0,100.0,101.0,102.0,101.0,101.0,165.0,2974.305,528.092,950.4000000000001,214.054,True,False,
2026-03-22 12:52:19,5.0,0.0,0.0,3.0,7.0,0.0,0.0,9.0,0.0,0.0,0.0,1.0,1.0,0.0,0.0,2.702,0.0,0.0,0.0,7.281,-415.0,0.0,7.166,421.0,0.0,0.0,4.982,105.0,4.981,109.0,0.683,0.0,4.952,203.0,4.962,197.0,4.968,60.0,4.976,61.0,23.27009,22.95505,23.00159,22.44848,28.52016,25.37513,23.29336,24.2349,22.75636,23.0,26.5,24.0,23.0,23.5,0.0,910.25,,2.0,0.0,0.0,77.180115,77.180115,77.180115,77.180115,77.180115,77.180115,77.180115,77.180115,77.180115,77.180115,77.180115,77.180115,77.180115,77.180115,77.180115,77.180115,74.309649,74.309649,74.309649,74.309649,0.0,0.0,100.0,101.0,102.0,101.0,101.0,166.0,3016.886,523.11,1005.256,303.536,True,False,
2026-03-22 12:52:20,5.0,0.0,0.0,3.0,8.0,0.0,0.0,9.0,0.0,0.0,0.0,1.0,1.0,0.0,0.0,2.723,0.0,0.0,0.0,7.285,-427.0,0.0,7.165,423.0,0.0,0.0,4.982,106.0,4.982,107.0,0.685,0.0,4.952,187.0,4.962,195.0,4.968,60.0,4.975,58.0,23.2683,22.96579,23.00696,22.45564,28.513,25.38408,23.31484,24.2349,22.74204,23.0,26.5,24.5,23.0,23.5,0.0,910.25,,2.0,0.0,0.0,77.180115,77.180115,77.180115,77.180115,77.180115,77.180115,77.180115,77.180115,77.180115,77.180115,77.180115,77.180115,77.180115,77.180115,77.180115,77.180115,74.309649,74.309649,74.309649,74.309649,0.0,0.0,100.0,101.0,102.0,101.0,101.0,167.0,3030.795,528.092,926.024,288.54999999999995,True,False,
2026-03-22 12:52:21,5.0,0.0,0.0,3.0,9.0,0.0,0.0,9.0,0.0,0.0,0.0,1.0,1.0,0.0,0.0,2.737,0.0,0.0,0.0,7.285,-402.0,0.0,7.165,421.0,0.0,0.0,4.982,105.0,4.982,109.0,0.685,0.0,4.951,186.0,4.962,195.0,4.97,61.0,4.975,58.0,23.26472,22.95863,23.00875,22.45743,28.52553,25.3984,23.31484,24.23848,22.75815,23.0,26.5,24.5,23.0,23.5,0.0,910.25,,2.0,0.0,0.0,77.180115,77.180115,77.180115,77.180115,77.180115,77.180115,77.180115,77.180115,77.180115,77.180115,77.180115,77.180115,77.180115,77.180115,77.180115,77.180115,74.309649,74.309649,74.309649,74.309649,0.0,0.0,100.0,101.0,102.0,101.0,101.0,168.0,3016.465,523.11,920.886,288.54999999999995,True,False,
2026-03-22 12:52:22,5.0,0.0,0.0,3.0,,0.0,0.0,9.0,0.0,0.0,0.0,1.0,1.0,0.0,0.0,2.743,0.0,0.0,0.0,7.283,-411.0,0.0,7.165,422.0,0.0,0.0,4.982,107.0,4.981,268.0,0.683,0.0,4.951,200.0,4.961,190.0,4.968,61.0,4.976,62.0,23.26472,22.96042,23.00875,22.4628,28.57028,25.42525,23.31305,24.25101,22.76889,23.0,26.5,24.5,23.0,23.5,0.0,910.25,,2.0,0.0,0.0,77.180115,77.180115,77.180115,77.180115,77.180115,77.180115,77.180115,77.180115,77.180115,77.180115,77.180115,77.180115,77.180115,77.180115,77.180115,77.180115,74.309649,74.309649,74.309649,74.309649,0.0,0.0,100.0,101.0,102.0,101.0,101.0,169.0,3023.63,533.0740000000001,990.1999999999999,308.512,True,False,
2026-03-22 12:52:23,5.0,0.0,0.0,3.0,,0.0,0.0,9.0,0.0,0.0,0.0,1.0,1.0,0.0,0.0,2.743,1.0,0.0,0.0,7.284,-424.0,0.0,7.165,425.0,0.0,0.0,4.982,105.0,4.981,107.0,0.683,0.0,4.953,200.0,4.962,193.0,4.968,60.0,4.976,62.0,23.26472,22.96579,23.01054,22.46638,28.5846,25.44315,23.31842,24.24922,22.76889,23.0,26.5,24.5,23.0,23.5,0.0,910.25,,2.0,0.0,0.0,77.180115,77.180115,77.180115,77.180115,77.180115,77.180115,77.180115,77.180115,77.180115,77.180115,77.180115,77.180115,77.180115,77.180115,77.180115,77.180115,74.309649,74.309649,74.309649,74.309649,0.0,0.0,100.0,101.0,102.0,101.0,101.0,170.0,3045.125,523.11,990.6,308.512,True,False,
2026-03-22 12:52:24,5.0,0.0,0.0,3.0,,0.0,0.0,9.0,0.0,0.0,0.0,1.0,1.0,0.0,0.0,2.745,0.0,0.0,0.0,7.284,-412.0,0.0,7.165,422.0,0.0,0.0,4.982,107.0,4.982,109.0,0.683,0.0,4.951,196.0,4.962,192.0,4.966,62.0,4.976,62.0,23.26472,22.96937,23.01233,22.46638,28.61682,25.44852,23.32916,24.25638,22.75636,23.0,26.5,24.5,23.0,23.5,0.0,910.25,,2.0,0.0,0.0,77.180115,77.180115,77.180115,77.180115,77.180115,77.180115,77.180115,77.180115,77.180115,77.180115,77.180115,77.180115,77.180115,77.180115,77.180115,77.180115,74.309649,74.309649,74.309649,74.309649,0.0,0.0,100.0,101.0,102.0,101.0,101.0,171.0,3023.63,533.0740000000001,970.396,308.512,True,False,
2026-03-22 12:52:25,5.0,0.0,0.0,3.0,,0.0,0.0,9.0,0.0,0.0,0.0,1.0,1.0,0.0,0.0,2.749,0.0,0.0,0.0,7.284,-404.0,0.0,7.163,425.0,0.0,0.0,4.982,105.0,4.982,107.0,0.685,0.0,4.951,200.0,4.962,198.0,4.967,60.0,4.975,60.0,23.26293,23.014333689320388,23.00696,22.47354,28.60608,25.47179,23.32021,24.26175,22.76173,23.0,26.5,24.5,23.0,23.5,0.0,910.25,,2.0,0.0,0.0,77.180115,77.180115,77.180115,77.180115,77.180115,77.180115,77.180115,77.180115,77.180115,77.180115,77.180115,77.180115,77.180115,77.180115,77.180115,77.180115,74.309649,74.309649,74.309649,74.309649,0.0,0.0,100.0,101.0,102.0,101.0,101.0,172.0,3044.275,523.11,990.1999999999999,298.5,True,False,
2026-03-22 12:52:26,5.0,0.0,0.0,3.0,,0.0,0.0,9.0,0.0,0.0,0.0,1.0,1.0,0.0,0.0,2.746,0.0,0.0,0.0,7.285,-403.0,0.0,7.165,423.0,0.0,0.0,4.981,105.0,4.982,109.0,0.683,0.0,4.951,197.0,4.962,200.0,4.967,60.0,4.977,43.0,23.26293,23.075407378640776,23.01233,22.47712,28.6383,25.50222,23.33274,24.2528,22.76352,23.0,26.5,24.5,23.0,23.5,0.0,910.25,,2.0,0.0,0.0,77.180115,77.180115,77.180115,77.180115,77.180115,77.180115,77.180115,77.180115,77.180115,77.180115,77.180115,77.180115,77.180115,77.180115,77.180115,77.180115,74.309649,74.309649,74.309649,74.309649,0.0,0.0,100.0,101.0,102.0,101.0,101.0,173.0,3030.795,523.005,975.347,214.01100000000002,True,False,
2026-03-22 12:52:27,5.0,0.0,0.0,3.0,,0.0,0.0,9.0,0.0,0.0,0.0,1.0,1.0,0.0,0.0,2.743,0.0,0.0,0.0,7.285,-410.0,0.0,7.166,422.0,0.0,0.0,4.982,106.0,4.981,266.0,0.683,0.0,4.952,203.0,4.961,192.0,4.967,60.0,4.977,43.0,23.27009,23.116791067961167,23.02307,22.47354,28.61145,25.51117,23.34706,24.26354,22.76352,23.0,26.5,24.5,23.0,23.5,0.0,910.25,,2.0,0.0,0.0,77.180115,77.180115,77.180115,77.180115,77.180115,77.180115,77.180115,77.180115,77.180115,77.180115,77.180115,77.180115,77.180115,77.180115,77.180115,77.180115,74.309649,74.309649,74.309649,74.309649,0.0,0.0,100.0,101.0,102.0,101.0,101.0,174.0,3024.052,528.092,1005.256,214.01100000000002,True,False,
2026-03-22 12:52:28,5.0,0.0,0.0,3.0,10.0,0.0,0.0,,0.0,0.0,0.0,1.0,1.0,0.0,0.0,2.747,0.0,0.0,0.0,7.283,-403.0,0.0,7.165,423.0,0.0,0.0,4.982,107.0,4.982,107.0,0.683,0.0,4.951,197.0,4.962,191.0,4.967,63.0,4.977,45.0,23.26293,23.172494757281555,23.02665,22.4807,28.64904,25.52728,23.34706,24.27249,22.77784,23.0,26.5,24.5,23.0,23.5,0.0,910.25,,2.0,0.0,0.0,77.180115,77.180115,77.180115,77.180115,77.180115,77.180115,77.180115,77.180115,77.180115,77.180115,77.180115,77.180115,77.180115,77.180115,77.180115,77.180115,74.309649,74.309649,74.309649,74.309649,0.0,0.0,100.0,101.0,102.0,101.0,101.0,175.0,3030.795,533.0740000000001,975.347,223.965,True,False,
2026-03-22 12:52:29,5.0,0.0,0.0,3.0,11.0,0.0,0.0,,0.0,0.0,0.0,1.0,1.0,0.0,0.0,2.742,0.0,0.0,0.0,7.284,-413.0,0.0,6.94,593.0,0.0,0.0,4.981,106.0,4.981,109.0,0.685,0.0,4.95,201.0,4.962,196.0,4.966,63.0,4.977,45.0,23.26293,23.22640844660194,23.03739,22.49144,28.67231,25.54518,23.35243,24.27786,22.7671,23.0,26.5,24.5,23.0,23.5,0.0,910.25,,2.0,0.0,0.0,77.180115,77.180115,77.180115,77.180115,77.180115,77.180115,77.180115,77.180115,77.180115,77.180115,77.180115,77.180115,77.180115,77.180115,77.180115,77.180115,74.309649,74.309649,74.309649,74.309649,0.0,0.0,100.0,101.0,102.0,101.0,101.0,176.0,4115.42,527.986,994.95,223.965,True,False,
2026-03-22 12:52:30,5.0,0.0,0.0,3.0,12.0,0.0,0.0,,0.0,0.0,0.0,1.0,1.0,0.0,0.0,2.742,1.0,0.0,0.0,7.284,-413.0,0.0,7.101,717.0,0.0,0.0,4.982,105.0,4.981,109.0,0.683,0.0,4.952,202.0,4.962,188.0,4.966,63.0,4.977,45.0,23.26472,23.26958213592233,23.03023,22.48428,28.65441,25.56666,23.35064,24.26712,22.77426,23.0,26.5,24.5,23.0,23.5,0.0,910.25,,2.0,0.0,0.0,77.180115,77.180115,77.180115,77.180115,77.180115,77.180115,77.180115,77.180115,77.180115,77.180115,77.180115,77.180115,77.180115,77.180115,77.180115,77.180115,74.309649,74.309649,74.309649,74.309649,0.0,0.0,100.0,101.0,102.0,101.0,101.0,177.0,5091.417,523.11,1000.304,223.965,True,False,
2026-03-22 12:52:31,5.0,0.0,0.0,3.0,13.0,0.0,0.0,,0.0,0.0,0.0,1.0,1.0,0.0,0.0,2.742,0.0,0.0,0.0,7.284,-413.0,0.0,7.142,205.0,0.0,0.0,4.982,105.0,4.981,267.0,0.683,0.0,4.951,198.0,4.961,188.0,4.967,42.0,4.98,43.0,23.27546,23.327075825242716,23.02486,22.50576,28.6741,25.58635,23.36317,24.2886,22.77784,23.0,26.5,24.5,23.0,23.5,0.0,910.25,,2.0,0.0,0.0,77.180115,77.180115,77.180115,77.180115,77.180115,77.180115,77.180115,77.180115,77.180115,77.180115,77.180115,77.180115,77.180115,77.180115,77.180115,77.180115,74.309649,74.309649,74.309649,74.309649,0.0,0.0,100.0,101.0,102.0,101.0,101.0,178.0,1464.1100000000001,523.11,980.2979999999999,214.14000000000001,True,False,
2026-03-22 12:52:32,5.0,0.0,0.0,3.0,14.0,0.0,0.0,,0.0,0.0,0.0,1.0,1.0,0.0,0.0,2.742,0.0,0.0,0.0,7.284,-413.0,0.0,7.137,229.0,0.0,0.0,4.982,105.0,4.982,267.0,0.683,0.0,4.951,203.0,4.963,196.0,4.967,41.0,4.98,43.0,23.25935,23.382779514563108,23.03202,22.50934,28.67768,25.58277,23.37033,24.28502,22.77963,23.0,26.5,24.5,23.0,23.5,0.0,910.25,,2.0,0.0,0.0,77.180115,77.180115,77.180115,77.180115,77.180115,77.180115,77.180115,77.180115,77.180115,77.180115,77.180115,77.180115,77.180115,77.180115,77.180115,77.180115,74.309649,74.309649,74.309649,74.309649,0.0,0.0,100.0,101.0,102.0,101.0,101.0,179.0,1634.3729999999998,523.11,1005.0529999999999,214.14000000000001,True,False,
2026-03-22 12:52:33,5.0,0.0,0.0,3.0,15.0,0.0,0.0,,0.0,0.0,0.0,1.0,1.0,0.0,0.0,5.662,1.0,0.004,0.0,7.165,-615.0,0.0,7.166,198.0,0.0,0.0,4.982,106.0,4.982,267.0,0.682,0.0,4.951,203.0,4.961,190.0,4.967,63.0,4.976,39.0,23.27188,23.434903203883497,23.0356,22.4986,28.70632,25.58635,23.36675,24.28502,22.77784,23.0,26.5,24.5,23.0,23.5,0.0,910.25,,2.0,0.0,0.0,77.180115,77.180115,77.180115,77.180115,77.180115,77.180115,77.180115,77.180115,77.180115,77.180115,77.180115,77.180115,77.180115,77.180115,77.180115,77.180115,74.309649,74.309649,74.309649,74.309649,0.0,0.0,100.0,101.0,102.0,101.0,101.0,180.0,1418.8680000000002,528.092,1005.0529999999999,194.064,True,False,
2026-03-22 12:52:34,5.0,0.0,0.0,3.0,16.0,0.0,0.0,,0.0,0.0,0.0,1.0,1.0,0.0,0.0,9.884,1.0,0.007,0.0,7.28,-446.0,0.0,7.163,421.0,0.0,0.0,4.982,104.0,4.982,106.0,0.683,0.0,4.952,191.0,4.963,191.0,4.968,63.0,4.975,61.0,23.29336,23.47449689320388,23.03918,22.50218,28.73496,25.61141,23.36854,24.29218,22.785,23.0,26.5,24.5,23.0,23.5,0.0,910.25,,2.0,0.0,0.0,77.180115,77.180115,77.180115,77.180115,77.180115,77.180115,77.180115,77.180115,77.180115,77.180115,77.180115,77.180115,77.180115,77.180115,77.180115,77.180115,74.309649,74.309649,74.309649,74.309649,0.0,0.0,100.0,101.0,102.0,101.0,101.0,181.0,3015.623,518.128,945.832,303.47499999999997,True,False,
2026-03-22 12:52:35,5.0,0.0,0.0,3.0,17.0,0.0,0.0,,0.0,0.0,0.0,1.0,1.0,0.0,0.0,10.274,1.0,0.006,0.0,7.282,-431.0,0.0,7.162,422.0,0.0,0.0,4.982,253.0,4.982,106.0,0.685,0.0,4.952,185.0,4.962,190.0,4.967,62.0,4.975,61.0,23.32379,23.531990582524273,23.03918,22.49681,28.73138,25.61857,23.37212,24.30471,22.78858,23.0,26.5,24.5,23.0,23.5,0.0,910.25,,2.0,0.0,0.0,77.180115,77.180115,77.180115,77.180115,77.180115,77.180115,77.180115,77.180115,77.180115,77.180115,77.180115,77.180115,77.180115,77.180115,77.180115,77.180115,74.309649,74.309649,74.309649,74.309649,0.0,0.0,100.0,101.0,102.0,101.0,101.0,182.0,3022.364,1260.4460000000001,916.12,303.47499999999997,True,False,
2026-03-22 12:52:36,5.0,0.0,0.0,3.0,18.0,0.0,0.0,,0.0,0.0,0.0,1.0,1.0,0.0,0.0,9.975,1.0,0.007,0.0,7.28,-419.0,0.0,7.166,417.0,0.0,0.0,4.982,253.0,4.982,106.0,0.685,1.0,4.951,186.0,4.963,195.0,4.968,62.0,4.975,61.0,23.32379,23.580534271844662,23.04992,22.50397,28.75465,25.63289,23.37928,24.30471,22.77784,23.0,26.5,24.5,23.0,23.5,0.0,910.25,,2.0,0.0,0.0,77.180115,77.180115,77.180115,77.180115,77.180115,77.180115,77.180115,77.180115,77.180115,77.180115,77.180115,77.180115,77.180115,77.180115,77.180115,77.180115,74.309649,74.309649,74.309649,74.309649,0.0,0.0,100.0,101.0,102.0,101.0,101.0,183.0,2988.222,1260.4460000000001,920.886,303.47499999999997,True,False,
2026-03-22 12:52:37,5.0,0.0,0.0,3.0,19.0,0.0,0.0,,0.0,0.0,0.0,1.0,1.0,0.0,0.0,9.391,1.0,0.006,0.0,7.28,-443.0,0.0,7.053,1068.0,0.0,0.0,4.982,252.0,4.981,266.0,0.685,0.0,4.951,200.0,4.962,192.0,4.967,41.0,4.976,60.0,23.33274,23.632657961165048,23.05171,22.50576,28.78329,25.65616,23.39002,24.3065,22.78679,23.0,26.5,24.5,23.0,23.5,0.0,910.25,,2.0,0.0,0.0,77.180115,77.180115,77.180115,77.180115,77.180115,77.180115,77.180115,77.180115,77.180115,77.180115,77.180115,77.180115,77.180115,77.180115,77.180115,77.180115,74.309649,74.309649,74.309649,74.309649,0.0,0.0,100.0,101.0,102.0,101.0,101.0,184.0,7532.604,1255.464,990.1999999999999,298.56,True,False,
2026-03-22 12:52:38,5.0,0.0,0.0,3.0,,0.0,0.0,,0.0,0.0,0.0,1.0,1.0,0.0,0.0,7.717,1.0,0.006,0.0,7.208,-908.0,0.0,7.086,931.0,0.0,0.0,4.983,100.0,4.981,267.0,0.683,0.0,4.952,201.0,4.963,192.0,4.967,41.0,4.975,61.0,23.3399,23.69552165048544,23.05887,22.51471,28.78687,25.66332,23.39718,24.31366,22.77784,23.0,26.5,24.5,23.0,23.5,0.0,910.25,,2.0,0.0,0.0,77.180115,77.180115,77.180115,77.180115,77.180115,77.180115,77.180115,77.180115,77.180115,77.180115,77.180115,77.180115,77.180115,77.180115,77.180115,77.180115,74.309649,74.309649,74.309649,74.309649,0.0,0.0,100.0,101.0,102.0,101.0,101.0,185.0,6597.066000000001,498.29999999999995,995.352,303.47499999999997,True,False,
2026-03-22 12:52:39,5.0,0.0,0.0,3.0,,0.0,0.0,,0.0,0.0,0.0,1.0,1.0,0.0,0.0,5.656,1.0,0.002,0.0,7.287,-383.0,0.0,7.068,893.0,0.0,0.0,4.982,255.0,4.982,109.0,0.685,0.0,4.952,186.0,4.962,188.0,4.967,63.0,4.975,61.0,23.34706,23.727955339805824,23.05529,22.50934,28.80656,25.68659,23.39897,24.31008,22.78858,23.0,26.5,24.5,23.0,23.5,0.0,910.25,,2.0,0.0,0.0,77.180115,77.180115,77.180115,77.180115,77.180115,77.180115,77.180115,77.180115,77.180115,77.180115,77.180115,77.180115,77.180115,77.180115,77.180115,77.180115,74.309649,74.309649,74.309649,74.309649,0.0,0.0,100.0,101.0,102.0,101.0,101.0,186.0,6311.723999999999,1270.41,921.072,303.47499999999997,True,False,
2026-03-22 12:52:40,5.0,0.0,0.0,3.0,,0.0,0.0,,0.0,0.0,0.0,1.0,1.0,0.0,0.0,5.436,1.0,0.001,0.0,7.262,-377.0,0.0,7.06,927.0,0.0,0.0,4.982,100.0,4.98,266.0,0.685,0.0,4.948,201.0,4.961,190.0,4.967,63.0,4.975,61.0,23.3578,23.783659029126213,23.05887,22.52545,28.79224,25.69017,23.3936,24.31008,22.79216,23.0,26.5,24.5,23.0,23.5,0.0,910.25,,2.0,0.0,0.0,77.180115,77.180115,77.180115,77.180115,77.180115,77.180115,77.180115,77.180115,77.180115,77.180115,77.180115,77.180115,77.180115,77.180115,77.180115,77.180115,74.309649,74.309649,74.309649,74.309649,0.0,0.0,100.0,101.0,102.0,101.0,101.0,187.0,6544.62,498.20000000000005,994.5480000000001,303.47499999999997,True,False,
2026-03-22 12:52:41,5.0,0.0,0.0,3.0,,0.0,0.0,,0.0,0.0,0.0,1.0,1.0,0.0,0.0,8.874,1.0,0.005,0.0,7.281,-486.0,0.0,7.106,686.0,0.0,0.0,4.982,255.0,4.982,109.0,0.683,1.0,4.95,201.0,4.962,195.0,4.968,61.0,4.973,62.0,23.3578,23.841152718446605,23.04992,22.52545,28.81909,25.70091,23.40613,24.32082,22.81006,23.0,26.5,24.5,23.0,23.5,0.0,910.25,,2.0,0.0,0.0,77.180115,77.180115,77.180115,77.180115,77.180115,77.180115,77.180115,77.180115,77.180115,77.180115,77.180115,77.180115,77.180115,77.180115,77.180115,77.180115,74.309649,74.309649,74.309649,74.309649,0.0,0.0,100.0,101.0,102.0,101.0,101.0,188.0,4874.716,1270.41,994.95,308.32599999999996,True,False,
2026-03-22 12:52:42,5.0,0.0,0.0,3.0,,0.0,0.0,,0.0,0.0,0.0,1.0,1.0,0.0,0.0,9.226,1.0,0.006,0.0,7.281,-426.0,0.0,7.005,1151.0,0.0,0.0,4.982,253.0,4.981,270.0,0.683,0.0,4.95,205.0,4.961,192.0,4.966,44.0,4.978,43.0,23.36854,23.89148640776699,23.04992,22.5165,28.84415,25.72955,23.4115,24.32261,22.8029,23.0,26.5,24.5,23.0,23.5,0.0,910.25,,2.0,0.0,0.0,77.180115,77.180115,77.180115,77.180115,77.180115,77.180115,77.180115,77.180115,77.180115,77.180115,77.180115,77.180115,77.180115,77.180115,77.180115,77.180115,74.309649,74.309649,74.309649,74.309649,0.0,0.0,100.0,101.0,102.0,101.0,101.0,189.0,8062.755,1260.4460000000001,1014.75,214.054,True,False,
2026-03-22 12:52:43,5.0,0.0,0.0,3.0,,0.0,0.0,,0.0,0.0,0.0,1.0,1.0,0.0,0.0,10.482,1.0,0.007,0.0,7.278,-980.0,0.0,7.03,474.0,0.0,0.0,4.983,255.0,4.981,267.0,0.685,0.0,4.951,201.0,4.962,197.0,4.967,43.0,4.978,43.0,23.38107,23.94719009708738,23.06066,22.53261,28.85489,25.73492,23.41866,24.33693,22.81543,23.0,26.5,24.5,23.0,23.5,0.0,910.25,,2.0,0.0,0.0,77.180115,77.180115,77.180115,77.180115,77.180115,77.180115,77.180115,77.180115,77.180115,77.180115,77.180115,77.180115,77.180115,77.180115,77.180115,77.180115,74.309649,74.309649,74.309649,74.309649,0.0,0.0,100.0,101.0,102.0,101.0,101.0,190.0,3332.2200000000003,1270.665,995.151,214.054,True,False,
2026-03-22 12:52:44,5.0,0.0,0.0,3.0,20.0,0.0,0.0,,0.0,0.0,0.0,1.0,1.0,0.0,0.0,10.51,1.0,0.007,0.0,7.144,-773.0,0.0,7.161,425.0,0.0,0.0,4.982,251.0,4.981,268.0,0.683,0.0,4.952,203.0,4.962,190.0,4.968,42.0,4.976,45.0,23.39181,23.99752378640777,23.06424,22.53619,28.85847,25.74208,23.43298,24.34051,22.81364,23.0,27.0,24.5,23.0,23.5,0.0,910.25,,2.0,0.0,0.0,77.180115,77.180115,77.180115,77.180115,77.180115,77.180115,77.180115,77.180115,77.180115,77.180115,77.180115,77.180115,77.180115,77.180115,77.180115,77.180115,74.309649,74.309649,74.309649,74.309649,0.0,0.0,100.0,101.0,102.0,101.0,101.0,191.0,3043.4249999999997,1250.482,1005.256,223.92,True,False,
2026-03-22 12:52:45,5.0,0.0,0.0,3.0,21.0,0.0,0.0,,0.0,0.0,0.0,1.0,1.0,0.0,0.0,9.722,1.0,0.007,0.0,7.273,-856.0,0.0,7.16,425.0,0.0,0.0,4.982,106.0,4.981,109.0,0.685,0.0,4.951,203.0,4.961,187.0,4.967,63.0,4.976,45.0,23.39897,24.051437475728154,23.06603,22.54156,28.87995,25.75998,23.42403,24.33872,22.81364,23.0,27.0,24.5,23.0,23.5,0.0,910.25,,2.0,0.0,0.0,77.180115,77.180115,77.180115,77.180115,77.180115,77.180115,77.180115,77.180115,77.180115,77.180115,77.180115,77.180115,77.180115,77.180115,77.180115,77.180115,74.309649,74.309649,74.309649,74.309649,0.0,0.0,100.0,101.0,102.0,101.0,101.0,192.0,3043.0,528.092,1005.0529999999999,223.92,True,False,
2026-03-22 12:52:46,5.0,0.0,0.0,3.0,22.0,0.0,0.0,,0.0,0.0,0.0,1.0,1.0,0.0,0.0,8.956,1.0,0.006,0.0,7.276,-425.0,0.0,7.01,1200.0,0.0,0.0,4.982,109.0,4.982,109.0,0.683,1.0,4.951,203.0,4.962,191.0,4.968,63.0,4.978,43.0,23.40255,24.099981165048543,23.0714,22.54872,28.88532,25.77072,23.43656,24.33693,22.81185,23.0,27.0,24.5,23.0,23.5,0.0,910.25,,2.0,0.0,0.0,77.180115,77.180115,77.180115,77.180115,77.180115,77.180115,77.180115,77.180115,77.180115,77.180115,77.180115,77.180115,77.180115,77.180115,77.180115,77.180115,74.309649,74.309649,74.309649,74.309649,0.0,0.0,100.0,101.0,102.0,101.0,101.0,193.0,8412.0,543.038,1005.0529999999999,214.054,True,False,
2026-03-22 12:52:47,5.0,0.0,0.0,3.0,23.0,0.0,0.0,,0.0,0.0,0.0,1.0,1.0,0.0,0.0,11.501,1.0,0.009,0.0,7.279,-406.0,0.0,7.161,426.0,0.0,0.0,4.983,107.0,4.98,107.0,0.685,0.0,4.951,203.0,4.963,191.0,4.97,62.0,4.978,43.0,23.43119,24.13957485436893,23.07498,22.54693,28.88353,25.79936,23.44014,24.35483,22.80648,23.0,27.0,24.5,23.0,23.5,0.0,910.25,,2.0,0.0,0.0,77.180115,77.180115,77.180115,77.180115,77.180115,77.180115,77.180115,77.180115,77.180115,77.180115,77.180115,77.180115,77.180115,77.180115,77.180115,77.180115,74.309649,74.309649,74.309649,74.309649,0.0,0.0,100.0,101.0,102.0,101.0,101.0,194.0,3050.586,533.1809999999999,1005.0529999999999,214.054,True,False,
2026-03-22 12:52:48,5.0,0.0,0.0,3.0,24.0,0.0,0.0,,0.0,0.0,0.0,1.0,1.0,0.0,0.0,11.805,1.0,0.008,0.0,7.275,-405.0,0.0,7.162,418.0,0.0,0.0,4.982,107.0,4.983,106.0,0.683,0.0,4.951,202.0,4.96,188.0,4.968,61.0,4.978,43.0,23.42582,24.18811854368932,23.07319,22.55051,28.87816,25.79936,23.45088,24.3423,22.82259,23.0,27.0,24.5,23.0,23.5,0.0,910.25,,2.0,0.0,0.0,77.180115,77.180115,77.180115,77.180115,77.180115,77.180115,77.180115,77.180115,77.180115,77.180115,77.180115,77.180115,77.180115,77.180115,77.180115,77.180115,74.309649,74.309649,74.309649,74.309649,0.0,0.0,100.0,101.0,102.0,101.0,101.0,195.0,2993.716,533.0740000000001,1000.102,214.054,True,False,
2026-03-22 12:52:49,5.0,0.0,0.0,3.0,24.0,0.0,0.0,,0.0,0.0,0.0,1.0,1.0,0.0,0.0,11.801,1.0,0.009,0.0,7.279,-401.0,0.0,7.162,423.0,0.0,0.0,4.982,106.0,4.982,106.0,0.683,0.0,4.951,187.0,4.963,197.0,4.968,63.0,4.975,58.0,23.43656,24.24203223300971,23.06961,22.54693,28.87637,25.79578,23.43298,24.35483,22.81901,23.0,27.0,24.5,23.0,23.5,0.0,910.25,,2.0,0.0,0.0,77.180115,77.180115,77.180115,77.180115,77.180115,77.180115,77.180115,77.180115,77.180115,77.180115,77.180115,77.180115,77.180115,77.180115,77.180115,77.180115,74.309649,74.309649,74.309649,74.309649,0.0,0.0,100.0,101.0,102.0,101.0,101.0,196.0,3029.526,528.092,925.8369999999999,288.54999999999995,True,False,
2026-03-22 12:52:50,5.0,0.0,0.0,3.0,26.0,0.0,0.0,,0.0,0.0,0.0,1.0,1.0,0.0,0.0,11.484,1.0,0.008,0.0,7.279,-424.0,0.0,7.162,420.0,0.0,0.0,4.982,109.0,4.982,105.0,0.685,0.0,4.951,201.0,4.962,187.0,4.968,61.0,4.975,61.0,23.46699,24.297735922330094,23.08214,22.53798,28.91933,25.82979,23.45804,24.34588,22.81722,23.0,27.0,24.5,23.0,23.5,0.0,910.25,,2.0,0.0,0.0,77.180115,77.180115,77.180115,77.180115,77.180115,77.180115,77.180115,77.180115,77.180115,77.180115,77.180115,77.180115,77.180115,77.180115,77.180115,77.180115,74.309649,74.309649,74.309649,74.309649,0.0,0.0,100.0,101.0,102.0,101.0,101.0,197.0,3008.04,543.038,995.151,303.47499999999997,True,False,
2026-03-22 12:52:51,5.0,0.0,0.0,3.0,27.0,0.0,0.0,,0.0,0.0,0.0,1.0,1.0,0.0,0.0,11.162,1.0,0.008,0.0,7.281,-419.0,0.0,7.163,417.0,0.0,0.0,4.982,106.0,4.982,107.0,0.683,0.0,4.95,198.0,4.963,192.0,4.968,61.0,4.975,61.0,23.47415,24.342699611650485,23.08214,22.54872,28.92828,25.83158,23.45088,24.3602,22.82259,23.0,27.0,24.5,23.0,23.5,0.0,910.25,,2.0,0.0,0.0,77.180115,77.180115,77.180115,77.180115,77.180115,77.180115,77.180115,77.180115,77.180115,77.180115,77.180115,77.180115,77.180115,77.180115,77.180115,77.180115,74.309649,74.309649,74.309649,74.309649,0.0,0.0,100.0,101.0,102.0,101.0,101.0,198.0,2986.971,528.092,980.1,303.47499999999997,True,False,
2026-03-22 12:52:52,5.0,0.0,0.0,3.0,28.0,0.0,0.0,,0.0,0.0,0.0,1.0,1.0,0.0,0.0,10.723,1.0,0.009,0.0,7.28,-415.0,0.0,7.162,422.0,0.0,0.0,4.982,107.0,4.981,106.0,0.685,0.0,4.951,196.0,4.963,195.0,4.967,62.0,4.975,58.0,23.46162,24.394823300970874,23.08751,22.54872,28.94976,25.85485,23.46341,24.36736,22.82259,23.0,27.0,24.5,23.0,23.5,0.0,910.25,,2.0,0.0,0.0,77.180115,77.180115,77.180115,77.180115,77.180115,77.180115,77.180115,77.180115,77.180115,77.180115,77.180115,77.180115,77.180115,77.180115,77.180115,77.180115,74.309649,74.309649,74.309649,74.309649,0.0,0.0,100.0,101.0,102.0,101.0,101.0,199.0,3022.364,533.0740000000001,970.396,288.54999999999995,True,False,
2026-03-22 12:52:53,5.0,0.0,0.0,3.0,29.0,0.0,0.0,,0.0,0.0,0.0,1.0,1.0,0.0,0.0,10.885,1.0,0.007,0.0,7.279,-410.0,0.0,7.163,420.0,0.0,0.0,4.982,106.0,4.981,107.0,0.685,0.0,4.952,193.0,4.962,183.0,4.967,61.0,4.975,58.0,23.46699,24.43620699029126,23.08035,22.54693,28.9605,25.86559,23.47236,24.36378,22.82796,23.0,27.0,24.5,23.0,23.5,0.0,910.25,,2.0,0.0,0.0,77.180115,77.180115,77.180115,77.180115,77.180115,77.180115,77.180115,77.180115,77.180115,77.180115,77.180115,77.180115,77.180115,77.180115,77.180115,77.180115,74.309649,74.309649,74.309649,74.309649,0.0,0.0,100.0,101.0,102.0,101.0,101.0,200.0,3008.46,528.092,955.736,288.54999999999995,True,False,
2026-03-22 12:52:54,5.0,0.0,0.0,3.0,,0.0,0.0,,0.0,0.0,0.0,1.0,1.0,0.0,0.0,4.854,1.0,0.002,0.0,7.203,-1117.0,0.0,7.012,1151.0,0.0,0.0,4.981,107.0,4.981,107.0,0.683,1.0,4.951,191.0,4.962,188.0,4.967,63.0,4.975,58.0,23.52964,24.49191067961165,23.0893,22.55409,28.96408,25.87812,23.47236,24.36557,22.82617,23.0,27.0,24.5,23.0,23.5,0.0,910.25,,2.0,0.0,0.0,77.180115,77.180115,77.180115,77.180115,77.180115,77.180115,77.180115,77.180115,77.180115,77.180115,77.180115,77.180115,77.180115,77.180115,77.180115,77.180115,74.309649,74.309649,74.309649,74.309649,0.0,0.0,100.0,101.0,102.0,101.0,101.0,201.0,8070.812,532.967,945.641,288.54999999999995,True,False,
2026-03-22 12:52:55,5.0,0.0,0.0,3.0,,0.0,0.0,,0.0,0.0,0.0,1.0,1.0,0.0,0.0,5.55,1.0,0.002,0.0,7.278,-400.0,0.0,7.146,501.0,0.0,0.0,4.982,105.0,4.981,109.0,0.685,0.0,4.951,195.0,4.961,183.0,4.968,41.0,4.975,58.0,23.61198,24.560144368932036,23.08572,22.54872,28.95692,25.8996,23.4831,24.3781,22.83333,23.0,27.0,24.5,23.0,23.5,0.0,910.25,,2.0,0.0,0.0,77.180115,77.180115,77.180115,77.180115,77.180115,77.180115,77.180115,77.180115,77.180115,77.180115,77.180115,77.180115,77.180115,77.180115,77.180115,77.180115,74.309649,74.309649,74.309649,74.309649,0.0,0.0,100.0,101.0,102.0,101.0,101.0,202.0,3580.1459999999997,523.11,965.4449999999999,288.54999999999995,True,False,
2026-03-22 12:52:56,5.0,0.0,0.0,3.0,,0.0,0.0,,0.0,0.0,0.0,1.0,1.0,0.0,0.0,4.208,1.0,0.0,0.0,7.27,-414.0,0.0,7.161,427.0,0.0,0.0,4.982,105.0,4.981,271.0,0.683,0.0,4.95,196.0,4.962,187.0,4.968,62.0,4.975,60.0,23.61198,24.605108058252426,23.09288,22.55946,28.98914,25.90318,23.48847,24.37452,22.83691,23.0,27.0,24.5,23.0,23.5,0.0,910.25,,2.0,0.0,0.0,77.180115,77.180115,77.180115,77.180115,77.180115,77.180115,77.180115,77.180115,77.180115,77.180115,77.180115,77.180115,77.180115,77.180115,77.180115,77.180115,74.309649,74.309649,74.309649,74.309649,0.0,0.0,100.0,101.0,102.0,101.0,101.0,203.0,3057.747,523.11,970.2,298.5,True,False,
2026-03-22 12:52:57,5.0,0.0,0.0,3.0,,0.0,0.0,,0.0,0.0,0.0,1.0,1.0,0.0,0.0,4.208,0.0,0.0,0.0,7.27,-419.0,0.0,6.952,1520.0,0.0,0.0,4.981,106.0,4.981,109.0,0.683,0.0,4.951,203.0,4.961,188.0,4.966,62.0,4.975,60.0,23.60482,24.657231747572816,23.09825,22.56483,28.98198,25.91034,23.49384,24.3781,22.84407,23.0,27.0,24.5,23.0,23.5,0.0,910.25,,2.0,0.0,0.0,77.180115,77.180115,77.180115,77.180115,77.180115,77.180115,77.180115,77.180115,77.180115,77.180115,77.180115,77.180115,77.180115,77.180115,77.180115,77.180115,74.309649,74.309649,74.309649,74.309649,0.0,0.0,100.0,101.0,102.0,101.0,101.0,204.0,10567.039999999999,527.986,1005.0529999999999,298.5,True,False,
2026-03-22 12:52:58,5.0,0.0,0.0,3.0,,0.0,0.0,,0.0,0.0,0.0,1.0,1.0,0.0,0.0,4.208,0.0,0.0,0.0,7.27,-419.0,0.0,7.137,228.0,0.0,0.0,4.982,105.0,4.981,111.0,0.683,0.0,4.951,196.0,4.963,197.0,4.967,63.0,4.975,60.0,23.59408,24.705775436893205,23.10183,22.56304,29.00525,25.92466,23.49384,24.37989,22.84407,23.0,27.0,25.0,23.0,23.5,0.0,910.25,,2.0,0.0,0.0,77.180115,77.180115,77.180115,77.180115,77.180115,77.180115,77.180115,77.180115,77.180115,77.180115,77.180115,77.180115,77.180115,77.180115,77.180115,77.180115,74.309649,74.309649,74.309649,74.309649,0.0,0.0,100.0,101.0,102.0,101.0,101.0,205.0,1627.2359999999999,523.11,970.396,298.5,True,False,
2026-03-22 12:52:59,5.0,0.0,0.0,3.0,,0.0,0.0,,0.0,0.0,0.0,1.0,1.0,0.0,0.0,2.759,0.0,0.0,0.0,7.283,-419.0,0.0,7.125,249.0,0.0,0.0,4.981,105.0,4.98,270.0,0.685,1.0,4.95,193.0,4.962,186.0,4.968,41.0,4.977,42.0,23.5368,24.76147912621359,23.09825,22.57736,29.02673,25.94256,23.50279,24.38168,22.88345,23.0,27.0,25.0,23.0,23.5,0.0,910.25,,2.0,0.0,0.0,77.180115,77.180115,77.180115,77.180115,77.180115,77.180115,77.180115,77.180115,77.180115,77.180115,77.180115,77.180115,77.180115,77.180115,77.180115,77.180115,74.309649,74.309649,74.309649,74.309649,0.0,0.0,100.0,101.0,102.0,101.0,101.0,206.0,1774.125,523.005,955.35,209.03400000000002,True,False,
2026-03-22 12:53:00,5.0,0.0,0.0,3.0,30.0,0.0,0.0,,0.0,0.0,0.0,1.0,1.0,0.0,0.0,2.433,0.0,0.0,0.0,7.28,-418.0,0.0,7.037,380.0,0.0,0.0,4.982,105.0,4.981,111.0,0.686,1.0,4.952,203.0,4.962,195.0,4.967,41.0,4.977,42.0,23.52606,24.80107281553398,23.10541,22.58631,29.05,25.95867,23.501,24.39242,22.89598,23.0,27.0,25.0,23.0,23.5,0.0,910.25,,2.0,0.0,0.0,77.180115,77.180115,77.180115,77.180115,77.180115,77.180115,77.180115,77.180115,77.180115,77.180115,77.180115,77.180115,77.180115,77.180115,77.180115,77.180115,74.309649,74.309649,74.309649,74.309649,0.0,0.0,100.0,101.0,102.0,101.0,101.0,207.0,2674.06,523.11,1005.256,209.03400000000002,True,False,
2026-03-22 12:53:01,5.0,0.0,0.0,3.0,31.0,0.0,0.0,,0.0,0.0,0.0,1.0,1.0,0.0,0.0,2.681,1.0,0.0,0.0,7.259,-370.0,0.0,6.926,1727.0,0.0,0.0,4.982,106.0,4.981,110.0,0.685,0.0,4.951,193.0,4.963,192.0,4.966,41.0,4.976,45.0,23.52606,24.858566504854366,23.1072,22.58094,29.06611,25.97478,23.50816,24.39779,22.9282,23.0,27.0,25.0,23.0,23.5,0.0,910.25,,2.0,0.0,0.0,77.180115,77.180115,77.180115,77.180115,77.180115,77.180115,77.180115,77.180115,77.180115,77.180115,77.180115,77.180115,77.180115,77.180115,77.180115,77.180115,74.309649,74.309649,74.309649,74.309649,0.0,0.0,100.0,101.0,102.0,101.0,101.0,208.0,11961.202000000001,528.092,955.5429999999999,223.92,True,False,
2026-03-22 12:53:02,5.0,0.0,0.0,3.0,32.0,0.0,0.0,,0.0,0.0,0.0,1.0,1.0,0.0,0.0,5.736,1.0,0.002,0.0,7.243,-697.0,0.0,7.031,443.0,0.0,0.0,4.982,107.0,4.981,110.0,0.683,0.0,4.952,195.0,4.962,197.0,4.968,42.0,4.977,46.0,23.56723,24.90890019417476,23.11615,22.5881,29.07864,25.97836,23.52427,24.39958,22.93894,23.0,27.0,25.0,23.0,23.5,0.0,910.25,,2.0,0.0,0.0,77.180115,77.180115,77.180115,77.180115,77.180115,77.180115,77.180115,77.180115,77.180115,77.180115,77.180115,77.180115,77.180115,77.180115,77.180115,77.180115,74.309649,74.309649,74.309649,74.309649,0.0,0.0,100.0,101.0,102.0,101.0,101.0,209.0,3114.7329999999997,533.0740000000001,965.64,228.942,True,False,
2026-03-22 12:53:03,5.0,0.0,0.0,3.0,33.0,0.0,0.0,,0.0,0.0,0.0,1.0,1.0,0.0,0.0,4.852,1.0,0.0,0.0,7.194,-951.0,0.0,6.896,1822.0,0.0,0.0,4.981,107.0,4.981,111.0,0.685,0.0,4.952,203.0,4.962,188.0,4.967,41.0,4.977,46.0,23.58155,24.953863883495146,23.11615,22.60242,29.01957,25.9891,23.5189,24.39958,22.94073,23.0,27.0,25.0,23.0,23.5,0.0,910.25,,2.0,0.0,0.0,77.180115,77.180115,77.180115,77.180115,77.180115,77.180115,77.180115,77.180115,77.180115,77.180115,77.180115,77.180115,77.180115,77.180115,77.180115,77.180115,74.309649,74.309649,74.309649,74.309649,0.0,0.0,100.0,101.0,102.0,101.0,101.0,210.0,12564.512,532.967,1005.256,228.942,True,False,
2026-03-22 12:53:04,5.0,0.0,0.0,3.0,34.0,0.0,0.0,,0.0,0.0,0.0,1.0,1.0,0.0,0.0,4.788,1.0,0.001,0.0,7.2,-823.0,0.0,6.968,1370.0,0.0,0.0,4.981,107.0,4.98,271.0,0.685,0.0,4.951,195.0,4.962,187.0,4.968,41.0,4.975,58.0,23.62451,25.014937572815533,23.11436,22.59884,29.08222,26.00521,23.52964,24.40316,22.93178,23.0,27.0,25.0,23.0,23.5,0.0,910.25,,2.0,0.0,0.0,77.180115,77.180115,77.180115,77.180115,77.180115,77.180115,77.180115,77.180115,77.180115,77.180115,77.180115,77.180115,77.180115,77.180115,77.180115,77.180115,74.309649,74.309649,74.309649,74.309649,0.0,0.0,100.0,101.0,102.0,101.0,101.0,211.0,9546.16,532.967,965.4449999999999,288.54999999999995,True,False,
2026-03-22 12:53:05,5.0,0.0,0.0,3.0,35.0,0.0,0.0,,0.0,0.0,0.0,1.0,1.0,0.0,0.0,6.143,1.0,0.003,0.0,7.249,-524.0,0.0,7.158,431.0,0.0,0.0,4.983,101.0,4.981,270.0,0.683,1.0,4.951,198.0,4.962,187.0,4.968,41.0,4.975,58.0,23.68358,25.067061262135923,23.1251,22.59526,29.10728,26.02848,23.53322,24.41569,22.93357,23.0,27.0,25.0,23.0,23.5,0.0,910.25,,2.0,0.0,0.0,77.180115,77.180115,77.180115,77.180115,77.180115,77.180115,77.180115,77.180115,77.180115,77.180115,77.180115,77.180115,77.180115,77.180115,77.180115,77.180115,74.309649,74.309649,74.309649,74.309649,0.0,0.0,100.0,101.0,102.0,101.0,101.0,212.0,3085.098,503.28299999999996,980.2979999999999,288.54999999999995,True,False,
2026-03-22 12:53:06,5.0,0.0,0.0,3.0,36.0,0.0,0.0,,0.0,0.0,0.0,1.0,1.0,0.0,0.0,4.79,1.0,0.0,0.0,7.276,-417.0,0.0,6.985,519.0,0.0,0.0,4.982,100.0,4.982,110.0,0.683,0.0,4.952,198.0,4.961,192.0,4.968,43.0,4.975,58.0,23.70148,25.115604951456312,23.12152,22.58631,29.09654,26.02669,23.53322,24.40495,22.9282,23.0,27.0,25.0,23.0,23.5,0.0,910.25,,2.0,0.0,0.0,77.180115,77.180115,77.180115,77.180115,77.180115,77.180115,77.180115,77.180115,77.180115,77.180115,77.180115,77.180115,77.180115,77.180115,77.180115,77.180115,74.309649,74.309649,74.309649,74.309649,0.0,0.0,100.0,101.0,102.0,101.0,101.0,213.0,3625.215,498.20000000000005,980.496,288.54999999999995,True,False,
2026-03-22 12:53:07,5.0,0.0,0.0,3.0,37.0,0.0,0.0,,0.0,0.0,0.0,1.0,1.0,0.0,0.0,4.021,0.0,0.0,0.0,7.208,-1105.0,0.0,7.156,413.0,0.0,0.0,4.982,255.0,4.982,113.0,0.685,0.0,4.951,201.0,4.963,190.0,4.967,42.0,4.976,60.0,23.67284,25.1641486407767,23.11436,22.59347,29.10728,26.12693,23.53859,24.41032,22.9282,23.0,27.0,25.0,23.0,23.5,0.0,910.25,,2.0,0.0,0.0,77.180115,77.180115,77.180115,77.180115,77.180115,77.180115,77.180115,77.180115,77.180115,77.180115,77.180115,77.180115,77.180115,77.180115,77.180115,77.180115,74.309649,74.309649,74.309649,74.309649,0.0,0.0,100.0,101.0,102.0,101.0,101.0,214.0,2955.428,1270.41,995.151,298.56,True,False,
2026-03-22 12:53:08,5.0,0.0,0.0,3.0,38.0,0.0,0.0,,0.0,0.0,0.0,1.0,1.0,0.0,0.0,4.021,0.0,0.0,0.0,7.208,-1105.0,0.0,7.16,413.0,0.0,0.0,4.982,255.0,4.981,105.0,0.683,0.0,4.952,200.0,4.962,186.0,4.968,63.0,4.975,61.0,23.67105,25.21090233009709,23.13226,22.60958,29.13413,26.13409,23.55112,24.41569,22.92999,23.0,27.0,25.0,23.0,23.5,0.0,910.25,,2.0,0.0,0.0,77.180115,77.180115,77.180115,77.180115,77.180115,77.180115,77.180115,77.180115,77.180115,77.180115,77.180115,77.180115,77.180115,77.180115,77.180115,77.180115,74.309649,74.309649,74.309649,74.309649,0.0,0.0,100.0,101.0,102.0,101.0,101.0,215.0,2957.08,1270.41,990.4,303.47499999999997,True,False,
2026-03-22 12:53:09,5.0,0.0,0.0,3.0,39.0,0.0,0.0,,0.0,0.0,0.0,1.0,1.0,0.0,0.0,4.021,0.0,0.0,0.0,7.208,-1105.0,0.0,7.157,417.0,0.0,0.0,4.982,255.0,4.983,104.0,0.683,0.0,4.952,200.0,4.96,187.0,4.967,44.0,4.975,61.0,23.67642,25.270186019417473,23.12689,22.606,29.1574,26.14304,23.5547,24.42643,22.92104,23.0,27.0,25.0,23.0,23.5,0.0,910.25,,2.0,0.0,0.0,77.180115,77.180115,77.180115,77.180115,77.180115,77.180115,77.180115,77.180115,77.180115,77.180115,77.180115,77.180115,77.180115,77.180115,77.180115,77.180115,74.309649,74.309649,74.309649,74.309649,0.0,0.0,100.0,101.0,102.0,101.0,101.0,216.0,2984.469,1270.41,990.4,303.47499999999997,True,False,
2026-03-22 12:53:10,5.0,0.0,0.0,3.0,,0.0,0.0,,0.0,0.0,0.0,1.0,1.0,0.0,0.0,4.021,0.0,0.0,0.0,7.208,-1105.0,0.0,7.117,265.0,0.0,0.0,4.982,255.0,4.982,266.0,0.685,0.0,4.951,198.0,4.962,195.0,4.968,41.0,4.975,61.0,23.68,25.324099708737865,23.12689,22.61853,29.1574,26.15915,23.55649,24.42464,22.93536,23.0,27.0,25.0,23.0,23.5,0.0,910.25,,2.0,0.0,0.0,77.180115,77.180115,77.180115,77.180115,77.180115,77.180115,77.180115,77.180115,77.180115,77.180115,77.180115,77.180115,77.180115,77.180115,77.180115,77.180115,74.309649,74.309649,74.309649,74.309649,0.0,0.0,100.0,101.0,102.0,101.0,101.0,217.0,1886.005,1270.41,980.2979999999999,303.47499999999997,True,False,
2026-03-22 12:53:11,5.0,0.0,0.0,3.0,,0.0,0.0,,0.0,0.0,0.0,1.0,1.0,0.0,0.0,4.021,0.0,0.0,0.0,7.208,-1105.0,0.0,7.128,538.0,0.0,0.0,4.982,255.0,4.983,107.0,0.685,0.0,4.95,201.0,4.965,196.0,4.966,62.0,4.975,60.0,23.71401,25.363693398058253,23.12689,22.63464,29.16277,26.17347,23.55112,24.42822,22.93178,23.0,27.0,25.0,23.0,23.5,0.0,910.25,,2.0,0.0,0.0,77.180115,77.180115,77.180115,77.180115,77.180115,77.180115,77.180115,77.180115,77.180115,77.180115,77.180115,77.180115,77.180115,77.180115,77.180115,77.180115,74.309649,74.309649,74.309649,74.309649,0.0,0.0,100.0,101.0,102.0,101.0,101.0,218.0,3834.864,1270.41,994.95,298.5,True,False,
2026-03-22 12:53:12,5.0,0.0,0.0,4.0,0.0,0.0,0.0,,0.0,0.0,0.0,1.0,1.0,0.0,0.0,5.095,1.0,0.002,0.0,7.276,-417.0,0.0,7.16,413.0,0.0,0.0,4.982,101.0,4.983,104.0,0.683,0.0,4.95,191.0,4.961,186.0,4.967,41.0,4.975,60.0,23.72117,25.42655708737864,23.12152,22.6418,29.17888,26.17526,23.55112,24.42822,22.93178,23.0,27.0,25.0,23.0,23.5,0.0,910.25,,2.0,0.0,0.0,77.180115,77.180115,77.180115,77.180115,77.180115,77.180115,77.180115,77.180115,77.180115,77.180115,77.180115,77.180115,77.180115,77.180115,77.180115,77.180115,74.309649,74.309649,74.309649,74.309649,0.0,0.0,100.0,101.0,102.0,101.0,101.0,219.0,2957.08,503.182,945.45,298.5,True,False,
2026-03-22 12:53:13,5.0,0.0,0.0,4.0,1.0,0.0,0.0,,0.0,0.0,0.0,1.0,1.0,0.0,0.0,5.095,0.0,0.002,0.0,7.276,-417.0,0.0,7.136,210.0,0.0,0.0,4.983,104.0,4.981,107.0,0.685,0.0,4.95,203.0,4.961,186.0,4.967,42.0,4.975,58.0,23.65494,25.46794077669903,23.13942,22.6239,29.17888,26.19674,23.5726,24.42822,22.92104,23.0,27.0,25.0,23.0,23.5,0.0,910.25,,2.0,0.0,0.0,77.180115,77.180115,77.180115,77.180115,77.180115,77.180115,77.180115,77.180115,77.180115,77.180115,77.180115,77.180115,77.180115,77.180115,77.180115,77.180115,74.309649,74.309649,74.309649,74.309649,0.0,0.0,100.0,101.0,102.0,101.0,101.0,220.0,1498.56,518.232,1004.85,288.54999999999995,True,False,
2026-03-22 12:53:14,5.0,0.0,0.0,4.0,2.0,0.0,0.0,,0.0,0.0,0.0,1.0,1.0,0.0,0.0,5.095,0.0,0.002,0.0,7.276,-417.0,0.0,7.157,447.0,0.0,0.0,4.982,105.0,4.981,106.0,0.683,0.0,4.95,191.0,4.962,198.0,4.967,41.0,4.975,58.0,23.64778,25.52901446601942,23.13584,22.62748,29.1574,26.20748,23.56902,24.44254,22.93715,23.0,27.0,25.0,23.0,23.5,0.0,910.25,,2.0,0.0,0.0,77.180115,77.180115,77.180115,77.180115,77.180115,77.180115,77.180115,77.180115,77.180115,77.180115,77.180115,77.180115,77.180115,77.180115,77.180115,77.180115,74.309649,74.309649,74.309649,74.309649,0.0,0.0,100.0,101.0,102.0,101.0,101.0,221.0,3199.179,523.11,945.45,288.54999999999995,True,False,
2026-03-22 12:53:15,5.0,0.0,0.0,4.0,3.0,0.0,0.0,,0.0,0.0,0.0,1.0,1.0,0.0,0.0,5.095,0.0,0.002,0.0,7.276,-417.0,0.0,7.147,492.0,0.0,0.0,4.981,107.0,4.982,266.0,0.685,0.0,4.95,190.0,4.962,195.0,4.968,63.0,4.977,46.0,23.6263,25.577558155339805,23.15195,22.64896,29.15561,26.20748,23.57976,24.44433,22.93894,23.0,27.0,25.0,23.0,23.5,0.0,910.25,,2.0,0.0,0.0,77.180115,77.180115,77.180115,77.180115,77.180115,77.180115,77.180115,77.180115,77.180115,77.180115,77.180115,77.180115,77.180115,77.180115,77.180115,77.180115,74.309649,74.309649,74.309649,74.309649,0.0,0.0,100.0,101.0,102.0,101.0,101.0,222.0,3516.324,532.967,940.5,228.942,True,False,
2026-03-22 12:53:16,5.0,0.0,0.0,4.0,4.0,0.0,0.0,,0.0,0.0,0.0,1.0,1.0,0.0,0.0,5.404,1.0,0.003,0.0,7.275,-445.0,0.0,7.158,423.0,0.0,0.0,4.982,106.0,4.982,266.0,0.685,0.0,4.95,205.0,4.962,193.0,4.967,41.0,4.978,46.0,23.61019,25.631471844660194,23.15016,22.63285,29.18425,26.23433,23.59229,24.44612,22.93894,23.0,27.0,25.0,23.0,23.5,0.0,910.25,,2.0,0.0,0.0,77.180115,77.180115,77.180115,77.180115,77.180115,77.180115,77.180115,77.180115,77.180115,77.180115,77.180115,77.180115,77.180115,77.180115,77.180115,77.180115,74.309649,74.309649,74.309649,74.309649,0.0,0.0,100.0,101.0,102.0,101.0,101.0,223.0,3027.8340000000003,528.092,1014.75,228.988,True,False,
2026-03-22 12:53:17,5.0,0.0,0.0,4.0,5.0,0.0,0.0,,0.0,0.0,0.0,1.0,1.0,0.0,0.0,5.314,1.0,0.0,0.0,7.154,-1335.0,0.0,7.153,450.0,0.0,0.0,4.981,107.0,4.981,109.0,0.683,0.0,4.95,203.0,4.961,191.0,4.967,44.0,4.978,46.0,23.6084,25.68001553398058,23.143,22.63106,29.22363,26.25939,23.59408,24.45328,22.94252,23.0,27.0,25.0,23.0,23.5,0.0,910.25,,2.0,0.0,0.0,77.180115,77.180115,77.180115,77.180115,77.180115,77.180115,77.180115,77.180115,77.180115,77.180115,77.180115,77.180115,77.180115,77.180115,77.180115,77.180115,74.309649,74.309649,74.309649,74.309649,0.0,0.0,100.0,101.0,102.0,101.0,101.0,224.0,3218.85,532.967,1004.85,228.988,True,False,
2026-03-22 12:53:18,5.0,0.0,0.0,4.0,6.0,0.0,0.0,,0.0,0.0,0.0,1.0,1.0,0.0,0.0,5.257,1.0,0.001,0.0,7.142,-1372.0,0.0,7.108,721.0,0.0,0.0,4.982,106.0,4.98,268.0,0.683,0.0,4.951,205.0,4.96,187.0,4.966,42.0,4.976,42.0,23.60482,25.72855922330097,23.15016,22.63822,29.22363,26.26476,23.59945,24.44791,22.93357,23.0,27.5,25.0,23.0,23.5,0.0,910.25,,2.0,0.0,0.0,77.180115,77.180115,77.180115,77.180115,77.180115,77.180115,77.180115,77.180115,77.180115,77.180115,77.180115,77.180115,77.180115,77.180115,77.180115,77.180115,74.309649,74.309649,74.309649,74.309649,0.0,0.0,100.0,101.0,102.0,101.0,101.0,225.0,5124.8679999999995,528.092,1014.9549999999999,208.992,True,False,
2026-03-22 12:53:19,5.0,0.0,0.0,4.0,7.0,0.0,0.0,,0.0,0.0,0.0,1.0,1.0,0.0,0.0,5.231,1.0,0.001,0.0,7.189,-984.0,0.0,7.118,263.0,0.0,0.0,4.98,105.0,4.982,270.0,0.685,0.0,4.951,205.0,4.961,190.0,4.966,43.0,4.976,42.0,23.59945,25.77710291262136,23.15016,22.64896,29.21647,26.26476,23.6084,24.45865,22.94073,23.0,27.0,25.0,23.0,23.5,0.0,910.25,,2.0,0.0,0.0,77.180115,77.180115,77.180115,77.180115,77.180115,77.180115,77.180115,77.180115,77.180115,77.180115,77.180115,77.180115,77.180115,77.180115,77.180115,77.180115,74.309649,74.309649,74.309649,74.309649,0.0,0.0,100.0,101.0,102.0,101.0,101.0,226.0,1872.034,522.9000000000001,1014.9549999999999,208.992,True,False,
2026-03-22 12:53:20,5.0,0.0,0.0,4.0,8.0,0.0,0.0,,0.0,0.0,0.0,1.0,1.0,0.0,0.0,4.873,1.0,0.0,0.0,7.264,-986.0,0.0,7.15,470.0,0.0,0.0,4.982,107.0,4.981,267.0,0.683,0.0,4.951,203.0,4.962,192.0,4.968,44.0,4.975,58.0,23.59408,25.832806601941748,23.15911,22.64896,29.2469,26.28624,23.6084,24.4497,22.94252,23.0,27.0,25.0,23.0,23.5,0.0,910.25,,2.0,0.0,0.0,77.180115,77.180115,77.180115,77.180115,77.180115,77.180115,77.180115,77.180115,77.180115,77.180115,77.180115,77.180115,77.180115,77.180115,77.180115,77.180115,74.309649,74.309649,74.309649,74.309649,0.0,0.0,100.0,101.0,102.0,101.0,101.0,227.0,3360.5,533.0740000000001,1005.0529999999999,288.54999999999995,True,False,
2026-03-22 12:53:21,5.0,0.0,0.0,4.0,9.0,0.0,0.0,,0.0,0.0,0.0,1.0,1.0,0.0,0.0,3.365,1.0,0.0,0.0,7.274,-386.0,0.0,7.11,277.0,0.0,0.0,4.982,107.0,4.981,268.0,0.685,0.0,4.95,191.0,4.961,186.0,4.967,43.0,4.975,58.0,23.5905,25.881350291262137,23.15732,22.6597,29.22005,26.28982,23.61556,24.45865,22.94252,23.0,27.5,25.0,23.0,23.5,0.0,910.25,,2.0,0.0,0.0,77.180115,77.180115,77.180115,77.180115,77.180115,77.180115,77.180115,77.180115,77.180115,77.180115,77.180115,77.180115,77.180115,77.180115,77.180115,77.180115,74.309649,74.309649,74.309649,74.309649,0.0,0.0,100.0,101.0,102.0,101.0,101.0,228.0,1969.47,533.0740000000001,945.45,288.54999999999995,True,False,
2026-03-22 12:53:22,5.0,0.0,0.0,4.0,,0.0,0.0,,0.0,0.0,0.0,1.0,1.0,0.0,0.0,3.365,1.0,0.0,0.0,7.274,-386.0,0.0,7.128,543.0,0.0,0.0,4.983,253.0,4.981,109.0,0.685,0.0,4.951,192.0,4.962,188.0,4.967,41.0,4.973,58.0,23.58155,25.942423980582525,23.15553,22.66149,29.25764,26.30235,23.62988,24.46402,22.94968,23.0,27.5,25.0,23.0,23.5,0.0,910.25,,2.0,0.0,0.0,77.180115,77.180115,77.180115,77.180115,77.180115,77.180115,77.180115,77.180115,77.180115,77.180115,77.180115,77.180115,77.180115,77.180115,77.180115,77.180115,74.309649,74.309649,74.309649,74.309649,0.0,0.0,100.0,101.0,102.0,101.0,101.0,229.0,3870.504,1260.6989999999998,950.5919999999999,288.43399999999997,True,False,
2026-03-22 12:53:23,5.0,0.0,0.0,4.0,,0.0,0.0,,0.0,0.0,0.0,1.0,1.0,0.0,0.0,3.365,1.0,0.0,0.0,7.274,-386.0,0.0,7.157,423.0,0.0,0.0,4.983,100.0,4.982,109.0,0.683,0.0,4.951,195.0,4.962,195.0,4.966,41.0,4.973,58.0,23.57439,25.987387669902912,23.16269,22.66328,29.26122,26.31309,23.62272,24.45686,22.94431,23.0,27.5,25.0,23.0,23.5,0.0,910.25,,2.0,0.0,0.0,77.180115,77.180115,77.180115,77.180115,77.180115,77.180115,77.180115,77.180115,77.180115,77.180115,77.180115,77.180115,77.180115,77.180115,77.180115,77.180115,74.309649,74.309649,74.309649,74.309649,0.0,0.0,100.0,101.0,102.0,101.0,101.0,230.0,3027.411,498.29999999999995,965.4449999999999,288.43399999999997,True,False,
2026-03-22 12:53:24,5.0,0.0,0.0,4.0,,0.0,0.0,,0.0,0.0,0.0,1.0,1.0,0.0,0.0,3.365,0.0,0.0,0.0,7.274,-386.0,0.0,7.148,443.0,0.0,0.0,4.982,252.0,4.982,107.0,0.683,1.0,4.951,185.0,4.962,193.0,4.967,41.0,4.973,58.0,23.57618,26.0430913592233,23.16985,22.65254,29.25585,26.32025,23.62988,24.47655,22.94789,23.0,27.0,25.0,23.0,23.5,0.0,910.25,,2.0,0.0,0.0,77.180115,77.180115,77.180115,77.180115,77.180115,77.180115,77.180115,77.180115,77.180115,77.180115,77.180115,77.180115,77.180115,77.180115,77.180115,77.180115,74.309649,74.309649,74.309649,74.309649,0.0,0.0,100.0,101.0,102.0,101.0,101.0,231.0,3166.564,1255.464,915.935,288.43399999999997,True,False,
2026-03-22 12:53:25,5.0,0.0,0.0,4.0,,0.0,0.0,,0.0,0.0,0.0,1.0,1.0,0.0,0.0,3.365,0.0,0.0,0.0,7.274,-386.0,0.0,7.156,423.0,0.0,0.0,4.982,255.0,4.981,109.0,0.683,0.0,4.952,200.0,4.962,195.0,4.967,41.0,4.975,61.0,23.56544,26.091635048543687,23.16985,22.67939,29.25048,26.33994,23.63704,24.47118,22.95326,23.0,27.5,25.0,23.0,23.5,0.0,910.25,,2.0,0.0,0.0,77.180115,77.180115,77.180115,77.180115,77.180115,77.180115,77.180115,77.180115,77.180115,77.180115,77.180115,77.180115,77.180115,77.180115,77.180115,77.180115,74.309649,74.309649,74.309649,74.309649,0.0,0.0,100.0,101.0,102.0,101.0,101.0,232.0,3026.988,1270.41,990.4,303.47499999999997,True,False,
2026-03-22 12:53:26,5.0,0.0,0.0,4.0,,0.0,0.0,,0.0,0.0,0.0,1.0,1.0,0.0,0.0,3.365,0.0,0.0,0.0,7.274,-386.0,0.0,7.157,448.0,0.0,0.0,4.981,100.0,4.983,266.0,0.685,0.0,4.952,202.0,4.962,191.0,4.966,41.0,4.975,58.0,23.56723,26.154498737864078,23.16806,22.67402,29.27375,26.3471,23.64957,24.48371,22.95147,23.0,27.5,25.0,23.0,23.5,0.0,910.25,,2.0,0.0,0.0,77.180115,77.180115,77.180115,77.180115,77.180115,77.180115,77.180115,77.180115,77.180115,77.180115,77.180115,77.180115,77.180115,77.180115,77.180115,77.180115,74.309649,74.309649,74.309649,74.309649,0.0,0.0,100.0,101.0,102.0,101.0,101.0,233.0,3206.3360000000002,498.09999999999997,1000.304,288.54999999999995,True,False,
2026-03-22 12:53:27,5.0,0.0,0.0,4.0,,0.0,0.0,,0.0,0.0,0.0,1.0,1.0,0.0,0.0,3.365,1.0,0.0,0.0,7.274,-386.0,0.0,7.153,1.0,0.0,0.0,4.982,100.0,4.982,266.0,0.685,0.0,4.951,202.0,4.963,192.0,4.967,41.0,4.975,58.0,23.57439,26.19409242718447,23.17522,22.68297,29.25585,26.35426,23.6442,24.47655,22.95147,23.0,27.5,25.0,23.0,23.5,0.0,910.25,,2.0,0.0,0.0,77.180115,77.180115,77.180115,77.180115,77.180115,77.180115,77.180115,77.180115,77.180115,77.180115,77.180115,77.180115,77.180115,77.180115,77.180115,77.180115,74.309649,74.309649,74.309649,74.309649,0.0,0.0,100.0,101.0,102.0,101.0,101.0,234.0,7.153,498.20000000000005,1000.102,288.54999999999995,True,False,
2026-03-22 12:53:28,5.0,0.0,0.0,4.0,10.0,0.0,0.0,,0.0,0.0,0.0,1.0,1.0,0.0,0.0,3.365,0.0,0.0,0.0,7.274,-386.0,0.0,7.141,201.0,0.0,0.0,4.982,253.0,4.982,107.0,0.683,1.0,4.951,205.0,4.961,187.0,4.967,41.0,4.977,42.0,23.56544,26.23905611650485,23.17522,22.68834,29.29523,26.37574,23.66031,24.48908,22.95505,23.0,27.5,25.0,23.0,23.5,0.0,910.25,,2.0,0.0,0.0,77.180115,77.180115,77.180115,77.180115,77.180115,77.180115,77.180115,77.180115,77.180115,77.180115,77.180115,77.180115,77.180115,77.180115,77.180115,77.180115,74.309649,74.309649,74.309649,74.309649,0.0,0.0,100.0,101.0,102.0,101.0,101.0,235.0,1435.341,1260.4460000000001,1014.9549999999999,209.03400000000002,True,False,
2026-03-22 12:53:29,5.0,0.0,0.0,4.0,11.0,0.0,0.0,,0.0,0.0,0.0,1.0,1.0,0.0,0.0,3.365,1.0,0.0,0.0,7.274,-386.0,0.0,7.136,213.0,0.0,0.0,4.983,255.0,4.981,266.0,0.685,0.0,4.951,203.0,4.96,195.0,4.968,61.0,4.977,42.0,23.5726,26.276859805825243,23.18238,22.68834,29.30955,26.39006,23.67284,24.48908,22.95326,23.0,27.5,25.0,23.0,23.5,0.0,910.25,,2.0,0.0,0.0,77.180115,77.180115,77.180115,77.180115,77.180115,77.180115,77.180115,77.180115,77.180115,77.180115,77.180115,77.180115,77.180115,77.180115,77.180115,77.180115,74.309649,74.309649,74.309649,74.309649,0.0,0.0,100.0,101.0,102.0,101.0,101.0,236.0,1519.968,1270.665,1005.0529999999999,209.03400000000002,True,False,
2026-03-22 12:53:30,5.0,0.0,0.0,4.0,12.0,0.0,0.0,,0.0,0.0,0.0,1.0,1.0,0.0,0.0,3.318,0.0,0.0,0.0,7.275,-414.0,0.0,7.16,418.0,0.0,0.0,4.982,101.0,4.982,266.0,0.685,0.0,4.952,205.0,4.96,187.0,4.967,62.0,4.977,43.0,23.56902,26.341513495145634,23.18417,22.68297,29.31134,26.39901,23.67105,24.49624,22.964,23.0,27.5,25.0,23.0,23.5,0.0,910.25,,2.0,0.0,0.0,77.180115,77.180115,77.180115,77.180115,77.180115,77.180115,77.180115,77.180115,77.180115,77.180115,77.180115,77.180115,77.180115,77.180115,77.180115,77.180115,74.309649,74.309649,74.309649,74.309649,0.0,0.0,100.0,101.0,102.0,101.0,101.0,237.0,2992.88,503.182,1015.16,214.01100000000002,True,False,
2026-03-22 12:53:31,5.0,0.0,0.0,4.0,13.0,0.0,0.0,,0.0,0.0,0.0,1.0,1.0,0.0,0.0,2.549,1.0,0.0,0.0,7.274,-409.0,0.0,7.16,415.0,0.0,0.0,4.985,253.0,4.982,105.0,0.683,0.0,4.951,201.0,4.962,193.0,4.966,62.0,4.977,43.0,23.56902,26.39363718446602,23.18238,22.6776,29.32566,26.39722,23.67284,24.49445,22.95326,23.0,27.5,25.0,23.0,23.5,0.0,910.25,,2.0,0.0,0.0,77.180115,77.180115,77.180115,77.180115,77.180115,77.180115,77.180115,77.180115,77.180115,77.180115,77.180115,77.180115,77.180115,77.180115,77.180115,77.180115,74.309649,74.309649,74.309649,74.309649,0.0,0.0,100.0,101.0,102.0,101.0,101.0,238.0,2971.4,1261.2050000000002,995.151,214.01100000000002,True,False,
2026-03-22 12:53:32,5.0,0.0,0.0,4.0,13.0,0.0,0.0,,0.0,0.0,0.0,1.0,1.0,0.0,0.0,2.549,0.0,0.0,0.0,7.274,-409.0,0.0,7.16,416.0,0.0,0.0,4.982,101.0,4.982,106.0,0.682,0.0,4.95,205.0,4.961,191.0,4.968,62.0,4.977,43.0,23.56902,26.44397087378641,23.18775,22.68118,29.31492,26.41154,23.67105,24.49445,22.95326,23.0,27.5,25.0,23.0,23.5,0.0,910.25,,2.0,0.0,0.0,77.180115,77.180115,77.180115,77.180115,77.180115,77.180115,77.180115,77.180115,77.180115,77.180115,77.180115,77.180115,77.180115,77.180115,77.180115,77.180115,74.309649,74.309649,74.309649,74.309649,0.0,0.0,100.0,101.0,102.0,101.0,101.0,239.0,2978.56,503.182,1014.75,214.01100000000002,True,False,
2026-03-22 12:53:33,5.0,0.0,0.0,4.0,15.0,0.0,0.0,,0.0,0.0,0.0,1.0,1.0,0.0,0.0,2.549,0.0,0.0,0.0,7.274,-409.0,0.0,7.16,415.0,0.0,0.0,4.982,253.0,4.981,106.0,0.683,0.0,4.951,202.0,4.962,198.0,4.967,61.0,4.977,46.0,23.56544,26.481774563106796,23.19133,22.67402,29.33103,26.43481,23.68179,24.49803,22.96758,23.0,27.5,25.0,23.0,23.5,0.0,910.25,,2.0,0.0,0.0,77.180115,77.180115,77.180115,77.180115,77.180115,77.180115,77.180115,77.180115,77.180115,77.180115,77.180115,77.180115,77.180115,77.180115,77.180115,77.180115,74.309649,74.309649,74.309649,74.309649,0.0,0.0,100.0,101.0,102.0,101.0,101.0,240.0,2971.4,1260.4460000000001,1000.102,228.942,True,False,
2026-03-22 12:53:34,5.0,0.0,0.0,4.0,16.0,0.0,0.0,,0.0,0.0,0.0,1.0,1.0,0.0,0.0,2.549,0.0,0.0,0.0,7.274,-409.0,0.0,7.156,416.0,0.0,0.0,4.982,253.0,4.982,109.0,0.685,0.0,4.952,201.0,4.961,190.0,4.967,60.0,4.977,46.0,23.56544,26.550008252427183,23.19491,22.67939,29.33282,26.44376,23.68716,24.49982,22.96758,23.0,27.5,25.0,23.0,23.5,0.0,910.25,,2.0,0.0,0.0,77.180115,77.180115,77.180115,77.180115,77.180115,77.180115,77.180115,77.180115,77.180115,77.180115,77.180115,77.180115,77.180115,77.180115,77.180115,77.180115,74.309649,74.309649,74.309649,74.309649,0.0,0.0,100.0,101.0,102.0,101.0,101.0,241.0,2976.8959999999997,1260.4460000000001,995.352,228.942,True,False,
2026-03-22 12:53:35,5.0,0.0,0.0,4.0,17.0,0.0,0.0,,0.0,0.0,0.0,1.0,1.0,0.0,0.0,2.549,0.0,0.0,0.0,7.274,-409.0,0.0,7.16,420.0,0.0,0.0,4.982,100.0,4.982,106.0,0.685,0.0,4.95,205.0,4.96,193.0,4.966,60.0,4.975,61.0,23.57976,26.593181941747574,23.18775,22.66865,29.34714,26.46882,23.70506,24.51056,22.96042,23.0,27.5,25.0,23.0,23.5,0.0,910.25,,2.0,0.0,0.0,77.180115,77.180115,77.180115,77.180115,77.180115,77.180115,77.180115,77.180115,77.180115,77.180115,77.180115,77.180115,77.180115,77.180115,77.180115,77.180115,74.309649,74.309649,74.309649,74.309649,0.0,0.0,100.0,101.0,102.0,101.0,101.0,242.0,3007.2000000000003,498.20000000000005,1014.75,303.47499999999997,True,False,
2026-03-22 12:53:36,5.0,0.0,0.0,4.0,18.0,0.0,0.0,,0.0,0.0,0.0,1.0,1.0,0.0,0.0,2.549,0.0,0.0,0.0,7.274,-409.0,0.0,7.157,426.0,0.0,0.0,4.981,266.0,4.981,104.0,0.685,0.0,4.951,192.0,4.961,190.0,4.967,60.0,4.976,63.0,23.57618,26.643515631067963,23.19133,22.68476,29.36146,26.4724,23.70327,24.50698,22.96937,23.0,27.5,25.0,23.0,23.5,0.0,910.25,,2.0,0.0,0.0,77.180115,77.180115,77.180115,77.180115,77.180115,77.180115,77.180115,77.180115,77.180115,77.180115,77.180115,77.180115,77.180115,77.180115,77.180115,77.180115,74.309649,74.309649,74.309649,74.309649,0.0,0.0,100.0,101.0,102.0,101.0,101.0,243.0,3048.882,1324.946,950.5919999999999,313.488,True,False,
2026-03-22 12:53:37,5.0,0.0,0.0,4.0,19.0,0.0,0.0,,0.0,0.0,0.0,1.0,1.0,0.0,0.0,2.549,0.0,0.0,0.0,7.274,-409.0,0.0,7.157,422.0,0.0,0.0,4.981,267.0,4.981,106.0,0.686,1.0,4.95,193.0,4.962,200.0,4.967,60.0,4.976,63.0,23.5726,26.70637932038835,23.19849,22.67939,29.37041,26.4903,23.70864,24.51056,22.96758,23.0,27.5,25.0,23.0,23.5,0.0,910.25,,2.0,0.0,0.0,77.180115,77.180115,77.180115,77.180115,77.180115,77.180115,77.180115,77.180115,77.180115,77.180115,77.180115,77.180115,77.180115,77.180115,77.180115,77.180115,74.309649,74.309649,74.309649,74.309649,0.0,0.0,100.0,101.0,102.0,101.0,101.0,244.0,3020.254,1329.927,955.35,313.488,True,False,
2026-03-22 12:53:38,5.0,0.0,0.0,4.0,,0.0,0.0,,0.0,0.0,0.0,1.0,1.0,0.0,0.0,2.549,0.0,0.0,0.0,7.274,-409.0,0.0,7.157,425.0,0.0,0.0,4.982,266.0,4.982,255.0,0.683,0.0,4.953,187.0,4.962,197.0,4.968,61.0,4.975,60.0,23.57797,26.745973009708738,23.19849,22.6776,29.36504,26.50104,23.70685,24.51951,22.964,23.0,27.5,25.0,23.0,23.5,0.0,910.25,,2.0,0.0,0.0,77.180115,77.180115,77.180115,77.180115,77.180115,77.180115,77.180115,77.180115,77.180115,77.180115,77.180115,77.180115,77.180115,77.180115,77.180115,77.180115,74.309649,74.309649,74.309649,74.309649,0.0,0.0,100.0,101.0,102.0,101.0,101.0,245.0,3041.725,1325.212,926.211,298.5,True,False,
2026-03-22 12:53:39,5.0,0.0,0.0,4.0,,0.0,0.0,,0.0,0.0,0.0,1.0,1.0,0.0,0.0,2.549,0.0,0.0,0.0,7.274,-409.0,0.0,7.158,418.0,0.0,0.0,4.981,109.0,4.982,266.0,0.683,0.0,4.952,182.0,4.962,201.0,4.967,61.0,4.975,60.0,23.56544,26.790936699029125,23.20744,22.68655,29.39189,26.52252,23.71938,24.5213,22.97474,23.0,27.5,25.5,23.0,23.5,0.0,910.25,,2.0,0.0,0.0,77.180115,77.180115,77.180115,77.180115,77.180115,77.180115,77.180115,77.180115,77.180115,77.180115,77.180115,77.180115,77.180115,77.180115,77.180115,77.180115,74.309649,74.309649,74.309649,74.309649,0.0,0.0,100.0,101.0,102.0,101.0,101.0,246.0,2992.0440000000003,542.929,901.264,298.5,True,False,
2026-03-22 12:53:40,5.0,0.0,0.0,4.0,,0.0,0.0,,0.0,0.0,0.0,1.0,1.0,0.0,0.0,2.549,0.0,0.0,0.0,7.274,-409.0,0.0,7.16,428.0,0.0,0.0,4.981,268.0,4.982,106.0,0.683,0.0,4.95,197.0,4.962,192.0,4.967,61.0,4.973,58.0,23.58155,26.852010388349516,23.20565,22.69192,29.37041,26.53863,23.71759,24.52309,22.98011,23.0,27.5,25.0,23.0,23.5,0.0,910.25,,2.0,0.0,0.0,77.180115,77.180115,77.180115,77.180115,77.180115,77.180115,77.180115,77.180115,77.180115,77.180115,77.180115,77.180115,77.180115,77.180115,77.180115,77.180115,74.309649,74.309649,74.309649,74.309649,0.0,0.0,100.0,101.0,102.0,101.0,101.0,247.0,3064.48,1334.908,975.1500000000001,288.43399999999997,True,False,
2026-03-22 12:53:41,5.0,0.0,0.0,4.0,,0.0,0.0,,0.0,0.0,0.0,1.0,1.0,0.0,0.0,2.549,0.0,0.0,0.0,7.274,-409.0,0.0,7.16,422.0,0.0,0.0,4.982,113.0,4.982,248.0,0.683,0.0,4.95,200.0,4.963,201.0,4.967,61.0,4.973,58.0,23.58692,26.895184077669903,23.20744,22.6776,29.41874,26.54937,23.72654,24.52488,22.98011,23.0,27.5,25.0,23.0,23.5,0.0,910.25,,2.0,0.0,0.0,77.180115,77.180115,77.180115,77.180115,77.180115,77.180115,77.180115,77.180115,77.180115,77.180115,77.180115,77.180115,77.180115,77.180115,77.180115,77.180115,74.309649,74.309649,74.309649,74.309649,0.0,0.0,100.0,101.0,102.0,101.0,101.0,248.0,3021.52,562.966,990.0,288.43399999999997,True,False,
2026-03-22 12:53:42,5.0,0.0,0.0,4.0,,0.0,0.0,,0.0,0.0,0.0,1.0,1.0,0.0,0.0,2.549,0.0,0.0,0.0,7.274,-409.0,0.0,7.158,425.0,0.0,0.0,4.982,266.0,4.983,250.0,0.683,0.0,4.951,205.0,4.962,195.0,4.967,61.0,4.975,62.0,23.58871,26.95088776699029,23.20744,22.68834,29.42948,26.56011,23.71938,24.52488,22.96758,23.0,27.5,25.5,23.0,24.0,0.0,910.25,,2.0,0.0,0.0,77.180115,77.180115,77.180115,77.180115,77.180115,77.180115,77.180115,77.180115,77.180115,77.180115,77.180115,77.180115,77.180115,77.180115,77.180115,77.180115,74.309649,74.309649,74.309649,74.309649,0.0,0.0,100.0,101.0,102.0,101.0,101.0,249.0,3042.15,1325.212,1014.9549999999999,308.45,True,False,
2026-03-22 12:53:43,5.0,0.0,0.0,4.0,,0.0,0.0,,0.0,0.0,0.0,1.0,1.0,0.0,0.0,2.549,0.0,0.0,0.0,7.274,-409.0,0.0,7.158,416.0,0.0,0.0,4.982,111.0,4.982,253.0,0.683,0.0,4.951,206.0,4.962,196.0,4.966,61.0,4.975,62.0,23.57976,26.99943145631068,23.21281,22.68834,29.41695,26.58159,23.73191,24.52488,22.98727,23.0,27.5,25.5,23.0,24.0,0.0,910.25,,2.0,0.0,0.0,77.180115,77.180115,77.180115,77.180115,77.180115,77.180115,77.180115,77.180115,77.180115,77.180115,77.180115,77.180115,77.180115,77.180115,77.180115,77.180115,74.309649,74.309649,74.309649,74.309649,0.0,0.0,100.0,101.0,102.0,101.0,101.0,250.0,2977.728,553.0020000000001,1019.906,308.45,True,False,
2026-03-22 12:53:44,5.0,0.0,0.0,4.0,20.0,0.0,0.0,,0.0,0.0,0.0,1.0,1.0,0.0,0.0,2.549,0.0,0.0,0.0,7.274,-409.0,0.0,7.16,416.0,0.0,0.0,4.982,111.0,4.982,251.0,0.683,0.0,4.951,203.0,4.962,196.0,4.967,58.0,4.977,45.0,23.58155,27.05871514563107,23.2146,22.69908,29.43485,26.59054,23.73012,24.53562,22.98727,23.0,27.5,25.0,23.0,23.5,0.0,910.25,,2.0,0.0,0.0,77.180115,77.180115,77.180115,77.180115,77.180115,77.180115,77.180115,77.180115,77.180115,77.180115,77.180115,77.180115,77.180115,77.180115,77.180115,77.180115,74.309649,74.309649,74.309649,74.309649,0.0,0.0,100.0,101.0,102.0,101.0,101.0,251.0,2978.56,553.0020000000001,1005.0529999999999,223.965,True,False,
2026-03-22 12:53:45,5.0,0.0,0.0,4.0,21.0,0.0,0.0,,0.0,0.0,0.0,1.0,1.0,0.0,0.0,2.549,0.0,0.0,0.0,7.274,-409.0,0.0,7.16,196.0,0.0,0.0,4.981,111.0,4.983,253.0,0.683,0.0,4.95,200.0,4.961,193.0,4.967,61.0,4.977,45.0,23.57618,27.105468834951456,23.2146,22.69729,29.46349,26.60307,23.73907,24.53204,22.99443,23.0,27.5,25.5,23.0,23.5,0.0,910.25,,2.0,0.0,0.0,77.180115,77.180115,77.180115,77.180115,77.180115,77.180115,77.180115,77.180115,77.180115,77.180115,77.180115,77.180115,77.180115,77.180115,77.180115,77.180115,74.309649,74.309649,74.309649,74.309649,0.0,0.0,100.0,101.0,102.0,101.0,101.0,252.0,1403.3600000000001,552.891,990.0,223.965,True,False,
2026-03-22 12:53:46,5.0,0.0,0.0,4.0,22.0,0.0,0.0,,0.0,0.0,0.0,1.0,1.0,0.0,0.0,2.549,0.0,0.0,0.0,7.274,-409.0,0.0,7.16,417.0,0.0,0.0,4.982,109.0,4.983,251.0,0.686,0.0,4.951,205.0,4.96,192.0,4.966,62.0,4.977,45.0,23.57618,27.155802524271845,23.2146,22.70445,29.45991,26.6156,23.74086,24.55531,22.98906,23.0,27.5,25.5,23.0,24.0,0.0,910.25,,2.0,0.0,0.0,77.180115,77.180115,77.180115,77.180115,77.180115,77.180115,77.180115,77.180115,77.180115,77.180115,77.180115,77.180115,77.180115,77.180115,77.180115,77.180115,74.309649,74.309649,74.309649,74.309649,0.0,0.0,100.0,101.0,102.0,101.0,101.0,253.0,2985.7200000000003,543.038,1014.9549999999999,223.965,True,False,
2026-03-22 12:53:47,5.0,0.0,0.0,4.0,23.0,0.0,0.0,,0.0,0.0,0.0,1.0,1.0,0.0,0.0,2.549,0.0,0.0,0.0,7.274,-409.0,0.0,7.158,413.0,0.0,0.0,4.982,105.0,4.982,250.0,0.683,0.0,4.951,205.0,4.962,198.0,4.967,61.0,4.977,45.0,23.57976,27.213296213592233,23.24145,22.72235,29.49034,26.62455,23.73907,24.54278,22.98727,23.0,27.5,25.5,23.0,24.0,0.0,910.25,,2.0,0.0,0.0,77.180115,77.180115,77.180115,77.180115,77.180115,77.180115,77.180115,77.180115,77.180115,77.180115,77.180115,77.180115,77.180115,77.180115,77.180115,77.180115,74.309649,74.309649,74.309649,74.309649,0.0,0.0,100.0,101.0,102.0,101.0,101.0,254.0,2956.2540000000004,523.11,1014.9549999999999,223.965,True,False,
2026-03-22 12:53:48,5.0,0.0,0.0,4.0,24.0,0.0,0.0,,0.0,0.0,0.0,1.0,1.0,0.0,0.0,2.549,0.0,0.0,0.0,7.274,-409.0,0.0,7.16,421.0,0.0,0.0,4.98,110.0,4.982,253.0,0.685,0.0,4.95,200.0,4.961,192.0,4.967,62.0,4.977,45.0,23.57618,27.263629902912623,23.2146,22.70803,29.4796,26.64782,23.74086,24.54815,22.98906,23.0,27.5,25.5,23.0,24.0,0.0,910.25,,2.0,0.0,0.0,77.180115,77.180115,77.180115,77.180115,77.180115,77.180115,77.180115,77.180115,77.180115,77.180115,77.180115,77.180115,77.180115,77.180115,77.180115,77.180115,74.309649,74.309649,74.309649,74.309649,0.0,0.0,100.0,101.0,102.0,101.0,101.0,255.0,3014.36,547.8000000000001,990.0,223.965,True,False,
2026-03-22 12:53:49,5.0,0.0,0.0,4.0,25.0,0.0,0.0,,0.0,0.0,0.0,1.0,1.0,0.0,0.0,2.549,0.0,0.0,0.0,7.274,-409.0,0.0,7.16,198.0,0.0,0.0,4.98,266.0,4.983,252.0,0.683,0.0,4.95,201.0,4.961,195.0,4.966,60.0,4.976,43.0,23.57618,27.30143359223301,23.22892,22.70982,29.4975,26.64245,23.74623,24.54636,22.99085,23.0,27.5,25.5,23.0,23.5,0.0,910.25,,2.0,0.0,0.0,77.180115,77.180115,77.180115,77.180115,77.180115,77.180115,77.180115,77.180115,77.180115,77.180115,77.180115,77.180115,77.180115,77.180115,77.180115,77.180115,74.309649,74.309649,74.309649,74.309649,0.0,0.0,100.0,101.0,102.0,101.0,101.0,256.0,1417.68,1324.68,994.95,213.968,True,False,
2026-03-22 12:53:50,5.0,0.0,0.0,4.0,26.0,0.0,0.0,,0.0,0.0,0.0,1.0,1.0,0.0,0.0,2.549,0.0,0.0,0.0,7.274,-409.0,0.0,7.158,417.0,0.0,0.0,4.982,113.0,4.983,253.0,0.682,1.0,4.95,198.0,4.962,198.0,4.967,62.0,4.976,43.0,23.56544,27.3607172815534,23.22176,22.69908,29.48676,26.66035,23.74981,24.54815,22.99264,23.0,27.5,25.5,23.0,23.5,0.0,910.25,,2.0,0.0,0.0,77.180115,77.180115,77.180115,77.180115,77.180115,77.180115,77.180115,77.180115,77.180115,77.180115,77.180115,77.180115,77.180115,77.180115,77.180115,77.180115,74.309649,74.309649,74.309649,74.309649,0.0,0.0,100.0,101.0,102.0,101.0,101.0,257.0,2984.886,562.966,980.1,213.968,True,False,
2026-03-22 12:53:51,5.0,0.0,0.0,4.0,27.0,0.0,0.0,,0.0,0.0,0.0,1.0,1.0,0.0,0.0,2.549,0.0,0.0,0.0,7.274,-409.0,0.0,7.156,423.0,0.0,0.0,4.98,113.0,4.982,251.0,0.682,0.0,4.951,201.0,4.962,195.0,4.967,60.0,4.976,58.0,23.57081,27.412840970873788,23.23429,22.70624,29.50645,26.66751,23.7516,24.54636,22.99801,23.0,27.5,25.5,23.0,23.5,0.0,910.25,,2.0,0.0,0.0,77.180115,77.180115,77.180115,77.180115,77.180115,77.180115,77.180115,77.180115,77.180115,77.180115,77.180115,77.180115,77.180115,77.180115,77.180115,77.180115,74.309649,74.309649,74.309649,74.309649,0.0,0.0,100.0,101.0,102.0,101.0,101.0,258.0,3026.988,562.74,995.151,288.608,True,False,
2026-03-22 12:53:52,5.0,0.0,0.0,4.0,28.0,0.0,0.0,,0.0,0.0,0.0,1.0,1.0,0.0,0.0,2.549,0.0,0.0,0.0,7.274,-409.0,0.0,7.158,426.0,0.0,0.0,4.982,109.0,4.981,109.0,0.682,0.0,4.951,198.0,4.962,198.0,4.965,61.0,4.975,58.0,23.57439,27.461384660194177,23.24145,22.70624,29.51719,26.69794,23.75518,24.56426,22.99622,23.0,27.5,25.5,23.0,24.0,0.0,910.25,,2.0,0.0,0.0,77.180115,77.180115,77.180115,77.180115,77.180115,77.180115,77.180115,77.180115,77.180115,77.180115,77.180115,77.180115,77.180115,77.180115,77.180115,77.180115,74.309649,74.309649,74.309649,74.309649,0.0,0.0,100.0,101.0,102.0,101.0,101.0,259.0,3049.308,543.038,980.2979999999999,288.54999999999995,True,False,
2026-03-22 12:53:53,5.0,0.0,0.0,4.0,29.0,0.0,0.0,,0.0,0.0,0.0,1.0,1.0,0.0,0.0,2.549,0.0,0.0,0.0,7.274,-409.0,0.0,7.158,426.0,0.0,0.0,4.982,107.0,4.981,107.0,0.685,0.0,4.951,200.0,4.962,197.0,4.967,60.0,4.975,58.0,23.57618,27.504558349514564,23.24145,22.7134,29.54046,26.69973,23.77129,24.56426,22.9998,23.0,27.5,25.5,23.0,24.0,0.0,910.25,,2.0,0.0,0.0,77.180115,77.180115,77.180115,77.180115,77.180115,77.180115,77.180115,77.180115,77.180115,77.180115,77.180115,77.180115,77.180115,77.180115,77.180115,77.180115,74.309649,74.309649,74.309649,74.309649,0.0,0.0,100.0,101.0,102.0,101.0,101.0,260.0,3049.308,533.0740000000001,990.1999999999999,288.54999999999995,True,False,
2026-03-22 12:53:54,5.0,0.0,0.0,4.0,,0.0,0.0,,0.0,0.0,0.0,1.0,1.0,0.0,0.0,2.549,1.0,0.0,0.0,7.274,-409.0,0.0,7.158,422.0,0.0,0.0,4.982,109.0,4.981,267.0,0.685,0.0,4.951,197.0,4.963,195.0,4.967,60.0,4.975,58.0,23.57081,27.565632038834952,23.24861,22.72056,29.53688,26.71226,23.77129,24.56068,22.9998,23.0,27.5,25.5,23.0,24.0,0.0,910.25,,2.0,0.0,0.0,77.180115,77.180115,77.180115,77.180115,77.180115,77.180115,77.180115,77.180115,77.180115,77.180115,77.180115,77.180115,77.180115,77.180115,77.180115,77.180115,74.309649,74.309649,74.309649,74.309649,0.0,0.0,100.0,101.0,102.0,101.0,101.0,261.0,3020.676,543.038,975.347,288.54999999999995,True,False,
2026-03-22 12:53:55,5.0,0.0,0.0,4.0,,0.0,0.0,,0.0,0.0,0.0,1.0,1.0,0.0,0.0,2.549,0.0,0.0,0.0,7.274,-409.0,0.0,7.158,427.0,0.0,0.0,4.982,109.0,4.982,268.0,0.683,0.0,4.951,193.0,0.0,0.0,4.967,61.0,4.975,58.0,23.56544,27.614175728155338,23.2325,22.71519,29.55299,26.73195,23.77666,24.56784,23.01233,23.0,27.5,0.0,23.0,24.0,0.0,910.25,,2.0,0.0,0.0,77.180115,77.180115,77.180115,77.180115,77.180115,77.180115,77.180115,77.180115,77.180115,77.180115,77.180115,77.180115,77.180115,77.180115,77.180115,77.180115,74.309649,74.309649,74.309649,74.309649,0.0,0.0,100.0,101.0,102.0,101.0,101.0,262.0,3056.4660000000003,543.038,955.5429999999999,288.54999999999995,True,False,
2026-03-22 12:53:56,5.0,0.0,0.0,4.0,,0.0,0.0,,0.0,0.0,0.0,1.0,0.0,0.0,0.0,2.549,0.0,0.0,0.0,7.274,-409.0,0.0,7.196,0.0,0.0,0.0,4.983,107.0,0.677,0.0,0.685,0.0,4.955,200.0,0.0,0.0,4.967,61.0,4.977,58.0,23.56544,27.67524941747573,23.24503,22.72414,29.57268,26.74448,23.77129,24.57321,23.00875,23.0,27.5,0.0,23.0,24.0,0.0,910.25,,2.0,0.0,0.0,77.180115,77.180115,77.180115,77.180115,77.180115,77.180115,77.180115,77.180115,77.180115,77.180115,77.180115,77.180115,77.180115,77.180115,77.180115,77.180115,74.309649,74.309649,74.309649,74.309649,0.0,0.0,100.0,101.0,102.0,101.0,101.0,263.0,0.0,533.1809999999999,991.0,288.666,True,False,
2026-03-22 12:53:57,5.0,0.0,0.0,4.0,,0.0,0.0,,0.0,0.0,0.0,1.0,0.0,0.0,0.0,2.549,0.0,0.0,0.0,7.274,-409.0,0.0,7.197,223.0,0.0,0.0,4.986,107.0,0.655,0.0,0.682,0.0,4.956,201.0,0.0,0.0,4.967,61.0,4.977,58.0,23.56544,27.72379310679612,23.25219,22.72056,29.587,26.7409,23.77666,24.575,23.01233,23.0,27.5,0.0,23.0,24.0,0.0,910.25,,2.0,0.0,0.0,77.180115,77.180115,77.180115,77.180115,77.180115,77.180115,77.180115,77.180115,77.180115,77.180115,77.180115,77.180115,77.180115,77.180115,77.180115,77.180115,74.309649,74.309649,74.309649,74.309649,0.0,0.0,100.0,101.0,102.0,101.0,101.0,264.0,1604.931,533.502,996.1560000000001,288.666,True,False,
2026-03-22 12:53:58,5.0,0.0,0.0,4.0,,0.0,0.0,,0.0,0.0,0.0,1.0,0.0,0.0,0.0,2.549,0.0,0.0,0.0,7.274,-409.0,0.0,7.198,223.0,0.0,0.0,4.983,106.0,0.635,1.0,0.683,0.0,4.957,201.0,0.0,0.0,4.967,61.0,4.977,58.0,23.57081,27.756226796116508,23.25577,22.72772,29.57984,26.75343,23.76055,24.56784,23.01054,23.0,27.5,0.0,23.0,24.0,0.0,910.25,,2.0,0.0,0.0,77.180115,77.180115,77.180115,77.180115,77.180115,77.180115,77.180115,77.180115,77.180115,77.180115,77.180115,77.180115,77.180115,77.180115,77.180115,77.180115,74.309649,74.309649,74.309649,74.309649,0.0,0.0,100.0,101.0,102.0,101.0,101.0,265.0,1605.154,528.198,996.357,288.666,True,False,
2026-03-22 12:53:59,5.0,0.0,0.0,4.0,,0.0,0.0,,0.0,0.0,0.0,1.0,0.0,0.0,0.0,2.549,0.0,0.0,0.0,7.274,-409.0,0.0,7.198,223.0,0.0,0.0,4.983,102.0,0.576,0.0,0.685,0.0,4.953,192.0,0.0,0.0,4.967,61.0,4.978,58.0,23.57081,27.822670485436895,23.25219,22.72772,29.587,26.76596,23.75339,24.58574,23.01054,23.0,27.5,0.0,23.0,24.0,0.0,910.25,,2.0,0.0,0.0,77.180115,77.180115,77.180115,77.180115,77.180115,77.180115,77.180115,77.180115,77.180115,77.180115,77.180115,77.180115,77.180115,77.180115,77.180115,77.180115,74.309649,74.309649,74.309649,74.309649,0.0,0.0,100.0,101.0,102.0,101.0,101.0,266.0,1605.154,508.26599999999996,950.9760000000001,288.724,True,False,
2026-03-22 12:54:00,5.0,0.0,0.0,4.0,30.0,0.0,0.0,,0.0,0.0,0.0,1.0,0.0,0.0,0.0,2.549,0.0,0.0,0.0,7.274,-409.0,0.0,7.201,222.0,0.0,0.0,4.985,101.0,0.562,2.0,0.685,0.0,4.957,203.0,0.0,0.0,4.967,61.0,4.978,58.0,23.56723,27.867634174757278,23.24503,22.72593,29.61922,26.76775,23.7337,24.58753,23.01412,23.0,27.5,0.0,23.0,24.0,0.0,910.25,,2.0,0.0,0.0,77.180115,77.180115,77.180115,77.180115,77.180115,77.180115,77.180115,77.180115,77.180115,77.180115,77.180115,77.180115,77.180115,77.180115,77.180115,77.180115,74.309649,74.309649,74.309649,74.309649,0.0,0.0,100.0,101.0,102.0,101.0,101.0,267.0,1598.6219999999998,503.485,1006.271,288.724,True,False,
2026-03-22 12:54:01,5.0,0.0,0.0,4.0,31.0,0.0,0.0,,0.0,0.0,0.0,1.0,0.0,0.0,0.0,2.549,0.0,0.0,0.0,7.274,-409.0,0.0,7.2,0.0,0.0,0.0,4.985,102.0,0.526,2.0,0.683,0.0,4.953,193.0,0.0,0.0,4.967,61.0,4.98,46.0,23.56186,27.916177864077667,23.25398,22.74204,29.63533,26.75522,23.70506,24.58932,23.02307,23.0,27.5,0.0,23.0,24.0,0.0,910.25,,2.0,0.0,0.0,77.180115,77.180115,77.180115,77.180115,77.180115,77.180115,77.180115,77.180115,77.180115,77.180115,77.180115,77.180115,77.180115,77.180115,77.180115,77.180115,74.309649,74.309649,74.309649,74.309649,0.0,0.0,100.0,101.0,102.0,101.0,101.0,268.0,0.0,508.47,955.9290000000001,229.08,True,False,
2026-03-22 12:54:02,5.0,0.0,0.0,4.0,32.0,0.0,0.0,,0.0,0.0,0.0,1.0,0.0,0.0,0.0,2.549,0.0,0.0,0.0,7.274,-409.0,0.0,7.2,221.0,0.0,0.0,4.986,255.0,0.505,0.0,0.685,0.0,4.953,188.0,0.0,0.0,4.967,61.0,4.977,60.0,23.56544,27.97009155339806,23.25935,22.73488,29.6407,26.73911,23.68358,24.59827,23.0177,23.0,27.5,0.0,23.0,24.0,0.0,910.25,,2.0,0.0,0.0,77.180115,77.180115,77.180115,77.180115,77.180115,77.180115,77.180115,77.180115,77.180115,77.180115,77.180115,77.180115,77.180115,77.180115,77.180115,77.180115,74.309649,74.309649,74.309649,74.309649,0.0,0.0,100.0,101.0,102.0,101.0,101.0,269.0,1591.2,1271.4299999999998,931.1640000000001,298.62,True,False,
2026-03-22 12:54:03,5.0,0.0,0.0,4.0,33.0,0.0,0.0,,0.0,0.0,0.0,1.0,0.0,0.0,0.0,2.549,0.0,0.0,0.0,7.274,-409.0,0.0,7.195,0.0,0.0,0.0,4.985,109.0,0.483,1.0,0.683,0.0,4.955,203.0,0.0,0.0,4.967,61.0,4.977,60.0,23.57081,28.020425242718446,23.27009,22.73309,29.66397,26.73732,23.66747,24.58216,23.03202,23.0,27.5,0.0,23.0,24.0,0.0,910.25,,2.0,0.0,0.0,77.180115,77.180115,77.180115,77.180115,77.180115,77.180115,77.180115,77.180115,77.180115,77.180115,77.180115,77.180115,77.180115,77.180115,77.180115,77.180115,74.309649,74.309649,74.309649,74.309649,0.0,0.0,100.0,101.0,102.0,101.0,101.0,270.0,0.0,543.365,1005.865,298.62,True,False,
2026-03-22 12:54:04,5.0,0.0,0.0,4.0,34.0,0.0,0.0,,0.0,0.0,0.0,1.0,0.0,0.0,0.0,2.549,0.0,0.0,0.0,7.274,-409.0,0.0,7.195,0.0,0.0,0.0,4.983,107.0,0.465,1.0,0.683,0.0,4.955,201.0,0.0,0.0,4.967,61.0,4.977,63.0,23.5726,28.068968932038835,23.26472,22.7492,29.65144,26.723,23.65852,24.58932,23.02128,23.0,27.5,0.0,23.0,24.0,0.0,910.25,,2.0,0.0,0.0,77.180115,77.180115,77.180115,77.180115,77.180115,77.180115,77.180115,77.180115,77.180115,77.180115,77.180115,77.180115,77.180115,77.180115,77.180115,77.180115,74.309649,74.309649,74.309649,74.309649,0.0,0.0,100.0,101.0,102.0,101.0,101.0,271.0,0.0,533.1809999999999,995.955,313.55100000000004,True,False,
2026-03-22 12:54:05,5.0,0.0,0.0,4.0,35.0,0.0,0.0,,0.0,0.0,0.0,1.0,0.0,0.0,0.0,2.549,0.0,0.0,0.0,7.274,-409.0,0.0,7.196,223.0,0.0,0.0,4.985,107.0,0.456,1.0,0.683,0.0,4.955,196.0,0.0,0.0,4.967,61.0,4.977,63.0,23.55112,28.124672621359224,23.25577,22.74204,29.66576,26.71942,23.63525,24.60006,23.02665,23.0,27.5,0.0,23.0,24.0,0.0,910.25,,2.0,0.0,0.0,77.180115,77.180115,77.180115,77.180115,77.180115,77.180115,77.180115,77.180115,77.180115,77.180115,77.180115,77.180115,77.180115,77.180115,77.180115,77.180115,74.309649,74.309649,74.309649,74.309649,0.0,0.0,100.0,101.0,102.0,101.0,101.0,272.0,1604.7079999999999,533.395,971.1800000000001,313.55100000000004,True,False,
2026-03-22 12:54:06,5.0,0.0,0.0,4.0,35.0,0.0,0.0,,0.0,0.0,0.0,1.0,0.0,0.0,0.0,2.549,0.0,0.0,0.0,7.274,-409.0,0.0,7.2,0.0,0.0,0.0,4.985,107.0,0.446,1.0,0.683,0.0,4.955,192.0,0.0,0.0,4.967,61.0,4.977,63.0,23.56544,28.166056310679615,23.26293,22.74204,29.66934,26.71405,23.63346,24.58932,23.0356,23.0,27.5,0.0,23.0,24.0,0.0,910.25,,2.0,0.0,0.0,77.180115,77.180115,77.180115,77.180115,77.180115,77.180115,77.180115,77.180115,77.180115,77.180115,77.180115,77.180115,77.180115,77.180115,77.180115,77.180115,74.309649,74.309649,74.309649,74.309649,0.0,0.0,100.0,101.0,102.0,101.0,101.0,273.0,0.0,533.395,951.36,313.55100000000004,True,False,
2026-03-22 12:54:07,5.0,0.0,0.0,4.0,37.0,0.0,0.0,,0.0,0.0,0.0,1.0,0.0,0.0,0.0,2.549,0.0,0.0,0.0,7.274,-409.0,0.0,7.2,221.0,0.0,0.0,4.985,106.0,0.423,0.0,0.683,0.0,4.953,191.0,0.0,0.0,4.967,61.0,4.977,62.0,23.55112,28.22892,23.26472,22.7492,29.68187,26.69436,23.60124,24.60364,23.03381,23.0,27.5,0.0,23.0,24.0,0.0,910.25,,2.0,0.0,0.0,77.180115,77.180115,77.180115,77.180115,77.180115,77.180115,77.180115,77.180115,77.180115,77.180115,77.180115,77.180115,77.180115,77.180115,77.180115,77.180115,74.309649,74.309649,74.309649,74.309649,0.0,0.0,100.0,101.0,102.0,101.0,101.0,274.0,1591.2,528.4100000000001,946.023,308.574,True,False,
