timestamp,FSW_DB_VER,DAY,HOUR,MINUTE,SECOND,SC_ID,CMD_RCV_CNT,CMD_ACC_CNT,CMD_REJ_CNT,CMD_INC_CNT,PAYLOAD_STATUS,PLATFORM_PWR_STATUS,ADCS_PWR_STATUS,PAYLOAD_PWR_STATUS,SPR_PWR_STATUS,SOLAR_V,SOLAR_S,EXT_V,EXT_S,BATT_CHR_V,BATT_CHR_I,BATT_CHR_STATUS,SYS_V,SYS_I,SPR_V,SPR_I,PLAT_5V_V,PLAT_5V_I,ADCS_5V_V,ADCS_5V_I,PAYLOAD_5V_V,PAYLOAD_5V_I,OBC_PWR_V,OBC_PWR_I,ADCS_PROC_PWR_V,ADCS_PROC_PWR_I,ADCS_PER_PWR_V,ADCS_PER_PWR_I,COMMS_PWR_V,COMMS_PWR_I,TEMP_SOLAR,TEMP_EPS,TEMP_BATTERY,TEMP_BACKPLANE,TEMP_OBDH,TEMP_ADCS,TEMP_WHEEL,TEMP_COMMS,TEMP_PAYLOAD,TEMP_EPS_L,TEMP_OBDH_L,TEMP_ADCS_L,TEMP_WHEEL_L,TEMP_COMMS_L,TEMP_PAYLOAD_L,FREQ,RSSI,TX_POWER,FRAME_ERR,TEMP_THERM_EXP_L,THERMISTOR_ROD_1,THERMISTOR_ROD_2,THERMISTOR_ROD_3,THERMISTOR_ROD_4,THERMISTOR_ROD_5,THERMISTOR_ROD_6,THERMISTOR_ROD_7,THERMISTOR_ROD_8,THERMISTOR_ROD_9,THERMISTOR_ROD_10,THERMISTOR_ROD_11,THERMISTOR_ROD_12,THERMISTOR_ROD_13,THERMISTOR_ROD_14,THERMISTOR_ROD_15,THERMISTOR_ROD_16,THERMISTOR_BATH_1,THERMISTOR_BATH_2,THERMISTOR_BATH_3,THERMISTOR_EXP3,THERMISTOR_HEATER,THERMAL_EXP_SW_VERSION,OBC_SW_VERSION,PWR_SW_VERSION,COMMS_SW_VERSION,ADCS_SW_VERSION,ACTUATOR_SW_VERSION,elapsed_s,PWR_SYS,PWR_PLAT_5V,PWR_OBC_PWR,PWR_COMMS_PWR,_has_stuck_thermistor,anomaly,anomaly_type
2026-12-03 10:53:38.422,5.0,0.0,0.0,0.0,9.0,0.0,0.0,0.0,0.0,0.0,0.0,1.0,0.0,0.0,0.0,2.725,1.0,0.0,0.0,7.324,-1.0,0.0,7.246,221.0,0.0,0.0,4.986,102.0,0.066,0.0,0.681,0.0,4.956,198.0,0.0,0.0,0.0,0.0,4.981,58.0,23.8948,23.2862,23.33095,23.34885,24.44433,23.83036,23.29336,23.50816,23.82678,23.0,23.5,0.0,0.0,22.5,0.0,910.25,0.0,2.0,0.0,0.0,77.180115,77.180115,77.180115,77.180115,77.180115,77.180115,77.180115,77.180115,77.180115,77.180115,77.180115,77.180115,77.180115,77.180115,77.180115,77.180115,74.309649,74.309649,74.309649,74.309649,0.0,0.0,100.0,101.0,102.0,0.0,0.0,0.0,1601.366,508.572,981.2880000000001,288.89799999999997,True,False,
2026-12-03 10:53:39.123,5.0,0.0,0.0,0.0,9.0,0.0,0.0,0.0,0.0,0.0,0.0,1.0,0.0,0.0,0.0,2.725,1.0,0.0,0.0,7.324,-1.0,0.0,7.248,221.0,0.0,0.0,4.986,106.0,0.07,2.0,0.682,0.0,4.956,185.0,0.0,0.0,0.0,0.0,4.981,58.0,23.89301,23.28799,23.32737,23.35959,24.46939,23.83573,23.29336,23.52606,23.82499,23.0,23.5,0.0,0.0,22.5,0.0,910.25,0.0,2.0,0.0,0.0,77.180115,77.180115,77.180115,77.180115,77.180115,77.180115,77.180115,77.180115,77.180115,77.180115,77.180115,77.180115,77.180115,77.180115,77.180115,77.180115,74.309649,74.309649,74.309649,74.309649,0.0,0.0,100.0,101.0,102.0,0.0,0.0,0.701,1601.808,528.516,916.8600000000001,288.89799999999997,True,False,
2026-12-03 10:53:39.474,5.0,0.0,0.0,0.0,,0.0,0.0,0.0,0.0,0.0,0.0,1.0,0.0,0.0,0.0,2.725,0.0,0.0,0.0,7.324,-1.0,0.0,7.25,221.0,0.0,0.0,4.986,105.0,0.07,1.0,0.683,0.0,4.956,200.0,0.0,0.0,0.0,0.0,4.981,58.0,23.89122,23.28978,23.32558,23.35064,24.50698,23.83036,23.29336,23.52964,23.83394,23.0,23.5,0.0,0.0,22.5,0.0,910.25,0.0,2.0,0.0,0.0,77.180115,77.180115,77.180115,77.180115,77.180115,77.180115,77.180115,77.180115,77.180115,77.180115,77.180115,77.180115,77.180115,77.180115,77.180115,77.180115,74.309649,74.309649,74.309649,74.309649,0.0,0.0,100.0,101.0,102.0,0.0,0.0,1.052,1602.25,523.53,991.2,288.89799999999997,True,False,
2026-12-03 10:53:39.925,5.0,0.0,0.0,0.0,,0.0,0.0,0.0,0.0,0.0,0.0,1.0,0.0,0.0,0.0,2.725,0.0,0.0,0.0,7.324,-1.0,0.0,7.251,218.0,0.0,0.0,4.986,105.0,0.072,0.0,0.683,1.0,4.956,185.0,0.0,0.0,0.0,0.0,4.978,60.0,23.8948,23.29336,23.3399,23.34348,24.54457,23.81604,23.29336,23.55291,23.82678,23.0,23.5,0.0,0.0,23.0,0.0,910.25,0.0,2.0,0.0,0.0,77.180115,77.180115,77.180115,77.180115,77.180115,77.180115,77.180115,77.180115,77.180115,77.180115,77.180115,77.180115,77.180115,77.180115,77.180115,77.180115,74.309649,74.309649,74.309649,74.309649,0.0,0.0,100.0,101.0,102.0,0.0,0.0,1.503,1580.718,523.53,916.8600000000001,298.68,True,False,
2026-12-03 10:53:40.627,5.0,0.0,0.0,0.0,,0.0,0.0,0.0,0.0,0.0,0.0,1.0,0.0,0.0,0.0,2.725,0.0,0.0,0.0,7.324,-1.0,0.0,7.25,222.0,0.0,0.0,4.986,104.0,0.075,1.0,0.682,1.0,4.956,200.0,0.0,0.0,0.0,0.0,4.978,60.0,23.90196,23.29157,23.3399,23.3578,24.57142,23.83931,23.30589,23.56544,23.83931,23.0,23.5,0.0,0.0,23.0,0.0,910.25,0.0,2.0,0.0,0.0,77.180115,77.180115,77.180115,77.180115,77.180115,77.180115,77.180115,77.180115,77.180115,77.180115,77.180115,77.180115,77.180115,77.180115,77.180115,77.180115,74.309649,74.309649,74.309649,74.309649,0.0,0.0,100.0,101.0,102.0,0.0,0.0,2.205,1609.5,518.544,991.2,298.68,True,False,
2026-12-03 10:53:40.977,5.0,0.0,0.0,0.0,,0.0,0.0,0.0,0.0,0.0,0.0,1.0,0.0,0.0,0.0,2.725,0.0,0.0,0.0,7.324,-1.0,0.0,7.25,222.0,0.0,0.0,4.986,105.0,0.076,1.0,0.681,0.0,4.957,183.0,0.0,0.0,0.0,0.0,4.978,60.0,23.90196,23.29336,23.33811,23.34348,24.61438,23.83036,23.29336,23.57081,23.82499,23.0,23.5,0.0,0.0,23.0,0.0,910.25,0.0,2.0,0.0,0.0,77.180115,77.180115,77.180115,77.180115,77.180115,77.180115,77.180115,77.180115,77.180115,77.180115,77.180115,77.180115,77.180115,77.180115,77.180115,77.180115,74.309649,74.309649,74.309649,74.309649,0.0,0.0,100.0,101.0,102.0,0.0,0.0,2.555,1609.5,523.53,907.131,298.68,True,False,
2026-12-03 10:53:41.426,5.0,0.0,0.0,0.0,,0.0,0.0,0.0,0.0,0.0,0.0,1.0,0.0,0.0,0.0,2.725,0.0,0.0,0.0,7.324,-1.0,0.0,7.248,222.0,0.0,0.0,4.986,106.0,0.077,1.0,0.681,0.0,4.956,200.0,0.0,0.0,0.0,0.0,4.978,60.0,23.8948,23.29336,23.35243,23.35064,24.64839,23.83036,23.29336,23.58513,23.82857,23.0,24.0,0.0,0.0,23.0,0.0,910.25,0.0,2.0,0.0,0.0,77.180115,77.180115,77.180115,77.180115,77.180115,77.180115,77.180115,77.180115,77.180115,77.180115,77.180115,77.180115,77.180115,77.180115,77.180115,77.180115,74.309649,74.309649,74.309649,74.309649,0.0,0.0,100.0,101.0,102.0,0.0,0.0,3.004,1609.056,528.516,991.2,298.68,True,False,
2026-12-03 10:53:42.130,5.0,0.0,0.0,0.0,,0.0,0.0,0.0,0.0,0.0,0.0,1.0,0.0,0.0,0.0,2.725,0.0,0.0,0.0,7.324,-1.0,0.0,7.247,221.0,0.0,0.0,4.985,105.0,0.078,0.0,0.682,0.0,4.955,186.0,0.0,0.0,0.0,0.0,4.981,60.0,23.89659,23.31484,23.35959,23.35064,24.6824,23.82499,23.28978,23.60303,23.82678,23.0,24.0,0.0,0.0,23.0,0.0,910.25,0.0,2.0,0.0,0.0,77.180115,77.180115,77.180115,77.180115,77.180115,77.180115,77.180115,77.180115,77.180115,77.180115,77.180115,77.180115,77.180115,77.180115,77.180115,77.180115,74.309649,74.309649,74.309649,74.309649,0.0,0.0,100.0,101.0,102.0,0.0,0.0,3.708,1601.587,523.4250000000001,921.63,298.86,True,False,
2026-12-03 10:53:42.478,5.0,0.0,0.0,0.0,,0.0,0.0,0.0,0.0,0.0,0.0,1.0,0.0,0.0,0.0,2.725,0.0,0.0,0.0,7.324,-1.0,0.0,7.247,223.0,0.0,0.0,4.987,105.0,0.081,1.0,0.681,0.0,4.955,201.0,0.0,0.0,0.0,0.0,4.981,60.0,23.90375,23.29336,23.35243,23.35422,24.71104,23.82141,23.29336,23.61019,23.82857,23.0,24.0,0.0,0.0,23.0,0.0,910.25,0.0,2.0,0.0,0.0,77.180115,77.180115,77.180115,77.180115,77.180115,77.180115,77.180115,77.180115,77.180115,77.180115,77.180115,77.180115,77.180115,77.180115,77.180115,77.180115,74.309649,74.309649,74.309649,74.309649,0.0,0.0,100.0,101.0,102.0,0.0,0.0,4.056,1616.081,523.635,995.955,298.86,True,False,
2026-12-03 10:53:42.928,5.0,0.0,0.0,0.0,,0.0,0.0,0.0,0.0,0.0,0.0,1.0,0.0,0.0,0.0,2.725,1.0,0.0,0.0,7.324,-1.0,0.0,7.247,221.0,0.0,0.0,4.986,105.0,0.081,1.0,0.682,0.0,4.955,188.0,0.0,0.0,0.0,0.0,4.981,60.0,23.90375,23.30947,23.3578,23.35422,24.75758,23.82499,23.29336,23.6263,23.83931,23.0,24.0,0.0,0.0,23.0,0.0,910.25,0.0,2.0,0.0,0.0,77.180115,77.180115,77.180115,77.180115,77.180115,77.180115,77.180115,77.180115,77.180115,77.180115,77.180115,77.180115,77.180115,77.180115,77.180115,77.180115,74.309649,74.309649,74.309649,74.309649,0.0,0.0,100.0,101.0,102.0,0.0,0.0,4.506,1601.587,523.53,931.54,298.86,True,False,
2026-12-03 10:53:43.630,5.0,0.0,0.0,0.0,,0.0,0.0,0.0,0.0,0.0,0.0,1.0,0.0,0.0,0.0,2.725,1.0,0.0,0.0,7.324,-1.0,0.0,7.246,220.0,0.0,0.0,4.986,105.0,0.082,0.0,0.682,0.0,4.956,201.0,0.0,0.0,0.0,0.0,4.981,60.0,23.91091,23.30768,23.35601,23.35243,24.79517,23.82857,23.29336,23.62988,23.83752,23.0,24.0,0.0,0.0,23.0,0.0,910.25,0.0,2.0,0.0,0.0,77.180115,77.180115,77.180115,77.180115,77.180115,77.180115,77.180115,77.180115,77.180115,77.180115,77.180115,77.180115,77.180115,77.180115,77.180115,77.180115,74.309649,74.309649,74.309649,74.309649,0.0,0.0,100.0,101.0,102.0,0.0,0.0,5.208,1594.1200000000001,523.53,996.1560000000001,298.86,True,False,
2026-12-03 10:53:43.981,5.0,0.0,0.0,0.0,,0.0,0.0,0.0,0.0,0.0,0.0,1.0,0.0,0.0,0.0,2.725,1.0,0.0,0.0,7.324,-1.0,0.0,7.25,220.0,0.0,0.0,4.986,102.0,0.083,0.0,0.682,0.0,4.956,186.0,0.0,0.0,0.0,0.0,4.981,58.0,23.90912,23.31484,23.35601,23.36138,24.83276,23.82857,23.29336,23.6442,23.83394,23.0,24.0,0.0,0.0,23.0,0.0,910.25,0.0,2.0,0.0,0.0,77.180115,77.180115,77.180115,77.180115,77.180115,77.180115,77.180115,77.180115,77.180115,77.180115,77.180115,77.180115,77.180115,77.180115,77.180115,77.180115,74.309649,74.309649,74.309649,74.309649,0.0,0.0,100.0,101.0,102.0,0.0,0.0,5.559,1595.0,508.572,921.816,288.89799999999997,True,False,
2026-12-03 10:53:44.432,5.0,0.0,0.0,0.0,,0.0,0.0,0.0,0.0,0.0,0.0,1.0,0.0,0.0,0.0,2.725,0.0,0.0,0.0,7.324,-1.0,0.0,7.25,221.0,0.0,0.0,4.986,106.0,0.087,0.0,0.682,0.0,4.955,201.0,0.0,0.0,0.0,0.0,4.981,58.0,23.90017,23.32021,23.36496,23.35064,24.88467,23.83215,23.29336,23.65673,23.83573,23.0,24.0,0.0,0.0,23.0,0.0,910.25,0.0,2.0,0.0,0.0,77.180115,77.180115,77.180115,77.180115,77.180115,77.180115,77.180115,77.180115,77.180115,77.180115,77.180115,77.180115,77.180115,77.180115,77.180115,77.180115,74.309649,74.309649,74.309649,74.309649,0.0,0.0,100.0,101.0,102.0,0.0,0.0,6.01,1602.25,528.516,995.955,288.89799999999997,True,False,
2026-12-03 10:53:45.131,5.0,0.0,0.0,0.0,,0.0,0.0,0.0,0.0,0.0,0.0,1.0,0.0,0.0,0.0,2.725,0.0,0.0,0.0,7.324,-1.0,0.0,7.248,221.0,0.0,0.0,4.986,105.0,0.087,0.0,0.682,1.0,4.955,190.0,0.0,0.0,0.0,0.0,4.981,58.0,23.89122,23.32558,23.36854,23.35064,24.90078,23.82857,23.29336,23.66568,23.83394,23.0,24.0,0.0,0.0,23.0,0.0,910.25,0.0,2.0,0.0,0.0,77.180115,77.180115,77.180115,77.180115,77.180115,77.180115,77.180115,77.180115,77.180115,77.180115,77.180115,77.180115,77.180115,77.180115,77.180115,77.180115,74.309649,74.309649,74.309649,74.309649,0.0,0.0,100.0,101.0,102.0,0.0,0.0,6.709,1601.808,523.53,941.45,288.89799999999997,True,False,
2026-12-03 10:53:45.482,5.0,0.0,0.0,0.0,10.0,0.0,0.0,0.0,0.0,0.0,0.0,1.0,0.0,0.0,0.0,2.725,0.0,0.0,0.0,7.324,-1.0,0.0,7.248,223.0,0.0,0.0,4.986,105.0,0.088,1.0,0.682,0.0,4.953,202.0,0.0,0.0,0.0,0.0,4.981,58.0,23.91091,23.32737,23.36854,23.35422,24.92763,23.82499,23.29336,23.67642,23.83394,23.0,24.0,0.0,0.0,23.0,0.0,910.25,0.0,2.0,0.0,0.0,77.180115,77.180115,77.180115,77.180115,77.180115,77.180115,77.180115,77.180115,77.180115,77.180115,77.180115,77.180115,77.180115,77.180115,77.180115,77.180115,74.309649,74.309649,74.309649,74.309649,0.0,0.0,100.0,101.0,102.0,0.0,0.0,7.06,1616.304,523.53,1000.5060000000001,288.89799999999997,True,False,
2026-12-03 10:53:45.932,5.0,0.0,0.0,0.0,10.0,0.0,0.0,0.0,0.0,0.0,0.0,1.0,0.0,0.0,0.0,2.725,0.0,0.0,0.0,7.324,-1.0,0.0,7.25,223.0,0.0,0.0,4.986,105.0,0.09,0.0,0.682,0.0,4.955,188.0,0.0,0.0,0.0,0.0,4.98,58.0,23.91807,23.33274,23.36317,23.35601,24.98133,23.82499,23.29336,23.69253,23.82857,23.0,24.0,0.0,0.0,23.0,0.0,910.25,0.0,2.0,0.0,0.0,77.180115,77.180115,77.180115,77.180115,77.180115,77.180115,77.180115,77.180115,77.180115,77.180115,77.180115,77.180115,77.180115,77.180115,77.180115,77.180115,74.309649,74.309649,74.309649,74.309649,0.0,0.0,100.0,101.0,102.0,0.0,0.0,7.51,1616.75,523.53,931.54,288.84000000000003,True,False,
2026-12-03 10:53:46.632,5.0,0.0,0.0,0.0,11.0,0.0,0.0,0.0,0.0,0.0,0.0,1.0,0.0,0.0,0.0,2.725,0.0,0.0,0.0,7.324,-1.0,0.0,7.25,221.0,0.0,0.0,4.986,104.0,0.091,1.0,0.682,0.0,4.957,200.0,0.0,0.0,0.0,0.0,4.98,58.0,23.90733,23.32916,23.3757,23.35422,25.01355,23.8232,23.29336,23.69611,23.83752,23.0,24.0,0.0,0.0,23.0,0.0,910.25,0.0,2.0,0.0,0.0,77.180115,77.180115,77.180115,77.180115,77.180115,77.180115,77.180115,77.180115,77.180115,77.180115,77.180115,77.180115,77.180115,77.180115,77.180115,77.180115,74.309649,74.309649,74.309649,74.309649,0.0,0.0,100.0,101.0,102.0,0.0,0.0,8.21,1602.25,518.544,991.4,288.84000000000003,True,False,
2026-12-03 10:53:46.983,5.0,0.0,0.0,0.0,11.0,0.0,0.0,0.0,0.0,0.0,0.0,1.0,0.0,0.0,0.0,2.725,0.0,0.0,0.0,7.324,-1.0,0.0,7.251,218.0,0.0,0.0,4.986,106.0,0.091,1.0,0.682,0.0,4.955,188.0,0.0,0.0,0.0,0.0,4.98,58.0,23.91449,23.3399,23.37212,23.35243,25.0583,23.82141,23.29336,23.71043,23.83573,23.0,24.0,0.0,0.0,23.0,0.0,910.25,0.0,2.0,0.0,0.0,77.180115,77.180115,77.180115,77.180115,77.180115,77.180115,77.180115,77.180115,77.180115,77.180115,77.180115,77.180115,77.180115,77.180115,77.180115,77.180115,74.309649,74.309649,74.309649,74.309649,0.0,0.0,100.0,101.0,102.0,0.0,0.0,8.561,1580.718,528.516,931.54,288.84000000000003,True,False,
2026-12-03 10:53:47.435,5.0,0.0,0.0,0.0,12.0,0.0,0.0,0.0,0.0,0.0,0.0,1.0,0.0,0.0,0.0,2.725,0.0,0.0,0.0,7.324,-1.0,0.0,7.25,218.0,0.0,0.0,4.986,105.0,0.092,2.0,0.681,0.0,4.956,201.0,0.0,0.0,0.0,0.0,4.98,58.0,23.91091,23.33632,23.38107,23.35601,25.08873,23.81962,23.29336,23.7158,23.83036,23.0,24.0,0.0,0.0,23.0,0.0,910.25,0.0,2.0,0.0,0.0,77.180115,77.180115,77.180115,77.180115,77.180115,77.180115,77.180115,77.180115,77.180115,77.180115,77.180115,77.180115,77.180115,77.180115,77.180115,77.180115,74.309649,74.309649,74.309649,74.309649,0.0,0.0,100.0,101.0,102.0,0.0,0.0,9.013,1580.5,523.53,996.1560000000001,288.84000000000003,True,False,
2026-12-03 10:53:48.136,5.0,0.0,0.0,0.0,12.0,0.0,0.0,0.0,0.0,0.0,0.0,1.0,0.0,0.0,0.0,2.725,0.0,0.0,0.0,7.324,-1.0,0.0,7.248,220.0,0.0,0.0,4.986,104.0,0.093,0.0,0.681,0.0,4.956,191.0,0.0,0.0,0.0,0.0,4.98,63.0,23.9127,23.35422,23.37928,23.35601,25.14064,23.82141,23.29336,23.72833,23.83752,23.0,24.0,0.0,0.0,23.0,0.0,910.25,0.0,2.0,0.0,0.0,77.180115,77.180115,77.180115,77.180115,77.180115,77.180115,77.180115,77.180115,77.180115,77.180115,77.180115,77.180115,77.180115,77.180115,77.180115,77.180115,74.309649,74.309649,74.309649,74.309649,0.0,0.0,100.0,101.0,102.0,0.0,0.0,9.714,1594.56,518.544,946.5960000000001,313.74,True,False,
2026-12-03 10:53:48.507,5.0,0.0,0.0,0.0,13.0,0.0,0.0,0.0,0.0,0.0,0.0,1.0,0.0,0.0,0.0,2.725,0.0,0.0,0.0,7.324,-1.0,0.0,7.247,218.0,0.0,0.0,4.986,101.0,0.095,1.0,0.681,0.0,4.955,201.0,0.0,0.0,0.0,0.0,4.98,63.0,23.91449,23.34885,23.39002,23.36138,25.17465,23.80888,23.30589,23.72296,23.83573,23.0,24.0,0.0,0.0,23.0,0.0,910.25,0.0,2.0,0.0,0.0,77.180115,77.180115,77.180115,77.180115,77.180115,77.180115,77.180115,77.180115,77.180115,77.180115,77.180115,77.180115,77.180115,77.180115,77.180115,77.180115,74.309649,74.309649,74.309649,74.309649,0.0,0.0,100.0,101.0,102.0,0.0,0.0,10.085,1579.846,503.58599999999996,995.955,313.74,True,False,
2026-12-03 10:53:48.958,5.0,0.0,0.0,0.0,13.0,0.0,0.0,0.0,0.0,0.0,0.0,1.0,0.0,0.0,0.0,2.725,0.0,0.0,0.0,7.324,-1.0,0.0,7.246,217.0,0.0,0.0,4.986,255.0,0.096,0.0,0.682,0.0,4.956,192.0,0.0,0.0,0.0,0.0,4.98,63.0,23.90733,23.35243,23.39181,23.36138,25.20508,23.82857,23.31126,23.74444,23.83931,23.0,24.0,0.0,0.0,23.0,0.0,910.25,0.0,2.0,0.0,0.0,77.180115,77.180115,77.180115,77.180115,77.180115,77.180115,77.180115,77.180115,77.180115,77.180115,77.180115,77.180115,77.180115,77.180115,77.180115,77.180115,74.309649,74.309649,74.309649,74.309649,0.0,0.0,100.0,101.0,102.0,0.0,0.0,10.536,1572.382,1271.4299999999998,951.5520000000001,313.74,True,False,
2026-12-03 10:53:49.408,5.0,0.0,0.0,0.0,14.0,0.0,0.0,0.0,0.0,0.0,0.0,1.0,0.0,0.0,0.0,2.725,1.0,0.0,0.0,7.324,-1.0,0.0,7.25,218.0,0.0,0.0,4.986,253.0,0.097,0.0,0.682,0.0,4.955,201.0,0.0,0.0,0.0,0.0,4.98,63.0,23.91449,23.33632,23.39718,23.36317,25.24625,23.80888,23.29336,23.7516,23.83394,23.0,24.0,0.0,0.0,23.0,0.0,910.25,0.0,2.0,0.0,0.0,77.180115,77.180115,77.180115,77.180115,77.180115,77.180115,77.180115,77.180115,77.180115,77.180115,77.180115,77.180115,77.180115,77.180115,77.180115,77.180115,74.309649,74.309649,74.309649,74.309649,0.0,0.0,100.0,101.0,102.0,0.0,0.0,10.986,1580.5,1261.4579999999999,995.955,313.74,True,False,
2026-12-03 10:53:49.960,5.0,0.0,0.0,0.0,14.0,0.0,0.0,0.0,0.0,0.0,0.0,1.0,0.0,0.0,0.0,2.725,1.0,0.0,0.0,7.324,-1.0,0.0,7.25,216.0,0.0,0.0,4.987,100.0,0.097,0.0,0.683,0.0,4.956,190.0,0.0,0.0,0.0,0.0,4.978,60.0,23.91091,23.35243,23.3936,23.34885,25.28026,23.8232,23.3041,23.76592,23.8411,23.0,24.0,0.0,0.0,23.0,0.0,910.25,0.0,2.0,0.0,0.0,77.180115,77.180115,77.180115,77.180115,77.180115,77.180115,77.180115,77.180115,77.180115,77.180115,77.180115,77.180115,77.180115,77.180115,77.180115,77.180115,74.309649,74.309649,74.309649,74.309649,0.0,0.0,100.0,101.0,102.0,0.0,0.0,11.538,1566.0,498.7,941.6400000000001,298.68,True,False,
2026-12-03 10:53:50.412,5.0,0.0,0.0,0.0,15.0,0.0,0.0,1.0,0.0,0.0,0.0,1.0,1.0,0.0,0.0,2.725,0.0,0.0,0.0,7.324,-1.0,0.0,7.236,286.0,0.0,0.0,4.986,100.0,5.0,55.0,0.682,0.0,4.956,201.0,0.0,0.0,0.0,0.0,4.978,60.0,23.91449,23.3578,23.40255,23.35959,25.31248,23.80888,23.29336,23.77308,23.84468,23.0,24.0,0.0,0.0,23.0,0.0,910.25,0.0,2.0,0.0,0.0,77.180115,77.180115,77.180115,77.180115,77.180115,77.180115,77.180115,77.180115,77.180115,77.180115,77.180115,77.180115,77.180115,77.180115,77.180115,77.180115,74.309649,74.309649,74.309649,74.309649,0.0,0.0,100.0,101.0,102.0,0.0,0.0,11.99,2069.496,498.59999999999997,996.1560000000001,298.68,True,False,
2026-12-03 10:53:50.963,5.0,0.0,0.0,0.0,15.0,0.0,0.0,1.0,0.0,0.0,0.0,1.0,1.0,0.0,0.0,2.725,0.0,0.0,0.0,7.324,-1.0,0.0,7.215,189.0,0.0,0.0,4.985,100.0,4.986,0.0,0.682,0.0,4.952,192.0,0.0,0.0,4.972,58.0,4.978,60.0,23.91449,23.36854,23.40971,23.3578,25.3268,23.83036,23.29336,23.77666,23.84289,23.0,24.0,0.0,23.0,23.0,0.0,910.25,0.0,2.0,0.0,0.0,77.180115,77.180115,77.180115,77.180115,77.180115,77.180115,77.180115,77.180115,77.180115,77.180115,77.180115,77.180115,77.180115,77.180115,77.180115,77.180115,74.309649,74.309649,74.309649,74.309649,0.0,0.0,100.0,101.0,102.0,0.0,101.0,12.541,1363.635,498.50000000000006,950.784,298.68,True,False,
2026-12-03 10:53:51.415,5.0,0.0,0.0,0.0,16.0,0.0,0.0,1.0,0.0,0.0,0.0,1.0,1.0,0.0,0.0,2.725,0.0,0.0,0.0,7.324,-1.0,0.0,7.215,396.0,0.0,0.0,4.985,101.0,4.986,235.0,0.682,0.0,4.956,201.0,0.0,0.0,4.968,60.0,4.978,60.0,23.91091,23.36317,23.40792,23.36854,25.35544,23.82499,23.29336,23.78561,23.83752,23.0,24.0,0.0,23.0,23.0,0.0,910.25,0.0,2.0,0.0,0.0,77.180115,77.180115,77.180115,77.180115,77.180115,77.180115,77.180115,77.180115,77.180115,77.180115,77.180115,77.180115,77.180115,77.180115,77.180115,77.180115,74.309649,74.309649,74.309649,74.309649,0.0,0.0,100.0,101.0,102.0,0.0,101.0,12.993,2857.14,503.485,996.1560000000001,298.68,True,False,
2026-12-03 10:53:52.116,5.0,0.0,0.0,0.0,16.0,0.0,0.0,1.0,0.0,0.0,0.0,1.0,1.0,0.0,0.0,2.725,0.0,0.0,0.0,7.324,-1.0,0.0,7.136,778.0,0.0,0.0,4.982,101.0,4.983,100.0,0.682,0.0,4.951,191.0,4.962,186.0,4.97,60.0,4.975,60.0,23.90912,23.37391,23.40434,23.35959,25.3984,23.82141,23.29336,23.80351,23.83573,23.0,24.0,23.0,23.0,23.0,0.0,910.25,,2.0,0.0,0.0,77.180115,77.180115,77.180115,77.180115,77.180115,77.180115,77.180115,77.180115,77.180115,77.180115,77.180115,77.180115,77.180115,77.180115,77.180115,77.180115,74.309649,74.309649,74.309649,74.309649,0.0,0.0,100.0,101.0,102.0,101.0,101.0,13.694,5551.808,503.182,945.641,298.5,True,False,
2026-12-03 10:53:52.466,5.0,0.0,0.0,0.0,17.0,0.0,0.0,1.0,0.0,0.0,0.0,1.0,1.0,0.0,0.0,2.725,0.0,0.0,0.0,7.324,-1.0,0.0,7.136,781.0,0.0,0.0,4.983,255.0,4.983,255.0,0.682,0.0,4.955,201.0,4.963,193.0,4.968,60.0,4.975,60.0,23.91986,23.36496,23.4115,23.35601,25.44673,23.81783,23.30768,23.80888,23.83931,23.0,24.0,23.0,23.0,23.0,0.0,910.25,,2.0,0.0,0.0,77.180115,77.180115,77.180115,77.180115,77.180115,77.180115,77.180115,77.180115,77.180115,77.180115,77.180115,77.180115,77.180115,77.180115,77.180115,77.180115,74.309649,74.309649,74.309649,74.309649,0.0,0.0,100.0,101.0,102.0,101.0,101.0,14.044,5573.216,1270.665,995.955,298.5,True,False,
2026-12-03 10:53:53.166,5.0,0.0,0.0,0.0,17.0,0.0,0.0,1.0,0.0,0.0,0.0,1.0,1.0,0.0,0.0,2.725,0.0,0.0,0.0,7.324,-1.0,0.0,7.135,778.0,0.0,0.0,4.983,255.0,4.983,101.0,0.683,0.0,4.951,192.0,4.962,183.0,4.968,61.0,4.975,60.0,23.90912,23.37749,23.41329,23.36138,25.4879,23.80888,23.32379,23.81783,23.84289,23.0,24.5,23.0,23.0,23.0,0.0,910.25,,2.0,0.0,0.0,77.180115,77.180115,77.180115,77.180115,77.180115,77.180115,77.180115,77.180115,77.180115,77.180115,77.180115,77.180115,77.180115,77.180115,77.180115,77.180115,74.309649,74.309649,74.309649,74.309649,0.0,0.0,100.0,101.0,102.0,101.0,101.0,14.744,5551.03,1270.665,950.5919999999999,298.5,True,False,
2026-12-03 10:53:53.517,5.0,0.0,0.0,0.0,18.0,0.0,0.0,1.0,0.0,0.0,0.0,1.0,1.0,0.0,0.0,2.725,0.0,0.0,0.0,7.324,-1.0,0.0,7.132,782.0,0.0,0.0,4.983,101.0,4.983,105.0,0.682,1.0,4.953,202.0,4.965,190.0,4.968,61.0,4.975,60.0,23.91986,23.37212,23.42045,23.36317,25.5237,23.82499,23.33095,23.82499,23.83752,23.0,24.5,23.0,23.0,23.0,0.0,910.25,,2.0,0.0,0.0,77.180115,77.180115,77.180115,77.180115,77.180115,77.180115,77.180115,77.180115,77.180115,77.180115,77.180115,77.180115,77.180115,77.180115,77.180115,77.180115,74.309649,74.309649,74.309649,74.309649,0.0,0.0,100.0,101.0,102.0,101.0,101.0,15.095,5577.224,503.28299999999996,1000.5060000000001,298.5,True,False,
2026-12-03 10:53:54.119,5.0,0.0,0.0,0.0,18.0,0.0,0.0,1.0,0.0,0.0,0.0,1.0,1.0,0.0,0.0,2.725,0.0,0.0,0.0,7.324,-1.0,0.0,7.13,308.0,0.0,0.0,4.983,101.0,4.983,105.0,0.682,0.0,4.951,191.0,4.963,191.0,4.968,60.0,4.976,61.0,23.91628,23.37212,23.42224,23.36675,25.52549,23.82857,23.34527,23.82678,23.83036,23.0,24.5,23.0,23.0,23.0,0.0,910.25,,2.0,0.0,0.0,77.180115,77.180115,77.180115,77.180115,77.180115,77.180115,77.180115,77.180115,77.180115,77.180115,77.180115,77.180115,77.180115,77.180115,77.180115,77.180115,74.309649,74.309649,74.309649,74.309649,0.0,0.0,100.0,101.0,102.0,101.0,101.0,15.697,2196.04,503.28299999999996,945.641,303.536,True,False,
2026-12-03 10:53:54.470,5.0,0.0,0.0,0.0,19.0,0.0,0.0,1.0,0.0,0.0,0.0,1.0,1.0,0.0,0.0,2.725,0.0,0.0,0.0,7.324,-1.0,0.0,7.135,778.0,0.0,0.0,4.983,100.0,4.983,105.0,0.683,0.0,4.953,202.0,4.962,187.0,4.97,58.0,4.976,61.0,23.9127,23.39002,23.42045,23.36138,25.57024,23.83215,23.34885,23.83752,23.83752,23.0,24.5,23.0,23.0,23.0,0.0,910.25,,2.0,0.0,0.0,77.180115,77.180115,77.180115,77.180115,77.180115,77.180115,77.180115,77.180115,77.180115,77.180115,77.180115,77.180115,77.180115,77.180115,77.180115,77.180115,74.309649,74.309649,74.309649,74.309649,0.0,0.0,100.0,101.0,102.0,101.0,101.0,16.048,5551.03,498.29999999999995,1000.5060000000001,303.536,True,False,
2026-12-03 10:53:54.923,5.0,0.0,0.0,0.0,19.0,0.0,0.0,1.0,0.0,0.0,0.0,1.0,1.0,0.0,0.0,2.725,0.0,0.0,0.0,7.324,-1.0,0.0,7.207,198.0,0.0,0.0,4.983,100.0,4.982,102.0,0.683,0.0,4.952,191.0,4.965,196.0,4.97,60.0,4.976,61.0,23.91986,23.38465,23.42761,23.36675,25.59172,23.84647,23.36854,23.85721,23.83573,23.0,24.5,23.0,23.0,23.0,0.0,910.25,,2.0,0.0,0.0,77.180115,77.180115,77.180115,77.180115,77.180115,77.180115,77.180115,77.180115,77.180115,77.180115,77.180115,77.180115,77.180115,77.180115,77.180115,77.180115,74.309649,74.309649,74.309649,74.309649,0.0,0.0,100.0,101.0,102.0,101.0,101.0,16.501,1426.9859999999999,498.29999999999995,945.832,303.536,True,False,
2026-12-03 10:53:55.623,5.0,0.0,0.0,0.0,,0.0,0.0,1.0,0.0,0.0,0.0,1.0,1.0,0.0,0.0,2.725,0.0,0.0,0.0,7.324,-1.0,0.0,7.207,410.0,0.0,0.0,4.983,101.0,4.983,104.0,0.682,0.0,4.955,202.0,4.962,187.0,4.97,62.0,4.976,61.0,23.91986,23.39002,23.43656,23.35422,25.61141,23.85363,23.37033,23.85721,23.8411,23.0,24.5,23.0,23.0,23.0,0.0,910.25,,2.0,0.0,0.0,77.180115,77.180115,77.180115,77.180115,77.180115,77.180115,77.180115,77.180115,77.180115,77.180115,77.180115,77.180115,77.180115,77.180115,77.180115,77.180115,74.309649,74.309649,74.309649,74.309649,0.0,0.0,100.0,101.0,102.0,101.0,101.0,17.201,2954.87,503.28299999999996,1000.91,303.536,True,False,
2026-12-03 10:53:55.974,5.0,0.0,0.0,0.0,,0.0,0.0,1.0,0.0,0.0,0.0,1.0,1.0,0.0,0.0,2.725,0.0,0.0,0.0,7.324,-1.0,0.0,7.205,413.0,0.0,0.0,4.985,100.0,4.982,104.0,0.681,0.0,4.951,193.0,4.963,192.0,4.97,60.0,4.977,60.0,23.92165,23.39539,23.43119,23.35064,25.65974,23.86079,23.3757,23.859,23.84647,23.0,24.5,23.0,23.0,23.0,0.0,910.25,,2.0,0.0,0.0,77.180115,77.180115,77.180115,77.180115,77.180115,77.180115,77.180115,77.180115,77.180115,77.180115,77.180115,77.180115,77.180115,77.180115,77.180115,77.180115,74.309649,74.309649,74.309649,74.309649,0.0,0.0,100.0,101.0,102.0,101.0,101.0,17.552,2975.665,498.50000000000006,955.5429999999999,298.62,True,False,
2026-12-03 10:53:56.425,5.0,0.0,0.0,0.0,,0.0,0.0,1.0,0.0,0.0,0.0,1.0,1.0,0.0,0.0,2.725,0.0,0.0,0.0,7.324,-1.0,0.0,7.207,413.0,0.0,0.0,4.983,101.0,4.983,101.0,0.682,0.0,4.953,183.0,4.963,192.0,4.968,60.0,4.977,60.0,23.90554,23.39897,23.43477,23.36675,25.69554,23.859,23.3936,23.859,23.8411,23.0,24.5,23.0,23.0,23.0,0.0,910.25,,2.0,0.0,0.0,77.180115,77.180115,77.180115,77.180115,77.180115,77.180115,77.180115,77.180115,77.180115,77.180115,77.180115,77.180115,77.180115,77.180115,77.180115,77.180115,74.309649,74.309649,74.309649,74.309649,0.0,0.0,100.0,101.0,102.0,101.0,101.0,18.003,2976.491,503.28299999999996,906.399,298.62,True,False,
2026-12-03 10:53:57.127,5.0,0.0,0.0,0.0,,0.0,0.0,1.0,0.0,0.0,0.0,1.0,1.0,0.0,0.0,2.725,1.0,0.0,0.0,7.324,-1.0,0.0,7.207,411.0,0.0,0.0,4.985,101.0,4.985,106.0,0.682,0.0,4.952,186.0,4.963,191.0,4.97,62.0,4.977,60.0,23.91807,23.40076,23.44551,23.35959,25.70986,23.859,23.40792,23.88048,23.83752,23.0,24.5,23.0,23.0,23.0,0.0,910.25,,2.0,0.0,0.0,77.180115,77.180115,77.180115,77.180115,77.180115,77.180115,77.180115,77.180115,77.180115,77.180115,77.180115,77.180115,77.180115,77.180115,77.180115,77.180115,74.309649,74.309649,74.309649,74.309649,0.0,0.0,100.0,101.0,102.0,101.0,101.0,18.705,2962.0769999999998,503.485,921.072,298.62,True,False,
2026-12-03 10:53:57.479,5.0,0.0,0.0,0.0,,0.0,0.0,1.0,0.0,0.0,0.0,1.0,1.0,0.0,0.0,2.725,0.0,0.0,0.0,7.324,-1.0,0.0,7.21,412.0,0.0,0.0,4.983,255.0,4.982,104.0,0.682,0.0,4.952,197.0,4.965,196.0,4.97,63.0,4.977,60.0,23.91807,23.40076,23.43656,23.34706,25.72776,23.87511,23.41866,23.90375,23.84289,23.0,24.5,23.0,23.0,23.0,0.0,910.25,,2.0,0.0,0.0,77.180115,77.180115,77.180115,77.180115,77.180115,77.180115,77.180115,77.180115,77.180115,77.180115,77.180115,77.180115,77.180115,77.180115,77.180115,77.180115,74.309649,74.309649,74.309649,74.309649,0.0,0.0,100.0,101.0,102.0,101.0,101.0,19.057,2970.52,1270.665,975.544,298.62,True,False,
2026-12-03 10:53:57.930,5.0,0.0,0.0,0.0,,0.0,0.0,1.0,0.0,0.0,0.0,1.0,1.0,0.0,0.0,2.725,0.0,0.0,0.0,7.324,-1.0,0.0,7.208,412.0,0.0,0.0,4.983,101.0,4.983,107.0,0.682,0.0,4.953,197.0,4.962,186.0,4.97,60.0,4.976,58.0,23.91807,23.40076,23.44909,23.35601,25.77251,23.88227,23.41866,23.90017,23.84289,23.0,24.5,23.0,23.0,23.0,0.0,910.25,,2.0,0.0,0.0,77.180115,77.180115,77.180115,77.180115,77.180115,77.180115,77.180115,77.180115,77.180115,77.180115,77.180115,77.180115,77.180115,77.180115,77.180115,77.180115,74.309649,74.309649,74.309649,74.309649,0.0,0.0,100.0,101.0,102.0,101.0,101.0,19.508,2969.696,503.28299999999996,975.7410000000001,288.608,True,False,
2026-12-03 10:53:58.630,5.0,0.0,0.0,0.0,,0.0,0.0,1.0,0.0,0.0,0.0,1.0,1.0,0.0,0.0,2.725,0.0,0.0,0.0,7.324,-1.0,0.0,7.207,412.0,0.0,0.0,4.983,101.0,4.982,105.0,0.682,0.0,4.953,197.0,4.963,196.0,4.97,61.0,4.976,58.0,23.91986,23.40971,23.45088,23.35601,25.81905,23.89301,23.43656,23.8948,23.83394,23.0,24.5,23.0,23.0,23.0,0.0,910.25,,2.0,0.0,0.0,77.180115,77.180115,77.180115,77.180115,77.180115,77.180115,77.180115,77.180115,77.180115,77.180115,77.180115,77.180115,77.180115,77.180115,77.180115,77.180115,74.309649,74.309649,74.309649,74.309649,0.0,0.0,100.0,101.0,102.0,101.0,101.0,20.208,2969.284,503.28299999999996,975.7410000000001,288.608,True,False,
2026-12-03 10:53:58.980,5.0,0.0,0.0,0.0,,0.0,0.0,1.0,0.0,0.0,0.0,1.0,1.0,0.0,0.0,2.725,0.0,0.0,0.0,7.324,-1.0,0.0,7.207,412.0,0.0,0.0,4.983,101.0,4.982,105.0,0.682,0.0,4.953,198.0,4.965,191.0,4.968,62.0,4.976,58.0,23.91986,23.40792,23.44372,23.35959,25.8459,23.90554,23.4473,23.91986,23.83036,23.0,24.5,23.0,23.0,23.0,0.0,910.25,,2.0,0.0,0.0,77.180115,77.180115,77.180115,77.180115,77.180115,77.180115,77.180115,77.180115,77.180115,77.180115,77.180115,77.180115,77.180115,77.180115,77.180115,77.180115,74.309649,74.309649,74.309649,74.309649,0.0,0.0,100.0,101.0,102.0,101.0,101.0,20.558,2969.284,503.28299999999996,980.6940000000001,288.608,True,False,
2026-12-03 10:53:59.431,5.0,0.0,0.0,0.0,,0.0,0.0,1.0,0.0,0.0,0.0,1.0,1.0,0.0,0.0,2.725,0.0,0.0,0.0,7.324,-1.0,0.0,7.208,411.0,0.0,0.0,4.983,100.0,4.983,105.0,0.681,0.0,4.952,198.0,4.963,187.0,4.968,60.0,4.976,58.0,23.92165,23.40792,23.45446,23.36138,25.86738,23.90733,23.45625,23.92523,23.83573,23.0,24.5,23.0,23.0,23.0,0.0,910.25,,2.0,0.0,0.0,77.180115,77.180115,77.180115,77.180115,77.180115,77.180115,77.180115,77.180115,77.180115,77.180115,77.180115,77.180115,77.180115,77.180115,77.180115,77.180115,74.309649,74.309649,74.309649,74.309649,0.0,0.0,100.0,101.0,102.0,101.0,101.0,21.009,2962.4880000000003,498.29999999999995,980.496,288.608,True,False,
2026-12-03 10:54:00.132,5.0,0.0,0.0,0.0,,0.0,0.0,1.0,0.0,0.0,0.0,1.0,1.0,0.0,0.0,2.725,0.0,0.0,0.0,7.324,-1.0,0.0,7.208,412.0,0.0,0.0,4.983,255.0,4.983,105.0,0.682,0.0,4.952,198.0,4.963,195.0,4.968,61.0,4.977,61.0,23.91628,23.4115,23.45804,23.35601,25.87454,23.93239,23.47594,23.92344,23.83752,23.0,24.5,23.0,23.0,23.0,0.0,910.25,,2.0,0.0,0.0,77.180115,77.180115,77.180115,77.180115,77.180115,77.180115,77.180115,77.180115,77.180115,77.180115,77.180115,77.180115,77.180115,77.180115,77.180115,77.180115,74.309649,74.309649,74.309649,74.309649,0.0,0.0,100.0,101.0,102.0,101.0,101.0,21.71,2969.696,1270.665,980.496,303.59700000000004,True,False,
2026-12-03 10:54:00.482,5.0,0.0,0.0,0.0,,0.0,0.0,1.0,0.0,0.0,0.0,1.0,1.0,0.0,0.0,2.725,0.0,0.0,0.0,7.324,-1.0,0.0,7.203,413.0,0.0,0.0,4.983,105.0,4.982,105.0,0.682,0.0,4.951,200.0,4.963,186.0,4.968,61.0,4.977,61.0,23.91986,23.42403,23.46699,23.36138,25.93719,23.94134,23.49026,23.93955,23.84289,23.0,24.5,23.0,23.0,23.0,0.0,910.25,,2.0,0.0,0.0,77.180115,77.180115,77.180115,77.180115,77.180115,77.180115,77.180115,77.180115,77.180115,77.180115,77.180115,77.180115,77.180115,77.180115,77.180115,77.180115,74.309649,74.309649,74.309649,74.309649,0.0,0.0,100.0,101.0,102.0,101.0,101.0,22.06,2974.839,523.2149999999999,990.1999999999999,303.59700000000004,True,False,
2026-12-03 10:54:00.934,5.0,0.0,0.0,0.0,,0.0,0.0,1.0,0.0,0.0,0.0,1.0,1.0,0.0,0.0,2.725,0.0,0.0,0.0,7.324,-1.0,0.0,7.205,416.0,0.0,0.0,4.983,105.0,4.982,105.0,0.683,0.0,4.952,201.0,4.966,192.0,4.97,61.0,4.977,61.0,23.91628,23.41866,23.45983,23.36138,25.93898,23.94671,23.49205,23.94134,23.84647,23.0,24.5,23.0,23.0,23.0,0.0,910.25,,2.0,0.0,0.0,77.180115,77.180115,77.180115,77.180115,77.180115,77.180115,77.180115,77.180115,77.180115,77.180115,77.180115,77.180115,77.180115,77.180115,77.180115,77.180115,74.309649,74.309649,74.309649,74.309649,0.0,0.0,100.0,101.0,102.0,101.0,101.0,22.512,2997.28,523.2149999999999,995.352,303.59700000000004,True,False,
2026-12-03 10:54:01.636,5.0,0.0,0.0,0.0,20.0,0.0,0.0,1.0,0.0,0.0,0.0,1.0,1.0,0.0,0.0,2.725,1.0,0.0,0.0,7.324,-1.0,0.0,7.207,416.0,0.0,0.0,4.982,105.0,4.982,104.0,0.681,0.0,4.951,201.0,4.963,190.0,4.968,60.0,4.977,61.0,23.92165,23.42761,23.45446,23.36138,25.99447,23.95924,23.49921,23.9485,23.83752,23.0,24.5,23.0,23.0,23.0,0.0,910.25,,2.0,0.0,0.0,77.180115,77.180115,77.180115,77.180115,77.180115,77.180115,77.180115,77.180115,77.180115,77.180115,77.180115,77.180115,77.180115,77.180115,77.180115,77.180115,74.309649,74.309649,74.309649,74.309649,0.0,0.0,100.0,101.0,102.0,101.0,101.0,23.214,2998.112,523.11,995.151,303.59700000000004,True,False,
2026-12-03 10:54:01.985,5.0,0.0,0.0,0.0,20.0,0.0,0.0,1.0,0.0,0.0,0.0,1.0,1.0,0.0,0.0,2.725,1.0,0.0,0.0,7.324,-1.0,0.0,7.208,416.0,0.0,0.0,4.983,105.0,4.982,104.0,0.682,0.0,4.951,202.0,4.962,188.0,4.968,58.0,4.977,39.0,23.92702,23.42403,23.4652,23.3578,25.99984,23.98251,23.51711,23.95208,23.83752,23.0,24.5,23.0,23.0,23.0,0.0,910.25,,2.0,0.0,0.0,77.180115,77.180115,77.180115,77.180115,77.180115,77.180115,77.180115,77.180115,77.180115,77.180115,77.180115,77.180115,77.180115,77.180115,77.180115,77.180115,74.309649,74.309649,74.309649,74.309649,0.0,0.0,100.0,101.0,102.0,101.0,101.0,23.563,2998.5280000000002,523.2149999999999,1000.102,194.103,True,False,
2026-12-03 10:54:02.436,5.0,0.0,0.0,0.0,21.0,0.0,0.0,1.0,0.0,0.0,0.0,1.0,1.0,0.0,0.0,2.725,0.0,0.0,0.0,7.324,-1.0,0.0,7.207,417.0,0.0,0.0,4.982,104.0,4.982,104.0,0.682,0.0,4.952,201.0,4.963,196.0,4.968,61.0,4.977,39.0,23.92344,23.42224,23.47594,23.35422,26.01774,24.00041,23.52606,23.95745,23.84289,23.0,24.5,23.0,23.0,23.0,0.0,910.25,,2.0,0.0,0.0,77.180115,77.180115,77.180115,77.180115,77.180115,77.180115,77.180115,77.180115,77.180115,77.180115,77.180115,77.180115,77.180115,77.180115,77.180115,77.180115,74.309649,74.309649,74.309649,74.309649,0.0,0.0,100.0,101.0,102.0,101.0,101.0,24.014,3005.319,518.128,995.352,194.103,True,False,
2026-12-03 10:54:03.137,5.0,0.0,0.0,0.0,21.0,0.0,0.0,1.0,0.0,0.0,0.0,1.0,1.0,0.0,0.0,2.725,0.0,0.0,0.0,7.324,-1.0,0.0,7.208,416.0,0.0,0.0,4.983,105.0,4.983,106.0,0.682,1.0,4.952,202.0,4.962,188.0,4.97,61.0,4.977,39.0,23.91986,23.42224,23.48131,23.35422,26.186,24.01473,23.54217,23.95924,23.82141,23.0,24.5,23.0,23.0,23.0,0.0,910.25,,2.0,0.0,0.0,77.180115,77.180115,77.180115,77.180115,77.180115,77.180115,77.180115,77.180115,77.180115,77.180115,77.180115,77.180115,77.180115,77.180115,77.180115,77.180115,74.309649,74.309649,74.309649,74.309649,0.0,0.0,100.0,101.0,102.0,101.0,101.0,24.715,2998.5280000000002,523.2149999999999,1000.304,194.103,True,False,
2026-12-03 10:54:03.486,5.0,0.0,0.0,0.0,22.0,0.0,0.0,1.0,0.0,0.0,0.0,1.0,1.0,0.0,0.0,2.725,0.0,0.0,0.0,7.324,-1.0,0.0,7.207,417.0,0.0,0.0,4.982,106.0,4.982,106.0,0.682,0.0,4.952,201.0,4.963,197.0,4.967,60.0,4.977,39.0,23.92344,23.43656,23.4831,23.36317,26.24686,24.02189,23.54217,23.97714,23.83394,23.0,24.5,23.0,23.0,23.0,0.0,910.25,,2.0,0.0,0.0,77.180115,77.180115,77.180115,77.180115,77.180115,77.180115,77.180115,77.180115,77.180115,77.180115,77.180115,77.180115,77.180115,77.180115,77.180115,77.180115,74.309649,74.309649,74.309649,74.309649,0.0,0.0,100.0,101.0,102.0,101.0,101.0,25.064,3005.319,528.092,995.352,194.103,True,False,
2026-12-03 10:54:03.938,5.0,0.0,0.0,0.0,22.0,0.0,0.0,1.0,0.0,0.0,0.0,1.0,1.0,0.0,0.0,2.725,0.0,0.0,0.0,7.324,-1.0,0.0,7.207,415.0,0.0,0.0,4.983,104.0,4.982,105.0,0.681,0.0,4.952,202.0,4.963,190.0,4.968,61.0,4.976,39.0,23.92344,23.43477,23.48489,23.35601,26.26476,24.04695,23.55112,23.98072,23.84647,23.0,24.5,23.0,23.0,23.0,0.0,910.25,,2.0,0.0,0.0,77.180115,77.180115,77.180115,77.180115,77.180115,77.180115,77.180115,77.180115,77.180115,77.180115,77.180115,77.180115,77.180115,77.180115,77.180115,77.180115,74.309649,74.309649,74.309649,74.309649,0.0,0.0,100.0,101.0,102.0,101.0,101.0,25.516,2990.9049999999997,518.232,1000.304,194.064,True,False,
2026-12-03 10:54:04.639,5.0,0.0,0.0,0.0,23.0,0.0,0.0,1.0,0.0,0.0,0.0,1.0,1.0,0.0,0.0,2.725,0.0,0.0,0.0,7.324,-1.0,0.0,7.207,413.0,0.0,0.0,4.982,105.0,4.983,105.0,0.682,0.0,4.952,200.0,4.962,188.0,4.97,62.0,4.976,39.0,23.92165,23.43477,23.48668,23.34348,26.28803,24.05769,23.55649,23.99683,23.83931,23.0,24.5,23.0,23.0,23.0,0.0,910.25,,2.0,0.0,0.0,77.180115,77.180115,77.180115,77.180115,77.180115,77.180115,77.180115,77.180115,77.180115,77.180115,77.180115,77.180115,77.180115,77.180115,77.180115,77.180115,74.309649,74.309649,74.309649,74.309649,0.0,0.0,100.0,101.0,102.0,101.0,101.0,26.217,2976.491,523.11,990.4,194.064,True,False,
2026-12-03 10:54:04.988,5.0,0.0,0.0,0.0,23.0,0.0,0.0,1.0,0.0,0.0,0.0,1.0,1.0,0.0,0.0,2.725,0.0,0.0,0.0,7.324,-1.0,0.0,7.207,412.0,0.0,0.0,4.982,102.0,4.982,106.0,0.683,0.0,4.951,203.0,4.963,198.0,4.97,60.0,4.976,39.0,23.92344,23.43835,23.4831,23.35959,26.27908,24.07201,23.56544,23.99325,23.83752,23.5,24.5,23.0,23.0,23.0,0.0,910.25,,2.0,0.0,0.0,77.180115,77.180115,77.180115,77.180115,77.180115,77.180115,77.180115,77.180115,77.180115,77.180115,77.180115,77.180115,77.180115,77.180115,77.180115,77.180115,74.309649,74.309649,74.309649,74.309649,0.0,0.0,100.0,101.0,102.0,101.0,101.0,26.566,2969.284,508.16400000000004,1005.0529999999999,194.064,True,False,
2026-12-03 10:54:05.439,5.0,0.0,0.0,0.0,24.0,0.0,0.0,1.0,0.0,0.0,0.0,1.0,1.0,0.0,0.0,2.725,0.0,0.0,0.0,7.324,-1.0,0.0,7.205,412.0,0.0,0.0,4.985,104.0,4.981,107.0,0.681,0.0,4.952,202.0,4.962,191.0,4.968,61.0,4.976,39.0,23.92344,23.44551,23.47952,23.36496,26.36858,24.08812,23.57081,23.99325,23.83752,23.0,24.5,23.5,23.0,23.0,0.0,910.25,,2.0,0.0,0.0,77.180115,77.180115,77.180115,77.180115,77.180115,77.180115,77.180115,77.180115,77.180115,77.180115,77.180115,77.180115,77.180115,77.180115,77.180115,77.180115,74.309649,74.309649,74.309649,74.309649,0.0,0.0,100.0,101.0,102.0,101.0,101.0,27.017,2968.46,518.44,1000.304,194.064,True,False,
2026-12-03 10:54:06.140,5.0,0.0,0.0,0.0,24.0,0.0,0.0,1.0,0.0,0.0,0.0,1.0,1.0,0.0,0.0,2.725,1.0,0.0,0.0,7.324,-1.0,0.0,7.207,413.0,0.0,0.0,4.983,102.0,4.983,102.0,0.681,0.0,4.952,185.0,4.962,196.0,4.968,62.0,4.977,60.0,23.92344,23.44551,23.48668,23.35601,26.36321,24.09349,23.57081,24.01115,23.84289,23.5,24.5,23.0,23.0,23.0,0.0,910.25,,2.0,0.0,0.0,77.180115,77.180115,77.180115,77.180115,77.180115,77.180115,77.180115,77.180115,77.180115,77.180115,77.180115,77.180115,77.180115,77.180115,77.180115,77.180115,74.309649,74.309649,74.309649,74.309649,0.0,0.0,100.0,101.0,102.0,101.0,101.0,27.718,2976.491,508.26599999999996,916.12,298.62,True,False,
2026-12-03 10:54:06.490,5.0,0.0,0.0,0.0,25.0,0.0,0.0,1.0,0.0,0.0,0.0,1.0,1.0,0.0,0.0,2.725,1.0,0.0,0.0,7.324,-1.0,0.0,7.206,418.0,0.0,0.0,4.983,102.0,4.982,101.0,0.683,0.0,4.951,201.0,4.965,192.0,4.968,61.0,4.977,60.0,23.91986,23.45267,23.48847,23.35064,26.3829,24.1275,23.57976,24.02547,23.84468,23.5,25.0,23.5,23.0,23.0,0.0,910.25,,2.0,0.0,0.0,77.180115,77.180115,77.180115,77.180115,77.180115,77.180115,77.180115,77.180115,77.180115,77.180115,77.180115,77.180115,77.180115,77.180115,77.180115,77.180115,74.309649,74.309649,74.309649,74.309649,0.0,0.0,100.0,101.0,102.0,101.0,101.0,28.068,3012.108,508.26599999999996,995.151,298.62,True,False,
2026-12-03 10:54:06.942,5.0,0.0,0.0,0.0,25.0,0.0,0.0,1.0,0.0,0.0,0.0,1.0,1.0,0.0,0.0,2.725,0.0,0.0,0.0,7.324,-1.0,0.0,7.207,417.0,0.0,0.0,4.982,101.0,4.983,102.0,0.682,0.0,4.952,185.0,4.963,191.0,4.968,62.0,4.977,60.0,23.92702,23.45804,23.48847,23.36854,26.4008,24.13824,23.60303,24.01115,23.84289,23.5,24.5,23.5,23.0,23.0,0.0,910.25,,2.0,0.0,0.0,77.180115,77.180115,77.180115,77.180115,77.180115,77.180115,77.180115,77.180115,77.180115,77.180115,77.180115,77.180115,77.180115,77.180115,77.180115,77.180115,74.309649,74.309649,74.309649,74.309649,0.0,0.0,100.0,101.0,102.0,101.0,101.0,28.52,3005.319,503.182,916.12,298.62,True,False,
2026-12-03 10:54:07.644,5.0,0.0,0.0,0.0,26.0,0.0,0.0,1.0,0.0,0.0,0.0,1.0,1.0,0.0,0.0,2.725,0.0,0.0,0.0,7.324,-1.0,0.0,7.203,415.0,0.0,0.0,4.983,101.0,4.983,107.0,0.683,0.0,4.95,201.0,4.963,197.0,4.968,58.0,4.977,60.0,23.92881,23.45983,23.49026,23.36675,26.42944,24.15614,23.61377,24.02726,23.85005,23.5,25.0,23.5,23.0,23.0,0.0,910.25,,2.0,0.0,0.0,77.180115,77.180115,77.180115,77.180115,77.180115,77.180115,77.180115,77.180115,77.180115,77.180115,77.180115,77.180115,77.180115,77.180115,77.180115,77.180115,74.309649,74.309649,74.309649,74.309649,0.0,0.0,100.0,101.0,102.0,101.0,101.0,29.222,2989.2450000000003,503.28299999999996,994.95,298.62,True,False,
2026-12-03 10:54:07.995,5.0,0.0,0.0,0.0,26.0,0.0,0.0,1.0,0.0,0.0,0.0,1.0,1.0,0.0,0.0,2.725,0.0,0.0,0.0,7.324,-1.0,0.0,7.203,415.0,0.0,0.0,4.983,101.0,4.982,102.0,0.682,0.0,4.952,186.0,4.961,187.0,4.97,58.0,4.976,60.0,23.92344,23.45983,23.48847,23.3578,26.44734,24.15972,23.62272,24.03084,23.83752,23.5,25.0,23.5,23.0,23.0,0.0,910.25,,2.0,0.0,0.0,77.180115,77.180115,77.180115,77.180115,77.180115,77.180115,77.180115,77.180115,77.180115,77.180115,77.180115,77.180115,77.180115,77.180115,77.180115,77.180115,74.309649,74.309649,74.309649,74.309649,0.0,0.0,100.0,101.0,102.0,101.0,101.0,29.573,2989.2450000000003,503.28299999999996,921.072,298.56,True,False,
2026-12-03 10:54:08.447,5.0,0.0,0.0,0.0,27.0,0.0,0.0,1.0,0.0,0.0,0.0,1.0,1.0,0.0,0.0,2.725,0.0,0.0,0.0,7.324,-1.0,0.0,7.206,415.0,0.0,0.0,4.982,101.0,4.983,104.0,0.682,0.0,4.952,201.0,4.965,192.0,4.97,60.0,4.976,60.0,23.92523,23.4652,23.49563,23.36496,26.4724,24.19015,23.61914,24.05232,23.83752,23.5,25.0,23.5,23.0,23.0,0.0,910.25,,2.0,0.0,0.0,77.180115,77.180115,77.180115,77.180115,77.180115,77.180115,77.180115,77.180115,77.180115,77.180115,77.180115,77.180115,77.180115,77.180115,77.180115,77.180115,74.309649,74.309649,74.309649,74.309649,0.0,0.0,100.0,101.0,102.0,101.0,101.0,30.025,2990.4900000000002,503.182,995.352,298.56,True,False,
2026-12-03 10:54:09.147,5.0,0.0,0.0,0.0,27.0,0.0,0.0,1.0,0.0,0.0,0.0,1.0,1.0,0.0,0.0,2.725,1.0,0.0,0.0,7.324,-1.0,0.0,7.205,416.0,0.0,0.0,4.983,102.0,4.982,105.0,0.682,0.0,4.951,188.0,4.963,191.0,4.97,61.0,4.976,60.0,23.91986,23.45625,23.50279,23.36854,26.50104,24.20089,23.6263,24.04516,23.83752,23.5,25.0,23.5,23.0,23.0,0.0,910.25,,2.0,0.0,0.0,77.180115,77.180115,77.180115,77.180115,77.180115,77.180115,77.180115,77.180115,77.180115,77.180115,77.180115,77.180115,77.180115,77.180115,77.180115,77.180115,74.309649,74.309649,74.309649,74.309649,0.0,0.0,100.0,101.0,102.0,101.0,101.0,30.725,2997.28,508.26599999999996,930.7879999999999,298.56,True,False,
2026-12-03 10:54:09.499,5.0,0.0,0.0,0.0,28.0,0.0,0.0,1.0,0.0,0.0,0.0,1.0,1.0,0.0,0.0,2.725,0.0,0.0,0.0,7.324,-1.0,0.0,7.206,412.0,0.0,0.0,4.982,101.0,4.983,106.0,0.681,0.0,4.953,202.0,4.962,187.0,4.968,60.0,4.976,60.0,23.92702,23.4652,23.50995,23.36496,26.51536,24.20984,23.62988,24.06127,23.84289,23.5,25.0,23.5,23.0,23.0,0.0,910.25,,2.0,0.0,0.0,77.180115,77.180115,77.180115,77.180115,77.180115,77.180115,77.180115,77.180115,77.180115,77.180115,77.180115,77.180115,77.180115,77.180115,77.180115,77.180115,74.309649,74.309649,74.309649,74.309649,0.0,0.0,100.0,101.0,102.0,101.0,101.0,31.077,2968.8720000000003,503.182,1000.5060000000001,298.56,True,False,
2026-12-03 10:54:09.948,5.0,0.0,0.0,0.0,28.0,0.0,0.0,1.0,0.0,0.0,0.0,1.0,1.0,0.0,0.0,2.725,0.0,0.0,0.0,7.324,-1.0,0.0,7.207,413.0,0.0,0.0,4.983,101.0,4.981,104.0,0.682,1.0,4.951,187.0,4.962,197.0,4.97,62.0,4.977,60.0,23.91986,23.46878,23.501,23.36496,26.54758,24.23848,23.63883,24.05232,23.84289,23.5,25.0,23.5,23.0,23.0,0.0,910.25,,2.0,0.0,0.0,77.180115,77.180115,77.180115,77.180115,77.180115,77.180115,77.180115,77.180115,77.180115,77.180115,77.180115,77.180115,77.180115,77.180115,77.180115,77.180115,74.309649,74.309649,74.309649,74.309649,0.0,0.0,100.0,101.0,102.0,101.0,101.0,31.526,2976.491,503.28299999999996,925.8369999999999,298.62,True,False,
2026-12-03 10:54:10.650,5.0,0.0,0.0,0.0,29.0,0.0,0.0,1.0,0.0,0.0,0.0,1.0,1.0,0.0,0.0,2.725,0.0,0.0,0.0,7.324,-1.0,0.0,7.206,410.0,0.0,0.0,4.982,101.0,4.983,106.0,0.681,0.0,4.952,198.0,4.962,187.0,4.97,62.0,4.977,60.0,23.94134,23.4652,23.50816,23.3578,26.58338,24.26891,23.64599,24.0738,23.84647,23.5,25.0,23.5,23.0,23.0,0.0,910.25,,2.0,0.0,0.0,77.180115,77.180115,77.180115,77.180115,77.180115,77.180115,77.180115,77.180115,77.180115,77.180115,77.180115,77.180115,77.180115,77.180115,77.180115,77.180115,74.309649,74.309649,74.309649,74.309649,0.0,0.0,100.0,101.0,102.0,101.0,101.0,32.228,2954.46,503.182,980.496,298.62,True,False,
2026-12-03 10:54:10.998,5.0,0.0,0.0,0.0,29.0,0.0,0.0,1.0,0.0,0.0,0.0,1.0,1.0,0.0,0.0,2.725,0.0,0.0,0.0,7.324,-1.0,0.0,7.207,413.0,0.0,0.0,4.983,102.0,4.983,104.0,0.682,0.0,4.953,198.0,4.963,197.0,4.968,60.0,4.977,60.0,23.92523,23.48131,23.51711,23.36675,26.61202,24.27965,23.65494,24.06664,23.8411,23.5,25.0,23.5,23.0,23.0,0.0,910.25,,2.0,0.0,0.0,77.180115,77.180115,77.180115,77.180115,77.180115,77.180115,77.180115,77.180115,77.180115,77.180115,77.180115,77.180115,77.180115,77.180115,77.180115,77.180115,74.309649,74.309649,74.309649,74.309649,0.0,0.0,100.0,101.0,102.0,101.0,101.0,32.576,2976.491,508.26599999999996,980.6940000000001,298.62,True,False,
2026-12-03 10:54:11.449,5.0,0.0,0.0,0.0,,0.0,0.0,1.0,0.0,0.0,0.0,1.0,1.0,0.0,0.0,2.725,0.0,0.0,0.0,7.324,-1.0,0.0,7.206,416.0,0.0,0.0,4.983,101.0,4.982,104.0,0.681,0.0,4.952,198.0,4.963,192.0,4.97,60.0,4.977,60.0,23.93239,23.47952,23.50816,23.3757,26.66214,24.29397,23.66568,24.07917,23.84826,23.5,25.0,23.5,23.0,23.0,0.0,910.25,,2.0,0.0,0.0,77.180115,77.180115,77.180115,77.180115,77.180115,77.180115,77.180115,77.180115,77.180115,77.180115,77.180115,77.180115,77.180115,77.180115,77.180115,77.180115,74.309649,74.309649,74.309649,74.309649,0.0,0.0,100.0,101.0,102.0,101.0,101.0,33.027,2997.6960000000004,503.28299999999996,980.496,298.62,True,False,
2026-12-03 10:54:12.150,5.0,0.0,0.0,0.0,,0.0,0.0,1.0,0.0,0.0,0.0,1.0,1.0,0.0,0.0,2.725,0.0,0.0,0.0,7.324,-1.0,0.0,7.207,415.0,0.0,0.0,4.983,104.0,4.982,104.0,0.682,0.0,4.952,197.0,4.962,190.0,4.97,61.0,4.976,58.0,23.94313,23.48489,23.52427,23.37033,26.66035,24.31724,23.66389,24.08454,23.84468,23.5,25.0,23.5,23.0,23.5,0.0,910.25,,2.0,0.0,0.0,77.180115,77.180115,77.180115,77.180115,77.180115,77.180115,77.180115,77.180115,77.180115,77.180115,77.180115,77.180115,77.180115,77.180115,77.180115,77.180115,74.309649,74.309649,74.309649,74.309649,0.0,0.0,100.0,101.0,102.0,101.0,101.0,33.728,2990.9049999999997,518.232,975.544,288.608,True,False,
2026-12-03 10:54:12.500,5.0,0.0,0.0,0.0,,0.0,0.0,1.0,0.0,0.0,0.0,1.0,1.0,0.0,0.0,2.725,0.0,0.0,0.0,7.324,-1.0,0.0,7.207,415.0,0.0,0.0,4.982,101.0,4.982,104.0,0.682,0.0,4.952,198.0,4.965,195.0,4.968,60.0,4.976,58.0,23.92165,23.47236,23.52069,23.35422,26.68362,24.33514,23.67821,24.08275,23.84826,23.5,25.0,23.5,23.0,23.5,0.0,910.25,,2.0,0.0,0.0,77.180115,77.180115,77.180115,77.180115,77.180115,77.180115,77.180115,77.180115,77.180115,77.180115,77.180115,77.180115,77.180115,77.180115,77.180115,77.180115,74.309649,74.309649,74.309649,74.309649,0.0,0.0,100.0,101.0,102.0,101.0,101.0,34.078,2990.9049999999997,503.182,980.496,288.608,True,False,
2026-12-03 10:54:12.950,5.0,0.0,0.0,0.0,,0.0,0.0,1.0,0.0,0.0,0.0,1.0,1.0,0.0,0.0,2.725,0.0,0.0,0.0,7.324,-1.0,0.0,7.207,415.0,0.0,0.0,4.983,100.0,4.982,105.0,0.682,0.0,4.952,197.0,4.963,191.0,4.97,62.0,4.976,58.0,23.9306,23.47952,23.52427,23.36854,26.71226,24.34588,23.67642,24.08633,23.86079,23.5,25.0,23.5,23.0,23.5,0.0,910.25,,2.0,0.0,0.0,77.180115,77.180115,77.180115,77.180115,77.180115,77.180115,77.180115,77.180115,77.180115,77.180115,77.180115,77.180115,77.180115,77.180115,77.180115,77.180115,74.309649,74.309649,74.309649,74.309649,0.0,0.0,100.0,101.0,102.0,101.0,101.0,34.528,2990.9049999999997,498.29999999999995,975.544,288.608,True,False,
2026-12-03 10:54:13.401,5.0,0.0,0.0,0.0,,0.0,0.0,1.0,0.0,0.0,0.0,1.0,1.0,0.0,0.0,2.725,0.0,0.0,0.0,7.324,-1.0,0.0,7.207,416.0,0.0,0.0,4.983,101.0,4.983,109.0,0.683,0.0,4.953,195.0,4.962,196.0,4.97,58.0,4.976,58.0,23.93239,23.47236,23.52248,23.36496,26.71047,24.3602,23.68895,24.10423,23.85721,23.5,25.0,23.5,23.0,23.5,0.0,910.25,,2.0,0.0,0.0,77.180115,77.180115,77.180115,77.180115,77.180115,77.180115,77.180115,77.180115,77.180115,77.180115,77.180115,77.180115,77.180115,77.180115,77.180115,77.180115,74.309649,74.309649,74.309649,74.309649,0.0,0.0,100.0,101.0,102.0,101.0,101.0,34.979,2998.112,503.28299999999996,965.835,288.608,True,False,
2026-12-03 10:54:13.952,5.0,0.0,0.0,0.0,,0.0,0.0,1.0,0.0,0.0,0.0,1.0,1.0,0.0,0.0,2.725,0.0,0.0,0.0,7.324,-1.0,0.0,7.206,417.0,0.0,0.0,4.982,101.0,4.983,104.0,0.683,0.0,4.953,190.0,4.962,193.0,4.967,62.0,4.976,39.0,23.92881,23.48489,23.52606,23.36854,26.71584,24.37273,23.69253,24.10244,23.85005,23.5,25.0,23.5,23.0,23.5,0.0,910.25,,2.0,0.0,0.0,77.180115,77.180115,77.180115,77.180115,77.180115,77.180115,77.180115,77.180115,77.180115,77.180115,77.180115,77.180115,77.180115,77.180115,77.180115,77.180115,74.309649,74.309649,74.309649,74.309649,0.0,0.0,100.0,101.0,102.0,101.0,101.0,35.53,3004.902,503.182,941.07,194.064,True,False,
2026-12-03 10:54:14.403,5.0,0.0,0.0,0.0,,0.0,0.0,1.0,0.0,0.0,0.0,1.0,1.0,0.0,0.0,2.725,0.0,0.0,0.0,7.324,-1.0,0.0,7.206,412.0,0.0,0.0,4.983,101.0,4.982,105.0,0.681,0.0,4.953,193.0,4.963,188.0,4.968,61.0,4.976,39.0,23.9306,23.49026,23.52964,23.36496,26.77133,24.40495,23.69253,24.1096,23.85005,23.5,25.0,23.5,23.0,23.5,0.0,910.25,,2.0,0.0,0.0,77.180115,77.180115,77.180115,77.180115,77.180115,77.180115,77.180115,77.180115,77.180115,77.180115,77.180115,77.180115,77.180115,77.180115,77.180115,77.180115,74.309649,74.309649,74.309649,74.309649,0.0,0.0,100.0,101.0,102.0,101.0,101.0,35.981,2968.8720000000003,503.28299999999996,955.9290000000001,194.064,True,False,
2026-12-03 10:54:14.952,5.0,0.0,0.0,0.0,,0.0,0.0,1.0,0.0,0.0,0.0,1.0,1.0,0.0,0.0,2.725,0.0,0.0,0.0,7.324,-1.0,0.0,7.205,415.0,0.0,0.0,4.983,102.0,4.982,106.0,0.681,1.0,4.952,193.0,4.965,196.0,4.968,62.0,4.976,39.0,23.93776,23.49205,23.55291,23.36496,26.7767,24.42643,23.70864,24.12571,23.83931,23.5,25.0,23.5,23.0,23.5,0.0,910.25,,2.0,0.0,0.0,77.180115,77.180115,77.180115,77.180115,77.180115,77.180115,77.180115,77.180115,77.180115,77.180115,77.180115,77.180115,77.180115,77.180115,77.180115,77.180115,74.309649,74.309649,74.309649,74.309649,0.0,0.0,100.0,101.0,102.0,101.0,101.0,36.53,2990.075,508.26599999999996,955.736,194.064,True,False,
2026-12-03 10:54:15.653,5.0,0.0,0.0,0.0,,0.0,0.0,1.0,0.0,0.0,0.0,1.0,1.0,0.0,0.0,2.725,0.0,0.0,0.0,7.324,-1.0,0.0,7.202,412.0,0.0,0.0,4.982,102.0,4.982,104.0,0.682,0.0,4.952,195.0,4.962,190.0,4.968,60.0,4.976,39.0,23.93776,23.49205,23.53859,23.36496,26.78923,24.43896,23.71043,24.11318,23.859,23.5,25.0,23.5,23.0,23.5,0.0,910.25,,2.0,0.0,0.0,77.180115,77.180115,77.180115,77.180115,77.180115,77.180115,77.180115,77.180115,77.180115,77.180115,77.180115,77.180115,77.180115,77.180115,77.180115,77.180115,74.309649,74.309649,74.309649,74.309649,0.0,0.0,100.0,101.0,102.0,101.0,101.0,37.231,2967.224,508.16400000000004,965.64,194.064,True,False,
2026-12-03 10:54:16.005,5.0,0.0,0.0,0.0,,0.0,0.0,1.0,0.0,0.0,0.0,1.0,1.0,0.0,0.0,2.725,1.0,0.0,0.0,7.324,-1.0,0.0,7.205,411.0,0.0,0.0,4.982,102.0,4.983,105.0,0.681,0.0,4.953,197.0,4.963,192.0,4.968,58.0,4.976,58.0,23.92523,23.49563,23.52964,23.36317,26.83756,24.46223,23.71938,24.13466,23.84826,23.5,25.0,23.5,23.0,23.5,0.0,910.25,,2.0,0.0,0.0,77.180115,77.180115,77.180115,77.180115,77.180115,77.180115,77.180115,77.180115,77.180115,77.180115,77.180115,77.180115,77.180115,77.180115,77.180115,77.180115,74.309649,74.309649,74.309649,74.309649,0.0,0.0,100.0,101.0,102.0,101.0,101.0,37.583,2961.255,508.16400000000004,975.7410000000001,288.608,True,False,
2026-12-03 10:54:16.455,5.0,0.0,0.0,0.0,,0.0,0.0,1.0,0.0,0.0,0.0,1.0,1.0,0.0,0.0,2.725,0.0,0.0,0.0,7.324,-1.0,0.0,7.203,413.0,0.0,0.0,4.982,107.0,4.982,105.0,0.682,0.0,4.952,201.0,4.962,193.0,4.97,61.0,4.976,58.0,23.92881,23.49026,23.5368,23.36317,26.84293,24.48371,23.72654,24.14182,23.84826,23.5,25.0,23.5,23.0,23.5,0.0,910.25,,2.0,0.0,0.0,77.180115,77.180115,77.180115,77.180115,77.180115,77.180115,77.180115,77.180115,77.180115,77.180115,77.180115,77.180115,77.180115,77.180115,77.180115,77.180115,74.309649,74.309649,74.309649,74.309649,0.0,0.0,100.0,101.0,102.0,101.0,101.0,38.033,2974.839,533.0740000000001,995.352,288.608,True,False,
2026-12-03 10:54:16.908,5.0,0.0,0.0,0.0,,0.0,0.0,1.0,0.0,0.0,0.0,1.0,1.0,0.0,0.0,2.725,0.0,0.0,0.0,7.324,-1.0,0.0,7.206,417.0,0.0,0.0,4.983,105.0,4.983,106.0,0.683,0.0,4.95,198.0,4.962,190.0,4.968,62.0,4.976,58.0,23.92881,23.50279,23.56365,23.36138,26.85367,24.49266,23.73191,24.17046,23.83573,23.5,25.0,23.5,23.0,23.5,0.0,910.25,,2.0,0.0,0.0,77.180115,77.180115,77.180115,77.180115,77.180115,77.180115,77.180115,77.180115,77.180115,77.180115,77.180115,77.180115,77.180115,77.180115,77.180115,77.180115,74.309649,74.309649,74.309649,74.309649,0.0,0.0,100.0,101.0,102.0,101.0,101.0,38.486,3004.902,523.2149999999999,980.1,288.608,True,False,
2026-12-03 10:54:17.458,5.0,0.0,0.0,0.0,30.0,0.0,0.0,1.0,0.0,0.0,0.0,1.0,1.0,0.0,0.0,2.725,0.0,0.0,0.0,7.324,-1.0,0.0,7.206,420.0,0.0,0.0,4.982,107.0,4.983,109.0,0.683,0.0,4.952,203.0,4.965,195.0,4.968,62.0,4.976,58.0,23.93597,23.50995,23.54754,23.36854,26.902,24.5213,23.72833,24.1454,23.83752,23.5,25.0,23.5,23.0,23.5,0.0,910.25,,2.0,0.0,0.0,77.180115,77.180115,77.180115,77.180115,77.180115,77.180115,77.180115,77.180115,77.180115,77.180115,77.180115,77.180115,77.180115,77.180115,77.180115,77.180115,74.309649,74.309649,74.309649,74.309649,0.0,0.0,100.0,101.0,102.0,101.0,101.0,39.036,3026.52,533.0740000000001,1005.256,288.608,True,False,
2026-12-03 10:54:17.909,5.0,0.0,0.0,0.0,30.0,0.0,0.0,1.0,0.0,0.0,0.0,1.0,1.0,0.0,0.0,2.725,0.0,0.0,0.0,7.324,-1.0,0.0,7.206,415.0,0.0,0.0,4.982,105.0,4.982,105.0,0.681,0.0,4.952,197.0,4.962,190.0,4.968,61.0,4.975,60.0,23.93418,23.50816,23.54396,23.36675,26.902,24.53741,23.73728,24.15077,23.85363,23.5,25.0,23.5,23.0,23.5,0.0,910.25,,2.0,0.0,0.0,77.180115,77.180115,77.180115,77.180115,77.180115,77.180115,77.180115,77.180115,77.180115,77.180115,77.180115,77.180115,77.180115,77.180115,77.180115,77.180115,74.309649,74.309649,74.309649,74.309649,0.0,0.0,100.0,101.0,102.0,101.0,101.0,39.487,2990.4900000000002,523.11,975.544,298.5,True,False,
2026-12-03 10:54:18.462,5.0,0.0,0.0,0.0,31.0,0.0,0.0,1.0,0.0,0.0,0.0,1.0,1.0,0.0,0.0,2.725,0.0,0.0,0.0,7.324,-1.0,0.0,7.205,417.0,0.0,0.0,4.982,104.0,4.982,104.0,0.682,0.0,4.952,202.0,4.962,196.0,4.968,58.0,4.975,60.0,23.93955,23.51532,23.54754,23.36854,26.93959,24.5392,23.74265,24.15256,23.85184,23.5,25.0,23.5,23.0,23.5,0.0,910.25,,2.0,0.0,0.0,77.180115,77.180115,77.180115,77.180115,77.180115,77.180115,77.180115,77.180115,77.180115,77.180115,77.180115,77.180115,77.180115,77.180115,77.180115,77.180115,74.309649,74.309649,74.309649,74.309649,0.0,0.0,100.0,101.0,102.0,101.0,101.0,40.04,3004.485,518.128,1000.304,298.5,True,False,
2026-12-03 10:54:18.913,5.0,0.0,0.0,0.0,31.0,0.0,0.0,1.0,0.0,0.0,0.0,1.0,1.0,0.0,0.0,2.725,1.0,0.0,0.0,7.324,-1.0,0.0,7.202,193.0,0.0,0.0,4.983,105.0,4.982,100.0,0.681,0.0,4.952,197.0,4.962,195.0,4.968,60.0,4.975,60.0,23.92881,23.50995,23.55828,23.36675,26.93064,24.57321,23.74802,24.17225,23.84468,23.5,25.0,23.5,23.0,23.5,0.0,910.25,,2.0,0.0,0.0,77.180115,77.180115,77.180115,77.180115,77.180115,77.180115,77.180115,77.180115,77.180115,77.180115,77.180115,77.180115,77.180115,77.180115,77.180115,77.180115,74.309649,74.309649,74.309649,74.309649,0.0,0.0,100.0,101.0,102.0,101.0,101.0,40.491,1389.986,523.2149999999999,975.544,298.5,True,False,
2026-12-03 10:54:19.464,5.0,0.0,0.0,0.0,32.0,0.0,0.0,1.0,0.0,0.0,0.0,1.0,1.0,0.0,0.0,2.725,0.0,0.0,0.0,7.324,-1.0,0.0,7.21,192.0,0.0,0.0,4.982,106.0,4.982,252.0,0.681,0.0,4.952,202.0,4.962,188.0,4.968,61.0,4.975,60.0,23.94134,23.52427,23.56186,23.36496,26.98076,24.58395,23.75697,24.15972,23.86795,23.5,25.0,24.0,23.0,23.5,0.0,910.25,,2.0,0.0,0.0,77.180115,77.180115,77.180115,77.180115,77.180115,77.180115,77.180115,77.180115,77.180115,77.180115,77.180115,77.180115,77.180115,77.180115,77.180115,77.180115,74.309649,74.309649,74.309649,74.309649,0.0,0.0,100.0,101.0,102.0,101.0,101.0,41.042,1384.32,528.092,1000.304,298.5,True,False,
2026-12-03 10:54:19.916,5.0,0.0,0.0,0.0,32.0,0.0,0.0,1.0,0.0,0.0,0.0,1.0,1.0,0.0,0.0,2.725,0.0,0.0,0.0,7.324,-1.0,0.0,7.207,198.0,0.0,0.0,4.982,104.0,4.983,250.0,0.681,0.0,4.952,196.0,4.962,198.0,4.967,60.0,4.976,58.0,23.93418,23.51711,23.55112,23.36496,26.98971,24.60543,23.74981,24.16688,23.85005,23.5,25.0,24.0,23.0,23.5,0.0,910.25,,2.0,0.0,0.0,77.180115,77.180115,77.180115,77.180115,77.180115,77.180115,77.180115,77.180115,77.180115,77.180115,77.180115,77.180115,77.180115,77.180115,77.180115,77.180115,74.309649,74.309649,74.309649,74.309649,0.0,0.0,100.0,101.0,102.0,101.0,101.0,41.494,1426.9859999999999,518.128,970.592,288.608,True,False,
2026-12-03 10:54:20.465,5.0,0.0,0.0,0.0,33.0,0.0,0.0,1.0,0.0,0.0,0.0,1.0,1.0,0.0,0.0,2.725,1.0,0.0,0.0,7.324,-1.0,0.0,7.201,198.0,0.0,0.0,4.982,255.0,4.982,251.0,0.683,0.0,4.951,203.0,4.962,191.0,4.968,61.0,4.976,58.0,23.93418,23.52427,23.55828,23.36854,27.01656,24.62691,23.7695,24.17404,23.85721,23.5,25.0,23.5,23.0,23.5,0.0,910.25,,2.0,0.0,0.0,77.180115,77.180115,77.180115,77.180115,77.180115,77.180115,77.180115,77.180115,77.180115,77.180115,77.180115,77.180115,77.180115,77.180115,77.180115,77.180115,74.309649,74.309649,74.309649,74.309649,0.0,0.0,100.0,101.0,102.0,101.0,101.0,42.043,1425.798,1270.41,1005.0529999999999,288.608,True,False,
2026-12-03 10:54:20.915,5.0,0.0,0.0,0.0,33.0,0.0,0.0,1.0,0.0,0.0,0.0,1.0,1.0,0.0,0.0,2.725,0.0,0.0,0.0,7.324,-1.0,0.0,7.206,197.0,0.0,0.0,4.982,106.0,4.985,248.0,0.681,0.0,4.951,198.0,4.963,195.0,4.968,61.0,4.976,58.0,23.92702,23.52248,23.56186,23.36496,27.05057,24.64123,23.76592,24.1812,23.85542,23.5,25.5,24.0,23.0,23.5,0.0,910.25,,2.0,0.0,0.0,77.180115,77.180115,77.180115,77.180115,77.180115,77.180115,77.180115,77.180115,77.180115,77.180115,77.180115,77.180115,77.180115,77.180115,77.180115,77.180115,74.309649,74.309649,74.309649,74.309649,0.0,0.0,100.0,101.0,102.0,101.0,101.0,42.493,1419.582,528.092,980.2979999999999,288.608,True,False,
2026-12-03 10:54:21.617,5.0,0.0,0.0,0.0,34.0,0.0,0.0,1.0,0.0,0.0,0.0,1.0,1.0,0.0,0.0,2.725,0.0,0.0,0.0,7.324,-1.0,0.0,7.203,410.0,0.0,0.0,4.982,107.0,4.985,250.0,0.682,0.0,4.952,201.0,4.962,191.0,4.968,60.0,4.976,58.0,23.92344,23.51711,23.56723,23.36496,27.05236,24.65555,23.77487,24.1812,23.84826,23.5,25.0,24.0,23.0,23.5,0.0,910.25,,2.0,0.0,0.0,77.180115,77.180115,77.180115,77.180115,77.180115,77.180115,77.180115,77.180115,77.180115,77.180115,77.180115,77.180115,77.180115,77.180115,77.180115,77.180115,74.309649,74.309649,74.309649,74.309649,0.0,0.0,100.0,101.0,102.0,101.0,101.0,43.195,2953.23,533.0740000000001,995.352,288.608,True,False,
2026-12-03 10:54:21.968,5.0,0.0,0.0,0.0,34.0,0.0,0.0,1.0,0.0,0.0,0.0,1.0,1.0,0.0,0.0,2.725,0.0,0.0,0.0,7.324,-1.0,0.0,7.205,410.0,0.0,0.0,4.982,105.0,4.985,250.0,0.681,1.0,4.952,201.0,4.962,190.0,4.968,60.0,4.976,39.0,23.9306,23.52606,23.57081,23.36317,27.08637,24.67524,23.77666,24.20447,23.85005,23.5,25.5,24.0,23.0,23.5,0.0,910.25,,2.0,0.0,0.0,77.180115,77.180115,77.180115,77.180115,77.180115,77.180115,77.180115,77.180115,77.180115,77.180115,77.180115,77.180115,77.180115,77.180115,77.180115,77.180115,74.309649,74.309649,74.309649,74.309649,0.0,0.0,100.0,101.0,102.0,101.0,101.0,43.546,2954.05,523.11,995.352,194.064,True,False,
2026-12-03 10:54:22.419,5.0,0.0,0.0,0.0,35.0,0.0,0.0,1.0,0.0,0.0,0.0,1.0,1.0,0.0,0.0,2.725,1.0,0.0,0.0,7.324,-1.0,0.0,7.207,410.0,0.0,0.0,4.983,106.0,4.983,251.0,0.681,0.0,4.952,203.0,4.963,196.0,4.968,61.0,4.976,39.0,23.93239,23.52606,23.56723,23.38107,27.09174,24.69672,23.78382,24.20805,23.84468,23.5,25.5,24.0,23.0,23.5,0.0,910.25,,2.0,0.0,0.0,77.180115,77.180115,77.180115,77.180115,77.180115,77.180115,77.180115,77.180115,77.180115,77.180115,77.180115,77.180115,77.180115,77.180115,77.180115,77.180115,74.309649,74.309649,74.309649,74.309649,0.0,0.0,100.0,101.0,102.0,101.0,101.0,43.997,2954.87,528.198,1005.256,194.064,True,False,
2026-12-03 10:54:23.122,5.0,0.0,0.0,0.0,35.0,0.0,0.0,1.0,0.0,0.0,0.0,1.0,1.0,0.0,0.0,2.725,0.0,0.0,0.0,7.324,-1.0,0.0,7.205,411.0,0.0,0.0,4.983,106.0,4.982,252.0,0.683,0.0,4.952,201.0,4.961,191.0,4.967,60.0,4.976,39.0,23.93239,23.52964,23.58155,23.37033,27.10964,24.69493,23.78024,24.22058,23.85184,23.5,25.5,24.0,23.0,23.5,0.0,910.25,,2.0,0.0,0.0,77.180115,77.180115,77.180115,77.180115,77.180115,77.180115,77.180115,77.180115,77.180115,77.180115,77.180115,77.180115,77.180115,77.180115,77.180115,77.180115,74.309649,74.309649,74.309649,74.309649,0.0,0.0,100.0,101.0,102.0,101.0,101.0,44.7,2961.255,528.198,995.352,194.064,True,False,
2026-12-03 10:54:23.473,5.0,0.0,0.0,0.0,36.0,0.0,0.0,1.0,0.0,0.0,0.0,1.0,1.0,0.0,0.0,2.725,0.0,0.0,0.0,7.324,-1.0,0.0,7.206,413.0,0.0,0.0,4.982,105.0,4.983,252.0,0.682,0.0,4.953,202.0,4.963,191.0,4.968,61.0,4.976,39.0,23.93418,23.53501,23.57439,23.36496,27.14365,24.71641,23.78561,24.20984,23.85184,23.5,25.5,24.0,23.0,23.5,0.0,910.25,,2.0,0.0,0.0,77.180115,77.180115,77.180115,77.180115,77.180115,77.180115,77.180115,77.180115,77.180115,77.180115,77.180115,77.180115,77.180115,77.180115,77.180115,77.180115,74.309649,74.309649,74.309649,74.309649,0.0,0.0,100.0,101.0,102.0,101.0,101.0,45.051,2976.078,523.11,1000.5060000000001,194.064,True,False,
2026-12-03 10:54:23.924,5.0,0.0,0.0,0.0,36.0,0.0,0.0,1.0,0.0,0.0,0.0,1.0,1.0,0.0,0.0,2.725,0.0,0.0,0.0,7.324,-1.0,0.0,7.206,412.0,0.0,0.0,4.982,105.0,4.985,101.0,0.682,0.0,4.951,200.0,4.962,193.0,4.968,60.0,4.975,61.0,23.92523,23.53859,23.57618,23.3578,27.15976,24.74147,23.79277,24.217,23.859,23.5,25.5,24.0,23.0,23.5,0.0,910.25,,2.0,0.0,0.0,77.180115,77.180115,77.180115,77.180115,77.180115,77.180115,77.180115,77.180115,77.180115,77.180115,77.180115,77.180115,77.180115,77.180115,77.180115,77.180115,74.309649,74.309649,74.309649,74.309649,0.0,0.0,100.0,101.0,102.0,101.0,101.0,45.502,2968.8720000000003,523.11,990.1999999999999,303.47499999999997,True,False,
2026-12-03 10:54:24.623,5.0,0.0,0.0,0.0,37.0,0.0,0.0,1.0,0.0,0.0,0.0,1.0,1.0,0.0,0.0,2.725,0.0,0.0,0.0,7.324,-1.0,0.0,7.205,412.0,0.0,0.0,4.983,106.0,4.983,102.0,0.683,0.0,4.952,201.0,4.962,192.0,4.967,63.0,4.975,61.0,23.92702,23.53322,23.57618,23.36675,27.17229,24.75937,23.81067,24.22416,23.85721,23.5,25.5,24.0,23.0,23.5,0.0,910.25,,2.0,0.0,0.0,77.180115,77.180115,77.180115,77.180115,77.180115,77.180115,77.180115,77.180115,77.180115,77.180115,77.180115,77.180115,77.180115,77.180115,77.180115,77.180115,74.309649,74.309649,74.309649,74.309649,0.0,0.0,100.0,101.0,102.0,101.0,101.0,46.201,2968.46,528.198,995.352,303.47499999999997,True,False,
2026-12-03 10:54:24.973,5.0,0.0,0.0,0.0,37.0,0.0,0.0,1.0,0.0,0.0,0.0,1.0,1.0,0.0,0.0,2.437,0.0,0.0,0.0,7.321,-395.0,0.0,7.207,191.0,0.0,0.0,4.983,107.0,4.983,252.0,0.682,0.0,4.951,198.0,4.962,195.0,4.968,61.0,4.975,61.0,23.93418,23.54038,23.58513,23.36496,27.19556,24.77548,23.80172,24.22058,23.85542,23.5,25.5,24.0,23.0,23.5,0.0,910.25,,2.0,0.0,0.0,77.180115,77.180115,77.180115,77.180115,77.180115,77.180115,77.180115,77.180115,77.180115,77.180115,77.180115,77.180115,77.180115,77.180115,77.180115,77.180115,74.309649,74.309649,74.309649,74.309649,0.0,0.0,100.0,101.0,102.0,101.0,101.0,46.551,1376.537,533.1809999999999,980.2979999999999,303.47499999999997,True,False,
2026-12-03 10:54:25.425,5.0,0.0,0.0,0.0,38.0,0.0,0.0,1.0,0.0,0.0,0.0,1.0,1.0,0.0,0.0,2.292,0.0,0.0,0.0,7.32,-403.0,0.0,7.207,410.0,0.0,0.0,4.982,106.0,4.983,253.0,0.682,0.0,4.952,201.0,4.961,191.0,4.967,61.0,4.975,61.0,23.9306,23.53859,23.57618,23.37212,27.20093,24.7898,23.80888,24.23132,23.85184,23.5,25.5,24.0,23.0,23.5,0.0,910.25,,2.0,0.0,0.0,77.180115,77.180115,77.180115,77.180115,77.180115,77.180115,77.180115,77.180115,77.180115,77.180115,77.180115,77.180115,77.180115,77.180115,77.180115,77.180115,74.309649,74.309649,74.309649,74.309649,0.0,0.0,100.0,101.0,102.0,101.0,101.0,47.003,2954.87,528.092,995.352,303.47499999999997,True,False,
2026-12-03 10:54:26.127,5.0,0.0,0.0,0.0,38.0,0.0,0.0,1.0,0.0,0.0,0.0,1.0,1.0,0.0,0.0,2.333,0.0,0.0,0.0,7.319,-409.0,0.0,7.206,198.0,0.0,0.0,4.982,266.0,4.983,251.0,0.681,0.0,4.951,197.0,4.963,192.0,4.97,61.0,4.976,60.0,23.93418,23.54038,23.58513,23.3578,27.2421,24.80949,23.80888,24.24922,23.84289,23.5,25.5,24.0,23.0,23.5,0.0,910.25,,2.0,0.0,0.0,77.180115,77.180115,77.180115,77.180115,77.180115,77.180115,77.180115,77.180115,77.180115,77.180115,77.180115,77.180115,77.180115,77.180115,77.180115,77.180115,74.309649,74.309649,74.309649,74.309649,0.0,0.0,100.0,101.0,102.0,101.0,101.0,47.705,1426.788,1325.212,975.347,298.56,True,False,
2026-12-03 10:54:26.477,5.0,0.0,0.0,0.0,39.0,0.0,0.0,1.0,0.0,0.0,0.0,1.0,1.0,0.0,0.0,2.35,0.0,0.0,0.0,7.32,-394.0,0.0,7.203,415.0,0.0,0.0,4.982,107.0,4.983,255.0,0.681,0.0,4.952,190.0,4.962,196.0,4.968,61.0,4.976,60.0,23.93955,23.54575,23.58871,23.36496,27.25463,24.83455,23.82857,24.23848,23.859,23.5,25.5,24.0,23.0,23.5,0.0,910.25,,2.0,0.0,0.0,77.180115,77.180115,77.180115,77.180115,77.180115,77.180115,77.180115,77.180115,77.180115,77.180115,77.180115,77.180115,77.180115,77.180115,77.180115,77.180115,74.309649,74.309649,74.309649,74.309649,0.0,0.0,100.0,101.0,102.0,101.0,101.0,48.055,2989.2450000000003,533.0740000000001,940.88,298.56,True,False,
2026-12-03 10:54:26.928,5.0,0.0,0.0,0.0,39.0,0.0,0.0,1.0,0.0,0.0,0.0,1.0,1.0,0.0,0.0,2.353,1.0,0.0,0.0,7.32,-418.0,0.0,7.207,413.0,0.0,0.0,4.982,101.0,4.983,247.0,0.681,0.0,4.952,188.0,4.962,190.0,4.968,61.0,4.976,60.0,23.95208,23.54575,23.59587,23.37212,27.25105,24.83992,23.82141,24.24922,23.86079,23.5,25.5,24.0,23.0,23.5,0.0,910.25,,2.0,0.0,0.0,77.180115,77.180115,77.180115,77.180115,77.180115,77.180115,77.180115,77.180115,77.180115,77.180115,77.180115,77.180115,77.180115,77.180115,77.180115,77.180115,74.309649,74.309649,74.309649,74.309649,0.0,0.0,100.0,101.0,102.0,101.0,101.0,48.506,2976.491,503.182,930.976,298.56,True,False,
2026-12-03 10:54:27.630,5.0,0.0,0.0,0.0,,0.0,0.0,1.0,0.0,0.0,0.0,1.0,1.0,0.0,0.0,2.433,0.0,0.0,0.0,7.319,-409.0,0.0,7.207,416.0,0.0,0.0,4.983,267.0,4.985,251.0,0.681,0.0,4.952,186.0,4.963,197.0,4.968,61.0,4.976,60.0,23.94671,23.54396,23.59408,23.37033,27.27611,24.85424,23.82857,24.25459,23.85363,23.5,25.5,24.0,23.0,23.5,0.0,910.25,,2.0,0.0,0.0,77.180115,77.180115,77.180115,77.180115,77.180115,77.180115,77.180115,77.180115,77.180115,77.180115,77.180115,77.180115,77.180115,77.180115,77.180115,77.180115,74.309649,74.309649,74.309649,74.309649,0.0,0.0,100.0,101.0,102.0,101.0,101.0,49.208,2998.112,1330.461,921.072,298.56,True,False,
2026-12-03 10:54:27.979,5.0,0.0,0.0,0.0,,0.0,0.0,1.0,0.0,0.0,0.0,1.0,1.0,0.0,0.0,2.519,1.0,0.0,0.0,7.32,-413.0,0.0,7.205,417.0,0.0,0.0,4.982,102.0,4.982,251.0,0.681,0.0,4.952,200.0,4.962,188.0,4.967,61.0,4.975,58.0,23.95387,23.55112,23.58692,23.37212,27.30475,24.87572,23.83931,24.25817,23.859,23.5,25.5,24.0,23.0,23.5,0.0,910.25,,2.0,0.0,0.0,77.180115,77.180115,77.180115,77.180115,77.180115,77.180115,77.180115,77.180115,77.180115,77.180115,77.180115,77.180115,77.180115,77.180115,77.180115,77.180115,74.309649,74.309649,74.309649,74.309649,0.0,0.0,100.0,101.0,102.0,101.0,101.0,49.557,3004.485,508.16400000000004,990.4,288.54999999999995,True,False,
2026-12-03 10:54:28.430,5.0,0.0,0.0,0.0,,0.0,0.0,1.0,0.0,0.0,0.0,1.0,1.0,0.0,0.0,2.5,0.0,0.0,0.0,7.319,-393.0,0.0,7.203,415.0,0.0,0.0,4.981,105.0,4.983,251.0,0.682,0.0,4.955,197.0,4.963,192.0,4.967,61.0,4.975,58.0,23.95208,23.54754,23.60303,23.37749,27.32265,24.89362,23.82857,24.26712,23.85184,23.5,25.5,24.0,23.0,23.5,0.0,910.25,,2.0,0.0,0.0,77.180115,77.180115,77.180115,77.180115,77.180115,77.180115,77.180115,77.180115,77.180115,77.180115,77.180115,77.180115,77.180115,77.180115,77.180115,77.180115,74.309649,74.309649,74.309649,74.309649,0.0,0.0,100.0,101.0,102.0,101.0,101.0,50.008,2989.2450000000003,523.005,976.135,288.54999999999995,True,False,
2026-12-03 10:54:29.135,5.0,0.0,0.0,0.0,,0.0,0.0,1.0,0.0,0.0,0.0,1.0,1.0,0.0,0.0,2.404,0.0,0.0,0.0,7.318,-419.0,0.0,7.202,413.0,0.0,0.0,4.982,110.0,4.983,251.0,0.682,0.0,4.953,198.0,4.962,195.0,4.967,61.0,4.975,58.0,23.95566,23.54754,23.59229,23.37033,27.32802,24.91152,23.84647,24.2707,23.85721,23.5,25.5,24.0,23.0,23.5,0.0,910.25,,2.0,0.0,0.0,77.180115,77.180115,77.180115,77.180115,77.180115,77.180115,77.180115,77.180115,77.180115,77.180115,77.180115,77.180115,77.180115,77.180115,77.180115,77.180115,74.309649,74.309649,74.309649,74.309649,0.0,0.0,100.0,101.0,102.0,101.0,101.0,50.713,2974.426,548.02,980.6940000000001,288.54999999999995,True,False,
2026-12-03 10:54:29.483,5.0,0.0,0.0,1.0,0.0,0.0,0.0,1.0,0.0,0.0,0.0,1.0,1.0,0.0,0.0,3.231,0.0,0.0,0.0,7.321,-410.0,0.0,7.202,413.0,0.0,0.0,4.981,270.0,4.982,252.0,0.682,0.0,4.953,198.0,4.962,190.0,4.967,61.0,4.975,58.0,23.95208,23.56365,23.60124,23.36496,27.35129,24.93121,23.83215,24.26533,23.86079,23.5,25.5,24.0,23.0,23.5,0.0,910.25,,2.0,0.0,0.0,77.180115,77.180115,77.180115,77.180115,77.180115,77.180115,77.180115,77.180115,77.180115,77.180115,77.180115,77.180115,77.180115,77.180115,77.180115,77.180115,74.309649,74.309649,74.309649,74.309649,0.0,0.0,100.0,101.0,102.0,101.0,101.0,51.061,2974.426,1344.87,980.6940000000001,288.54999999999995,True,False,
2026-12-03 10:54:29.935,5.0,0.0,0.0,1.0,0.0,0.0,0.0,1.0,0.0,0.0,0.0,1.0,1.0,0.0,0.0,2.104,0.0,0.0,0.0,7.318,-408.0,0.0,7.203,418.0,0.0,0.0,4.982,252.0,4.982,255.0,0.681,0.0,4.955,200.0,4.963,198.0,4.968,60.0,4.976,62.0,23.95566,23.56365,23.60124,23.38286,27.37635,24.94016,23.85363,24.27607,23.85721,23.5,25.5,24.0,23.0,23.5,0.0,910.25,,2.0,0.0,0.0,77.180115,77.180115,77.180115,77.180115,77.180115,77.180115,77.180115,77.180115,77.180115,77.180115,77.180115,77.180115,77.180115,77.180115,77.180115,77.180115,74.309649,74.309649,74.309649,74.309649,0.0,0.0,100.0,101.0,102.0,101.0,101.0,51.513,3010.8540000000003,1255.464,991.0,308.512,True,False,
2026-12-03 10:54:30.634,5.0,0.0,0.0,1.0,1.0,0.0,0.0,1.0,0.0,0.0,0.0,1.0,1.0,0.0,0.0,3.134,0.0,0.0,0.0,7.319,-406.0,0.0,7.203,417.0,0.0,0.0,4.983,270.0,4.982,266.0,0.682,0.0,4.955,198.0,4.961,188.0,4.97,60.0,4.976,62.0,23.9664,23.55828,23.60661,23.3757,27.40141,24.9509,23.85005,24.28681,23.85542,23.5,25.5,24.0,23.0,23.5,0.0,910.25,,2.0,0.0,0.0,77.180115,77.180115,77.180115,77.180115,77.180115,77.180115,77.180115,77.180115,77.180115,77.180115,77.180115,77.180115,77.180115,77.180115,77.180115,77.180115,74.309649,74.309649,74.309649,74.309649,0.0,0.0,100.0,101.0,102.0,101.0,101.0,52.212,3003.6510000000003,1345.4099999999999,981.09,308.512,True,False,
2026-12-03 10:54:30.985,5.0,0.0,0.0,1.0,1.0,0.0,0.0,1.0,0.0,0.0,0.0,1.0,1.0,0.0,0.0,2.052,0.0,0.0,0.0,7.321,-401.0,0.0,7.204999999999999,417.0,0.0,0.0,4.982,110.0,4.981,107.0,0.682,0.0,4.953,197.0,4.962,193.0,4.968,60.0,4.976,62.0,23.9664,23.56723,23.60482,23.37212,27.39425,24.96522,23.85721,24.2886,23.859,23.5,25.5,24.0,23.0,23.5,0.0,910.25,,2.0,0.0,0.0,77.180115,77.180115,77.180115,77.180115,77.180115,77.180115,77.180115,77.180115,77.180115,77.180115,77.180115,77.180115,77.180115,77.180115,77.180115,77.180115,74.309649,74.309649,74.309649,74.309649,0.0,0.0,100.0,101.0,102.0,101.0,101.0,52.563,3004.485,548.02,975.7410000000001,308.512,True,False,
2026-12-03 10:54:31.435,5.0,0.0,0.0,1.0,2.0,0.0,0.0,1.0,0.0,0.0,0.0,1.0,1.0,0.0,0.0,2.084,0.0,0.0,0.0,7.32,-407.0,0.0,7.202999999999999,418.0,0.0,0.0,4.982,109.0,4.982,266.0,0.681,0.0,4.953,198.0,4.965,195.0,4.967,62.0,4.976,62.0,23.96998,23.56365,23.6084,23.37391,27.41752,24.99565,23.86437,24.29576,23.85721,23.5,25.5,24.0,23.0,23.5,0.0,910.25,,2.0,0.0,0.0,77.180115,77.180115,77.180115,77.180115,77.180115,77.180115,77.180115,77.180115,77.180115,77.180115,77.180115,77.180115,77.180115,77.180115,77.180115,77.180115,74.309649,74.309649,74.309649,74.309649,0.0,0.0,100.0,101.0,102.0,101.0,101.0,53.013,3010.8540000000003,543.038,980.6940000000001,308.512,True,False,
2026-12-03 10:54:32.140,5.0,0.0,0.0,1.0,2.0,0.0,0.0,1.0,0.0,0.0,0.0,1.0,1.0,0.0,0.0,2.071,0.0,0.0,0.0,7.319999999999999,-399.0,0.0,7.202999999999998,418.0,0.0,0.0,4.981,104.0,4.983,267.0,0.682,0.0,4.953,200.0,4.962,190.0,4.967,60.0,4.976,58.0,23.97177,23.5726,23.6084,23.37212,27.42468,25.00818,23.86437,24.29576,23.85005,23.5,25.5,24.0,23.0,23.5,0.0,910.25,,2.0,0.0,0.0,77.180115,77.180115,77.180115,77.180115,77.180115,77.180115,77.180115,77.180115,77.180115,77.180115,77.180115,77.180115,77.180115,77.180115,77.180115,77.180115,74.309649,74.309649,74.309649,74.309649,0.0,0.0,100.0,101.0,102.0,101.0,101.0,53.718,3010.8540000000003,518.024,990.6,288.608,True,False,
2026-12-03 10:54:32.488,5.0,0.0,0.0,1.0,3.0,0.0,0.0,1.0,0.0,0.0,0.0,1.0,1.0,0.0,0.0,2.06,0.0,0.0,0.0,7.3199999999999985,-420.0,0.0,7.202999999999993,418.0,0.0,0.0,4.982,105.0,4.982,266.0,0.682,0.0,4.951,196.0,4.963,201.0,4.968,61.0,4.976,58.0,23.97177,23.56365,23.60661,23.36854,27.47659,25.01892,23.86974,24.30113,23.86795,23.5,25.5,24.0,23.0,23.5,0.0,910.25,,2.0,0.0,0.0,77.180115,77.180115,77.180115,77.180115,77.180115,77.180115,77.180115,77.180115,77.180115,77.180115,77.180115,77.180115,77.180115,77.180115,77.180115,77.180115,74.309649,74.309649,74.309649,74.309649,0.0,0.0,100.0,101.0,102.0,101.0,101.0,54.066,3010.8540000000003,523.11,970.396,288.608,True,False,
2026-12-03 10:54:32.939,5.0,0.0,0.0,1.0,3.0,0.0,0.0,1.0,0.0,0.0,0.0,1.0,1.0,0.0,0.0,3.361,1.0,0.0,0.0,7.319999999999996,-412.0,0.0,7.202999999999985,418.0,0.0,0.0,4.982,106.0,4.981,107.0,0.682,0.0,4.953,201.0,4.962,190.0,4.967,62.0,4.976,58.0,23.96819,23.57618,23.61735,23.37212,27.47122,25.04577,23.87511,24.29576,23.86974,23.5,25.5,24.0,23.0,23.5,0.0,910.25,,2.0,0.0,0.0,77.180115,77.180115,77.180115,77.180115,77.180115,77.180115,77.180115,77.180115,77.180115,77.180115,77.180115,77.180115,77.180115,77.180115,77.180115,77.180115,74.309649,74.309649,74.309649,74.309649,0.0,0.0,100.0,101.0,102.0,101.0,101.0,54.517,3010.8540000000003,528.092,995.5530000000001,288.608,True,False,
2026-12-03 10:54:33.641,5.0,0.0,0.0,1.0,4.0,0.0,0.0,1.0,0.0,0.0,0.0,1.0,1.0,0.0,0.0,2.075,0.0,0.0,0.0,7.31899999999999,-400.0,0.0,7.2029999999999665,420.0,0.0,0.0,4.982,105.0,4.982,266.0,0.681,0.0,4.951,195.0,4.961,196.0,4.968,61.0,4.976,58.0,23.9664,23.5726,23.61019,23.3757,27.49628,25.06188,23.86974,24.32261,23.86437,23.5,25.5,24.0,23.0,23.5,0.0,910.25,,2.0,0.0,0.0,77.180115,77.180115,77.180115,77.180115,77.180115,77.180115,77.180115,77.180115,77.180115,77.180115,77.180115,77.180115,77.180115,77.180115,77.180115,77.180115,74.309649,74.309649,74.309649,74.309649,0.0,0.0,100.0,101.0,102.0,101.0,101.0,55.219,3025.26,523.11,965.4449999999999,288.608,True,False,
2026-12-03 10:54:33.991,5.0,0.0,0.0,1.0,4.0,0.0,0.0,1.0,0.0,0.0,0.0,1.0,1.0,0.0,0.0,3.138,0.0,0.0,0.0,7.318999999999978,-402.0,0.0,7.202999999999927,418.0,0.0,0.0,4.982,104.0,4.982,107.0,0.682,0.0,4.952,202.0,4.962,196.0,4.968,60.0,4.976,58.0,23.9664,23.57976,23.62272,23.38107,27.5106,25.07083,23.8769,24.31545,23.86795,23.5,25.5,24.0,23.0,23.5,0.0,910.25,,2.0,0.0,0.0,77.180115,77.180115,77.180115,77.180115,77.180115,77.180115,77.180115,77.180115,77.180115,77.180115,77.180115,77.180115,77.180115,77.180115,77.180115,77.180115,74.309649,74.309649,74.309649,74.309649,0.0,0.0,100.0,101.0,102.0,101.0,101.0,55.569,3010.8540000000003,518.128,1000.304,288.608,True,False,
2026-12-03 10:54:34.443,5.0,0.0,0.0,1.0,5.0,0.0,0.0,1.0,0.0,0.0,0.0,1.0,1.0,0.0,0.0,2.201,0.0,0.0,0.0,7.319999999999952,-412.0,0.0,7.20299999999984,418.0,0.0,0.0,4.982,106.0,4.982,267.0,0.681,0.0,4.95,196.0,4.962,187.0,4.97,62.0,4.976,58.0,23.97356,23.58155,23.60124,23.37928,27.52492,25.09052,23.88943,24.32261,23.86974,23.5,25.5,24.0,23.0,23.5,0.0,910.25,,2.0,0.0,0.0,77.180115,77.180115,77.180115,77.180115,77.180115,77.180115,77.180115,77.180115,77.180115,77.180115,77.180115,77.180115,77.180115,77.180115,77.180115,77.180115,74.309649,74.309649,74.309649,74.309649,0.0,0.0,100.0,101.0,102.0,101.0,101.0,56.021,3010.8540000000003,528.092,970.2,288.608,True,False,
2026-12-03 10:54:35.143,5.0,0.0,0.0,1.0,5.0,0.0,0.0,1.0,0.0,0.0,0.0,1.0,1.0,0.0,0.0,2.344,0.0,0.0,0.0,7.316999999999897,-420.0,0.0,7.202999999999657,417.0,0.0,0.0,4.982,105.0,4.982,107.0,0.682,0.0,4.955,205.0,4.962,200.0,4.968,62.0,4.976,58.0,23.9843,23.57618,23.61914,23.37212,27.56609,25.09768,23.88048,24.32261,23.859,23.5,25.5,24.0,23.0,23.5,0.0,910.25,,2.0,0.0,0.0,77.180115,77.180115,77.180115,77.180115,77.180115,77.180115,77.180115,77.180115,77.180115,77.180115,77.180115,77.180115,77.180115,77.180115,77.180115,77.180115,74.309649,74.309649,74.309649,74.309649,0.0,0.0,100.0,101.0,102.0,101.0,101.0,56.721,3003.6510000000003,523.11,1015.775,288.608,True,False,
2026-12-03 10:54:35.492,5.0,0.0,0.0,1.0,6.0,0.0,0.0,1.0,0.0,0.0,0.0,1.0,1.0,0.0,0.0,2.457,1.0,0.0,0.0,7.318999999999781,-400.0,0.0,7.202999999999268,417.0,0.0,0.0,4.982,105.0,4.982,109.0,0.682,1.0,4.952,197.0,4.962,190.0,4.967,60.0,4.976,58.0,23.9664,23.58692,23.62272,23.37212,27.53924,25.12095,23.89301,24.33514,23.86258,23.5,25.5,24.0,23.0,23.5,0.0,910.25,,2.0,0.0,0.0,77.180115,77.180115,77.180115,77.180115,77.180115,77.180115,77.180115,77.180115,77.180115,77.180115,77.180115,77.180115,77.180115,77.180115,77.180115,77.180115,74.309649,74.309649,74.309649,74.309649,0.0,0.0,100.0,101.0,102.0,101.0,101.0,57.07,3003.6510000000003,523.11,975.544,288.608,True,False,
2026-12-03 10:54:35.944,5.0,0.0,0.0,1.0,6.0,0.0,0.0,1.0,0.0,0.0,0.0,1.0,1.0,0.0,0.0,2.697,0.0,0.0,0.0,7.318999999999537,-421.0,0.0,7.2029999999984575,416.0,0.0,0.0,4.982,107.0,4.982,107.0,0.681,0.0,4.953,202.0,4.962,193.0,4.967,60.0,4.976,62.0,23.97356,23.58871,23.6263,23.38465,27.57683,25.12274,23.89659,24.3423,23.859,23.5,25.5,24.0,23.0,23.5,0.0,910.25,,2.0,0.0,0.0,77.180115,77.180115,77.180115,77.180115,77.180115,77.180115,77.180115,77.180115,77.180115,77.180115,77.180115,77.180115,77.180115,77.180115,77.180115,77.180115,74.309649,74.309649,74.309649,74.309649,0.0,0.0,100.0,101.0,102.0,101.0,101.0,57.522,2996.4480000000003,533.0740000000001,1000.5060000000001,308.512,True,False,
2026-12-03 10:54:36.646,5.0,0.0,0.0,1.0,7.0,0.0,0.0,1.0,0.0,0.0,0.0,1.0,1.0,0.0,0.0,2.697,0.0,0.0,0.0,7.318999999999035,-421.0,0.0,7.202999999996783,417.0,0.0,0.0,4.982,104.0,4.982,267.0,0.681,0.0,4.952,195.0,4.963,196.0,4.97,58.0,4.976,62.0,23.98609,23.5905,23.63167,23.3757,27.56967,25.15675,23.89301,24.33872,23.86258,23.5,25.5,24.5,23.0,23.5,0.0,910.25,,2.0,0.0,0.0,77.180115,77.180115,77.180115,77.180115,77.180115,77.180115,77.180115,77.180115,77.180115,77.180115,77.180115,77.180115,77.180115,77.180115,77.180115,77.180115,74.309649,74.309649,74.309649,74.309649,0.0,0.0,100.0,101.0,102.0,101.0,101.0,58.224,3003.6510000000003,518.128,965.64,308.512,True,False,
2026-12-03 10:54:36.996,5.0,0.0,0.0,1.0,7.0,0.0,0.0,1.0,0.0,0.0,0.0,1.0,1.0,0.0,0.0,2.697,0.0,0.0,0.0,7.318999999998008,-421.0,0.0,7.199999999993358,418.0,0.0,0.0,4.983,105.0,4.982,107.0,0.681,0.0,4.952,202.0,4.961,188.0,4.968,60.0,4.976,62.0,23.97714,23.59766,23.63346,23.37391,27.59294,25.1657,23.91091,24.34409,23.86795,23.5,25.5,24.0,23.5,23.5,0.0,910.25,,2.0,0.0,0.0,77.180115,77.180115,77.180115,77.180115,77.180115,77.180115,77.180115,77.180115,77.180115,77.180115,77.180115,77.180115,77.180115,77.180115,77.180115,77.180115,74.309649,74.309649,74.309649,74.309649,0.0,0.0,100.0,101.0,102.0,101.0,101.0,58.574,3009.6,523.2149999999999,1000.304,308.512,True,False,
2026-12-03 10:54:37.447,5.0,0.0,0.0,1.0,8.0,0.0,0.0,1.0,0.0,0.0,0.0,1.0,1.0,0.0,0.0,2.697,1.0,0.0,0.0,7.318999999995927,-421.0,0.0,7.201999999986423,421.0,0.0,0.0,4.982,106.0,4.982,266.0,0.682,0.0,4.951,195.0,4.963,198.0,4.968,60.0,4.976,62.0,23.97356,23.59229,23.63525,23.37212,27.6001,25.16749,23.89301,24.34051,23.859,23.5,25.5,24.0,23.0,23.5,0.0,910.25,,2.0,0.0,0.0,77.180115,77.180115,77.180115,77.180115,77.180115,77.180115,77.180115,77.180115,77.180115,77.180115,77.180115,77.180115,77.180115,77.180115,77.180115,77.180115,74.309649,74.309649,74.309649,74.309649,0.0,0.0,100.0,101.0,102.0,101.0,101.0,59.025,3032.042,528.092,965.4449999999999,308.512,True,False,
2026-12-03 10:54:38.150,5.0,0.0,0.0,1.0,8.0,0.0,0.0,1.0,0.0,0.0,0.0,1.0,1.0,0.0,0.0,2.697,0.0,0.0,0.0,7.318999999991757,-421.0,0.0,7.1999999999725235,420.0,0.0,0.0,4.982,105.0,4.982,107.0,0.682,0.0,4.952,203.0,4.962,191.0,4.967,63.0,4.976,61.0,23.97893,23.59587,23.63704,23.37749,27.63232,25.19971,23.90733,24.34946,23.86079,23.5,25.5,24.5,23.5,23.5,0.0,910.25,,2.0,0.0,0.0,77.180115,77.180115,77.180115,77.180115,77.180115,77.180115,77.180115,77.180115,77.180115,77.180115,77.180115,77.180115,77.180115,77.180115,77.180115,77.180115,74.309649,74.309649,74.309649,74.309649,0.0,0.0,100.0,101.0,102.0,101.0,101.0,59.728,3024.0,523.11,1005.256,303.536,True,False,
2026-12-03 10:54:38.501,5.0,0.0,0.0,1.0,9.0,0.0,0.0,1.0,0.0,0.0,0.0,1.0,1.0,0.0,0.0,2.697,0.0,0.0,0.0,7.318999999983483,-421.0,0.0,7.199999999944945,422.0,0.0,0.0,4.982,105.0,4.982,109.0,0.681,0.0,4.951,195.0,4.962,193.0,4.967,61.0,4.976,61.0,23.97356,23.60124,23.63704,23.37928,27.6538,25.21403,23.90912,24.35841,23.86258,23.5,25.5,24.5,23.5,23.5,0.0,910.25,,2.0,0.0,0.0,77.180115,77.180115,77.180115,77.180115,77.180115,77.180115,77.180115,77.180115,77.180115,77.180115,77.180115,77.180115,77.180115,77.180115,77.180115,77.180115,74.309649,74.309649,74.309649,74.309649,0.0,0.0,100.0,101.0,102.0,101.0,101.0,60.079,3038.4,523.11,965.4449999999999,303.536,True,False,
2026-12-03 10:54:38.953,5.0,0.0,0.0,1.0,9.0,0.0,0.0,1.0,0.0,0.0,0.0,1.0,1.0,0.0,0.0,2.697,1.0,0.0,0.0,7.318999999967235,-421.0,0.0,7.202999999890783,418.0,0.0,0.0,4.982,104.0,4.982,107.0,0.681,0.0,4.953,203.0,4.962,195.0,4.968,60.0,4.976,61.0,23.98251,23.59945,23.64778,23.38107,27.67528,25.22119,23.90912,24.34946,23.86795,23.5,25.5,24.0,23.5,23.5,0.0,910.25,,2.0,0.0,0.0,77.180115,77.180115,77.180115,77.180115,77.180115,77.180115,77.180115,77.180115,77.180115,77.180115,77.180115,77.180115,77.180115,77.180115,77.180115,77.180115,74.309649,74.309649,74.309649,74.309649,0.0,0.0,100.0,101.0,102.0,101.0,101.0,60.531,3010.8540000000003,518.128,1005.4590000000001,303.536,True,False,
2026-12-03 10:54:39.655,5.0,0.0,0.0,1.0,,0.0,0.0,1.0,0.0,0.0,0.0,1.0,1.0,0.0,0.0,2.697,0.0,0.0,0.0,7.318999999935648,-421.0,0.0,7.202999999785494,418.0,0.0,0.0,4.982,104.0,4.982,106.0,0.682,0.0,4.951,195.0,4.961,188.0,4.968,60.0,4.976,61.0,23.97356,23.59945,23.6442,23.37212,27.69139,25.23014,23.92344,24.37094,23.86079,23.5,25.5,24.5,23.5,23.5,0.0,910.25,,2.0,0.0,0.0,77.180115,77.180115,77.180115,77.180115,77.180115,77.180115,77.180115,77.180115,77.180115,77.180115,77.180115,77.180115,77.180115,77.180115,77.180115,77.180115,74.309649,74.309649,74.309649,74.309649,0.0,0.0,100.0,101.0,102.0,101.0,101.0,61.233,3010.8540000000003,518.128,965.4449999999999,303.536,True,False,
2026-12-03 10:54:40.005,5.0,0.0,0.0,1.0,,0.0,0.0,1.0,0.0,0.0,0.0,1.0,1.0,0.0,0.0,2.697,0.0,0.0,0.0,7.318999999874868,-421.0,0.0,7.201999999582893,418.0,0.0,0.0,4.982,105.0,4.982,267.0,0.683,0.0,4.952,202.0,4.963,195.0,4.97,61.0,4.976,58.0,23.96819,23.60124,23.63883,23.38107,27.64306,25.25162,23.91986,24.37631,23.86437,23.5,25.5,24.5,23.5,23.5,0.0,910.25,,2.0,0.0,0.0,77.180115,77.180115,77.180115,77.180115,77.180115,77.180115,77.180115,77.180115,77.180115,77.180115,77.180115,77.180115,77.180115,77.180115,77.180115,77.180115,74.309649,74.309649,74.309649,74.309649,0.0,0.0,100.0,101.0,102.0,101.0,101.0,61.583,3010.436,523.11,1000.304,288.608,True,False,
2026-12-03 10:54:40.457,5.0,0.0,0.0,1.0,,0.0,0.0,1.0,0.0,0.0,0.0,1.0,1.0,0.0,0.0,2.697,0.0,0.0,0.0,7.318999999759103,-421.0,0.0,7.19999999919701,418.0,0.0,0.0,4.982,106.0,4.982,109.0,0.682,2.0,4.951,197.0,4.961,193.0,4.968,58.0,4.976,58.0,23.97177,23.60124,23.6442,23.3757,27.68244,25.27131,23.92881,24.37631,23.86079,23.5,26.0,24.5,23.5,23.5,0.0,910.25,,2.0,0.0,0.0,77.180115,77.180115,77.180115,77.180115,77.180115,77.180115,77.180115,77.180115,77.180115,77.180115,77.180115,77.180115,77.180115,77.180115,77.180115,77.180115,74.309649,74.309649,74.309649,74.309649,0.0,0.0,100.0,101.0,102.0,101.0,101.0,62.035,3009.6,528.092,975.347,288.608,True,False,
2026-12-03 10:54:41.159,5.0,0.0,0.0,1.0,,0.0,0.0,1.0,0.0,0.0,0.0,1.0,1.0,0.0,0.0,2.697,0.0,0.0,0.0,7.3189999995408535,-421.0,0.0,7.2019999984695104,417.0,0.0,0.0,4.981,105.0,4.982,106.0,0.683,0.0,4.952,205.0,4.961,193.0,4.967,61.0,4.976,58.0,23.9664,23.60661,23.64957,23.38465,27.73435,25.28026,23.93418,24.37452,23.86258,23.5,26.0,24.5,23.5,23.5,0.0,910.25,,2.0,0.0,0.0,77.180115,77.180115,77.180115,77.180115,77.180115,77.180115,77.180115,77.180115,77.180115,77.180115,77.180115,77.180115,77.180115,77.180115,77.180115,77.180115,74.309649,74.309649,74.309649,74.309649,0.0,0.0,100.0,101.0,102.0,101.0,101.0,62.737,3003.234,523.005,1015.16,288.608,True,False,
2026-12-03 10:54:41.508,5.0,0.0,0.0,1.0,,0.0,0.0,1.0,0.0,0.0,0.0,1.0,1.0,0.0,0.0,2.697,0.0,0.0,0.0,7.31899999913358,-421.0,0.0,7.1999999971119335,418.0,0.0,0.0,4.982,106.0,4.982,109.0,0.681,0.0,4.951,196.0,4.962,197.0,4.968,61.0,4.976,58.0,23.9664,23.61377,23.65136,23.37749,27.71824,25.30532,23.93418,24.37452,23.86974,23.5,26.0,24.5,23.5,23.5,0.0,910.25,,2.0,0.0,0.0,77.180115,77.180115,77.180115,77.180115,77.180115,77.180115,77.180115,77.180115,77.180115,77.180115,77.180115,77.180115,77.180115,77.180115,77.180115,77.180115,74.309649,74.309649,74.309649,74.309649,0.0,0.0,100.0,101.0,102.0,101.0,101.0,63.086,3009.6,528.092,970.396,288.608,True,False,
2026-12-03 10:54:41.960,5.0,0.0,0.0,1.0,,0.0,0.0,1.0,0.0,0.0,0.0,1.0,1.0,0.0,0.0,2.697,0.0,0.0,0.0,7.318999998381314,-421.0,0.0,7.197999994604381,416.0,0.0,0.0,4.983,105.0,4.982,109.0,0.682,0.0,4.952,198.0,4.961,190.0,4.968,61.0,4.975,61.0,23.9664,23.61377,23.65673,23.38286,27.74151,25.31785,23.94134,24.39242,23.859,23.5,26.0,24.5,23.5,23.5,0.0,910.25,,2.0,0.0,0.0,77.180115,77.180115,77.180115,77.180115,77.180115,77.180115,77.180115,77.180115,77.180115,77.180115,77.180115,77.180115,77.180115,77.180115,77.180115,77.180115,74.309649,74.309649,74.309649,74.309649,0.0,0.0,100.0,101.0,102.0,101.0,101.0,63.538,2994.3680000000004,523.2149999999999,980.496,303.47499999999997,True,False,
2026-12-03 10:54:42.414,5.0,0.0,0.0,1.0,,0.0,0.0,1.0,0.0,0.0,0.0,1.0,1.0,0.0,0.0,2.697,0.0,0.0,0.0,7.318999997005987,-421.0,0.0,7.201999990019957,422.0,0.0,0.0,4.982,106.0,4.982,109.0,0.682,0.0,4.952,197.0,4.962,196.0,4.968,60.0,4.975,61.0,23.97535,23.61019,23.65852,23.38107,27.76299,25.32322,23.94313,24.39421,23.86616,23.5,26.0,24.5,23.5,23.5,0.0,910.25,,2.0,0.0,0.0,77.180115,77.180115,77.180115,77.180115,77.180115,77.180115,77.180115,77.180115,77.180115,77.180115,77.180115,77.180115,77.180115,77.180115,77.180115,77.180115,74.309649,74.309649,74.309649,74.309649,0.0,0.0,100.0,101.0,102.0,101.0,101.0,63.992,3039.244,528.092,975.544,303.47499999999997,True,False,
2026-12-03 10:54:42.963,5.0,0.0,0.0,1.0,,0.0,0.0,1.0,0.0,0.0,0.0,1.0,1.0,0.0,0.0,2.697,1.0,0.0,0.0,7.318999994517207,-421.0,0.0,7.199999981724025,421.0,0.0,0.0,4.982,107.0,4.982,109.0,0.682,0.0,4.952,197.0,4.962,191.0,4.968,60.0,4.975,61.0,23.96998,23.61914,23.65494,23.37928,27.78984,25.33933,23.94671,24.39421,23.86795,23.5,26.0,24.5,23.5,23.5,0.0,910.25,,2.0,0.0,0.0,77.180115,77.180115,77.180115,77.180115,77.180115,77.180115,77.180115,77.180115,77.180115,77.180115,77.180115,77.180115,77.180115,77.180115,77.180115,77.180115,74.309649,74.309649,74.309649,74.309649,0.0,0.0,100.0,101.0,102.0,101.0,101.0,64.541,3031.2000000000003,533.0740000000001,975.544,303.47499999999997,True,False,
2026-12-03 10:54:43.415,5.0,0.0,0.0,1.0,,0.0,0.0,1.0,0.0,0.0,0.0,1.0,1.0,0.0,0.0,2.697,0.0,0.0,0.0,7.3189999900595275,-421.0,0.0,7.201999966865091,422.0,0.0,0.0,4.981,106.0,4.981,266.0,0.682,0.0,4.952,196.0,4.962,196.0,4.968,60.0,4.975,61.0,23.96998,23.61914,23.65852,23.38823,27.77552,25.35186,23.94492,24.396,23.86616,23.5,26.0,24.5,23.5,23.5,0.0,910.25,,2.0,0.0,0.0,77.180115,77.180115,77.180115,77.180115,77.180115,77.180115,77.180115,77.180115,77.180115,77.180115,77.180115,77.180115,77.180115,77.180115,77.180115,77.180115,74.309649,74.309649,74.309649,74.309649,0.0,0.0,100.0,101.0,102.0,101.0,101.0,64.993,3039.244,527.986,970.592,303.47499999999997,True,False,
2026-12-03 10:54:43.966,5.0,0.0,0.0,1.0,,0.0,0.0,1.0,0.0,0.0,0.0,1.0,1.0,0.0,0.0,2.697,0.0,0.0,0.0,7.3189999821569405,-421.0,0.0,7.2019999405231365,421.0,0.0,0.0,4.982,105.0,4.981,107.0,0.682,0.0,4.952,197.0,4.963,196.0,4.967,61.0,4.975,58.0,23.9664,23.61914,23.65673,23.39002,27.82385,25.36618,23.95029,24.396,23.87332,23.5,26.0,24.5,23.5,23.5,0.0,910.25,,2.0,0.0,0.0,77.180115,77.180115,77.180115,77.180115,77.180115,77.180115,77.180115,77.180115,77.180115,77.180115,77.180115,77.180115,77.180115,77.180115,77.180115,77.180115,74.309649,74.309649,74.309649,74.309649,0.0,0.0,100.0,101.0,102.0,101.0,101.0,65.544,3032.042,523.11,975.544,288.54999999999995,True,False,
2026-12-03 10:54:44.418,5.0,0.0,0.0,1.0,,0.0,0.0,1.0,0.0,0.0,0.0,1.0,1.0,0.0,0.0,2.697,0.0,0.0,0.0,7.318999968290555,-421.0,0.0,7.201999894301849,420.0,0.0,0.0,4.981,106.0,4.982,107.0,0.682,0.0,4.952,193.0,4.961,187.0,4.968,60.0,4.975,58.0,23.97177,23.62272,23.66747,23.37928,27.8149,25.3805,23.95208,24.41211,23.86258,23.5,26.0,24.5,23.5,23.5,0.0,910.25,,2.0,0.0,0.0,77.180115,77.180115,77.180115,77.180115,77.180115,77.180115,77.180115,77.180115,77.180115,77.180115,77.180115,77.180115,77.180115,77.180115,77.180115,77.180115,74.309649,74.309649,74.309649,74.309649,0.0,0.0,100.0,101.0,102.0,101.0,101.0,65.996,3024.84,527.986,955.736,288.54999999999995,True,False,
2026-12-03 10:54:45.118,5.0,0.0,0.0,1.0,,0.0,0.0,1.0,0.0,0.0,0.0,1.0,1.0,0.0,0.0,2.697,0.0,0.0,0.0,7.318999944208887,-421.0,0.0,7.201999814029624,418.0,0.0,0.0,4.982,106.0,4.982,266.0,0.681,0.0,4.951,191.0,4.962,196.0,4.967,61.0,4.975,58.0,23.96461,23.63167,23.66568,23.37928,27.8328,25.40735,23.95924,24.41032,23.87153,23.5,26.0,24.5,23.5,23.5,0.0,910.25,,2.0,0.0,0.0,77.180115,77.180115,77.180115,77.180115,77.180115,77.180115,77.180115,77.180115,77.180115,77.180115,77.180115,77.180115,77.180115,77.180115,77.180115,77.180115,74.309649,74.309649,74.309649,74.309649,0.0,0.0,100.0,101.0,102.0,101.0,101.0,66.696,3010.436,528.092,945.641,288.54999999999995,True,False,
2026-12-03 10:54:45.468,5.0,0.0,0.0,1.0,10.0,0.0,0.0,1.0,0.0,0.0,0.0,1.0,1.0,0.0,0.0,2.697,0.0,0.0,0.0,7.3189999028151735,-421.0,0.0,7.19699967605058,420.0,0.0,0.0,4.982,106.0,4.982,109.0,0.682,0.0,4.951,192.0,4.961,190.0,4.968,61.0,4.975,58.0,23.96819,23.6263,23.66926,23.38823,27.85428,25.41272,23.96103,24.40853,23.86258,23.5,26.0,24.5,23.5,23.5,0.0,910.25,,2.0,0.0,0.0,77.180115,77.180115,77.180115,77.180115,77.180115,77.180115,77.180115,77.180115,77.180115,77.180115,77.180115,77.180115,77.180115,77.180115,77.180115,77.180115,74.309649,74.309649,74.309649,74.309649,0.0,0.0,100.0,101.0,102.0,101.0,101.0,67.046,3022.7400000000002,528.092,950.5919999999999,288.54999999999995,True,False,
2026-12-03 10:54:45.919,5.0,0.0,0.0,1.0,10.0,0.0,0.0,1.0,0.0,0.0,0.0,1.0,1.0,0.0,0.0,2.697,0.0,0.0,0.0,7.318999832394234,-421.0,0.0,7.200999441314114,417.0,0.0,0.0,4.982,106.0,4.981,266.0,0.681,0.0,4.951,188.0,4.961,192.0,4.968,60.0,4.976,39.0,23.96998,23.62988,23.66568,23.38823,27.86681,25.42346,23.96461,24.42285,23.86616,23.5,26.0,24.5,23.0,23.5,0.0,910.25,,2.0,0.0,0.0,77.180115,77.180115,77.180115,77.180115,77.180115,77.180115,77.180115,77.180115,77.180115,77.180115,77.180115,77.180115,77.180115,77.180115,77.180115,77.180115,74.309649,74.309649,74.309649,74.309649,0.0,0.0,100.0,101.0,102.0,101.0,101.0,67.497,3002.817,528.092,930.7879999999999,194.064,True,False,
2026-12-03 10:54:46.620,5.0,0.0,0.0,1.0,11.0,0.0,0.0,1.0,0.0,0.0,0.0,1.0,1.0,0.0,0.0,2.697,0.0,0.0,0.0,7.31899971382183,-421.0,0.0,7.199999046072766,420.0,0.0,0.0,4.982,105.0,4.982,266.0,0.682,0.0,4.952,186.0,4.963,198.0,4.968,60.0,4.976,39.0,23.97535,23.62988,23.66568,23.39002,27.87397,25.44136,23.97535,24.42285,23.86616,23.5,26.0,24.5,23.5,23.5,0.0,910.25,,2.0,0.0,0.0,77.180115,77.180115,77.180115,77.180115,77.180115,77.180115,77.180115,77.180115,77.180115,77.180115,77.180115,77.180115,77.180115,77.180115,77.180115,77.180115,74.309649,74.309649,74.309649,74.309649,0.0,0.0,100.0,101.0,102.0,101.0,101.0,68.198,3024.0,523.11,921.072,194.064,True,False,
2026-12-03 10:54:46.971,5.0,0.0,0.0,1.0,11.0,0.0,0.0,1.0,0.0,0.0,0.0,1.0,1.0,0.0,0.0,2.697,0.0,0.0,0.0,7.31899951622758,-421.0,0.0,7.197998387425267,417.0,0.0,0.0,4.983,104.0,4.983,109.0,0.682,0.0,4.952,193.0,4.962,188.0,4.967,61.0,4.976,39.0,23.96819,23.63167,23.66568,23.38823,27.90977,25.4521,23.96819,24.42464,23.859,23.5,26.0,24.5,23.5,23.5,0.0,910.25,,2.0,0.0,0.0,77.180115,77.180115,77.180115,77.180115,77.180115,77.180115,77.180115,77.180115,77.180115,77.180115,77.180115,77.180115,77.180115,77.180115,77.180115,77.180115,74.309649,74.309649,74.309649,74.309649,0.0,0.0,100.0,101.0,102.0,101.0,101.0,68.549,3001.5660000000003,518.232,955.736,194.064,True,False,
2026-12-03 10:54:47.423,5.0,0.0,0.0,1.0,12.0,0.0,0.0,1.0,0.0,0.0,0.0,1.0,1.0,0.0,0.0,2.697,1.0,0.0,0.0,7.318999190339852,-421.0,0.0,7.201997301132839,418.0,0.0,0.0,4.982,107.0,4.982,107.0,0.682,0.0,4.951,192.0,4.962,195.0,4.967,61.0,4.976,39.0,23.97177,23.64241,23.67821,23.37928,27.92409,25.47179,23.98251,24.43717,23.87153,23.5,26.0,24.5,23.5,23.5,0.0,910.25,,2.0,0.0,0.0,77.180115,77.180115,77.180115,77.180115,77.180115,77.180115,77.180115,77.180115,77.180115,77.180115,77.180115,77.180115,77.180115,77.180115,77.180115,77.180115,74.309649,74.309649,74.309649,74.309649,0.0,0.0,100.0,101.0,102.0,101.0,101.0,69.001,3010.436,533.0740000000001,950.5919999999999,194.064,True,False,
2026-12-03 10:54:48.125,5.0,0.0,0.0,1.0,12.0,0.0,0.0,1.0,0.0,0.0,0.0,1.0,1.0,0.0,0.0,2.697,0.0,0.0,0.0,7.318998658404858,-421.0,0.0,7.201995528016194,418.0,0.0,0.0,4.981,106.0,4.982,107.0,0.682,0.0,4.952,192.0,4.962,195.0,4.967,61.0,4.976,62.0,23.97714,23.63704,23.67105,23.39539,27.92946,25.4879,23.97714,24.44791,23.86258,23.5,26.0,24.5,23.5,23.5,0.0,910.25,,2.0,0.0,0.0,77.180115,77.180115,77.180115,77.180115,77.180115,77.180115,77.180115,77.180115,77.180115,77.180115,77.180115,77.180115,77.180115,77.180115,77.180115,77.180115,74.309649,74.309649,74.309649,74.309649,0.0,0.0,100.0,101.0,102.0,101.0,101.0,69.703,3010.436,527.986,950.784,308.512,True,False,
2026-12-03 10:54:48.473,5.0,0.0,0.0,1.0,13.0,0.0,0.0,1.0,0.0,0.0,0.0,1.0,1.0,0.0,0.0,2.697,0.0,0.0,0.0,7.318997799115532,-421.0,0.0,7.20299266371844,418.0,0.0,0.0,4.981,106.0,4.982,109.0,0.682,0.0,4.952,202.0,4.962,191.0,4.967,62.0,4.976,62.0,23.9664,23.63346,23.67463,23.39181,27.93662,25.5058,23.98251,24.43896,23.8769,23.5,26.0,24.5,23.5,23.5,0.0,910.25,,2.0,0.0,0.0,77.180115,77.180115,77.180115,77.180115,77.180115,77.180115,77.180115,77.180115,77.180115,77.180115,77.180115,77.180115,77.180115,77.180115,77.180115,77.180115,74.309649,74.309649,74.309649,74.309649,0.0,0.0,100.0,101.0,102.0,101.0,101.0,70.051,3010.8540000000003,527.986,1000.304,308.512,True,False,
2026-12-03 10:54:48.923,5.0,0.0,0.0,1.0,13.0,0.0,0.0,1.0,0.0,0.0,0.0,1.0,1.0,0.0,0.0,2.697,0.0,0.0,0.0,7.31899642537845,-421.0,0.0,7.2019880845948325,418.0,0.0,0.0,4.982,107.0,4.981,109.0,0.682,0.0,4.952,192.0,4.963,198.0,4.967,62.0,4.976,62.0,23.96282,23.63704,23.67105,23.38823,27.96168,25.51117,23.97356,24.44254,23.85542,23.5,26.0,24.5,23.5,23.5,0.0,910.25,,2.0,0.0,0.0,77.180115,77.180115,77.180115,77.180115,77.180115,77.180115,77.180115,77.180115,77.180115,77.180115,77.180115,77.180115,77.180115,77.180115,77.180115,77.180115,74.309649,74.309649,74.309649,74.309649,0.0,0.0,100.0,101.0,102.0,101.0,101.0,70.501,3010.436,533.0740000000001,950.784,308.512,True,False,
2026-12-03 10:54:49.627,5.0,0.0,0.0,1.0,14.0,0.0,0.0,1.0,0.0,0.0,0.0,1.0,1.0,0.0,0.0,2.697,0.0,0.0,0.0,7.318994251957797,-421.0,0.0,7.200980839859322,420.0,0.0,0.0,4.982,106.0,4.982,266.0,0.682,0.0,4.95,205.0,4.962,187.0,4.968,60.0,4.976,62.0,23.97893,23.64241,23.67821,23.38465,27.95631,25.52012,23.98967,24.45149,23.86258,23.5,26.0,24.5,23.0,23.5,0.0,910.25,,2.0,0.0,0.0,77.180115,77.180115,77.180115,77.180115,77.180115,77.180115,77.180115,77.180115,77.180115,77.180115,77.180115,77.180115,77.180115,77.180115,77.180115,77.180115,74.309649,74.309649,74.309649,74.309649,0.0,0.0,100.0,101.0,102.0,101.0,101.0,71.205,3024.4199999999996,528.092,1014.75,308.512,True,False,
2026-12-03 10:54:49.978,5.0,0.0,0.0,1.0,14.0,0.0,0.0,1.0,0.0,0.0,0.0,1.0,1.0,0.0,0.0,2.697,0.0,0.0,0.0,7.318990849035254,-421.0,0.0,7.20196949678418,420.0,0.0,0.0,4.983,106.0,4.982,109.0,0.682,0.0,4.951,188.0,4.962,195.0,4.968,61.0,4.976,61.0,23.97535,23.64599,23.68,23.39539,27.98853,25.53981,23.98788,24.45507,23.87332,23.5,26.0,24.5,23.5,23.5,0.0,910.25,,2.0,0.0,0.0,77.180115,77.180115,77.180115,77.180115,77.180115,77.180115,77.180115,77.180115,77.180115,77.180115,77.180115,77.180115,77.180115,77.180115,77.180115,77.180115,74.309649,74.309649,74.309649,74.309649,0.0,0.0,100.0,101.0,102.0,101.0,101.0,71.556,3024.84,528.198,930.7879999999999,303.536,True,False,
2026-12-03 10:54:50.427,5.0,0.0,0.0,1.0,15.0,0.0,0.0,1.0,0.0,0.0,0.0,1.0,1.0,0.0,0.0,2.697,0.0,0.0,0.0,7.318985576492938,-421.0,0.0,7.1999519216431285,422.0,0.0,0.0,4.982,107.0,4.981,109.0,0.682,0.0,4.953,203.0,4.962,195.0,4.968,62.0,4.976,61.0,23.96461,23.64778,23.68,23.39181,27.99927,25.5416,24.00041,24.4497,23.86258,23.5,26.0,24.5,23.5,23.5,0.0,910.25,,2.0,0.0,0.0,77.180115,77.180115,77.180115,77.180115,77.180115,77.180115,77.180115,77.180115,77.180115,77.180115,77.180115,77.180115,77.180115,77.180115,77.180115,77.180115,74.309649,74.309649,74.309649,74.309649,0.0,0.0,100.0,101.0,102.0,101.0,101.0,72.005,3038.4,533.0740000000001,1005.4590000000001,303.536,True,False,
2026-12-03 10:54:51.128,5.0,0.0,0.0,1.0,15.0,0.0,0.0,1.0,0.0,0.0,0.0,1.0,1.0,0.0,0.0,2.697,0.0,0.0,0.0,7.318977492258641,-421.0,0.0,7.20192497419547,418.0,0.0,0.0,4.983,105.0,4.981,266.0,0.682,0.0,4.951,191.0,4.963,198.0,4.968,60.0,4.976,61.0,23.97714,23.63704,23.69432,23.39002,28.00643,25.56666,23.99504,24.45507,23.86974,23.5,26.0,24.5,23.0,23.5,0.0,910.25,,2.0,0.0,0.0,77.180115,77.180115,77.180115,77.180115,77.180115,77.180115,77.180115,77.180115,77.180115,77.180115,77.180115,77.180115,77.180115,77.180115,77.180115,77.180115,74.309649,74.309649,74.309649,74.309649,0.0,0.0,100.0,101.0,102.0,101.0,101.0,72.706,3010.436,523.2149999999999,945.641,303.536,True,False,
2026-12-03 10:54:51.479,5.0,0.0,0.0,1.0,16.0,0.0,0.0,1.0,0.0,0.0,0.0,1.0,1.0,0.0,0.0,2.697,0.0,0.0,0.0,7.31896522637106,-421.0,0.0,7.200884087903533,417.0,0.0,0.0,4.982,105.0,4.982,107.0,0.681,0.0,4.953,202.0,4.962,190.0,4.968,60.0,4.976,61.0,23.98251,23.65852,23.68895,23.39181,28.01538,25.5774,23.99504,24.46581,23.86616,23.5,26.0,24.5,23.5,23.5,0.0,910.25,,2.0,0.0,0.0,77.180115,77.180115,77.180115,77.180115,77.180115,77.180115,77.180115,77.180115,77.180115,77.180115,77.180115,77.180115,77.180115,77.180115,77.180115,77.180115,74.309649,74.309649,74.309649,74.309649,0.0,0.0,100.0,101.0,102.0,101.0,101.0,73.057,3002.817,523.11,1000.5060000000001,303.536,True,False,
2026-12-03 10:54:51.929,5.0,0.0,0.0,1.0,16.0,0.0,0.0,1.0,0.0,0.0,0.0,1.0,1.0,0.0,0.0,2.697,0.0,0.0,0.0,7.318946810590316,-421.0,0.0,7.201822701967721,417.0,0.0,0.0,4.981,106.0,4.983,267.0,0.681,0.0,4.951,191.0,4.961,193.0,4.967,60.0,4.976,58.0,23.97356,23.65494,23.68895,23.3936,28.0118,25.58456,24.00757,24.4676,23.87153,23.5,26.0,24.5,23.5,23.5,0.0,910.25,,2.0,0.0,0.0,77.180115,77.180115,77.180115,77.180115,77.180115,77.180115,77.180115,77.180115,77.180115,77.180115,77.180115,77.180115,77.180115,77.180115,77.180115,77.180115,74.309649,74.309649,74.309649,74.309649,0.0,0.0,100.0,101.0,102.0,101.0,101.0,73.507,3003.234,527.986,945.641,288.608,True,False,
2026-12-03 10:54:52.629,5.0,0.0,0.0,1.0,17.0,0.0,0.0,1.0,0.0,0.0,0.0,1.0,1.0,0.0,0.0,2.697,1.0,0.0,0.0,7.318919451514261,-421.0,0.0,7.200731505047535,418.0,0.0,0.0,4.982,104.0,4.981,107.0,0.681,0.0,4.953,203.0,4.963,195.0,4.967,61.0,4.976,58.0,23.97714,23.65494,23.68716,23.39897,28.05834,25.58635,24.0022,24.47476,23.87332,23.5,26.0,24.5,23.5,23.5,0.0,910.25,,2.0,0.0,0.0,77.180115,77.180115,77.180115,77.180115,77.180115,77.180115,77.180115,77.180115,77.180115,77.180115,77.180115,77.180115,77.180115,77.180115,77.180115,77.180115,74.309649,74.309649,74.309649,74.309649,0.0,0.0,100.0,101.0,102.0,101.0,101.0,74.207,3010.018,518.128,1005.4590000000001,288.608,True,False,
2026-12-03 10:54:52.981,5.0,0.0,0.0,1.0,17.0,0.0,0.0,1.0,0.0,0.0,0.0,1.0,1.0,0.0,0.0,2.697,1.0,0.0,0.0,7.318879233453955,-421.0,0.0,7.2015974448465165,418.0,0.0,0.0,4.982,105.0,4.982,267.0,0.682,0.0,4.951,191.0,4.96,191.0,4.967,61.0,4.976,58.0,23.97535,23.65494,23.70148,23.3936,28.05118,25.60067,24.01294,24.47476,23.88406,23.5,26.0,24.5,23.5,23.5,0.0,910.25,,2.0,0.0,0.0,77.180115,77.180115,77.180115,77.180115,77.180115,77.180115,77.180115,77.180115,77.180115,77.180115,77.180115,77.180115,77.180115,77.180115,77.180115,77.180115,74.309649,74.309649,74.309649,74.309649,0.0,0.0,100.0,101.0,102.0,101.0,101.0,74.559,3010.436,523.11,945.641,288.608,True,False,
2026-12-03 10:54:53.431,5.0,0.0,0.0,1.0,18.0,0.0,0.0,1.0,0.0,0.0,0.0,1.0,1.0,0.0,0.0,2.697,0.0,0.0,0.0,7.3188207360482584,-421.0,0.0,7.2004024534941955,420.0,0.0,0.0,4.982,107.0,4.981,107.0,0.681,0.0,4.952,202.0,4.963,196.0,4.968,60.0,4.976,58.0,23.98072,23.65673,23.69611,23.39718,28.05834,25.6132,24.01831,24.47834,23.88048,23.5,26.0,24.5,23.5,23.5,0.0,910.25,,2.0,0.0,0.0,77.180115,77.180115,77.180115,77.180115,77.180115,77.180115,77.180115,77.180115,77.180115,77.180115,77.180115,77.180115,77.180115,77.180115,77.180115,77.180115,74.309649,74.309649,74.309649,74.309649,0.0,0.0,100.0,101.0,102.0,101.0,101.0,75.009,3024.4199999999996,533.0740000000001,1000.304,288.608,True,False,
2026-12-03 10:54:54.135,5.0,0.0,0.0,1.0,18.0,0.0,0.0,1.0,0.0,0.0,0.0,1.0,1.0,0.0,0.0,2.697,0.0,0.0,0.0,7.318736551129203,-421.0,0.0,7.201121837097343,421.0,0.0,0.0,4.982,105.0,4.981,266.0,0.683,1.0,4.951,195.0,4.962,192.0,4.967,60.0,4.976,61.0,23.97714,23.65852,23.70506,23.3936,28.06908,25.62394,24.02189,24.48371,23.87869,23.5,26.0,24.5,23.5,23.5,0.0,910.25,,2.0,0.0,0.0,77.180115,77.180115,77.180115,77.180115,77.180115,77.180115,77.180115,77.180115,77.180115,77.180115,77.180115,77.180115,77.180115,77.180115,77.180115,77.180115,74.309649,74.309649,74.309649,74.309649,0.0,0.0,100.0,101.0,102.0,101.0,101.0,75.713,3032.042,523.11,965.4449999999999,303.536,True,False,
2026-12-03 10:54:54.486,5.0,0.0,0.0,1.0,19.0,0.0,0.0,1.0,0.0,0.0,0.0,1.0,1.0,0.0,0.0,2.697,0.0,0.0,0.0,7.3186166841548,-421.0,0.0,7.200722280515999,421.0,0.0,0.0,4.982,107.0,4.982,266.0,0.682,0.0,4.953,203.0,4.962,192.0,4.968,61.0,4.976,61.0,23.97893,23.66926,23.70148,23.40076,28.10667,25.62036,24.01652,24.48908,23.87153,23.5,26.0,24.5,23.5,23.5,0.0,910.25,,2.0,0.0,0.0,77.180115,77.180115,77.180115,77.180115,77.180115,77.180115,77.180115,77.180115,77.180115,77.180115,77.180115,77.180115,77.180115,77.180115,77.180115,77.180115,74.309649,74.309649,74.309649,74.309649,0.0,0.0,100.0,101.0,102.0,101.0,101.0,76.064,3032.042,533.0740000000001,1005.4590000000001,303.536,True,False,
2026-12-03 10:54:54.938,5.0,0.0,0.0,1.0,19.0,0.0,0.0,1.0,0.0,0.0,0.0,1.0,1.0,0.0,0.0,2.697,0.0,0.0,0.0,7.318447828155443,-421.0,0.0,7.19915942718481,418.0,0.0,0.0,4.982,105.0,4.982,109.0,0.682,0.0,4.951,192.0,4.962,197.0,4.967,61.0,4.976,61.0,23.97893,23.65673,23.71043,23.39002,28.10488,25.64184,24.02905,24.4855,23.87153,23.5,26.0,24.5,23.0,23.5,0.0,910.25,,2.0,0.0,0.0,77.180115,77.180115,77.180115,77.180115,77.180115,77.180115,77.180115,77.180115,77.180115,77.180115,77.180115,77.180115,77.180115,77.180115,77.180115,77.180115,74.309649,74.309649,74.309649,74.309649,0.0,0.0,100.0,101.0,102.0,101.0,101.0,76.516,3010.018,523.11,950.5919999999999,303.536,True,False,
2026-12-03 10:54:55.638,5.0,0.0,0.0,1.0,,0.0,0.0,1.0,0.0,0.0,0.0,1.0,1.0,0.0,0.0,2.697,0.0,0.0,0.0,7.318212503197454,-421.0,0.0,7.197375010658181,421.0,0.0,0.0,4.982,106.0,4.982,109.0,0.681,0.0,4.953,203.0,4.961,190.0,4.967,61.0,4.976,61.0,23.98072,23.65673,23.69611,23.39539,28.13352,25.66153,24.03979,24.49624,23.87511,23.5,26.0,24.5,23.5,23.5,0.0,910.25,,2.0,0.0,0.0,77.180115,77.180115,77.180115,77.180115,77.180115,77.180115,77.180115,77.180115,77.180115,77.180115,77.180115,77.180115,77.180115,77.180115,77.180115,77.180115,74.309649,74.309649,74.309649,74.309649,0.0,0.0,100.0,101.0,102.0,101.0,101.0,77.216,3031.2000000000003,528.092,1005.4590000000001,303.536,True,False,
2026-12-03 10:54:55.991,5.0,0.0,0.0,1.0,,0.0,0.0,1.0,0.0,0.0,0.0,1.0,1.0,0.0,0.0,2.697,0.0,0.0,0.0,7.317888062453035,-421.0,0.0,7.197293541510115,420.0,0.0,0.0,4.982,107.0,4.981,109.0,0.681,1.0,4.951,193.0,4.963,195.0,4.967,61.0,4.976,60.0,23.98967,23.66926,23.71043,23.39181,28.14426,25.67048,24.02726,24.50519,23.88406,23.5,26.0,24.5,23.5,23.5,0.0,910.25,,2.0,0.0,0.0,77.180115,77.180115,77.180115,77.180115,77.180115,77.180115,77.180115,77.180115,77.180115,77.180115,77.180115,77.180115,77.180115,77.180115,77.180115,77.180115,74.309649,74.309649,74.309649,74.309649,0.0,0.0,100.0,101.0,102.0,101.0,101.0,77.569,3024.4199999999996,533.0740000000001,955.5429999999999,298.56,True,False,
2026-12-03 10:54:56.441,5.0,0.0,0.0,1.0,,0.0,0.0,1.0,0.0,0.0,0.0,1.0,1.0,0.0,0.0,2.697,0.0,0.0,0.0,7.317445577597252,-421.0,0.0,7.1958185919908395,421.0,0.0,0.0,4.983,106.0,4.981,266.0,0.681,0.0,4.953,205.0,4.961,193.0,4.97,61.0,4.976,60.0,23.98967,23.66389,23.70506,23.39539,28.14247,25.69375,24.03084,24.49445,23.88227,23.5,26.0,24.5,23.5,23.5,0.0,910.25,,2.0,0.0,0.0,77.180115,77.180115,77.180115,77.180115,77.180115,77.180115,77.180115,77.180115,77.180115,77.180115,77.180115,77.180115,77.180115,77.180115,77.180115,77.180115,74.309649,74.309649,74.309649,74.309649,0.0,0.0,100.0,101.0,102.0,101.0,101.0,78.019,3031.6209999999996,528.198,1015.365,298.56,True,False,
2026-12-03 10:54:57.143,5.0,0.0,0.0,1.0,,0.0,0.0,1.0,0.0,0.0,0.0,1.0,1.0,0.0,0.0,2.697,0.0,0.0,0.0,7.316848631757797,-421.0,0.0,7.189828772525993,420.0,0.0,0.0,4.982,107.0,4.982,266.0,0.681,1.0,4.95,192.0,4.962,193.0,4.967,58.0,4.976,60.0,23.98967,23.67821,23.71043,23.3936,28.1729,25.69554,24.03442,24.51414,23.8769,23.5,26.0,24.5,23.5,23.5,0.0,910.25,,2.0,0.0,0.0,77.180115,77.180115,77.180115,77.180115,77.180115,77.180115,77.180115,77.180115,77.180115,77.180115,77.180115,77.180115,77.180115,77.180115,77.180115,77.180115,74.309649,74.309649,74.309649,74.309649,0.0,0.0,100.0,101.0,102.0,101.0,101.0,78.721,3022.7400000000002,533.0740000000001,950.4000000000001,298.56,True,False,
2026-12-03 10:54:57.494,5.0,0.0,0.0,1.0,,0.0,0.0,1.0,0.0,0.0,0.0,1.0,1.0,0.0,0.0,2.67,0.0,0.0,0.0,7.3150520676348245,-404.0,0.0,7.191173558782751,421.0,0.0,0.0,4.981,106.0,4.982,109.0,0.682,0.0,4.952,203.0,4.962,200.0,4.967,61.0,4.976,60.0,23.99683,23.67284,23.71759,23.40076,28.18364,25.70986,24.038,24.51593,23.88227,23.5,26.0,24.5,23.5,23.5,0.0,910.25,,2.0,0.0,0.0,77.180115,77.180115,77.180115,77.180115,77.180115,77.180115,77.180115,77.180115,77.180115,77.180115,77.180115,77.180115,77.180115,77.180115,77.180115,77.180115,74.309649,74.309649,74.309649,74.309649,0.0,0.0,100.0,101.0,102.0,101.0,101.0,79.072,3031.6209999999996,527.986,1005.256,298.56,True,False,
2026-12-03 10:54:57.943,5.0,0.0,0.0,1.0,,0.0,0.0,1.0,0.0,0.0,0.0,1.0,1.0,0.0,0.0,2.187,0.0,0.0,0.0,7.314000761246232,-405.0,0.0,7.187669204154109,417.0,0.0,0.0,4.982,106.0,4.982,109.0,0.682,1.0,4.951,195.0,4.961,188.0,4.967,61.0,4.976,60.0,23.99683,23.67642,23.7158,23.39897,28.19259,25.72597,24.04695,24.50698,23.87869,23.5,26.0,24.5,23.0,23.5,0.0,910.25,,2.0,0.0,0.0,77.180115,77.180115,77.180115,77.180115,77.180115,77.180115,77.180115,77.180115,77.180115,77.180115,77.180115,77.180115,77.180115,77.180115,77.180115,77.180115,74.309649,74.309649,74.309649,74.309649,0.0,0.0,100.0,101.0,102.0,101.0,101.0,79.521,3002.817,528.092,965.4449999999999,298.56,True,False,
2026-12-03 10:54:58.645,5.0,0.0,0.0,1.0,,0.0,0.0,1.0,0.0,0.0,0.0,1.0,1.0,0.0,0.0,3.38,0.0,0.0,0.0,7.313628517015135,-420.0,0.0,7.183095056717118,418.0,0.0,0.0,4.981,106.0,4.982,266.0,0.682,0.0,4.952,200.0,4.962,193.0,4.967,61.0,4.976,60.0,23.99504,23.66568,23.7158,23.40255,28.21228,25.74387,24.04874,24.51593,23.88227,23.5,26.0,24.5,23.5,23.5,0.0,910.25,,2.0,0.0,0.0,77.180115,77.180115,77.180115,77.180115,77.180115,77.180115,77.180115,77.180115,77.180115,77.180115,77.180115,77.180115,77.180115,77.180115,77.180115,77.180115,74.309649,74.309649,74.309649,74.309649,0.0,0.0,100.0,101.0,102.0,101.0,101.0,80.223,3010.018,527.986,990.4,298.56,True,False,
2026-12-03 10:54:58.995,5.0,0.0,0.0,1.0,,0.0,0.0,1.0,0.0,0.0,0.0,1.0,1.0,0.0,0.0,3.126,0.0,0.0,0.0,7.311857205892027,-416.0,0.0,7.177190686306755,418.0,0.0,0.0,4.982,109.0,4.981,266.0,0.681,0.0,4.952,198.0,4.963,191.0,4.968,60.0,4.976,60.0,24.00399,23.68179,23.7158,23.3936,28.23734,25.75282,24.05232,24.52667,23.88406,23.5,26.0,24.5,23.5,23.5,0.0,910.25,,2.0,0.0,0.0,77.180115,77.180115,77.180115,77.180115,77.180115,77.180115,77.180115,77.180115,77.180115,77.180115,77.180115,77.180115,77.180115,77.180115,77.180115,77.180115,74.309649,74.309649,74.309649,74.309649,0.0,0.0,100.0,101.0,102.0,101.0,101.0,80.573,3010.018,543.038,980.496,298.56,True,False,
2026-12-03 10:54:59.446,5.0,0.0,0.0,1.0,,0.0,0.0,1.0,0.0,0.0,0.0,1.0,1.0,0.0,0.0,2.812,0.0,0.0,0.0,7.309596292452589,-412.0,0.0,7.169654308175298,420.0,0.0,0.0,4.983,105.0,4.982,266.0,0.682,0.0,4.953,200.0,4.96,188.0,4.967,61.0,4.976,60.0,24.0022,23.67284,23.7158,23.40255,28.23197,25.76535,24.05232,24.51056,23.88227,23.5,26.0,24.5,23.5,23.5,0.0,910.25,,2.0,0.0,0.0,77.180115,77.180115,77.180115,77.180115,77.180115,77.180115,77.180115,77.180115,77.180115,77.180115,77.180115,77.180115,77.180115,77.180115,77.180115,77.180115,74.309649,74.309649,74.309649,74.309649,0.0,0.0,100.0,101.0,102.0,101.0,101.0,81.024,3024.4199999999996,523.2149999999999,990.6,298.56,True,False,
2026-12-03 10:55:00.147,5.0,0.0,0.0,1.0,,0.0,0.0,1.0,0.0,0.0,0.0,1.0,1.0,0.0,0.0,2.665,0.0,0.0,0.0,7.306742916295544,-410.0,0.0,7.16114305431848,421.0,0.0,0.0,4.982,105.0,4.982,266.0,0.681,0.0,4.955,200.0,4.962,198.0,4.968,62.0,4.976,61.0,24.01294,23.67821,23.71938,23.40076,28.25166,25.7743,24.04874,24.52309,23.88227,23.5,26.0,24.5,23.5,23.5,0.0,910.25,,2.0,0.0,0.0,77.180115,77.180115,77.180115,77.180115,77.180115,77.180115,77.180115,77.180115,77.180115,77.180115,77.180115,77.180115,77.180115,77.180115,77.180115,77.180115,74.309649,74.309649,74.309649,74.309649,0.0,0.0,100.0,101.0,102.0,101.0,101.0,81.725,3032.042,523.11,991.0,303.536,True,False,
2026-12-03 10:55:00.498,5.0,0.0,0.0,1.0,,0.0,0.0,1.0,0.0,0.0,0.0,1.0,1.0,0.0,0.0,2.662,0.0,0.0,0.0,7.302182703895573,-408.0,0.0,7.148275679651911,422.0,0.0,0.0,4.982,106.0,4.982,266.0,0.682,0.0,4.955,200.0,4.962,188.0,4.968,60.0,4.976,61.0,24.00757,23.68537,23.71938,23.39718,28.25524,25.77788,24.06306,24.52488,23.88048,23.5,26.0,24.5,23.5,23.5,0.0,910.25,,2.0,0.0,0.0,77.180115,77.180115,77.180115,77.180115,77.180115,77.180115,77.180115,77.180115,77.180115,77.180115,77.180115,77.180115,77.180115,77.180115,77.180115,77.180115,74.309649,74.309649,74.309649,74.309649,0.0,0.0,100.0,101.0,102.0,101.0,101.0,82.076,3038.8219999999997,528.092,991.0,303.536,True,False,
2026-12-03 10:55:00.948,5.0,0.0,0.0,1.0,,0.0,0.0,1.0,0.0,0.0,0.0,1.0,1.0,0.0,0.0,2.709,0.0,0.0,0.0,7.299791485379712,-407.0,0.0,7.134638284599039,420.0,0.0,0.0,4.982,106.0,4.982,266.0,0.681,0.0,4.951,198.0,4.963,200.0,4.966,61.0,4.976,61.0,24.01473,23.69611,23.72833,23.39897,28.26598,25.80115,24.05948,24.54278,23.88227,23.5,26.0,24.5,23.5,23.5,0.0,910.25,,2.0,0.0,0.0,77.180115,77.180115,77.180115,77.180115,77.180115,77.180115,77.180115,77.180115,77.180115,77.180115,77.180115,77.180115,77.180115,77.180115,77.180115,77.180115,74.309649,74.309649,74.309649,74.309649,0.0,0.0,100.0,101.0,102.0,101.0,101.0,82.526,3024.84,528.092,980.2979999999999,303.536,True,False,
2026-12-03 10:55:01.650,5.0,0.0,0.0,1.0,20.0,0.0,0.0,1.0,0.0,0.0,0.0,1.0,1.0,0.0,0.0,2.696,0.0,0.0,0.0,7.29343807265373,-404.0,0.0,7.116793575512435,418.0,0.0,0.0,4.982,105.0,4.98,266.0,0.682,0.0,4.951,198.0,4.962,196.0,4.967,60.0,4.976,61.0,24.00936,23.69253,23.71938,23.40434,28.27493,25.80294,24.07201,24.54099,23.88227,23.5,26.0,24.5,23.5,23.5,0.0,910.25,,2.0,0.0,0.0,77.180115,77.180115,77.180115,77.180115,77.180115,77.180115,77.180115,77.180115,77.180115,77.180115,77.180115,77.180115,77.180115,77.180115,77.180115,77.180115,74.309649,74.309649,74.309649,74.309649,0.0,0.0,100.0,101.0,102.0,101.0,101.0,83.228,3010.436,523.11,980.2979999999999,303.536,True,False,
2026-12-03 10:55:02.002,5.0,0.0,0.0,1.0,20.0,0.0,0.0,1.0,0.0,0.0,0.0,1.0,1.0,0.0,0.0,2.675,0.0,0.0,0.0,7.28598821771462,-402.0,0.0,7.094294059048736,418.0,0.0,0.0,4.982,106.0,4.981,109.0,0.682,0.0,4.951,200.0,4.962,190.0,4.967,61.0,4.976,58.0,24.01473,23.68,23.7337,23.39897,28.32505,25.81726,24.06306,24.53741,23.88048,23.5,26.0,24.5,23.5,24.0,0.0,910.25,,2.0,0.0,0.0,77.180115,77.180115,77.180115,77.180115,77.180115,77.180115,77.180115,77.180115,77.180115,77.180115,77.180115,77.180115,77.180115,77.180115,77.180115,77.180115,74.309649,74.309649,74.309649,74.309649,0.0,0.0,100.0,101.0,102.0,101.0,101.0,83.58,3010.018,528.092,990.1999999999999,288.608,True,False,
2026-12-03 10:55:02.451,5.0,0.0,0.0,1.0,21.0,0.0,0.0,1.0,0.0,0.0,0.0,1.0,1.0,0.0,0.0,2.706,0.0,0.0,0.0,7.2793098108903855,-402.0,0.0,7.067699369634618,420.0,0.0,0.0,4.982,104.0,4.981,109.0,0.682,0.0,4.952,197.0,4.963,197.0,4.968,61.0,4.976,58.0,24.00936,23.69611,23.7158,23.40613,28.3161,25.83516,24.06485,24.54815,23.88227,23.5,26.0,24.5,23.5,24.0,0.0,910.25,,2.0,0.0,0.0,77.180115,77.180115,77.180115,77.180115,77.180115,77.180115,77.180115,77.180115,77.180115,77.180115,77.180115,77.180115,77.180115,77.180115,77.180115,77.180115,74.309649,74.309649,74.309649,74.309649,0.0,0.0,100.0,101.0,102.0,101.0,101.0,84.029,3024.0,518.128,975.544,288.608,True,False,
2026-12-03 10:55:03.153,5.0,0.0,0.0,1.0,21.0,0.0,0.0,1.0,0.0,0.0,0.0,1.0,1.0,0.0,0.0,2.703,0.0,0.0,0.0,7.270279298034819,-400.0,0.0,7.039597660116065,421.0,0.0,0.0,4.983,106.0,4.981,107.0,0.682,0.0,4.951,200.0,4.961,188.0,4.967,61.0,4.976,58.0,24.01652,23.70327,23.73907,23.40076,28.31431,25.84232,24.07201,24.54994,23.88585,23.5,26.0,25.0,23.5,24.0,0.0,910.25,,2.0,0.0,0.0,77.180115,77.180115,77.180115,77.180115,77.180115,77.180115,77.180115,77.180115,77.180115,77.180115,77.180115,77.180115,77.180115,77.180115,77.180115,77.180115,74.309649,74.309649,74.309649,74.309649,0.0,0.0,100.0,101.0,102.0,101.0,101.0,84.731,3032.042,528.198,990.1999999999999,288.608,True,True,P1_sysv_sag
2026-12-03 10:55:03.503,5.0,0.0,0.0,1.0,22.0,0.0,0.0,1.0,0.0,0.0,0.0,1.0,1.0,0.0,0.0,2.734,0.0,0.0,0.0,7.257789195632224,-410.0,0.0,7.002630652107414,418.0,0.0,0.0,4.982,105.0,4.982,267.0,0.681,0.0,4.951,198.0,4.963,198.0,4.967,62.0,4.976,58.0,24.02547,23.68,23.72654,23.39897,28.33579,25.85485,24.07559,24.55352,23.88048,23.5,26.5,25.0,23.5,24.0,0.0,910.25,,2.0,0.0,0.0,77.180115,77.180115,77.180115,77.180115,77.180115,77.180115,77.180115,77.180115,77.180115,77.180115,77.180115,77.180115,77.180115,77.180115,77.180115,77.180115,74.309649,74.309649,74.309649,74.309649,0.0,0.0,100.0,101.0,102.0,101.0,101.0,85.081,3009.6,523.11,980.2979999999999,288.608,True,True,P1_sysv_sag
2026-12-03 10:55:03.952,5.0,0.0,0.0,1.0,22.0,0.0,0.0,1.0,0.0,0.0,0.0,1.0,1.0,0.0,0.0,2.75,0.0,0.0,0.0,7.247756468329898,-422.0,0.0,6.964521561099662,420.0,0.0,0.0,4.981,102.0,4.982,266.0,0.681,0.0,4.951,200.0,4.962,195.0,4.968,61.0,4.976,39.0,24.00936,23.6979,23.73012,23.40792,28.33042,25.86201,24.08096,24.56426,23.88227,23.5,26.5,25.0,23.5,24.0,0.0,910.25,,2.0,0.0,0.0,77.180115,77.180115,77.180115,77.180115,77.180115,77.180115,77.180115,77.180115,77.180115,77.180115,77.180115,77.180115,77.180115,77.180115,77.180115,77.180115,74.309649,74.309649,74.309649,74.309649,0.0,0.0,100.0,101.0,102.0,101.0,101.0,85.53,3024.84,508.062,990.1999999999999,194.064,True,True,P1_sysv_sag
2026-12-03 10:55:04.653,5.0,0.0,0.0,1.0,23.0,0.0,0.0,1.0,0.0,0.0,0.0,1.0,1.0,0.0,0.0,2.83,0.0,0.0,0.0,7.234131412439889,-425.0,0.0,6.918104708132963,420.0,0.0,0.0,4.982,107.0,4.981,109.0,0.682,0.0,4.95,190.0,4.961,193.0,4.967,61.0,4.976,39.0,24.03084,23.69432,23.73728,23.40613,28.33042,25.88349,24.09528,24.5571,23.88406,23.5,26.5,25.0,23.5,24.0,0.0,910.25,,2.0,0.0,0.0,77.180115,77.180115,77.180115,77.180115,77.180115,77.180115,77.180115,77.180115,77.180115,77.180115,77.180115,77.180115,77.180115,77.180115,77.180115,77.180115,74.309649,74.309649,74.309649,74.309649,0.0,0.0,100.0,101.0,102.0,101.0,101.0,86.231,3024.4199999999996,533.0740000000001,940.5,194.064,True,True,P1_sysv_sag
2026-12-03 10:55:05.003,5.0,0.0,0.0,1.0,23.0,0.0,0.0,1.0,0.0,0.0,0.0,1.0,1.0,0.0,0.0,2.833,0.0,0.0,0.0,7.21790657183685,-424.0,0.0,6.867355239456167,420.0,0.0,0.0,4.981,105.0,4.981,266.0,0.682,0.0,4.951,203.0,4.962,196.0,4.967,61.0,4.976,39.0,24.0201,23.70148,23.73549,23.40076,28.38412,25.88349,24.07738,24.56605,23.88227,23.5,26.5,25.0,23.5,24.0,0.0,910.25,,2.0,0.0,0.0,77.180115,77.180115,77.180115,77.180115,77.180115,77.180115,77.180115,77.180115,77.180115,77.180115,77.180115,77.180115,77.180115,77.180115,77.180115,77.180115,74.309649,74.309649,74.309649,74.309649,0.0,0.0,100.0,101.0,102.0,101.0,101.0,86.581,3024.4199999999996,523.005,1005.0529999999999,194.064,True,True,P1_sysv_sag
2026-12-03 10:55:05.453,5.0,0.0,0.0,1.0,24.0,0.0,0.0,1.0,0.0,0.0,0.0,1.0,1.0,0.0,0.0,2.819,0.0,0.0,0.0,7.201125111750994,-423.0,0.0,6.81141703916998,420.0,0.0,0.0,4.982,107.0,4.981,109.0,0.681,0.0,4.951,186.0,4.962,192.0,4.967,60.0,4.976,39.0,24.03263,23.71043,23.74086,23.40255,28.39665,25.90497,24.08812,24.56784,23.88406,23.5,26.5,25.0,23.5,24.0,0.0,910.25,,2.0,0.0,0.0,77.180115,77.180115,77.180115,77.180115,77.180115,77.180115,77.180115,77.180115,77.180115,77.180115,77.180115,77.180115,77.180115,77.180115,77.180115,77.180115,74.309649,74.309649,74.309649,74.309649,0.0,0.0,100.0,101.0,102.0,101.0,101.0,87.031,3024.4199999999996,533.0740000000001,920.886,194.064,True,True,P1_sysv_sag
2026-12-03 10:55:06.154,5.0,0.0,0.0,1.0,24.0,0.0,0.0,1.0,0.0,0.0,0.0,1.0,1.0,0.0,0.0,2.922,0.0,0.0,0.0,7.181888004413496,-419.0,0.0,6.751626681378321,420.0,0.0,0.0,4.982,106.0,4.981,267.0,0.681,0.0,4.95,202.0,4.962,196.0,4.968,61.0,4.975,62.0,24.02368,23.70685,23.74265,23.3936,28.40381,25.8996,24.08454,24.56784,23.88764,23.5,26.5,25.0,23.5,23.5,0.0,910.25,,2.0,0.0,0.0,77.180115,77.180115,77.180115,77.180115,77.180115,77.180115,77.180115,77.180115,77.180115,77.180115,77.180115,77.180115,77.180115,77.180115,77.180115,77.180115,74.309649,74.309649,74.309649,74.309649,0.0,0.0,100.0,101.0,102.0,101.0,101.0,87.732,3024.84,528.092,999.9000000000001,308.45,True,True,P1_sysv_sag
2026-12-03 10:55:06.506,5.0,0.0,0.0,1.0,25.0,0.0,0.0,1.0,0.0,0.0,0.0,1.0,1.0,0.0,0.0,3.149,0.0,0.0,0.0,7.161359351044133,-416.0,0.0,6.684531170147113,420.0,0.0,0.0,4.982,106.0,4.982,266.0,0.682,0.0,4.952,187.0,4.962,195.0,4.967,60.0,4.975,62.0,24.038,23.70148,23.73907,23.39897,28.41455,25.92287,24.09349,24.57679,23.88943,23.5,26.5,25.0,23.5,23.5,0.0,910.25,,2.0,0.0,0.0,77.180115,77.180115,77.180115,77.180115,77.180115,77.180115,77.180115,77.180115,77.180115,77.180115,77.180115,77.180115,77.180115,77.180115,77.180115,77.180115,74.309649,74.309649,74.309649,74.309649,0.0,0.0,100.0,101.0,102.0,101.0,101.0,88.084,3024.0,528.092,926.024,308.45,True,True,P1_sysv_sag
2026-12-03 10:55:06.957,5.0,0.0,0.0,1.0,25.0,0.0,0.0,1.0,0.0,0.0,0.0,1.0,1.0,0.0,0.0,3.35,0.0,0.0,0.0,7.14276918785441,-415.0,0.0,6.616897292848034,418.0,0.0,0.0,4.981,106.0,4.982,107.0,0.682,0.0,4.951,205.0,4.962,192.0,4.967,61.0,4.975,62.0,24.01652,23.70506,23.74623,23.4115,28.41634,25.9354,24.10602,24.58216,23.88943,23.5,26.5,25.0,23.5,23.5,0.0,910.25,,2.0,0.0,0.0,77.180115,77.180115,77.180115,77.180115,77.180115,77.180115,77.180115,77.180115,77.180115,77.180115,77.180115,77.180115,77.180115,77.180115,77.180115,77.180115,74.309649,74.309649,74.309649,74.309649,0.0,0.0,100.0,101.0,102.0,101.0,101.0,88.535,3010.018,527.986,1014.9549999999999,308.45,True,True,P1_sysv_sag
2026-12-03 10:55:07.659,5.0,0.0,0.0,1.0,26.0,0.0,0.0,1.0,0.0,0.0,0.0,1.0,1.0,0.0,0.0,2.37,0.0,0.0,0.0,7.121413206409704,-420.0,0.0,6.5467106880323485,418.0,0.0,0.0,4.982,107.0,4.981,109.0,0.682,1.0,4.951,190.0,4.963,197.0,4.968,62.0,4.975,62.0,24.03979,23.7158,23.74981,23.40792,28.43424,25.94077,24.09528,24.59111,23.89122,23.5,26.5,25.0,23.5,23.5,0.0,910.25,,2.0,0.0,0.0,77.180115,77.180115,77.180115,77.180115,77.180115,77.180115,77.180115,77.180115,77.180115,77.180115,77.180115,77.180115,77.180115,77.180115,77.180115,77.180115,74.309649,74.309649,74.309649,74.309649,0.0,0.0,100.0,101.0,102.0,101.0,101.0,89.237,3010.436,533.0740000000001,940.6899999999999,308.45,True,True,P1_sysv_sag
2026-12-03 10:55:08.010,5.0,0.0,0.0,1.0,26.0,0.0,0.0,1.0,0.0,0.0,0.0,1.0,1.0,0.0,0.0,2.722,0.0,0.0,0.0,7.099648962503451,-425.0,0.0,6.47216320834484,420.0,0.0,0.0,4.982,106.0,4.982,107.0,0.683,0.0,4.951,203.0,4.962,190.0,4.967,60.0,4.976,38.0,24.03263,23.70864,23.74623,23.40971,28.43603,25.95867,24.10423,24.58753,23.89659,23.5,26.5,25.0,23.5,24.0,0.0,910.25,,2.0,0.0,0.0,77.180115,77.180115,77.180115,77.180115,77.180115,77.180115,77.180115,77.180115,77.180115,77.180115,77.180115,77.180115,77.180115,77.180115,77.180115,77.180115,74.309649,74.309649,74.309649,74.309649,0.0,0.0,100.0,101.0,102.0,101.0,101.0,89.588,3024.0,528.092,1005.0529999999999,189.088,True,True,P1_sysv_sag
2026-12-03 10:55:08.460,5.0,0.0,0.0,1.0,27.0,0.0,0.0,1.0,0.0,0.0,0.0,1.0,1.0,0.0,0.0,2.722,1.0,0.0,0.0,7.077888348090949,-425.0,0.0,6.399627826969831,420.0,0.0,0.0,4.981,266.0,4.981,268.0,0.682,0.0,4.95,186.0,4.961,193.0,4.968,60.0,4.976,38.0,24.02905,23.7158,23.75339,23.40434,28.44498,25.97478,24.10244,24.58753,23.88943,23.5,26.5,25.0,23.5,24.0,0.0,910.25,,2.0,0.0,0.0,77.180115,77.180115,77.180115,77.180115,77.180115,77.180115,77.180115,77.180115,77.180115,77.180115,77.180115,77.180115,77.180115,77.180115,77.180115,77.180115,74.309649,74.309649,74.309649,74.309649,0.0,0.0,100.0,101.0,102.0,101.0,101.0,90.038,3024.0,1324.946,920.7,189.088,True,True,P1_sysv_sag
2026-12-03 10:55:08.912,5.0,0.0,0.0,1.0,27.0,0.0,0.0,1.0,0.0,0.0,0.0,1.0,1.0,0.0,0.0,2.722,0.0,0.0,0.0,7.056586346653471,-425.0,0.0,6.329621155511571,420.0,0.0,0.0,4.982,105.0,4.982,109.0,0.681,0.0,4.951,205.0,4.962,195.0,4.968,60.0,4.976,38.0,24.03442,23.72117,23.76413,23.40971,28.47362,25.98015,24.11139,24.58932,23.88764,23.5,26.5,25.0,23.5,24.0,0.0,910.25,,2.0,0.0,0.0,77.180115,77.180115,77.180115,77.180115,77.180115,77.180115,77.180115,77.180115,77.180115,77.180115,77.180115,77.180115,77.180115,77.180115,77.180115,77.180115,74.309649,74.309649,74.309649,74.309649,0.0,0.0,100.0,101.0,102.0,101.0,101.0,90.49,3024.4199999999996,523.11,1014.9549999999999,189.088,True,True,P1_sysv_sag
2026-12-03 10:55:09.464,5.0,0.0,0.0,1.0,28.0,0.0,0.0,1.0,0.0,0.0,0.0,1.0,1.0,0.0,0.0,2.722,1.0,0.0,0.0,7.036226366232927,-425.0,0.0,6.2607545541097585,420.0,0.0,0.0,4.982,105.0,4.981,106.0,0.682,0.0,4.952,188.0,4.961,191.0,4.968,61.0,4.976,38.0,24.02905,23.71222,23.74981,23.41329,28.48794,25.98373,24.11318,24.59111,23.88943,23.5,26.5,25.0,23.5,24.0,0.0,910.25,,2.0,0.0,0.0,77.180115,77.180115,77.180115,77.180115,77.180115,77.180115,77.180115,77.180115,77.180115,77.180115,77.180115,77.180115,77.180115,77.180115,77.180115,77.180115,74.309649,74.309649,74.309649,74.309649,0.0,0.0,100.0,101.0,102.0,101.0,101.0,91.042,3024.0,523.11,930.976,189.088,True,True,P1_sysv_sag
2026-12-03 10:55:09.915,5.0,0.0,0.0,1.0,28.0,0.0,0.0,1.0,0.0,0.0,0.0,1.0,1.0,0.0,0.0,2.722,0.0,0.0,0.0,7.017302723891942,-425.0,0.0,6.195675746306474,420.0,0.0,0.0,4.981,107.0,4.981,109.0,0.683,0.0,4.952,203.0,4.963,201.0,4.968,61.0,4.975,58.0,24.02726,23.7158,23.74802,23.40792,28.48078,26.007,24.10781,24.5929,23.88585,23.5,26.5,25.0,23.5,24.0,0.0,910.25,,2.0,0.0,0.0,77.180115,77.180115,77.180115,77.180115,77.180115,77.180115,77.180115,77.180115,77.180115,77.180115,77.180115,77.180115,77.180115,77.180115,77.180115,77.180115,74.309649,74.309649,74.309649,74.309649,0.0,0.0,100.0,101.0,102.0,101.0,101.0,91.493,3023.1600000000003,532.967,1005.256,288.54999999999995,True,True,P1_sysv_sag
2026-12-03 10:55:10.465,5.0,0.0,0.0,1.0,29.0,0.0,0.0,1.0,0.0,0.0,0.0,1.0,1.0,0.0,0.0,2.722,0.0,0.0,0.0,7.000301115069545,-425.0,0.0,6.141003716898486,422.0,0.0,0.0,4.982,106.0,4.981,266.0,0.682,0.0,4.951,185.0,4.961,193.0,4.967,61.0,4.975,58.0,24.00936,23.71222,23.75339,23.4115,28.49152,26.01237,24.09528,24.59827,23.8948,23.5,26.5,25.0,23.5,24.0,0.0,910.25,,2.0,0.0,0.0,77.180115,77.180115,77.180115,77.180115,77.180115,77.180115,77.180115,77.180115,77.180115,77.180115,77.180115,77.180115,77.180115,77.180115,77.180115,77.180115,74.309649,74.309649,74.309649,74.309649,0.0,0.0,100.0,101.0,102.0,101.0,101.0,92.043,3038.4,528.092,915.935,288.54999999999995,True,True,P1_sysv_sag
2026-12-03 10:55:11.165,5.0,0.0,0.0,1.0,29.0,0.0,0.0,1.0,0.0,0.0,0.0,1.0,1.0,0.0,0.0,2.722,0.0,0.0,0.0,6.985678115300811,-425.0,0.0,6.093260384336037,418.0,0.0,0.0,4.981,107.0,4.981,109.0,0.682,1.0,4.951,202.0,4.96,190.0,4.967,61.0,4.975,58.0,24.0201,23.72654,23.75518,23.41329,28.51121,26.0249,24.12213,24.6108,23.8948,23.5,26.5,25.0,23.5,24.0,0.0,910.25,,2.0,0.0,0.0,77.180115,77.180115,77.180115,77.180115,77.180115,77.180115,77.180115,77.180115,77.180115,77.180115,77.180115,77.180115,77.180115,77.180115,77.180115,77.180115,74.309649,74.309649,74.309649,74.309649,0.0,0.0,100.0,101.0,102.0,101.0,101.0,92.743,3010.018,532.967,1000.102,288.54999999999995,True,True,P1_sysv_sag
2026-12-03 10:55:11.515,5.0,0.0,0.0,1.0,,0.0,0.0,1.0,0.0,0.0,0.0,1.0,1.0,0.0,0.0,2.722,0.0,0.0,0.0,6.973840906540084,-425.0,0.0,6.053803021800279,420.0,0.0,0.0,4.981,105.0,4.981,267.0,0.682,0.0,4.95,190.0,4.963,196.0,4.967,61.0,4.975,58.0,24.02726,23.71222,23.75518,23.4115,28.51837,26.03206,24.1096,24.60006,23.89301,23.5,26.5,25.0,23.5,24.0,0.0,910.25,,2.0,0.0,0.0,77.180115,77.180115,77.180115,77.180115,77.180115,77.180115,77.180115,77.180115,77.180115,77.180115,77.180115,77.180115,77.180115,77.180115,77.180115,77.180115,74.309649,74.309649,74.309649,74.309649,0.0,0.0,100.0,101.0,102.0,101.0,101.0,93.093,3024.4199999999996,523.005,940.5,288.54999999999995,True,True,P1_sysv_sag
2026-12-03 10:55:11.968,5.0,0.0,0.0,1.0,,0.0,0.0,1.0,0.0,0.0,0.0,1.0,1.0,0.0,0.0,2.722,1.0,0.0,0.0,6.965128477609568,-425.0,0.0,6.0247615920318935,422.0,0.0,0.0,4.981,266.0,4.981,109.0,0.682,0.0,4.95,201.0,4.962,187.0,4.966,62.0,4.975,61.0,24.02726,23.71938,23.76055,23.42224,28.51658,26.18779,24.12392,24.61796,23.89122,23.5,26.5,25.0,23.5,24.0,0.0,910.25,,2.0,0.0,0.0,77.180115,77.180115,77.180115,77.180115,77.180115,77.180115,77.180115,77.180115,77.180115,77.180115,77.180115,77.180115,77.180115,77.180115,77.180115,77.180115,74.309649,74.309649,74.309649,74.309649,0.0,0.0,100.0,101.0,102.0,101.0,101.0,93.546,3038.8219999999997,1324.946,994.95,303.47499999999997,True,True,P1_sysv_sag
2026-12-03 10:55:12.669,5.0,0.0,0.0,1.0,,0.0,0.0,1.0,0.0,0.0,0.0,1.0,1.0,0.0,0.0,2.722,0.0,0.0,0.0,6.959795507490634,-425.0,0.0,6.0029850249687815,418.0,0.0,0.0,4.981,266.0,4.981,109.0,0.682,0.0,4.951,188.0,4.963,198.0,4.968,63.0,4.975,61.0,24.02368,23.72475,23.76055,23.41866,28.53806,26.19853,24.12392,24.61796,23.89122,23.5,26.5,25.0,23.5,24.0,0.0,910.25,,2.0,0.0,0.0,77.180115,77.180115,77.180115,77.180115,77.180115,77.180115,77.180115,77.180115,77.180115,77.180115,77.180115,77.180115,77.180115,77.180115,77.180115,77.180115,74.309649,74.309649,74.309649,74.309649,0.0,0.0,100.0,101.0,102.0,101.0,101.0,94.247,3008.346,1324.946,930.7879999999999,303.47499999999997,True,True,P1_sysv_sag
2026-12-03 10:55:13.020,5.0,0.0,0.0,1.0,,0.0,0.0,1.0,0.0,0.0,0.0,1.0,1.0,0.0,0.0,2.722,0.0,0.0,0.0,6.957999999999999,-425.0,0.0,6.0,422.0,0.0,0.0,4.982,109.0,4.981,109.0,0.682,0.0,4.951,203.0,4.961,192.0,4.967,61.0,4.975,61.0,24.0201,23.72654,23.76592,23.40792,28.54343,26.20748,24.12392,24.61796,23.8948,23.5,26.5,25.0,23.5,24.0,0.0,910.25,,2.0,0.0,0.0,77.180115,77.180115,77.180115,77.180115,77.180115,77.180115,77.180115,77.180115,77.180115,77.180115,77.180115,77.180115,77.180115,77.180115,77.180115,77.180115,74.309649,74.309649,74.309649,74.309649,0.0,0.0,100.0,101.0,102.0,101.0,101.0,94.598,3038.4,543.038,1005.0529999999999,303.47499999999997,True,True,P1_sysv_sag
2026-12-03 10:55:13.470,5.0,0.0,0.0,1.0,,0.0,0.0,1.0,0.0,0.0,0.0,1.0,1.0,0.0,0.0,2.722,0.0,0.0,0.0,6.959795507490634,-425.0,0.0,6.005985024968782,425.0,0.0,0.0,4.981,109.0,4.981,107.0,0.681,0.0,4.951,190.0,4.96,192.0,4.967,60.0,4.975,61.0,24.0201,23.72296,23.76771,23.40792,28.5488,26.22359,24.13466,24.61617,23.90375,23.5,26.5,25.0,23.5,24.0,0.0,910.25,,2.0,0.0,0.0,77.180115,77.180115,77.180115,77.180115,77.180115,77.180115,77.180115,77.180115,77.180115,77.180115,77.180115,77.180115,77.180115,77.180115,77.180115,77.180115,74.309649,74.309649,74.309649,74.309649,0.0,0.0,100.0,101.0,102.0,101.0,101.0,95.048,3060.0,542.929,940.6899999999999,303.47499999999997,True,True,P1_sysv_sag
2026-12-03 10:55:13.922,5.0,0.0,0.0,1.0,,0.0,0.0,1.0,0.0,0.0,0.0,1.0,1.0,0.0,0.0,2.722,0.0,0.0,0.0,6.965128477609568,-425.0,0.0,6.021761592031894,420.0,0.0,0.0,4.982,106.0,4.982,267.0,0.682,0.0,4.951,202.0,4.963,200.0,4.967,61.0,4.976,58.0,24.02547,23.7337,23.7695,23.41687,28.56312,26.22538,24.12929,24.62512,23.89301,23.5,26.5,25.0,23.0,24.0,0.0,910.25,,2.0,0.0,0.0,77.180115,77.180115,77.180115,77.180115,77.180115,77.180115,77.180115,77.180115,77.180115,77.180115,77.180115,77.180115,77.180115,77.180115,77.180115,77.180115,74.309649,74.309649,74.309649,74.309649,0.0,0.0,100.0,101.0,102.0,101.0,101.0,95.5,3023.1600000000003,528.092,1000.102,288.608,True,True,P1_sysv_sag
2026-12-03 10:55:14.623,5.0,0.0,0.0,1.0,,0.0,0.0,1.0,0.0,0.0,0.0,1.0,1.0,0.0,0.0,2.722,1.0,0.0,0.0,6.973840906540084,-425.0,0.0,6.05280302180028,423.0,0.0,0.0,4.982,105.0,4.981,109.0,0.682,0.0,4.951,191.0,4.961,187.0,4.967,61.0,4.976,58.0,24.03084,23.72296,23.77487,23.41687,28.58281,26.24507,24.13824,24.63228,23.88764,23.5,26.5,25.0,23.5,24.0,0.0,910.25,,2.0,0.0,0.0,77.180115,77.180115,77.180115,77.180115,77.180115,77.180115,77.180115,77.180115,77.180115,77.180115,77.180115,77.180115,77.180115,77.180115,77.180115,77.180115,74.309649,74.309649,74.309649,74.309649,0.0,0.0,100.0,101.0,102.0,101.0,101.0,96.201,3045.6,523.11,945.641,288.608,True,True,P1_sysv_sag
2026-12-03 10:55:14.973,5.0,0.0,0.0,1.0,,0.0,0.0,1.0,0.0,0.0,0.0,1.0,1.0,0.0,0.0,2.722,0.0,0.0,0.0,6.985678115300811,-425.0,0.0,6.092260384336037,422.0,0.0,0.0,4.982,105.0,4.982,267.0,0.682,0.0,4.951,190.0,4.962,200.0,4.968,61.0,4.976,58.0,24.02189,23.73191,23.77487,23.42582,28.5846,26.24686,24.13824,24.62333,23.89659,23.5,26.5,25.0,23.5,24.0,0.0,910.25,,2.0,0.0,0.0,77.180115,77.180115,77.180115,77.180115,77.180115,77.180115,77.180115,77.180115,77.180115,77.180115,77.180115,77.180115,77.180115,77.180115,77.180115,77.180115,74.309649,74.309649,74.309649,74.309649,0.0,0.0,100.0,101.0,102.0,101.0,101.0,96.551,3038.4,523.11,940.6899999999999,288.608,True,True,P1_sysv_sag
2026-12-03 10:55:15.424,5.0,0.0,0.0,1.0,,0.0,0.0,1.0,0.0,0.0,0.0,1.0,1.0,0.0,0.0,2.722,1.0,0.0,0.0,7.000301115069545,-425.0,0.0,6.138003716898486,425.0,0.0,0.0,4.981,107.0,4.981,109.0,0.681,0.0,4.952,188.0,4.962,192.0,4.967,61.0,4.976,58.0,24.02368,23.73549,23.7695,23.41687,28.59713,26.26834,24.13824,24.63765,23.90017,23.5,26.5,25.0,23.5,24.0,0.0,910.25,,2.0,0.0,0.0,77.180115,77.180115,77.180115,77.180115,77.180115,77.180115,77.180115,77.180115,77.180115,77.180115,77.180115,77.180115,77.180115,77.180115,77.180115,77.180115,74.309649,74.309649,74.309649,74.309649,0.0,0.0,100.0,101.0,102.0,101.0,101.0,97.002,3058.725,532.967,930.976,288.608,True,True,P1_sysv_sag
2026-12-03 10:55:16.125,5.0,0.0,0.0,1.0,,0.0,0.0,1.0,0.0,0.0,0.0,1.0,1.0,0.0,0.0,2.722,0.0,0.0,0.0,7.017302723891942,-425.0,0.0,6.198675746306473,421.0,0.0,0.0,4.982,106.0,4.98,107.0,0.682,0.0,4.951,188.0,4.962,195.0,4.967,62.0,4.975,60.0,24.02368,23.74265,23.7695,23.40792,28.60071,26.2576,24.14898,24.64123,23.89659,23.5,26.5,25.0,23.5,24.0,0.0,910.25,,2.0,0.0,0.0,77.180115,77.180115,77.180115,77.180115,77.180115,77.180115,77.180115,77.180115,77.180115,77.180115,77.180115,77.180115,77.180115,77.180115,77.180115,77.180115,74.309649,74.309649,74.309649,74.309649,0.0,0.0,100.0,101.0,102.0,101.0,101.0,97.703,3031.6209999999996,528.092,930.7879999999999,298.5,True,True,P1_sysv_sag
2026-12-03 10:55:16.473,5.0,0.0,0.0,1.0,,0.0,0.0,1.0,0.0,0.0,0.0,1.0,1.0,0.0,0.0,2.722,0.0,0.0,0.0,7.036226366232927,-425.0,0.0,6.2607545541097585,420.0,0.0,0.0,4.982,107.0,4.982,267.0,0.682,0.0,4.952,186.0,4.963,200.0,4.968,61.0,4.975,60.0,24.03084,23.73728,23.76592,23.42403,28.64546,26.28087,24.14898,24.63586,23.89122,23.5,26.5,25.0,23.5,24.0,0.0,910.25,,2.0,0.0,0.0,77.180115,77.180115,77.180115,77.180115,77.180115,77.180115,77.180115,77.180115,77.180115,77.180115,77.180115,77.180115,77.180115,77.180115,77.180115,77.180115,74.309649,74.309649,74.309649,74.309649,0.0,0.0,100.0,101.0,102.0,101.0,101.0,98.051,3024.0,533.0740000000001,921.072,298.5,True,True,P1_sysv_sag
2026-12-03 10:55:16.927,5.0,0.0,0.0,1.0,,0.0,0.0,1.0,0.0,0.0,0.0,1.0,1.0,0.0,0.0,2.722,0.0,0.0,0.0,7.056586346653471,-425.0,0.0,6.328621155511572,420.0,0.0,0.0,4.981,107.0,4.981,107.0,0.682,0.0,4.952,186.0,4.961,188.0,4.967,61.0,4.975,60.0,24.02368,23.75339,23.76771,23.41687,28.65978,26.28803,24.14182,24.63228,23.90554,23.5,26.5,25.0,23.5,24.0,0.0,910.25,,2.0,0.0,0.0,77.180115,77.180115,77.180115,77.180115,77.180115,77.180115,77.180115,77.180115,77.180115,77.180115,77.180115,77.180115,77.180115,77.180115,77.180115,77.180115,74.309649,74.309649,74.309649,74.309649,0.0,0.0,100.0,101.0,102.0,101.0,101.0,98.505,3024.0,532.967,921.072,298.5,True,True,P1_sysv_sag
2026-12-03 10:55:17.628,5.0,0.0,0.0,1.0,30.0,0.0,0.0,1.0,0.0,0.0,0.0,1.0,1.0,0.0,0.0,2.722,0.0,0.0,0.0,7.077888348090949,-425.0,0.0,6.399627826969831,422.0,0.0,0.0,4.981,107.0,4.982,266.0,0.682,1.0,4.951,198.0,4.963,201.0,4.968,61.0,4.975,60.0,24.03442,23.73549,23.77308,23.42224,28.66336,26.29698,24.15256,24.65018,23.89301,23.5,26.5,25.0,23.5,24.0,0.0,910.25,,2.0,0.0,0.0,77.180115,77.180115,77.180115,77.180115,77.180115,77.180115,77.180115,77.180115,77.180115,77.180115,77.180115,77.180115,77.180115,77.180115,77.180115,77.180115,74.309649,74.309649,74.309649,74.309649,0.0,0.0,100.0,101.0,102.0,101.0,101.0,99.206,3038.4,532.967,980.2979999999999,298.5,True,True,P1_sysv_sag
2026-12-03 10:55:17.978,5.0,0.0,0.0,1.0,30.0,0.0,0.0,1.0,0.0,0.0,0.0,1.0,1.0,0.0,0.0,2.722,0.0,0.0,0.0,7.099648962503451,-425.0,0.0,6.47216320834484,420.0,0.0,0.0,4.983,106.0,4.981,266.0,0.681,0.0,4.953,200.0,4.962,192.0,4.967,61.0,4.976,61.0,24.01294,23.74623,23.77308,23.42582,28.67768,26.30772,24.15256,24.65376,23.89659,23.5,26.5,25.0,23.5,24.0,0.0,910.25,,2.0,0.0,0.0,77.180115,77.180115,77.180115,77.180115,77.180115,77.180115,77.180115,77.180115,77.180115,77.180115,77.180115,77.180115,77.180115,77.180115,77.180115,77.180115,74.309649,74.309649,74.309649,74.309649,0.0,0.0,100.0,101.0,102.0,101.0,101.0,99.556,3024.0,528.198,990.6,303.536,True,True,P1_sysv_sag
2026-12-03 10:55:18.428,5.0,0.0,0.0,1.0,31.0,0.0,0.0,1.0,0.0,0.0,0.0,1.0,1.0,0.0,0.0,2.722,0.0,0.0,0.0,7.121413206409704,-425.0,0.0,6.542710688032349,421.0,0.0,0.0,4.982,107.0,4.981,266.0,0.681,0.0,4.953,200.0,4.962,191.0,4.97,62.0,4.976,61.0,24.03621,23.74444,23.78561,23.42403,28.67231,26.32383,24.15793,24.64481,23.8948,23.5,26.5,25.0,23.5,24.0,0.0,910.25,,2.0,0.0,0.0,77.180115,77.180115,77.180115,77.180115,77.180115,77.180115,77.180115,77.180115,77.180115,77.180115,77.180115,77.180115,77.180115,77.180115,77.180115,77.180115,74.309649,74.309649,74.309649,74.309649,0.0,0.0,100.0,101.0,102.0,101.0,101.0,100.006,3030.358,533.0740000000001,990.6,303.536,True,True,P1_sysv_sag
2026-12-03 10:55:19.130,5.0,0.0,0.0,1.0,31.0,0.0,0.0,1.0,0.0,0.0,0.0,1.0,1.0,0.0,0.0,2.722,0.0,0.0,0.0,7.14276918785441,-425.0,0.0,6.612897292848034,420.0,0.0,0.0,4.981,107.0,4.98,266.0,0.682,0.0,4.953,200.0,4.962,198.0,4.967,62.0,4.976,61.0,24.02905,23.74802,23.78024,23.42761,28.70453,26.3292,24.16151,24.65555,23.89838,23.5,26.5,25.0,23.5,24.0,0.0,910.25,,2.0,0.0,0.0,77.180115,77.180115,77.180115,77.180115,77.180115,77.180115,77.180115,77.180115,77.180115,77.180115,77.180115,77.180115,77.180115,77.180115,77.180115,77.180115,74.309649,74.309649,74.309649,74.309649,0.0,0.0,100.0,101.0,102.0,101.0,101.0,100.708,3022.7400000000002,532.967,990.6,303.536,True,True,P1_sysv_sag
2026-12-03 10:55:19.480,5.0,0.0,0.0,1.0,32.0,0.0,0.0,1.0,0.0,0.0,0.0,1.0,1.0,0.0,0.0,2.722,0.0,0.0,0.0,7.163359351044133,-425.0,0.0,6.682531170147113,421.0,0.0,0.0,4.982,109.0,4.981,107.0,0.683,0.0,4.951,200.0,4.962,192.0,4.968,63.0,4.976,61.0,24.00936,23.74623,23.77845,23.42582,28.69558,26.34531,24.16151,24.67345,23.89838,23.5,26.5,25.0,23.5,24.0,0.0,910.25,,2.0,0.0,0.0,77.180115,77.180115,77.180115,77.180115,77.180115,77.180115,77.180115,77.180115,77.180115,77.180115,77.180115,77.180115,77.180115,77.180115,77.180115,77.180115,74.309649,74.309649,74.309649,74.309649,0.0,0.0,100.0,101.0,102.0,101.0,101.0,101.058,3030.358,543.038,990.1999999999999,303.536,True,True,P1_sysv_sag
2026-12-03 10:55:19.929,5.0,0.0,0.0,1.0,32.0,0.0,0.0,1.0,0.0,0.0,0.0,1.0,1.0,0.0,0.0,2.652,0.0,0.0,0.0,7.1828880044134955,-420.0,0.0,6.7506266813783204,421.0,0.0,0.0,4.982,109.0,4.981,266.0,0.682,0.0,4.952,201.0,4.961,196.0,4.967,62.0,4.975,39.0,24.03263,23.74265,23.77308,23.41866,28.72064,26.36142,24.1633,24.6645,23.90554,23.5,26.5,25.0,23.5,24.0,0.0,910.25,,2.0,0.0,0.0,77.180115,77.180115,77.180115,77.180115,77.180115,77.180115,77.180115,77.180115,77.180115,77.180115,77.180115,77.180115,77.180115,77.180115,77.180115,77.180115,74.309649,74.309649,74.309649,74.309649,0.0,0.0,100.0,101.0,102.0,101.0,101.0,101.507,3031.6209999999996,543.038,995.352,194.02499999999998,True,True,P1_sysv_sag
2026-12-03 10:55:20.632,5.0,0.0,0.0,1.0,33.0,0.0,0.0,1.0,0.0,0.0,0.0,1.0,1.0,0.0,0.0,3.095,0.0,0.0,0.0,7.200125111750994,-418.0,0.0,6.81041703916998,421.0,0.0,0.0,4.981,107.0,4.981,266.0,0.682,0.0,4.95,198.0,4.961,193.0,4.967,61.0,4.975,39.0,24.02189,23.74981,23.7874,23.4294,28.69737,26.35784,24.16688,24.6645,23.90196,23.5,26.5,25.0,23.5,24.0,0.0,910.25,,2.0,0.0,0.0,77.180115,77.180115,77.180115,77.180115,77.180115,77.180115,77.180115,77.180115,77.180115,77.180115,77.180115,77.180115,77.180115,77.180115,77.180115,77.180115,74.309649,74.309649,74.309649,74.309649,0.0,0.0,100.0,101.0,102.0,101.0,101.0,102.21,3031.2000000000003,532.967,980.1,194.02499999999998,True,True,P1_sysv_sag
2026-12-03 10:55:20.981,5.0,0.0,0.0,1.0,33.0,0.0,0.0,1.0,0.0,0.0,0.0,1.0,1.0,0.0,0.0,3.18,0.0,0.0,0.0,7.21590657183685,-403.0,0.0,6.867355239456167,422.0,0.0,0.0,4.982,107.0,4.982,266.0,0.681,0.0,4.952,203.0,4.961,192.0,4.967,60.0,4.975,39.0,24.03263,23.74802,23.78024,23.42761,28.73854,26.37574,24.16867,24.66808,23.90017,23.5,26.5,25.0,23.5,24.0,0.0,910.25,,2.0,0.0,0.0,77.180115,77.180115,77.180115,77.180115,77.180115,77.180115,77.180115,77.180115,77.180115,77.180115,77.180115,77.180115,77.180115,77.180115,77.180115,77.180115,74.309649,74.309649,74.309649,74.309649,0.0,0.0,100.0,101.0,102.0,101.0,101.0,102.559,3038.8219999999997,533.0740000000001,1005.256,194.02499999999998,True,True,P1_sysv_sag
2026-12-03 10:55:21.433,5.0,0.0,0.0,1.0,34.0,0.0,0.0,1.0,0.0,0.0,0.0,1.0,1.0,0.0,0.0,3.198,0.0,0.0,0.0,7.231131412439889,-412.0,0.0,6.918104708132963,423.0,0.0,0.0,4.982,107.0,4.982,109.0,0.681,0.0,4.95,198.0,4.963,196.0,4.967,60.0,4.975,39.0,24.02905,23.7516,23.78561,23.43835,28.72959,26.37932,24.17762,24.66808,23.90017,23.5,26.5,25.0,23.5,24.0,0.0,910.25,,2.0,0.0,0.0,77.180115,77.180115,77.180115,77.180115,77.180115,77.180115,77.180115,77.180115,77.180115,77.180115,77.180115,77.180115,77.180115,77.180115,77.180115,77.180115,74.309649,74.309649,74.309649,74.309649,0.0,0.0,100.0,101.0,102.0,101.0,101.0,103.011,3046.0229999999997,533.0740000000001,980.1,194.02499999999998,True,True,P1_sysv_sag
2026-12-03 10:55:22.135,5.0,0.0,0.0,1.0,34.0,0.0,0.0,1.0,0.0,0.0,0.0,1.0,1.0,0.0,0.0,3.201,0.0,0.0,0.0,7.2457564683298985,-424.0,0.0,6.9625215610996625,423.0,0.0,0.0,4.982,107.0,4.981,267.0,0.682,0.0,4.952,203.0,4.961,193.0,4.968,60.0,4.975,61.0,24.01652,23.74802,23.79098,23.4294,28.77613,26.39901,24.18299,24.67524,23.90196,23.5,26.5,25.0,23.5,24.0,0.0,910.25,,2.0,0.0,0.0,77.180115,77.180115,77.180115,77.180115,77.180115,77.180115,77.180115,77.180115,77.180115,77.180115,77.180115,77.180115,77.180115,77.180115,77.180115,77.180115,74.309649,74.309649,74.309649,74.309649,0.0,0.0,100.0,101.0,102.0,101.0,101.0,103.713,3045.6,533.0740000000001,1005.256,303.47499999999997,True,True,P1_sysv_sag
2026-12-03 10:55:22.486,5.0,0.0,0.0,1.0,35.0,0.0,0.0,1.0,0.0,0.0,0.0,1.0,1.0,0.0,0.0,3.197,0.0,0.0,0.0,7.257789195632224,-427.0,0.0,7.000630652107414,423.0,0.0,0.0,4.982,107.0,4.982,107.0,0.682,0.0,4.95,198.0,4.962,197.0,4.967,62.0,4.975,61.0,24.02905,23.7516,23.79098,23.43835,28.77613,26.40796,24.17762,24.67524,23.90912,23.5,26.5,25.0,23.5,24.0,0.0,910.25,,2.0,0.0,0.0,77.180115,77.180115,77.180115,77.180115,77.180115,77.180115,77.180115,77.180115,77.180115,77.180115,77.180115,77.180115,77.180115,77.180115,77.180115,77.180115,74.309649,74.309649,74.309649,74.309649,0.0,0.0,100.0,101.0,102.0,101.0,101.0,104.064,3044.7540000000004,533.0740000000001,980.1,303.47499999999997,True,True,P1_sysv_sag
2026-12-03 10:55:22.936,5.0,0.0,0.0,1.0,35.0,0.0,0.0,1.0,0.0,0.0,0.0,1.0,1.0,0.0,0.0,3.182,0.0,0.0,0.0,7.267279298034819,-423.0,0.0,7.037597660116065,422.0,0.0,0.0,4.982,267.0,4.982,106.0,0.683,0.0,4.952,203.0,4.965,195.0,4.968,62.0,4.975,61.0,24.03084,23.74444,23.79456,23.43835,28.79045,26.42049,24.17762,24.67703,23.91091,23.5,26.5,25.0,23.5,24.0,0.0,910.25,,2.0,0.0,0.0,77.180115,77.180115,77.180115,77.180115,77.180115,77.180115,77.180115,77.180115,77.180115,77.180115,77.180115,77.180115,77.180115,77.180115,77.180115,77.180115,74.309649,74.309649,74.309649,74.309649,0.0,0.0,100.0,101.0,102.0,101.0,101.0,104.514,3038.4,1330.194,1005.256,303.47499999999997,True,False,
2026-12-03 10:55:23.638,5.0,0.0,0.0,1.0,36.0,0.0,0.0,1.0,0.0,0.0,0.0,1.0,1.0,0.0,0.0,3.177,0.0,0.0,0.0,7.277309810890386,-424.0,0.0,7.065699369634618,423.0,0.0,0.0,4.981,109.0,4.982,267.0,0.682,0.0,4.951,200.0,4.961,190.0,4.967,61.0,4.975,61.0,24.03084,23.75876,23.7874,23.43656,28.77434,26.42944,24.17404,24.68061,23.90554,23.5,26.5,25.0,23.5,24.0,0.0,910.25,,2.0,0.0,0.0,77.180115,77.180115,77.180115,77.180115,77.180115,77.180115,77.180115,77.180115,77.180115,77.180115,77.180115,77.180115,77.180115,77.180115,77.180115,77.180115,74.309649,74.309649,74.309649,74.309649,0.0,0.0,100.0,101.0,102.0,101.0,101.0,105.216,3044.7540000000004,542.929,990.1999999999999,303.47499999999997,True,False,
2026-12-03 10:55:23.991,5.0,0.0,0.0,1.0,36.0,0.0,0.0,1.0,0.0,0.0,0.0,1.0,1.0,0.0,0.0,3.166,0.0,0.0,0.0,7.28598821771462,-419.0,0.0,7.091294059048737,421.0,0.0,0.0,4.982,109.0,4.982,268.0,0.682,0.0,4.951,203.0,4.962,200.0,4.968,61.0,4.976,61.0,24.03084,23.75697,23.79635,23.43656,28.79224,26.42944,24.18657,24.68777,23.90375,23.5,26.5,25.0,23.5,24.0,0.0,910.25,,2.0,0.0,0.0,77.180115,77.180115,77.180115,77.180115,77.180115,77.180115,77.180115,77.180115,77.180115,77.180115,77.180115,77.180115,77.180115,77.180115,77.180115,77.180115,74.309649,74.309649,74.309649,74.309649,0.0,0.0,100.0,101.0,102.0,101.0,101.0,105.569,3030.358,543.038,1005.0529999999999,303.536,True,False,
2026-12-03 10:55:24.440,5.0,0.0,0.0,1.0,37.0,0.0,0.0,1.0,0.0,0.0,0.0,1.0,1.0,0.0,0.0,3.164,0.0,0.0,0.0,7.2914380726537305,-420.0,0.0,7.114793575512436,423.0,0.0,0.0,4.982,107.0,4.981,109.0,0.682,0.0,4.951,200.0,4.961,190.0,4.967,60.0,4.976,61.0,24.03442,23.75876,23.79635,23.44193,28.79224,26.45092,24.19015,24.69314,23.90196,23.5,26.5,25.0,23.5,24.0,0.0,910.25,,2.0,0.0,0.0,77.180115,77.180115,77.180115,77.180115,77.180115,77.180115,77.180115,77.180115,77.180115,77.180115,77.180115,77.180115,77.180115,77.180115,77.180115,77.180115,74.309649,74.309649,74.309649,74.309649,0.0,0.0,100.0,101.0,102.0,101.0,101.0,106.018,3045.6,533.0740000000001,990.1999999999999,303.536,True,False,
2026-12-03 10:55:25.143,5.0,0.0,0.0,1.0,37.0,0.0,0.0,1.0,0.0,0.0,0.0,1.0,1.0,0.0,0.0,3.127,0.0,0.0,0.0,7.297791485379712,-415.0,0.0,7.13063828459904,422.0,0.0,0.0,4.982,109.0,4.981,109.0,0.682,0.0,4.951,203.0,4.962,198.0,4.967,61.0,4.976,61.0,24.02547,23.76234,23.80888,23.44909,28.82267,26.45092,24.1812,24.68956,23.91449,23.5,26.5,25.0,23.5,24.0,0.0,910.25,,2.0,0.0,0.0,77.180115,77.180115,77.180115,77.180115,77.180115,77.180115,77.180115,77.180115,77.180115,77.180115,77.180115,77.180115,77.180115,77.180115,77.180115,77.180115,74.309649,74.309649,74.309649,74.309649,0.0,0.0,100.0,101.0,102.0,101.0,101.0,106.721,3037.556,543.038,1005.0529999999999,303.536,True,False,
2026-12-03 10:55:25.493,5.0,0.0,0.0,1.0,38.0,0.0,0.0,1.0,0.0,0.0,0.0,1.0,1.0,0.0,0.0,3.082,0.0,0.0,0.0,7.302182703895573,-415.0,0.0,7.147275679651911,423.0,0.0,0.0,4.981,109.0,4.982,267.0,0.681,0.0,4.951,198.0,4.961,195.0,4.967,60.0,4.976,61.0,24.03442,23.76592,23.8053,23.45446,28.8352,26.4545,24.18836,24.69672,23.90375,23.5,26.5,25.0,23.5,24.0,0.0,910.25,,2.0,0.0,0.0,77.180115,77.180115,77.180115,77.180115,77.180115,77.180115,77.180115,77.180115,77.180115,77.180115,77.180115,77.180115,77.180115,77.180115,77.180115,77.180115,74.309649,74.309649,74.309649,74.309649,0.0,0.0,100.0,101.0,102.0,101.0,101.0,107.071,3045.6,542.929,980.2979999999999,303.536,True,False,
2026-12-03 10:55:25.946,5.0,0.0,0.0,1.0,38.0,0.0,0.0,1.0,0.0,0.0,0.0,1.0,1.0,0.0,0.0,3.124,0.0,0.0,0.0,7.305742916295544,-411.0,0.0,7.159143054318481,421.0,0.0,0.0,4.982,107.0,4.982,107.0,0.681,0.0,4.951,203.0,4.961,187.0,4.968,61.0,4.975,39.0,24.03263,23.77129,23.80709,23.45446,28.84952,26.46882,24.18836,24.69493,23.90733,23.5,26.5,25.0,23.5,24.0,0.0,910.25,,2.0,0.0,0.0,77.180115,77.180115,77.180115,77.180115,77.180115,77.180115,77.180115,77.180115,77.180115,77.180115,77.180115,77.180115,77.180115,77.180115,77.180115,77.180115,74.309649,74.309649,74.309649,74.309649,0.0,0.0,100.0,101.0,102.0,101.0,101.0,107.524,3031.2000000000003,533.0740000000001,1005.0529999999999,194.02499999999998,True,False,
2026-12-03 10:55:26.647,5.0,0.0,0.0,1.0,39.0,0.0,0.0,1.0,0.0,0.0,0.0,1.0,1.0,0.0,0.0,3.37,0.0,0.0,0.0,7.3075962924525895,-410.0,0.0,7.166654308175299,426.0,0.0,0.0,4.982,266.0,4.981,109.0,0.682,0.0,4.951,198.0,4.962,196.0,4.967,61.0,4.975,39.0,24.03442,23.76771,23.80888,23.45804,28.83162,26.48672,24.20268,24.70925,23.90912,23.5,27.0,25.0,23.5,24.0,0.0,910.25,,2.0,0.0,0.0,77.180115,77.180115,77.180115,77.180115,77.180115,77.180115,77.180115,77.180115,77.180115,77.180115,77.180115,77.180115,77.180115,77.180115,77.180115,77.180115,74.309649,74.309649,74.309649,74.309649,0.0,0.0,100.0,101.0,102.0,101.0,101.0,108.225,3066.348,1325.212,980.2979999999999,194.02499999999998,True,False,
2026-12-03 10:55:26.997,5.0,0.0,0.0,1.0,39.0,0.0,0.0,1.0,0.0,0.0,0.0,1.0,1.0,0.0,0.0,2.313,0.0,0.0,0.0,7.3108572058920265,-396.0,0.0,7.174190686306756,422.0,0.0,0.0,4.981,109.0,4.982,266.0,0.682,0.0,4.952,203.0,4.962,190.0,4.968,60.0,4.975,39.0,24.03979,23.76592,23.81067,23.45267,28.86026,26.48314,24.20089,24.70746,23.90733,23.5,26.5,25.0,23.5,24.0,0.0,910.25,,2.0,0.0,0.0,77.180115,77.180115,77.180115,77.180115,77.180115,77.180115,77.180115,77.180115,77.180115,77.180115,77.180115,77.180115,77.180115,77.180115,77.180115,77.180115,74.309649,74.309649,74.309649,74.309649,0.0,0.0,100.0,101.0,102.0,101.0,101.0,108.575,3037.556,542.929,1005.256,194.02499999999998,True,False,
2026-12-03 10:55:27.448,5.0,0.0,0.0,1.0,,0.0,0.0,1.0,0.0,0.0,0.0,1.0,1.0,0.0,0.0,2.313,0.0,0.0,0.0,7.312628517015135,-396.0,0.0,7.180095056717119,425.0,0.0,0.0,4.982,267.0,4.981,107.0,0.681,0.0,4.951,201.0,4.961,193.0,4.967,58.0,4.975,39.0,24.03084,23.77129,23.80709,23.45446,28.86921,26.48672,24.20805,24.71104,23.91449,23.5,27.0,25.0,23.5,24.0,0.0,910.25,,2.0,0.0,0.0,77.180115,77.180115,77.180115,77.180115,77.180115,77.180115,77.180115,77.180115,77.180115,77.180115,77.180115,77.180115,77.180115,77.180115,77.180115,77.180115,74.309649,74.309649,74.309649,74.309649,0.0,0.0,100.0,101.0,102.0,101.0,101.0,109.026,3059.15,1330.194,995.151,194.02499999999998,True,False,
2026-12-03 10:55:28.148,5.0,0.0,0.0,1.0,,0.0,0.0,1.0,0.0,0.0,0.0,1.0,1.0,0.0,0.0,2.313,0.0,0.0,0.0,7.314000761246232,-396.0,0.0,7.18166920415411,421.0,0.0,0.0,4.981,107.0,4.982,266.0,0.681,0.0,4.952,205.0,4.962,197.0,4.968,60.0,4.975,58.0,24.04158,23.76592,23.81067,23.45088,28.86026,26.5082,24.20268,24.70746,23.90554,23.5,27.0,25.0,23.5,24.0,0.0,910.25,,2.0,0.0,0.0,77.180115,77.180115,77.180115,77.180115,77.180115,77.180115,77.180115,77.180115,77.180115,77.180115,77.180115,77.180115,77.180115,77.180115,77.180115,77.180115,74.309649,74.309649,74.309649,74.309649,0.0,0.0,100.0,101.0,102.0,101.0,101.0,109.726,3029.0950000000003,532.967,1015.16,288.54999999999995,True,False,
2026-12-03 10:55:28.498,5.0,0.0,0.0,1.0,,0.0,0.0,1.0,0.0,0.0,0.0,1.0,1.0,0.0,0.0,2.313,0.0,0.0,0.0,7.3150520676348245,-396.0,0.0,7.190173558782751,422.0,0.0,0.0,4.981,107.0,4.982,109.0,0.683,0.0,4.951,201.0,4.962,192.0,4.967,61.0,4.975,58.0,24.03442,23.78024,23.81425,23.46699,28.90322,26.52252,24.20626,24.71462,23.90554,23.5,26.5,25.0,23.5,24.0,0.0,910.25,,2.0,0.0,0.0,77.180115,77.180115,77.180115,77.180115,77.180115,77.180115,77.180115,77.180115,77.180115,77.180115,77.180115,77.180115,77.180115,77.180115,77.180115,77.180115,74.309649,74.309649,74.309649,74.309649,0.0,0.0,100.0,101.0,102.0,101.0,101.0,110.076,3038.4,532.967,995.151,288.54999999999995,True,False,
2026-12-03 10:55:28.949,5.0,0.0,0.0,1.0,,0.0,0.0,1.0,0.0,0.0,0.0,1.0,1.0,0.0,0.0,2.313,1.0,0.0,0.0,7.315848631757797,-396.0,0.0,7.187828772525993,421.0,0.0,0.0,4.982,109.0,4.982,266.0,0.681,0.0,4.951,205.0,4.963,195.0,4.967,62.0,4.975,58.0,24.02368,23.77487,23.8053,23.46162,28.91038,26.52252,24.20089,24.71462,23.90196,23.5,27.0,25.0,23.5,24.0,0.0,910.25,,2.0,0.0,0.0,77.180115,77.180115,77.180115,77.180115,77.180115,77.180115,77.180115,77.180115,77.180115,77.180115,77.180115,77.180115,77.180115,77.180115,77.180115,77.180115,74.309649,74.309649,74.309649,74.309649,0.0,0.0,100.0,101.0,102.0,101.0,101.0,110.527,3029.0950000000003,543.038,1014.9549999999999,288.54999999999995,True,False,
2026-12-03 10:55:29.650,5.0,0.0,0.0,2.0,0.0,0.0,0.0,1.0,0.0,0.0,0.0,1.0,1.0,0.0,0.0,2.313,0.0,0.0,0.0,7.316445577597252,-396.0,0.0,7.19281859199084,425.0,0.0,0.0,4.982,109.0,4.981,109.0,0.682,0.0,4.95,202.0,4.962,191.0,4.967,61.0,4.975,58.0,24.03621,23.78024,23.81783,23.4652,28.90322,26.54042,24.20805,24.72357,23.90196,23.5,27.0,25.0,23.5,24.0,0.0,910.25,,2.0,0.0,0.0,77.180115,77.180115,77.180115,77.180115,77.180115,77.180115,77.180115,77.180115,77.180115,77.180115,77.180115,77.180115,77.180115,77.180115,77.180115,77.180115,74.309649,74.309649,74.309649,74.309649,0.0,0.0,100.0,101.0,102.0,101.0,101.0,111.228,3059.15,543.038,999.9000000000001,288.54999999999995,True,False,
2026-12-03 10:55:30.002,5.0,0.0,0.0,2.0,0.0,0.0,0.0,1.0,0.0,0.0,0.0,1.0,1.0,0.0,0.0,2.313,0.0,0.0,0.0,7.316888062453034,-396.0,0.0,7.194293541510116,421.0,0.0,0.0,4.982,109.0,4.981,266.0,0.682,1.0,4.952,198.0,4.961,192.0,4.967,61.0,4.975,58.0,24.04158,23.77845,23.81783,23.46878,28.92291,26.56011,24.20984,24.72178,23.91628,23.5,27.0,25.0,23.5,24.0,0.0,910.25,,2.0,0.0,0.0,77.180115,77.180115,77.180115,77.180115,77.180115,77.180115,77.180115,77.180115,77.180115,77.180115,77.180115,77.180115,77.180115,77.180115,77.180115,77.180115,74.309649,74.309649,74.309649,74.309649,0.0,0.0,100.0,101.0,102.0,101.0,101.0,111.58,3030.358,543.038,980.496,288.54999999999995,True,False,
2026-12-03 10:55:30.452,5.0,0.0,0.0,2.0,1.0,0.0,0.0,1.0,0.0,0.0,0.0,1.0,1.0,0.0,0.0,2.313,0.0,0.0,0.0,7.317212503197454,-396.0,0.0,7.194375010658181,426.0,0.0,0.0,4.981,109.0,4.982,107.0,0.681,0.0,4.952,200.0,4.965,198.0,4.967,60.0,4.975,58.0,24.038,23.78203,23.81425,23.4652,28.92828,26.55474,24.22953,24.72894,23.90196,23.5,27.0,25.0,23.5,24.0,0.0,910.25,,2.0,0.0,0.0,77.180115,77.180115,77.180115,77.180115,77.180115,77.180115,77.180115,77.180115,77.180115,77.180115,77.180115,77.180115,77.180115,77.180115,77.180115,77.180115,74.309649,74.309649,74.309649,74.309649,0.0,0.0,100.0,101.0,102.0,101.0,101.0,112.03,3065.922,542.929,990.4,288.54999999999995,True,False,
2026-12-03 10:55:31.155,5.0,0.0,0.0,2.0,1.0,0.0,0.0,1.0,0.0,0.0,0.0,1.0,1.0,0.0,0.0,2.313,0.0,0.0,0.0,7.3174478281554425,-396.0,0.0,7.19415942718481,421.0,0.0,0.0,4.981,107.0,4.982,107.0,0.682,0.0,4.951,200.0,4.961,187.0,4.967,60.0,4.975,58.0,24.04337,23.78382,23.81246,23.46878,28.95334,26.56548,24.20984,24.72536,23.91628,23.5,27.0,25.0,23.5,24.0,0.0,910.25,,2.0,0.0,0.0,77.180115,77.180115,77.180115,77.180115,77.180115,77.180115,77.180115,77.180115,77.180115,77.180115,77.180115,77.180115,77.180115,77.180115,77.180115,77.180115,74.309649,74.309649,74.309649,74.309649,0.0,0.0,100.0,101.0,102.0,101.0,101.0,112.733,3029.516,532.967,990.1999999999999,288.54999999999995,True,False,
2026-12-03 10:55:31.503,5.0,0.0,0.0,2.0,2.0,0.0,0.0,1.0,0.0,0.0,0.0,1.0,1.0,0.0,0.0,2.313,0.0,0.0,0.0,7.3176166841548,-396.0,0.0,7.196722280515999,422.0,0.0,0.0,4.98,266.0,4.982,266.0,0.682,1.0,4.952,198.0,4.962,198.0,4.966,61.0,4.975,58.0,24.04695,23.78382,23.82141,23.46878,28.94618,26.57622,24.20984,24.72536,23.90912,23.5,27.0,25.0,23.5,24.0,0.0,910.25,,2.0,0.0,0.0,77.180115,77.180115,77.180115,77.180115,77.180115,77.180115,77.180115,77.180115,77.180115,77.180115,77.180115,77.180115,77.180115,77.180115,77.180115,77.180115,74.309649,74.309649,74.309649,74.309649,0.0,0.0,100.0,101.0,102.0,101.0,101.0,113.081,3037.556,1324.68,980.496,288.54999999999995,True,False,
2026-12-03 10:55:31.955,5.0,0.0,0.0,2.0,2.0,0.0,0.0,1.0,0.0,0.0,0.0,1.0,1.0,0.0,0.0,2.313,0.0,0.0,0.0,7.317736551129203,-396.0,0.0,7.1971218370973435,422.0,0.0,0.0,4.982,267.0,4.982,267.0,0.681,0.0,4.952,197.0,4.962,195.0,4.968,60.0,4.975,58.0,24.04158,23.78382,23.8232,23.47773,28.96766,26.58517,24.20984,24.72536,23.91628,23.5,27.0,25.0,23.5,24.0,0.0,910.25,,2.0,0.0,0.0,77.180115,77.180115,77.180115,77.180115,77.180115,77.180115,77.180115,77.180115,77.180115,77.180115,77.180115,77.180115,77.180115,77.180115,77.180115,77.180115,74.309649,74.309649,74.309649,74.309649,0.0,0.0,100.0,101.0,102.0,101.0,101.0,113.533,3037.556,1330.194,975.544,288.54999999999995,True,False,
2026-12-03 10:55:32.659,5.0,0.0,0.0,2.0,3.0,0.0,0.0,1.0,0.0,0.0,0.0,1.0,1.0,0.0,0.0,2.313,0.0,0.0,0.0,7.317820736048258,-396.0,0.0,7.197402453494196,425.0,0.0,0.0,4.981,109.0,4.981,109.0,0.681,0.0,4.951,196.0,4.961,193.0,4.967,61.0,4.975,58.0,24.04516,23.78024,23.82678,23.47415,28.9784,26.5798,24.23132,24.73431,23.9127,23.5,27.0,25.5,23.5,24.0,0.0,910.25,,2.0,0.0,0.0,77.180115,77.180115,77.180115,77.180115,77.180115,77.180115,77.180115,77.180115,77.180115,77.180115,77.180115,77.180115,77.180115,77.180115,77.180115,77.180115,74.309649,74.309649,74.309649,74.309649,0.0,0.0,100.0,101.0,102.0,101.0,101.0,114.237,3059.15,542.929,970.396,288.54999999999995,True,False,
2026-12-03 10:55:33.007,5.0,0.0,0.0,2.0,3.0,0.0,0.0,1.0,0.0,0.0,0.0,1.0,1.0,0.0,0.0,2.313,1.0,0.0,0.0,7.317879233453954,-396.0,0.0,7.197597444846517,422.0,0.0,0.0,4.982,109.0,4.981,266.0,0.682,0.0,4.952,192.0,4.962,201.0,4.967,62.0,4.975,58.0,24.05053,23.7874,23.82678,23.4652,28.9784,26.60307,24.22774,24.74147,23.90912,23.5,27.0,25.0,23.5,24.0,0.0,910.25,,2.0,0.0,0.0,77.180115,77.180115,77.180115,77.180115,77.180115,77.180115,77.180115,77.180115,77.180115,77.180115,77.180115,77.180115,77.180115,77.180115,77.180115,77.180115,74.309649,74.309649,74.309649,74.309649,0.0,0.0,100.0,101.0,102.0,101.0,101.0,114.585,3037.556,543.038,950.784,288.54999999999995,True,False,
2026-12-03 10:55:33.459,5.0,0.0,0.0,2.0,4.0,0.0,0.0,1.0,0.0,0.0,0.0,1.0,1.0,0.0,0.0,2.313,0.0,0.0,0.0,7.3179194515142605,-396.0,0.0,7.1977315050475354,425.0,0.0,0.0,4.982,109.0,4.982,266.0,0.682,0.0,4.952,191.0,4.961,187.0,4.968,63.0,4.975,58.0,24.04337,23.79277,23.83573,23.47594,29.00167,26.6156,24.22774,24.74505,23.91091,23.5,27.0,25.5,23.5,24.0,0.0,910.25,,2.0,0.0,0.0,77.180115,77.180115,77.180115,77.180115,77.180115,77.180115,77.180115,77.180115,77.180115,77.180115,77.180115,77.180115,77.180115,77.180115,77.180115,77.180115,74.309649,74.309649,74.309649,74.309649,0.0,0.0,100.0,101.0,102.0,101.0,101.0,115.037,3059.15,543.038,945.832,288.54999999999995,True,False,
2026-12-03 10:55:33.909,5.0,0.0,0.0,2.0,4.0,0.0,0.0,1.0,0.0,0.0,0.0,1.0,1.0,0.0,0.0,2.313,0.0,0.0,0.0,7.317946810590316,-396.0,0.0,7.197822701967722,421.0,0.0,0.0,4.982,109.0,4.982,266.0,0.681,0.0,4.951,192.0,4.962,196.0,4.967,61.0,4.976,60.0,24.04874,23.79098,23.8232,23.4652,29.01241,26.62634,24.23669,24.73968,23.90912,23.5,27.0,25.5,23.5,24.0,0.0,910.25,,2.0,0.0,0.0,77.180115,77.180115,77.180115,77.180115,77.180115,77.180115,77.180115,77.180115,77.180115,77.180115,77.180115,77.180115,77.180115,77.180115,77.180115,77.180115,74.309649,74.309649,74.309649,74.309649,0.0,0.0,100.0,101.0,102.0,101.0,101.0,115.487,3030.358,543.038,950.5919999999999,298.56,True,False,
2026-12-03 10:55:34.461,5.0,0.0,0.0,2.0,5.0,0.0,0.0,1.0,0.0,0.0,0.0,1.0,1.0,0.0,0.0,2.313,0.0,0.0,0.0,7.31796522637106,-396.0,0.0,7.1978840879035335,423.0,0.0,0.0,4.982,266.0,4.982,107.0,0.682,0.0,4.952,192.0,4.962,193.0,4.968,62.0,4.976,60.0,24.038,23.7874,23.83931,23.47057,29.0142,26.62992,24.24027,24.75042,23.9127,23.5,27.0,25.5,23.5,24.0,0.0,910.25,,2.0,0.0,0.0,77.180115,77.180115,77.180115,77.180115,77.180115,77.180115,77.180115,77.180115,77.180115,77.180115,77.180115,77.180115,77.180115,77.180115,77.180115,77.180115,74.309649,74.309649,74.309649,74.309649,0.0,0.0,100.0,101.0,102.0,101.0,101.0,116.039,3044.7540000000004,1325.212,950.784,298.56,True,False,
2026-12-03 10:55:34.911,5.0,0.0,0.0,2.0,5.0,0.0,0.0,1.0,0.0,0.0,0.0,1.0,1.0,0.0,0.0,2.313,0.0,0.0,0.0,7.317977492258641,-396.0,0.0,7.19692497419547,422.0,0.0,0.0,4.982,266.0,4.982,266.0,0.682,0.0,4.95,193.0,4.962,191.0,4.968,61.0,4.976,60.0,24.05232,23.79635,23.83215,23.4652,29.03389,26.63708,24.24206,24.73968,23.91449,23.5,27.0,25.5,23.5,24.0,0.0,910.25,,2.0,0.0,0.0,77.180115,77.180115,77.180115,77.180115,77.180115,77.180115,77.180115,77.180115,77.180115,77.180115,77.180115,77.180115,77.180115,77.180115,77.180115,77.180115,74.309649,74.309649,74.309649,74.309649,0.0,0.0,100.0,101.0,102.0,101.0,101.0,116.489,3037.134,1325.212,955.35,298.56,True,False,
2026-12-03 10:55:35.464,5.0,0.0,0.0,2.0,6.0,0.0,0.0,1.0,0.0,0.0,0.0,1.0,1.0,0.0,0.0,2.313,0.0,0.0,0.0,7.317985576492938,-396.0,0.0,7.194951921643129,423.0,0.0,0.0,4.981,107.0,4.982,109.0,0.682,0.0,4.951,190.0,4.963,198.0,4.967,61.0,4.976,60.0,24.05053,23.79456,23.83215,23.48489,29.02136,26.64782,24.24743,24.75221,23.91807,23.5,27.0,25.5,23.5,24.0,0.0,910.25,,2.0,0.0,0.0,77.180115,77.180115,77.180115,77.180115,77.180115,77.180115,77.180115,77.180115,77.180115,77.180115,77.180115,77.180115,77.180115,77.180115,77.180115,77.180115,74.309649,74.309649,74.309649,74.309649,0.0,0.0,100.0,101.0,102.0,101.0,101.0,117.042,3043.485,532.967,940.6899999999999,298.56,True,False,
2026-12-03 10:55:36.164,5.0,0.0,0.0,2.0,6.0,0.0,0.0,1.0,0.0,0.0,0.0,1.0,1.0,0.0,0.0,2.313,0.0,0.0,0.0,7.317990849035254,-396.0,0.0,7.19696949678418,423.0,0.0,0.0,4.981,266.0,4.982,109.0,0.682,0.0,4.951,195.0,4.961,192.0,4.967,61.0,4.975,39.0,24.06843,23.79993,23.83931,23.47594,29.04821,26.6514,24.24206,24.75221,23.91807,23.5,27.0,25.5,23.5,24.0,0.0,910.25,,2.0,0.0,0.0,77.180115,77.180115,77.180115,77.180115,77.180115,77.180115,77.180115,77.180115,77.180115,77.180115,77.180115,77.180115,77.180115,77.180115,77.180115,77.180115,74.309649,74.309649,74.309649,74.309649,0.0,0.0,100.0,101.0,102.0,101.0,101.0,117.742,3044.331,1324.946,965.4449999999999,194.02499999999998,True,False,
2026-12-03 10:55:36.515,5.0,0.0,0.0,2.0,7.0,0.0,0.0,1.0,0.0,0.0,0.0,1.0,1.0,0.0,0.0,2.313,0.0,0.0,0.0,7.3179942519577965,-396.0,0.0,7.194980839859323,426.0,0.0,0.0,4.982,109.0,4.981,109.0,0.682,0.0,4.955,205.0,4.961,197.0,4.966,62.0,4.975,39.0,24.04874,23.79635,23.84289,23.4652,29.05716,26.66214,24.25459,24.76295,23.92702,23.5,27.0,25.5,23.5,24.0,0.0,910.25,,2.0,0.0,0.0,77.180115,77.180115,77.180115,77.180115,77.180115,77.180115,77.180115,77.180115,77.180115,77.180115,77.180115,77.180115,77.180115,77.180115,77.180115,77.180115,74.309649,74.309649,74.309649,74.309649,0.0,0.0,100.0,101.0,102.0,101.0,101.0,118.093,3065.07,543.038,1015.775,194.02499999999998,True,False,
2026-12-03 10:55:36.966,5.0,0.0,0.0,2.0,7.0,0.0,0.0,1.0,0.0,0.0,0.0,1.0,1.0,0.0,0.0,2.313,1.0,0.0,0.0,7.31799642537845,-396.0,0.0,7.197988084594833,422.0,0.0,0.0,4.982,107.0,4.981,266.0,0.681,0.0,4.951,192.0,4.962,195.0,4.967,62.0,4.975,39.0,24.0559,23.80709,23.8411,23.47236,29.08043,26.67646,24.25101,24.76295,23.92881,23.5,27.0,25.5,23.5,24.0,0.0,910.25,,2.0,0.0,0.0,77.180115,77.180115,77.180115,77.180115,77.180115,77.180115,77.180115,77.180115,77.180115,77.180115,77.180115,77.180115,77.180115,77.180115,77.180115,77.180115,74.309649,74.309649,74.309649,74.309649,0.0,0.0,100.0,101.0,102.0,101.0,101.0,118.544,3037.556,533.0740000000001,950.5919999999999,194.02499999999998,True,False,
2026-12-03 10:55:37.416,5.0,0.0,0.0,2.0,8.0,0.0,0.0,1.0,0.0,0.0,0.0,1.0,1.0,0.0,0.0,2.313,0.0,0.0,0.0,7.317997799115532,-396.0,0.0,7.19799266371844,423.0,0.0,0.0,4.981,266.0,4.981,266.0,0.681,1.0,4.952,203.0,4.962,192.0,4.967,61.0,4.975,39.0,24.04516,23.79993,23.84468,23.47236,29.08043,26.67825,24.24922,24.76116,23.92344,23.5,27.0,25.5,23.5,24.0,0.0,910.25,,2.0,0.0,0.0,77.180115,77.180115,77.180115,77.180115,77.180115,77.180115,77.180115,77.180115,77.180115,77.180115,77.180115,77.180115,77.180115,77.180115,77.180115,77.180115,74.309649,74.309649,74.309649,74.309649,0.0,0.0,100.0,101.0,102.0,101.0,101.0,118.994,3044.7540000000004,1324.946,1005.256,194.02499999999998,True,False,
2026-12-03 10:55:37.970,5.0,0.0,0.0,2.0,8.0,0.0,0.0,1.0,0.0,0.0,0.0,1.0,1.0,0.0,0.0,2.313,0.0,0.0,0.0,7.317998658404858,-396.0,0.0,7.197995528016194,420.0,0.0,0.0,4.982,266.0,4.981,109.0,0.681,1.0,4.95,191.0,4.962,196.0,4.968,60.0,4.973,39.0,24.05769,23.79993,23.84289,23.46878,29.07148,26.70331,24.24922,24.76474,23.92344,23.5,27.0,25.5,23.5,24.0,0.0,910.25,,2.0,0.0,0.0,77.180115,77.180115,77.180115,77.180115,77.180115,77.180115,77.180115,77.180115,77.180115,77.180115,77.180115,77.180115,77.180115,77.180115,77.180115,77.180115,74.309649,74.309649,74.309649,74.309649,0.0,0.0,100.0,101.0,102.0,101.0,101.0,119.548,3023.1600000000003,1325.212,945.45,193.947,True,False,
2026-12-03 10:55:38.421,5.0,0.0,0.0,2.0,9.0,0.0,0.0,1.0,0.0,0.0,0.0,1.0,1.0,0.0,0.0,2.313,0.0,0.0,0.0,7.317999190339852,-396.0,0.0,7.1979973011328395,425.0,0.0,0.0,4.982,266.0,4.982,109.0,0.682,0.0,4.953,203.0,4.961,186.0,4.967,61.0,4.973,39.0,24.038,23.79993,23.84468,23.47415,29.09475,26.69794,24.25996,24.78443,23.92881,23.5,27.0,25.5,23.5,24.0,0.0,910.25,,2.0,0.0,0.0,77.180115,77.180115,77.180115,77.180115,77.180115,77.180115,77.180115,77.180115,77.180115,77.180115,77.180115,77.180115,77.180115,77.180115,77.180115,77.180115,74.309649,74.309649,74.309649,74.309649,0.0,0.0,100.0,101.0,102.0,101.0,101.0,119.999,3059.15,1325.212,1005.4590000000001,193.947,True,False,
2026-12-03 10:55:38.969,5.0,0.0,0.0,2.0,9.0,0.0,0.0,1.0,0.0,0.0,0.0,1.0,1.0,0.0,0.0,2.313,0.0,0.0,0.0,7.317999516227579,-396.0,0.0,7.196998387425267,420.0,0.0,0.0,4.981,109.0,4.982,266.0,0.681,1.0,4.951,195.0,4.962,196.0,4.967,62.0,4.973,39.0,24.05053,23.79635,23.84826,23.47773,29.08938,26.71047,24.26354,24.76832,23.91986,23.5,27.0,25.5,23.5,24.0,0.0,910.25,,2.0,0.0,0.0,77.180115,77.180115,77.180115,77.180115,77.180115,77.180115,77.180115,77.180115,77.180115,77.180115,77.180115,77.180115,77.180115,77.180115,77.180115,77.180115,74.309649,74.309649,74.309649,74.309649,0.0,0.0,100.0,101.0,102.0,101.0,101.0,120.547,3022.7400000000002,542.929,965.4449999999999,193.947,True,False,
2026-12-03 10:55:39.419,5.0,0.0,0.0,2.0,,0.0,0.0,1.0,0.0,0.0,0.0,1.0,1.0,0.0,0.0,2.313,0.0,0.0,0.0,7.31799971382183,-396.0,0.0,7.195999046072766,423.0,0.0,0.0,4.981,266.0,4.982,109.0,0.682,1.0,4.955,205.0,4.962,195.0,4.967,60.0,4.973,39.0,24.04874,23.81425,23.84468,23.47773,29.11444,26.71584,24.26533,24.77369,23.92702,23.5,27.0,25.5,23.5,24.0,0.0,910.25,,2.0,0.0,0.0,77.180115,77.180115,77.180115,77.180115,77.180115,77.180115,77.180115,77.180115,77.180115,77.180115,77.180115,77.180115,77.180115,77.180115,77.180115,77.180115,74.309649,74.309649,74.309649,74.309649,0.0,0.0,100.0,101.0,102.0,101.0,101.0,120.997,3043.908,1324.946,1015.775,193.947,True,False,
2026-12-03 10:55:39.970,5.0,0.0,0.0,2.0,,0.0,0.0,1.0,0.0,0.0,0.0,1.0,1.0,0.0,0.0,2.313,0.0,0.0,0.0,7.317999832394234,-396.0,0.0,7.196999441314114,422.0,0.0,0.0,4.981,106.0,4.981,109.0,0.682,0.0,4.951,192.0,4.962,187.0,4.968,63.0,4.976,60.0,24.05411,23.81067,23.84647,23.47415,29.09296,26.723,24.2707,24.77011,23.92344,23.5,27.0,25.5,23.5,24.0,0.0,910.25,,2.0,0.0,0.0,77.180115,77.180115,77.180115,77.180115,77.180115,77.180115,77.180115,77.180115,77.180115,77.180115,77.180115,77.180115,77.180115,77.180115,77.180115,77.180115,74.309649,74.309649,74.309649,74.309649,0.0,0.0,100.0,101.0,102.0,101.0,101.0,121.548,3037.134,527.986,950.5919999999999,298.56,True,False,
2026-12-03 10:55:40.420,5.0,0.0,0.0,2.0,,0.0,0.0,1.0,0.0,0.0,0.0,1.0,1.0,0.0,0.0,2.313,0.0,0.0,0.0,7.317999902815173,-396.0,0.0,7.1959996760505796,423.0,0.0,0.0,4.981,266.0,4.981,266.0,0.681,0.0,4.953,205.0,4.962,200.0,4.967,63.0,4.976,60.0,24.05769,23.81246,23.85005,23.47594,29.13234,26.73016,24.26354,24.77727,23.92165,23.5,27.0,25.5,23.5,24.0,0.0,910.25,,2.0,0.0,0.0,77.180115,77.180115,77.180115,77.180115,77.180115,77.180115,77.180115,77.180115,77.180115,77.180115,77.180115,77.180115,77.180115,77.180115,77.180115,77.180115,74.309649,74.309649,74.309649,74.309649,0.0,0.0,100.0,101.0,102.0,101.0,101.0,121.998,3043.908,1324.946,1015.365,298.56,True,False,
2026-12-03 10:55:40.973,5.0,0.0,0.0,2.0,,0.0,0.0,1.0,0.0,0.0,0.0,1.0,1.0,0.0,0.0,2.313,0.0,0.0,0.0,7.3179999442088866,-396.0,0.0,7.197999814029624,421.0,0.0,0.0,4.982,266.0,4.982,107.0,0.682,0.0,4.95,193.0,4.961,190.0,4.968,61.0,4.976,60.0,24.04516,23.81425,23.84826,23.47773,29.14129,26.74448,24.26354,24.78801,23.92702,23.5,27.0,25.5,23.5,24.0,0.0,910.25,,2.0,0.0,0.0,77.180115,77.180115,77.180115,77.180115,77.180115,77.180115,77.180115,77.180115,77.180115,77.180115,77.180115,77.180115,77.180115,77.180115,77.180115,77.180115,74.309649,74.309649,74.309649,74.309649,0.0,0.0,100.0,101.0,102.0,101.0,101.0,122.551,3030.358,1325.212,955.35,298.56,True,False,
2026-12-03 10:55:41.423,5.0,0.0,0.0,2.0,,0.0,0.0,1.0,0.0,0.0,0.0,1.0,1.0,0.0,0.0,2.313,0.0,0.0,0.0,7.317999968290555,-396.0,0.0,7.196999894301849,430.0,0.0,0.0,4.982,109.0,4.981,270.0,0.682,0.0,4.952,205.0,4.961,191.0,4.967,61.0,4.976,60.0,24.04874,23.81604,23.84289,23.4831,29.14487,26.74806,24.2707,24.78622,23.92881,23.5,27.0,25.5,23.5,24.0,0.0,910.25,,2.0,0.0,0.0,77.180115,77.180115,77.180115,77.180115,77.180115,77.180115,77.180115,77.180115,77.180115,77.180115,77.180115,77.180115,77.180115,77.180115,77.180115,77.180115,74.309649,74.309649,74.309649,74.309649,0.0,0.0,100.0,101.0,102.0,101.0,101.0,123.001,3094.71,543.038,1015.16,298.56,True,False,
2026-12-03 10:55:41.973,5.0,0.0,0.0,2.0,,0.0,0.0,1.0,0.0,0.0,0.0,1.0,1.0,0.0,0.0,2.313,0.0,0.0,0.0,7.31799998215694,-396.0,0.0,7.197999940523137,422.0,0.0,0.0,4.981,109.0,4.981,266.0,0.681,0.0,4.951,196.0,4.962,197.0,4.967,60.0,4.975,58.0,24.04874,23.80888,23.85363,23.47236,29.14845,26.7588,24.26712,24.78264,23.92344,23.5,27.0,25.5,23.5,24.0,0.0,910.25,,2.0,0.0,0.0,77.180115,77.180115,77.180115,77.180115,77.180115,77.180115,77.180115,77.180115,77.180115,77.180115,77.180115,77.180115,77.180115,77.180115,77.180115,77.180115,74.309649,74.309649,74.309649,74.309649,0.0,0.0,100.0,101.0,102.0,101.0,101.0,123.551,3037.556,542.929,970.396,288.54999999999995,True,False,
2026-12-03 10:55:42.424,5.0,0.0,0.0,2.0,,0.0,0.0,1.0,0.0,0.0,0.0,1.0,1.0,0.0,0.0,2.313,0.0,0.0,0.0,7.317999990059527,-396.0,0.0,7.197999966865091,428.0,0.0,0.0,4.982,266.0,4.981,107.0,0.682,0.0,4.952,203.0,4.961,188.0,4.968,60.0,4.975,58.0,24.04516,23.81604,23.85721,23.47594,29.17351,26.7767,24.27607,24.7898,23.93597,23.5,27.0,25.5,23.5,24.0,0.0,910.25,,2.0,0.0,0.0,77.180115,77.180115,77.180115,77.180115,77.180115,77.180115,77.180115,77.180115,77.180115,77.180115,77.180115,77.180115,77.180115,77.180115,77.180115,77.180115,74.309649,74.309649,74.309649,74.309649,0.0,0.0,100.0,101.0,102.0,101.0,101.0,124.002,3080.744,1325.212,1005.256,288.54999999999995,True,False,
2026-12-03 10:55:42.975,5.0,0.0,0.0,2.0,,0.0,0.0,1.0,0.0,0.0,0.0,1.0,1.0,0.0,0.0,2.313,0.0,0.0,0.0,7.317999994517207,-396.0,0.0,7.195999981724024,427.0,0.0,0.0,4.982,267.0,4.981,110.0,0.681,0.0,4.948,191.0,4.962,202.0,4.967,61.0,4.975,58.0,24.04158,23.8232,23.85363,23.48847,29.17709,26.7767,24.27786,24.7898,23.92881,23.5,27.0,25.5,23.5,24.0,0.0,910.25,,2.0,0.0,0.0,77.180115,77.180115,77.180115,77.180115,77.180115,77.180115,77.180115,77.180115,77.180115,77.180115,77.180115,77.180115,77.180115,77.180115,77.180115,77.180115,74.309649,74.309649,74.309649,74.309649,0.0,0.0,100.0,101.0,102.0,101.0,101.0,124.553,3072.692,1330.194,945.0680000000001,288.54999999999995,True,False,
2026-12-03 10:55:43.427,5.0,0.0,0.0,2.0,,0.0,0.0,1.0,0.0,0.0,0.0,1.0,1.0,0.0,0.0,2.313,1.0,0.0,0.0,7.317999997005987,-396.0,0.0,7.191999990019958,430.0,0.0,0.0,4.982,266.0,4.981,110.0,0.681,0.0,4.955,203.0,4.961,192.0,4.967,61.0,4.975,58.0,24.06306,23.81962,23.859,23.49026,29.1753,26.79281,24.28144,24.79517,23.9306,23.5,27.0,25.5,23.5,24.0,0.0,910.25,,2.0,0.0,0.0,77.180115,77.180115,77.180115,77.180115,77.180115,77.180115,77.180115,77.180115,77.180115,77.180115,77.180115,77.180115,77.180115,77.180115,77.180115,77.180115,74.309649,74.309649,74.309649,74.309649,0.0,0.0,100.0,101.0,102.0,101.0,101.0,125.005,3092.56,1325.212,1005.865,288.54999999999995,True,False,
2026-12-03 10:55:44.127,5.0,0.0,0.0,2.0,,0.0,0.0,1.0,0.0,0.0,0.0,1.0,1.0,0.0,0.0,2.313,0.0,0.0,0.0,7.317999998381314,-396.0,0.0,7.195999994604381,423.0,0.0,0.0,4.981,107.0,4.98,110.0,0.682,0.0,4.95,191.0,4.962,188.0,4.968,61.0,4.975,58.0,24.05769,23.81604,23.85184,23.48668,29.18962,26.78207,24.28323,24.80233,23.91986,23.5,27.0,25.5,23.5,24.0,0.0,910.25,,2.0,0.0,0.0,77.180115,77.180115,77.180115,77.180115,77.180115,77.180115,77.180115,77.180115,77.180115,77.180115,77.180115,77.180115,77.180115,77.180115,77.180115,77.180115,74.309649,74.309649,74.309649,74.309649,0.0,0.0,100.0,101.0,102.0,101.0,101.0,125.705,3043.908,532.967,945.45,288.54999999999995,True,False,
2026-12-03 10:55:44.478,5.0,0.0,0.0,2.0,,0.0,0.0,1.0,0.0,0.0,0.0,1.0,1.0,0.0,0.0,2.313,0.0,0.0,0.0,7.31799999913358,-396.0,0.0,7.195999997111933,427.0,0.0,0.0,4.981,267.0,4.981,113.0,0.682,0.0,4.953,203.0,4.963,196.0,4.967,61.0,4.975,58.0,24.04874,23.82857,23.85721,23.48489,29.20036,26.80713,24.27786,24.80412,23.93239,23.5,27.0,25.5,23.5,24.0,0.0,910.25,,2.0,0.0,0.0,77.180115,77.180115,77.180115,77.180115,77.180115,77.180115,77.180115,77.180115,77.180115,77.180115,77.180115,77.180115,77.180115,77.180115,77.180115,77.180115,74.309649,74.309649,74.309649,74.309649,0.0,0.0,100.0,101.0,102.0,101.0,101.0,126.056,3072.692,1329.927,1005.4590000000001,288.54999999999995,True,False,
2026-12-03 10:55:45.179,5.0,0.0,0.0,2.0,,0.0,0.0,1.0,0.0,0.0,0.0,1.0,1.0,0.0,0.0,2.313,0.0,0.0,0.0,7.317999999540853,-425.0,0.0,7.19599999846951,426.0,0.0,0.0,4.982,266.0,4.981,271.0,0.682,0.0,4.951,193.0,4.961,188.0,4.966,60.0,4.975,58.0,24.05411,23.83215,23.859,23.49026,29.18783,26.80355,24.2886,24.80233,23.93239,23.5,27.0,25.5,23.5,24.0,0.0,910.25,,2.0,0.0,0.0,77.180115,77.180115,77.180115,77.180115,77.180115,77.180115,77.180115,77.180115,77.180115,77.180115,77.180115,77.180115,77.180115,77.180115,77.180115,77.180115,74.309649,74.309649,74.309649,74.309649,0.0,0.0,100.0,101.0,102.0,101.0,101.0,126.757,3065.496,1325.212,955.5429999999999,288.54999999999995,True,False,
2026-12-03 10:55:45.530,5.0,0.0,0.0,2.0,10.0,0.0,0.0,1.0,0.0,0.0,0.0,1.0,1.0,0.0,0.0,2.503,0.0,0.0,0.0,7.315999999759103,-425.0,0.0,7.1969999991970095,428.0,0.0,0.0,4.982,109.0,4.981,271.0,0.683,0.0,4.953,205.0,4.962,197.0,4.968,58.0,4.975,58.0,24.07201,23.83215,23.86795,23.47952,29.22363,26.82324,24.29218,24.81307,23.93597,23.5,27.0,25.5,23.5,24.0,0.0,910.25,,2.0,0.0,0.0,77.180115,77.180115,77.180115,77.180115,77.180115,77.180115,77.180115,77.180115,77.180115,77.180115,77.180115,77.180115,77.180115,77.180115,77.180115,77.180115,74.309649,74.309649,74.309649,74.309649,0.0,0.0,100.0,101.0,102.0,101.0,101.0,127.108,3080.316,543.038,1015.365,288.54999999999995,True,False,
2026-12-03 10:55:46.130,5.0,0.0,0.0,2.0,10.0,0.0,0.0,1.0,0.0,0.0,0.0,1.0,1.0,0.0,0.0,2.722,0.0,0.0,0.0,7.3149999998748685,-406.0,0.0,7.196999999582893,426.0,0.0,0.0,4.981,109.0,4.982,271.0,0.682,0.0,4.952,193.0,4.962,193.0,4.967,60.0,4.976,60.0,24.07559,23.82678,23.86616,23.47952,29.22005,26.82324,24.28144,24.80591,23.92702,23.5,27.0,25.5,23.5,24.0,0.0,910.25,,2.0,0.0,0.0,77.180115,77.180115,77.180115,77.180115,77.180115,77.180115,77.180115,77.180115,77.180115,77.180115,77.180115,77.180115,77.180115,77.180115,77.180115,77.180115,74.309649,74.309649,74.309649,74.309649,0.0,0.0,100.0,101.0,102.0,101.0,101.0,127.708,3065.922,542.929,955.736,298.56,True,False,
2026-12-03 10:55:46.481,5.0,0.0,0.0,2.0,11.0,0.0,0.0,1.0,0.0,0.0,0.0,1.0,1.0,0.0,0.0,2.836,0.0,0.0,0.0,7.313999999935648,-409.0,0.0,7.196999999785493,430.0,0.0,0.0,4.981,106.0,4.981,111.0,0.682,0.0,4.953,201.0,4.962,188.0,4.967,61.0,4.976,60.0,24.08991,23.83215,23.859,23.48668,29.20752,26.84651,24.29576,24.81128,23.92881,23.5,27.0,25.5,23.5,24.0,0.0,910.25,,2.0,0.0,0.0,77.180115,77.180115,77.180115,77.180115,77.180115,77.180115,77.180115,77.180115,77.180115,77.180115,77.180115,77.180115,77.180115,77.180115,77.180115,77.180115,74.309649,74.309649,74.309649,74.309649,0.0,0.0,100.0,101.0,102.0,101.0,101.0,128.059,3094.71,527.986,995.5530000000001,298.56,True,False,
2026-12-03 10:55:46.931,5.0,0.0,0.0,2.0,11.0,0.0,0.0,1.0,0.0,0.0,0.0,1.0,1.0,0.0,0.0,2.989,0.0,0.0,0.0,7.315999999967235,-404.0,0.0,7.195999999890782,427.0,0.0,0.0,4.981,267.0,4.981,270.0,0.682,0.0,4.953,200.0,4.962,197.0,4.967,61.0,4.976,60.0,24.09528,23.83036,23.86795,23.48489,29.23258,26.8304,24.29218,24.8077,23.93418,23.5,27.0,25.5,23.5,24.0,0.0,910.25,,2.0,0.0,0.0,77.180115,77.180115,77.180115,77.180115,77.180115,77.180115,77.180115,77.180115,77.180115,77.180115,77.180115,77.180115,77.180115,77.180115,77.180115,77.180115,74.309649,74.309649,74.309649,74.309649,0.0,0.0,100.0,101.0,102.0,101.0,101.0,128.509,3072.692,1329.927,990.6,298.56,True,False,
2026-12-03 10:55:47.631,5.0,0.0,0.0,2.0,12.0,0.0,0.0,1.0,0.0,0.0,0.0,1.0,1.0,0.0,0.0,2.81,0.0,0.0,0.0,7.315999999983483,-408.0,0.0,7.195999999944944,428.0,0.0,0.0,4.982,267.0,4.981,271.0,0.681,0.0,4.953,200.0,4.961,188.0,4.967,61.0,4.976,60.0,24.09886,23.8232,23.86795,23.48847,29.23437,26.85188,24.29397,24.81844,23.9306,23.5,27.0,25.5,23.5,24.0,0.0,910.25,,2.0,0.0,0.0,77.180115,77.180115,77.180115,77.180115,77.180115,77.180115,77.180115,77.180115,77.180115,77.180115,77.180115,77.180115,77.180115,77.180115,77.180115,77.180115,74.309649,74.309649,74.309649,74.309649,0.0,0.0,100.0,101.0,102.0,101.0,101.0,129.209,3079.888,1330.194,990.6,298.56,True,False,
2026-12-03 10:55:47.981,5.0,0.0,0.0,2.0,12.0,0.0,0.0,1.0,0.0,0.0,0.0,1.0,1.0,0.0,0.0,2.788,0.0,0.0,0.0,7.314999999991757,-404.0,0.0,7.197999999972524,425.0,0.0,0.0,4.981,109.0,4.981,271.0,0.682,0.0,4.953,200.0,4.963,193.0,4.966,60.0,4.975,58.0,24.10423,23.83036,23.86079,23.49563,29.24332,26.8662,24.30113,24.83097,23.93955,23.5,27.0,25.5,23.5,24.0,0.0,910.25,,2.0,0.0,0.0,77.180115,77.180115,77.180115,77.180115,77.180115,77.180115,77.180115,77.180115,77.180115,77.180115,77.180115,77.180115,77.180115,77.180115,77.180115,77.180115,74.309649,74.309649,74.309649,74.309649,0.0,0.0,100.0,101.0,102.0,101.0,101.0,129.559,3059.15,542.929,990.6,288.54999999999995,True,False,
2026-12-03 10:55:48.431,5.0,0.0,0.0,2.0,13.0,0.0,0.0,1.0,0.0,0.0,0.0,1.0,1.0,0.0,0.0,2.803,0.0,0.0,0.0,7.313999999995927,-405.0,0.0,7.196999999986423,430.0,0.0,0.0,4.982,109.0,4.98,271.0,0.682,0.0,4.951,198.0,4.962,192.0,4.966,60.0,4.975,58.0,24.09707,23.83752,23.87869,23.48847,29.27196,26.86799,24.29934,24.83276,23.93239,23.5,27.0,25.5,23.5,24.0,0.0,910.25,,2.0,0.0,0.0,77.180115,77.180115,77.180115,77.180115,77.180115,77.180115,77.180115,77.180115,77.180115,77.180115,77.180115,77.180115,77.180115,77.180115,77.180115,77.180115,74.309649,74.309649,74.309649,74.309649,0.0,0.0,100.0,101.0,102.0,101.0,101.0,130.009,3094.71,543.038,980.2979999999999,288.54999999999995,True,False,
2026-12-03 10:55:49.134,5.0,0.0,0.0,2.0,13.0,0.0,0.0,1.0,0.0,0.0,0.0,1.0,1.0,0.0,0.0,2.839,0.0,0.0,0.0,7.314999999998008,-403.0,0.0,7.195999999993358,426.0,0.0,0.0,4.982,266.0,4.981,271.0,0.682,0.0,4.952,198.0,4.961,192.0,4.967,60.0,4.975,58.0,24.10065,23.83752,23.86258,23.4831,29.26301,26.88231,24.30829,24.82918,23.9306,23.5,27.0,25.5,23.5,24.0,0.0,910.25,,2.0,0.0,0.0,77.180115,77.180115,77.180115,77.180115,77.180115,77.180115,77.180115,77.180115,77.180115,77.180115,77.180115,77.180115,77.180115,77.180115,77.180115,77.180115,74.309649,74.309649,74.309649,74.309649,0.0,0.0,100.0,101.0,102.0,101.0,101.0,130.712,3065.496,1325.212,980.496,288.54999999999995,True,False,
2026-12-03 10:55:49.485,5.0,0.0,0.0,2.0,14.0,0.0,0.0,1.0,0.0,0.0,0.0,1.0,1.0,0.0,0.0,2.853,0.0,0.0,0.0,7.3139999999990355,-402.0,0.0,7.196999999996783,428.0,0.0,0.0,4.982,109.0,4.981,110.0,0.682,0.0,4.952,200.0,4.962,198.0,4.968,62.0,4.975,58.0,24.10423,23.84468,23.86616,23.48668,29.29523,26.88589,24.30292,24.82381,23.93418,23.5,27.0,25.5,23.5,24.0,0.0,910.25,,2.0,0.0,0.0,77.180115,77.180115,77.180115,77.180115,77.180115,77.180115,77.180115,77.180115,77.180115,77.180115,77.180115,77.180115,77.180115,77.180115,77.180115,77.180115,74.309649,74.309649,74.309649,74.309649,0.0,0.0,100.0,101.0,102.0,101.0,101.0,131.063,3080.316,543.038,990.4,288.54999999999995,True,False,
2026-12-03 10:55:49.936,5.0,0.0,0.0,2.0,14.0,0.0,0.0,1.0,0.0,0.0,0.0,1.0,1.0,0.0,0.0,2.98,0.0,0.0,0.0,7.314999999999538,-399.0,0.0,7.197999999998458,425.0,0.0,0.0,4.981,107.0,4.981,271.0,0.681,0.0,4.952,200.0,4.962,192.0,4.967,60.0,4.975,58.0,24.12034,23.84289,23.87153,23.47952,29.27733,26.89126,24.31187,24.8256,23.94134,23.5,27.0,25.5,23.5,24.0,0.0,910.25,,2.0,0.0,0.0,77.180115,77.180115,77.180115,77.180115,77.180115,77.180115,77.180115,77.180115,77.180115,77.180115,77.180115,77.180115,77.180115,77.180115,77.180115,77.180115,74.309649,74.309649,74.309649,74.309649,0.0,0.0,100.0,101.0,102.0,101.0,101.0,131.514,3059.15,532.967,990.4,288.54999999999995,True,False,
2026-12-03 10:55:50.637,5.0,0.0,0.0,2.0,15.0,0.0,0.0,1.0,0.0,0.0,0.0,1.0,1.0,0.0,0.0,3.119,0.0,0.0,0.0,7.314999999999781,-399.0,0.0,7.195999999999268,428.0,0.0,0.0,4.982,266.0,4.98,271.0,0.682,0.0,4.951,198.0,4.961,197.0,4.967,61.0,4.975,58.0,24.11676,23.84468,23.86974,23.49026,29.2648,26.90558,24.31366,24.83276,23.94134,23.5,27.0,25.5,23.5,24.0,0.0,910.25,,2.0,0.0,0.0,77.180115,77.180115,77.180115,77.180115,77.180115,77.180115,77.180115,77.180115,77.180115,77.180115,77.180115,77.180115,77.180115,77.180115,77.180115,77.180115,74.309649,74.309649,74.309649,74.309649,0.0,0.0,100.0,101.0,102.0,101.0,101.0,132.215,3079.888,1325.212,980.2979999999999,288.54999999999995,True,False,
2026-12-03 10:55:50.987,5.0,0.0,0.0,2.0,15.0,0.0,0.0,1.0,0.0,0.0,0.0,1.0,1.0,0.0,0.0,2.955,0.0,0.0,0.0,7.313999999999897,-403.0,0.0,7.197999999999657,426.0,0.0,0.0,4.982,266.0,4.98,111.0,0.681,0.0,4.95,200.0,4.962,195.0,4.967,61.0,4.975,58.0,24.12034,23.84826,23.87332,23.49384,29.30955,26.90558,24.31724,24.82918,23.93418,23.5,27.5,25.5,23.5,24.0,0.0,910.25,,2.0,0.0,0.0,77.180115,77.180115,77.180115,77.180115,77.180115,77.180115,77.180115,77.180115,77.180115,77.180115,77.180115,77.180115,77.180115,77.180115,77.180115,77.180115,74.309649,74.309649,74.309649,74.309649,0.0,0.0,100.0,101.0,102.0,101.0,101.0,132.565,3066.348,1325.212,990.0,288.54999999999995,True,False,
2026-12-03 10:55:51.439,5.0,0.0,0.0,2.0,16.0,0.0,0.0,1.0,0.0,0.0,0.0,1.0,1.0,0.0,0.0,2.859,0.0,0.0,0.0,7.314999999999952,-411.0,0.0,7.19599999999984,431.0,0.0,0.0,4.981,266.0,4.98,270.0,0.681,0.0,4.95,200.0,4.961,193.0,4.967,62.0,4.975,58.0,24.12392,23.83752,23.88227,23.48847,29.29523,26.92169,24.31366,24.83992,23.93597,23.5,27.0,25.5,23.5,24.0,0.0,910.25,,2.0,0.0,0.0,77.180115,77.180115,77.180115,77.180115,77.180115,77.180115,77.180115,77.180115,77.180115,77.180115,77.180115,77.180115,77.180115,77.180115,77.180115,77.180115,74.309649,74.309649,74.309649,74.309649,0.0,0.0,100.0,101.0,102.0,101.0,101.0,133.017,3101.4759999999997,1324.946,990.0,288.54999999999995,True,False,
