timestamp,elapsed_s,FSW_DB_VER,DAY,HOUR,MINUTE,SECOND,SC_ID,CMD_RCV_CNT,CMD_ACC_CNT,CMD_REJ_CNT,CMD_INC_CNT,PAYLOAD_STATUS,PLATFORM_PWR_STATUS,ADCS_PWR_STATUS,PAYLOAD_PWR_STATUS,SPR_PWR_STATUS,SOLAR_V,SOLAR_S,EXT_V,EXT_S,BATT_CHR_V,BATT_CHR_I,BATT_CHR_STATUS,SYS_V,SYS_I,SPR_V,SPR_I,PLAT_5V_V,PLAT_5V_I,ADCS_5V_V,ADCS_5V_I,PAYLOAD_5V_V,PAYLOAD_5V_I,OBC_PWR_V,OBC_PWR_I,ADCS_PROC_PWR_V,ADCS_PROC_PWR_I,ADCS_PER_PWR_V,ADCS_PER_PWR_I,COMMS_PWR_V,COMMS_PWR_I,TEMP_SOLAR,TEMP_EPS,TEMP_BATTERY,TEMP_BACKPLANE,TEMP_OBDH,TEMP_ADCS,TEMP_WHEEL,TEMP_COMMS,TEMP_PAYLOAD,TEMP_EPS_L,TEMP_OBDH_L,TEMP_ADCS_L,TEMP_WHEEL_L,TEMP_COMMS_L,TEMP_PAYLOAD_L,FREQ,RSSI,TX_POWER,FRAME_ERR,TEMP_THERM_EXP_L,THERMISTOR_ROD_1,THERMISTOR_ROD_2,THERMISTOR_ROD_3,THERMISTOR_ROD_4,THERMISTOR_ROD_5,THERMISTOR_ROD_6,THERMISTOR_ROD_7,THERMISTOR_ROD_8,THERMISTOR_ROD_9,THERMISTOR_ROD_10,THERMISTOR_ROD_11,THERMISTOR_ROD_12,THERMISTOR_ROD_13,THERMISTOR_ROD_14,THERMISTOR_ROD_15,THERMISTOR_ROD_16,THERMISTOR_BATH_1,THERMISTOR_BATH_2,THERMISTOR_BATH_3,THERMISTOR_EXP3,THERMISTOR_HEATER,THERMAL_EXP_SW_VERSION,OBC_SW_VERSION,PWR_SW_VERSION,COMMS_SW_VERSION,ADCS_SW_VERSION,ACTUATOR_SW_VERSION,PWR_SYS,PWR_PLAT_5V,PWR_OBC_PWR,PWR_COMMS_PWR,_has_stuck_thermistor,anomaly,anomaly_type
2026-02-03 11:24:54.903,0.0,5.0,0.0,0.0,0.0,,0.0,0.0,0.0,0.0,0.0,0.0,1.0,0.0,0.0,0.0,1.927,1.0,0.0,0.0,7.415,-221.0,0.0,7.308,216.0,0.0,0.0,4.987,255.0,0.096,0.0,0.686,0.0,4.957,195.0,0.0,0.0,0.0,0.0,4.981,58.0,21.97413,21.07913,21.1203,21.25992,23.19133,20.85896,20.78736,21.77186,21.11851,21.0,22.0,0.0,0.0,21.0,0.0,910.25,0.0,2.0,0.0,0.0,77.180115,77.180115,77.180115,77.180115,77.180115,77.180115,77.180115,77.180115,77.180115,77.180115,77.180115,77.180115,77.180115,77.180115,77.180115,77.180115,74.309649,74.309649,74.309649,74.309649,0.0,0.0,100.0,101.0,102.0,0.0,0.0,1578.528,1271.685,966.615,288.89799999999997,True,False,
2026-02-03 11:24:55.255,0.352,5.0,0.0,0.0,0.0,,0.0,0.0,0.0,0.0,0.0,0.0,1.0,0.0,0.0,0.0,1.927,0.0,0.0,0.0,7.415,-221.0,0.0,7.306,216.0,0.0,0.0,4.987,255.0,0.096,1.0,0.686,0.0,4.957,196.0,0.0,0.0,0.0,0.0,4.981,62.0,21.98666,21.07913,21.13104,21.27603,23.20028,20.85717,20.77841,21.77186,21.1024,21.0,22.0,0.0,0.0,21.0,0.0,910.25,0.0,2.0,0.0,0.0,77.180115,77.180115,77.180115,77.180115,77.180115,77.180115,77.180115,77.180115,77.180115,77.180115,77.180115,77.180115,77.180115,77.180115,77.180115,77.180115,74.309649,74.309649,74.309649,74.309649,0.0,0.0,100.0,101.0,102.0,0.0,0.0,1578.096,1271.685,971.572,308.822,True,False,
2026-02-03 11:24:55.707,0.804,5.0,0.0,0.0,0.0,,0.0,0.0,0.0,0.0,0.0,0.0,1.0,0.0,0.0,0.0,1.927,0.0,0.0,0.0,7.415,-221.0,0.0,7.308,216.0,0.0,0.0,4.987,255.0,0.097,2.0,0.686,1.0,4.957,196.0,0.0,0.0,0.0,0.0,4.981,62.0,21.97592,21.0845,21.12209,21.27424,23.23608,20.8518,20.7802,21.78439,21.10777,21.0,22.0,0.0,0.0,21.0,0.0,910.25,0.0,2.0,0.0,0.0,77.180115,77.180115,77.180115,77.180115,77.180115,77.180115,77.180115,77.180115,77.180115,77.180115,77.180115,77.180115,77.180115,77.180115,77.180115,77.180115,74.309649,74.309649,74.309649,74.309649,0.0,0.0,100.0,101.0,102.0,0.0,0.0,1578.528,1271.685,971.572,308.822,True,False,
2026-02-03 11:24:56.408,1.505,5.0,0.0,0.0,0.0,,0.0,0.0,0.0,0.0,0.0,0.0,1.0,0.0,0.0,0.0,1.927,0.0,0.0,0.0,7.415,-221.0,0.0,7.308,213.0,0.0,0.0,4.987,101.0,0.097,1.0,0.687,0.0,4.957,197.0,0.0,0.0,0.0,0.0,4.981,62.0,21.97413,21.09166,21.12388,21.27245,23.27904,20.85538,20.78199,21.79871,21.1203,21.0,22.0,0.0,0.0,21.0,0.0,910.25,0.0,2.0,0.0,0.0,77.180115,77.180115,77.180115,77.180115,77.180115,77.180115,77.180115,77.180115,77.180115,77.180115,77.180115,77.180115,77.180115,77.180115,77.180115,77.180115,74.309649,74.309649,74.309649,74.309649,0.0,0.0,100.0,101.0,102.0,0.0,0.0,1556.604,503.687,976.529,308.822,True,False,
2026-02-03 11:24:56.761,1.858,5.0,0.0,0.0,0.0,,0.0,0.0,0.0,0.0,0.0,0.0,1.0,0.0,0.0,0.0,1.927,0.0,0.0,0.0,7.415,-221.0,0.0,7.307,217.0,0.0,0.0,4.986,101.0,0.098,0.0,0.687,0.0,4.957,195.0,0.0,0.0,0.0,0.0,4.981,62.0,21.98308,21.09345,21.14178,21.2814,23.31484,20.86433,20.78557,21.80587,21.11493,21.0,22.0,0.0,0.0,21.0,0.0,910.25,0.0,2.0,0.0,0.0,77.180115,77.180115,77.180115,77.180115,77.180115,77.180115,77.180115,77.180115,77.180115,77.180115,77.180115,77.180115,77.180115,77.180115,77.180115,77.180115,74.309649,74.309649,74.309649,74.309649,0.0,0.0,100.0,101.0,102.0,0.0,0.0,1585.619,503.586,966.615,308.822,True,False,
2026-02-03 11:24:57.211,2.308,5.0,0.0,0.0,0.0,,0.0,0.0,0.0,0.0,0.0,0.0,1.0,0.0,0.0,0.0,1.927,1.0,0.0,0.0,7.415,-221.0,0.0,7.308,217.0,0.0,0.0,4.987,100.0,0.097,1.0,0.687,0.0,4.957,197.0,0.0,0.0,0.0,0.0,4.981,60.0,21.98308,21.09166,21.14178,21.28319,23.33811,20.86075,20.78736,21.81661,21.11851,21.0,22.0,0.0,0.0,21.0,0.0,910.25,0.0,2.0,0.0,0.0,77.180115,77.180115,77.180115,77.180115,77.180115,77.180115,77.180115,77.180115,77.180115,77.180115,77.180115,77.180115,77.180115,77.180115,77.180115,77.180115,74.309649,74.309649,74.309649,74.309649,0.0,0.0,100.0,101.0,102.0,0.0,0.0,1585.836,498.7,976.529,298.86,True,False,
2026-02-03 11:24:57.920,3.017,5.0,0.0,0.0,0.0,,0.0,0.0,0.0,0.0,0.0,0.0,1.0,0.0,0.0,0.0,1.927,0.0,0.0,0.0,7.415,-221.0,0.0,7.303,221.0,0.0,0.0,4.986,105.0,0.098,1.0,0.686,0.0,4.956,187.0,0.0,0.0,0.0,0.0,4.981,60.0,21.98308,21.08092,21.14536,21.27782,23.33632,20.8518,20.7802,21.82377,21.11493,21.0,22.0,0.0,0.0,21.0,0.0,910.25,0.0,2.0,0.0,0.0,77.180115,77.180115,77.180115,77.180115,77.180115,77.180115,77.180115,77.180115,77.180115,77.180115,77.180115,77.180115,77.180115,77.180115,77.180115,77.180115,74.309649,74.309649,74.309649,74.309649,0.0,0.0,100.0,101.0,102.0,0.0,0.0,1613.963,523.53,926.772,298.86,True,False,
2026-02-03 11:24:58.265,3.362,5.0,0.0,0.0,0.0,,0.0,0.0,0.0,0.0,0.0,0.0,1.0,0.0,0.0,0.0,1.927,0.0,0.0,0.0,7.415,-221.0,0.0,7.31,220.0,0.0,0.0,4.987,102.0,0.098,0.0,0.686,0.0,4.956,202.0,0.0,0.0,0.0,0.0,4.981,60.0,21.97592,21.10598,21.14178,21.27782,23.37212,20.85359,20.79273,21.83451,21.11851,21.0,22.0,0.0,0.0,21.0,0.0,910.25,0.0,2.0,0.0,0.0,77.180115,77.180115,77.180115,77.180115,77.180115,77.180115,77.180115,77.180115,77.180115,77.180115,77.180115,77.180115,77.180115,77.180115,77.180115,77.180115,74.309649,74.309649,74.309649,74.309649,0.0,0.0,100.0,101.0,102.0,0.0,0.0,1608.1999999999998,508.674,1001.112,298.86,True,False,
2026-02-03 11:24:58.714,3.811,5.0,0.0,0.0,0.0,20.0,0.0,0.0,0.0,0.0,0.0,0.0,1.0,0.0,0.0,0.0,1.927,0.0,0.0,0.0,7.415,-221.0,0.0,7.306,220.0,0.0,0.0,4.987,102.0,0.098,0.0,0.686,0.0,4.956,190.0,0.0,0.0,0.0,0.0,4.981,60.0,21.98487,21.09166,21.1382,21.27782,23.39718,20.85538,20.78915,21.82914,21.11135,21.0,22.0,0.0,0.0,21.0,0.0,910.25,0.0,2.0,0.0,0.0,77.180115,77.180115,77.180115,77.180115,77.180115,77.180115,77.180115,77.180115,77.180115,77.180115,77.180115,77.180115,77.180115,77.180115,77.180115,77.180115,74.309649,74.309649,74.309649,74.309649,0.0,0.0,100.0,101.0,102.0,0.0,0.0,1607.32,508.674,941.64,298.86,True,False,
2026-02-03 11:24:59.418,4.515,5.0,0.0,0.0,0.0,20.0,0.0,0.0,0.0,0.0,0.0,0.0,1.0,0.0,0.0,0.0,1.927,0.0,0.0,0.0,7.415,-221.0,0.0,7.307,221.0,0.0,0.0,4.986,106.0,0.1,0.0,0.686,0.0,4.956,201.0,0.0,0.0,0.0,0.0,4.98,58.0,21.98666,21.10598,21.14357,21.27782,23.43835,20.86433,20.78557,21.8363,21.11851,21.0,22.0,0.0,0.0,21.5,0.0,910.25,0.0,2.0,0.0,0.0,77.180115,77.180115,77.180115,77.180115,77.180115,77.180115,77.180115,77.180115,77.180115,77.180115,77.180115,77.180115,77.180115,77.180115,77.180115,77.180115,74.309649,74.309649,74.309649,74.309649,0.0,0.0,100.0,101.0,102.0,0.0,0.0,1614.847,528.516,996.156,288.84000000000003,True,False,
2026-02-03 11:24:59.770,4.867,5.0,0.0,0.0,0.0,21.0,0.0,0.0,0.0,0.0,0.0,0.0,1.0,0.0,0.0,0.0,1.927,1.0,0.0,0.0,7.415,-221.0,0.0,7.307,220.0,0.0,0.0,4.987,104.0,0.098,1.0,0.687,0.0,4.956,190.0,0.0,0.0,0.0,0.0,4.98,58.0,21.98308,21.1024,21.14536,21.28498,23.45088,20.86075,20.79273,21.84525,21.1203,21.0,22.0,0.0,0.0,21.5,0.0,910.25,0.0,2.0,0.0,0.0,77.180115,77.180115,77.180115,77.180115,77.180115,77.180115,77.180115,77.180115,77.180115,77.180115,77.180115,77.180115,77.180115,77.180115,77.180115,77.180115,74.309649,74.309649,74.309649,74.309649,0.0,0.0,100.0,101.0,102.0,0.0,0.0,1607.5400000000002,518.648,941.64,288.84000000000003,True,False,
2026-02-03 11:25:00.216,5.313,5.0,0.0,0.0,0.0,21.0,0.0,0.0,0.0,0.0,0.0,0.0,1.0,0.0,0.0,0.0,1.927,0.0,0.0,0.0,7.415,-221.0,0.0,7.305,218.0,0.0,0.0,4.987,105.0,0.098,1.0,0.686,0.0,4.958,201.0,0.0,0.0,0.0,0.0,4.98,58.0,21.98308,21.11135,21.16326,21.28498,23.46878,20.85359,20.80168,21.84883,21.11672,21.0,22.0,0.0,0.0,21.5,0.0,910.25,0.0,2.0,0.0,0.0,77.180115,77.180115,77.180115,77.180115,77.180115,77.180115,77.180115,77.180115,77.180115,77.180115,77.180115,77.180115,77.180115,77.180115,77.180115,77.180115,74.309649,74.309649,74.309649,74.309649,0.0,0.0,100.0,101.0,102.0,0.0,0.0,1592.49,523.635,996.558,288.84000000000003,True,False,
2026-02-03 11:25:00.920,6.017,5.0,0.0,0.0,0.0,22.0,0.0,0.0,0.0,0.0,0.0,0.0,1.0,0.0,0.0,0.0,1.927,0.0,0.0,0.0,7.415,-221.0,0.0,7.307,220.0,0.0,0.0,4.987,105.0,0.1,1.0,0.686,0.0,4.957,188.0,0.0,0.0,0.0,0.0,4.98,58.0,21.9795,21.11851,21.15968,21.28319,23.49742,20.8518,20.7802,21.85778,21.11493,21.0,22.0,0.0,0.0,21.5,0.0,910.25,0.0,2.0,0.0,0.0,77.180115,77.180115,77.180115,77.180115,77.180115,77.180115,77.180115,77.180115,77.180115,77.180115,77.180115,77.180115,77.180115,77.180115,77.180115,77.180115,74.309649,74.309649,74.309649,74.309649,0.0,0.0,100.0,101.0,102.0,0.0,0.0,1607.5400000000002,523.635,931.916,288.84000000000003,True,False,
2026-02-03 11:25:01.270,6.367,5.0,0.0,0.0,0.0,22.0,0.0,0.0,0.0,0.0,0.0,0.0,1.0,0.0,0.0,0.0,1.927,0.0,0.0,0.0,7.415,-221.0,0.0,7.307,217.0,0.0,0.0,4.987,104.0,0.101,0.0,0.686,0.0,4.958,200.0,0.0,0.0,0.0,0.0,4.981,58.0,21.98666,21.11314,21.16684,21.29035,23.52785,20.85538,20.79273,21.86494,21.1203,21.0,22.0,0.0,0.0,21.5,0.0,910.25,0.0,2.0,0.0,0.0,77.180115,77.180115,77.180115,77.180115,77.180115,77.180115,77.180115,77.180115,77.180115,77.180115,77.180115,77.180115,77.180115,77.180115,77.180115,77.180115,74.309649,74.309649,74.309649,74.309649,0.0,0.0,100.0,101.0,102.0,0.0,0.0,1585.619,518.648,991.6,288.89799999999997,True,False,
2026-02-03 11:25:01.720,6.817,5.0,0.0,0.0,0.0,23.0,0.0,0.0,0.0,0.0,0.0,0.0,1.0,0.0,0.0,0.0,1.927,0.0,0.0,0.0,7.415,-221.0,0.0,7.306,221.0,0.0,0.0,4.986,102.0,0.101,0.0,0.687,0.0,4.957,193.0,0.0,0.0,0.0,0.0,4.981,58.0,21.98308,21.10956,21.16326,21.29214,23.56365,20.86612,20.79273,21.8721,21.11672,21.0,22.0,0.0,0.0,21.5,0.0,910.25,0.0,2.0,0.0,0.0,77.180115,77.180115,77.180115,77.180115,77.180115,77.180115,77.180115,77.180115,77.180115,77.180115,77.180115,77.180115,77.180115,77.180115,77.180115,77.180115,74.309649,74.309649,74.309649,74.309649,0.0,0.0,100.0,101.0,102.0,0.0,0.0,1614.626,508.572,956.701,288.89799999999997,True,False,
2026-02-03 11:25:02.420,7.517,5.0,0.0,0.0,0.0,23.0,0.0,0.0,0.0,0.0,0.0,0.0,1.0,0.0,0.0,0.0,1.927,1.0,0.0,0.0,7.415,-221.0,0.0,7.306,222.0,0.0,0.0,4.986,104.0,0.101,0.0,0.687,0.0,4.96,201.0,0.0,0.0,0.0,0.0,4.981,58.0,21.98487,21.11672,21.16147,21.28677,23.59229,20.86791,20.79094,21.87747,21.12388,21.0,22.0,0.0,0.0,21.5,0.0,910.25,0.0,2.0,0.0,0.0,77.180115,77.180115,77.180115,77.180115,77.180115,77.180115,77.180115,77.180115,77.180115,77.180115,77.180115,77.180115,77.180115,77.180115,77.180115,77.180115,74.309649,74.309649,74.309649,74.309649,0.0,0.0,100.0,101.0,102.0,0.0,0.0,1621.932,518.544,996.96,288.89799999999997,True,False,
2026-02-03 11:25:02.770,7.867,5.0,0.0,0.0,0.0,24.0,0.0,0.0,0.0,0.0,0.0,0.0,1.0,0.0,0.0,0.0,1.927,0.0,0.0,0.0,7.415,-221.0,0.0,7.305,221.0,0.0,0.0,4.986,104.0,0.101,1.0,0.686,0.0,4.957,192.0,0.0,0.0,0.0,0.0,4.981,58.0,21.99382,21.12209,21.17042,21.29393,23.60482,20.86791,20.79094,21.88284,21.12746,21.0,22.0,0.0,0.0,21.5,0.0,910.25,0.0,2.0,0.0,0.0,77.180115,77.180115,77.180115,77.180115,77.180115,77.180115,77.180115,77.180115,77.180115,77.180115,77.180115,77.180115,77.180115,77.180115,77.180115,77.180115,74.309649,74.309649,74.309649,74.309649,0.0,0.0,100.0,101.0,102.0,0.0,0.0,1614.405,518.544,951.744,288.89799999999997,True,False,
2026-02-03 11:25:03.221,8.318,5.0,0.0,0.0,0.0,24.0,0.0,0.0,0.0,0.0,0.0,0.0,1.0,0.0,0.0,0.0,1.927,0.0,0.0,0.0,7.415,-221.0,0.0,7.306,221.0,0.0,0.0,4.986,104.0,0.102,0.0,0.687,0.0,4.958,201.0,0.0,0.0,0.0,0.0,4.981,60.0,21.98487,21.1203,21.17221,21.28319,23.63346,20.86254,20.79094,21.88463,21.12925,21.0,22.0,0.0,0.0,21.5,0.0,910.25,0.0,2.0,0.0,0.0,77.180115,77.180115,77.180115,77.180115,77.180115,77.180115,77.180115,77.180115,77.180115,77.180115,77.180115,77.180115,77.180115,77.180115,77.180115,77.180115,74.309649,74.309649,74.309649,74.309649,0.0,0.0,100.0,101.0,102.0,0.0,0.0,1614.626,518.544,996.558,298.86,True,False,
2026-02-03 11:25:03.921,9.018,5.0,0.0,0.0,0.0,25.0,0.0,0.0,0.0,0.0,0.0,0.0,1.0,0.0,0.0,0.0,1.927,0.0,0.0,0.0,7.415,-221.0,0.0,7.308,222.0,0.0,0.0,4.986,105.0,0.103,2.0,0.687,0.0,4.956,195.0,0.0,0.0,0.0,0.0,4.981,60.0,21.98129,21.12209,21.17221,21.29751,23.67105,20.8697,20.79452,21.88821,21.12925,21.0,22.0,0.0,0.0,21.5,0.0,910.25,0.0,2.0,0.0,0.0,77.180115,77.180115,77.180115,77.180115,77.180115,77.180115,77.180115,77.180115,77.180115,77.180115,77.180115,77.180115,77.180115,77.180115,77.180115,77.180115,74.309649,74.309649,74.309649,74.309649,0.0,0.0,100.0,101.0,102.0,0.0,0.0,1622.376,523.53,966.42,298.86,True,False,
2026-02-03 11:25:04.275,9.372,5.0,0.0,0.0,0.0,25.0,0.0,0.0,0.0,0.0,0.0,0.0,1.0,0.0,0.0,0.0,1.927,0.0,0.0,0.0,7.415,-221.0,0.0,7.307,218.0,0.0,0.0,4.987,105.0,0.102,0.0,0.686,0.0,4.958,200.0,0.0,0.0,0.0,0.0,4.981,60.0,21.98666,21.1203,21.16505,21.27961,23.66568,20.85538,20.78736,21.89358,21.12567,21.0,22.0,0.0,0.0,21.5,0.0,910.25,0.0,2.0,0.0,0.0,77.180115,77.180115,77.180115,77.180115,77.180115,77.180115,77.180115,77.180115,77.180115,77.180115,77.180115,77.180115,77.180115,77.180115,77.180115,77.180115,74.309649,74.309649,74.309649,74.309649,0.0,0.0,100.0,101.0,102.0,0.0,0.0,1592.9260000000002,523.635,991.6,298.86,True,False,
2026-02-03 11:25:04.727,9.824,5.0,0.0,0.0,0.0,26.0,0.0,0.0,0.0,0.0,0.0,0.0,1.0,0.0,0.0,0.0,1.927,1.0,0.0,0.0,7.415,-221.0,0.0,7.306,218.0,0.0,0.0,4.987,105.0,0.102,1.0,0.687,0.0,4.956,195.0,0.0,0.0,0.0,0.0,4.981,60.0,21.99203,21.12925,21.17221,21.29393,23.69432,20.86612,20.79631,21.90969,21.12925,21.0,22.5,0.0,0.0,21.5,0.0,910.25,0.0,2.0,0.0,0.0,77.180115,77.180115,77.180115,77.180115,77.180115,77.180115,77.180115,77.180115,77.180115,77.180115,77.180115,77.180115,77.180115,77.180115,77.180115,77.180115,74.309649,74.309649,74.309649,74.309649,0.0,0.0,100.0,101.0,102.0,0.0,0.0,1592.708,523.635,966.42,298.86,True,False,
2026-02-03 11:25:05.431,10.528,5.0,0.0,0.0,0.0,26.0,0.0,0.0,0.0,0.0,0.0,0.0,1.0,0.0,0.0,0.0,1.927,0.0,0.0,0.0,7.415,-221.0,0.0,7.303,218.0,0.0,0.0,4.987,102.0,0.101,1.0,0.687,0.0,4.957,200.0,0.0,0.0,0.0,0.0,4.981,60.0,21.98845,21.12746,21.174,21.29572,23.72654,20.87328,20.79989,21.91506,21.12388,21.0,22.0,0.0,0.0,21.5,0.0,910.25,0.0,2.0,0.0,0.0,77.180115,77.180115,77.180115,77.180115,77.180115,77.180115,77.180115,77.180115,77.180115,77.180115,77.180115,77.180115,77.180115,77.180115,77.180115,77.180115,74.309649,74.309649,74.309649,74.309649,0.0,0.0,100.0,101.0,102.0,0.0,0.0,1592.054,508.674,991.4,298.86,True,False,
2026-02-03 11:25:05.780,10.877,5.0,0.0,0.0,0.0,27.0,0.0,0.0,0.0,0.0,0.0,0.0,1.0,0.0,0.0,0.0,1.927,0.0,0.0,0.0,7.415,-221.0,0.0,7.307,220.0,0.0,0.0,4.987,102.0,0.103,1.0,0.687,0.0,4.956,197.0,0.0,0.0,0.0,0.0,4.981,60.0,21.9795,21.13999,21.19548,21.29393,23.76055,20.86612,20.79989,21.91864,21.12567,21.0,22.5,0.0,0.0,21.5,0.0,910.25,0.0,2.0,0.0,0.0,77.180115,77.180115,77.180115,77.180115,77.180115,77.180115,77.180115,77.180115,77.180115,77.180115,77.180115,77.180115,77.180115,77.180115,77.180115,77.180115,74.309649,74.309649,74.309649,74.309649,0.0,0.0,100.0,101.0,102.0,0.0,0.0,1607.5400000000002,508.674,976.332,298.86,True,False,
2026-02-03 11:25:06.234,11.331,5.0,0.0,0.0,0.0,27.0,0.0,0.0,0.0,0.0,0.0,0.0,1.0,0.0,0.0,0.0,1.927,0.0,0.0,0.0,7.415,-221.0,0.0,7.307,218.0,0.0,0.0,4.987,105.0,0.102,0.0,0.687,0.0,4.957,201.0,0.0,0.0,0.0,0.0,4.981,60.0,21.97592,21.13999,21.18474,21.30467,23.77845,20.87149,20.7981,21.9258,21.13283,21.0,22.5,0.0,0.0,21.5,0.0,910.25,0.0,2.0,0.0,0.0,77.180115,77.180115,77.180115,77.180115,77.180115,77.180115,77.180115,77.180115,77.180115,77.180115,77.180115,77.180115,77.180115,77.180115,77.180115,77.180115,74.309649,74.309649,74.309649,74.309649,0.0,0.0,100.0,101.0,102.0,0.0,0.0,1592.9260000000002,523.635,996.357,298.86,True,False,
2026-02-03 11:25:06.932,12.029,5.0,0.0,0.0,0.0,28.0,0.0,0.0,0.0,0.0,0.0,0.0,1.0,0.0,0.0,0.0,1.927,0.0,0.0,0.0,7.415,-221.0,0.0,7.308,210.0,0.0,0.0,4.986,100.0,0.103,1.0,0.686,1.0,4.957,198.0,0.0,0.0,0.0,0.0,4.981,60.0,21.98845,21.1382,21.174,21.29572,23.79456,20.85896,20.79631,21.93654,21.12388,21.0,22.5,0.0,0.0,21.5,0.0,910.25,0.0,2.0,0.0,0.0,77.180115,77.180115,77.180115,77.180115,77.180115,77.180115,77.180115,77.180115,77.180115,77.180115,77.180115,77.180115,77.180115,77.180115,77.180115,77.180115,74.309649,74.309649,74.309649,74.309649,0.0,0.0,100.0,101.0,102.0,0.0,0.0,1534.68,498.6,981.486,298.86,True,False,
2026-02-03 11:25:07.284,12.381,5.0,0.0,0.0,0.0,28.0,0.0,0.0,0.0,0.0,0.0,0.0,1.0,0.0,0.0,0.0,1.927,1.0,0.0,0.0,7.415,-221.0,0.0,7.306,221.0,0.0,0.0,4.987,101.0,0.103,0.0,0.686,0.0,4.957,196.0,0.0,0.0,0.0,0.0,4.981,58.0,21.98129,21.14536,21.18832,21.2993,23.82141,20.8697,20.79273,21.94012,21.13283,21.0,22.5,0.0,0.0,21.5,0.0,910.25,0.0,2.0,0.0,0.0,77.180115,77.180115,77.180115,77.180115,77.180115,77.180115,77.180115,77.180115,77.180115,77.180115,77.180115,77.180115,77.180115,77.180115,77.180115,77.180115,74.309649,74.309649,74.309649,74.309649,0.0,0.0,100.0,101.0,102.0,0.0,0.0,1614.626,503.687,971.572,288.89799999999997,True,False,
2026-02-03 11:25:07.734,12.831,5.0,0.0,0.0,0.0,29.0,0.0,0.0,0.0,0.0,0.0,0.0,1.0,0.0,0.0,0.0,1.927,0.0,0.0,0.0,7.415,-221.0,0.0,7.305,221.0,0.0,0.0,4.986,255.0,0.103,1.0,0.686,0.0,4.956,196.0,0.0,0.0,0.0,0.0,4.981,58.0,21.99024,21.14715,21.18474,21.28677,23.84826,20.87149,20.80526,21.94728,21.12746,21.0,22.5,0.0,0.0,21.5,0.0,910.25,0.0,2.0,0.0,0.0,77.180115,77.180115,77.180115,77.180115,77.180115,77.180115,77.180115,77.180115,77.180115,77.180115,77.180115,77.180115,77.180115,77.180115,77.180115,77.180115,74.309649,74.309649,74.309649,74.309649,0.0,0.0,100.0,101.0,102.0,0.0,0.0,1614.405,1271.4299999999998,971.376,288.89799999999997,True,False,
2026-02-03 11:25:08.440,13.537,5.0,0.0,0.0,0.0,29.0,0.0,0.0,0.0,0.0,0.0,0.0,1.0,0.0,0.0,0.0,1.927,0.0,0.0,0.0,7.415,-221.0,0.0,7.31,215.0,0.0,0.0,4.987,101.0,0.103,2.0,0.687,0.0,4.956,196.0,0.0,0.0,0.0,0.0,4.981,58.0,21.99382,21.14536,21.19548,21.29751,23.86795,20.86254,20.79094,21.95265,21.13283,21.0,22.5,0.0,0.0,21.5,0.0,910.25,0.0,2.0,0.0,0.0,77.180115,77.180115,77.180115,77.180115,77.180115,77.180115,77.180115,77.180115,77.180115,77.180115,77.180115,77.180115,77.180115,77.180115,77.180115,77.180115,74.309649,74.309649,74.309649,74.309649,0.0,0.0,100.0,101.0,102.0,0.0,0.0,1571.65,503.687,971.376,288.89799999999997,True,False,
2026-02-03 11:25:08.791,13.888,5.0,0.0,0.0,0.0,,0.0,0.0,0.0,0.0,0.0,0.0,1.0,0.0,0.0,0.0,1.927,0.0,0.0,0.0,7.415,-221.0,0.0,7.307,210.0,0.0,0.0,4.986,101.0,0.102,0.0,0.687,0.0,4.956,196.0,0.0,0.0,0.0,0.0,4.981,58.0,21.98129,21.14178,21.19369,21.30109,23.89838,20.87507,20.79273,21.95623,21.13283,21.0,22.5,0.0,0.0,21.5,0.0,910.25,0.0,2.0,0.0,0.0,77.180115,77.180115,77.180115,77.180115,77.180115,77.180115,77.180115,77.180115,77.180115,77.180115,77.180115,77.180115,77.180115,77.180115,77.180115,77.180115,74.309649,74.309649,74.309649,74.309649,0.0,0.0,100.0,101.0,102.0,0.0,0.0,1534.47,503.586,971.376,288.89799999999997,True,False,
2026-02-03 11:25:09.243,14.34,5.0,0.0,0.0,0.0,,0.0,0.0,0.0,0.0,0.0,0.0,1.0,0.0,0.0,0.0,1.927,0.0,0.0,0.0,7.415,-221.0,0.0,7.306,220.0,0.0,0.0,4.987,100.0,0.103,0.0,0.686,1.0,4.957,195.0,0.0,0.0,0.0,0.0,4.981,58.0,21.9795,21.15073,21.18832,21.29572,23.91449,20.87149,20.79094,21.9616,21.13104,21.0,22.5,0.0,0.0,21.5,0.0,910.25,0.0,2.0,0.0,0.0,77.180115,77.180115,77.180115,77.180115,77.180115,77.180115,77.180115,77.180115,77.180115,77.180115,77.180115,77.180115,77.180115,77.180115,77.180115,77.180115,74.309649,74.309649,74.309649,74.309649,0.0,0.0,100.0,101.0,102.0,0.0,0.0,1607.32,498.7,966.615,288.89799999999997,True,False,
2026-02-03 11:25:09.693,14.79,5.0,0.0,0.0,0.0,,0.0,0.0,0.0,0.0,0.0,0.0,1.0,0.0,0.0,0.0,1.927,1.0,0.0,0.0,7.415,-221.0,0.0,7.307,217.0,0.0,0.0,4.986,101.0,0.105,0.0,0.686,0.0,4.957,196.0,0.0,0.0,0.0,0.0,4.981,58.0,21.98487,21.15252,21.18653,21.32078,23.95208,20.87328,20.80526,21.9616,21.14715,21.0,22.5,0.0,0.0,21.5,0.0,910.25,0.0,2.0,0.0,0.0,77.180115,77.180115,77.180115,77.180115,77.180115,77.180115,77.180115,77.180115,77.180115,77.180115,77.180115,77.180115,77.180115,77.180115,77.180115,77.180115,74.309649,74.309649,74.309649,74.309649,0.0,0.0,100.0,101.0,102.0,0.0,0.0,1585.619,503.586,971.572,288.89799999999997,True,False,
2026-02-03 11:25:10.246,15.343,5.0,0.0,0.0,0.0,,0.0,0.0,0.0,0.0,0.0,0.0,1.0,0.0,0.0,0.0,1.927,0.0,0.0,0.0,7.415,-221.0,0.0,7.306,215.0,0.0,0.0,4.987,100.0,0.105,0.0,0.686,0.0,4.958,195.0,0.0,0.0,0.0,0.0,4.981,58.0,21.98845,21.15789,21.20443,21.28856,23.97893,20.85896,20.79989,21.97234,21.14357,21.0,22.5,0.0,0.0,21.5,0.0,910.25,0.0,2.0,0.0,0.0,77.180115,77.180115,77.180115,77.180115,77.180115,77.180115,77.180115,77.180115,77.180115,77.180115,77.180115,77.180115,77.180115,77.180115,77.180115,77.180115,74.309649,74.309649,74.309649,74.309649,0.0,0.0,100.0,101.0,102.0,0.0,0.0,1570.79,498.7,966.81,288.89799999999997,True,False,
2026-02-03 11:25:10.698,15.795,5.0,0.0,0.0,0.0,,0.0,0.0,0.0,0.0,0.0,0.0,1.0,0.0,0.0,0.0,1.927,0.0,0.0,0.0,7.415,-221.0,0.0,7.306,217.0,0.0,0.0,4.986,100.0,0.103,1.0,0.686,0.0,4.957,195.0,0.0,0.0,0.0,0.0,4.981,58.0,21.99203,21.15789,21.20264,21.2993,23.98967,20.8697,20.7981,21.97592,21.13462,21.0,22.5,0.0,0.0,21.5,0.0,910.25,0.0,2.0,0.0,0.0,77.180115,77.180115,77.180115,77.180115,77.180115,77.180115,77.180115,77.180115,77.180115,77.180115,77.180115,77.180115,77.180115,77.180115,77.180115,77.180115,74.309649,74.309649,74.309649,74.309649,0.0,0.0,100.0,101.0,102.0,0.0,0.0,1585.402,498.6,966.615,288.89799999999997,True,False,
2026-02-03 11:25:11.249,16.346,5.0,0.0,0.0,0.0,,0.0,0.0,0.0,0.0,0.0,0.0,1.0,0.0,0.0,0.0,1.927,0.0,0.0,0.0,7.415,-221.0,0.0,7.306,216.0,0.0,0.0,4.986,255.0,0.103,0.0,0.687,0.0,4.957,195.0,0.0,0.0,0.0,0.0,4.98,62.0,21.98845,21.16505,21.20264,21.29572,24.00757,20.87328,20.79989,21.98666,21.14536,21.0,22.5,0.0,0.0,21.5,0.0,910.25,0.0,2.0,0.0,0.0,77.180115,77.180115,77.180115,77.180115,77.180115,77.180115,77.180115,77.180115,77.180115,77.180115,77.180115,77.180115,77.180115,77.180115,77.180115,77.180115,74.309649,74.309649,74.309649,74.309649,0.0,0.0,100.0,101.0,102.0,0.0,0.0,1578.096,1271.4299999999998,966.615,308.76000000000005,True,False,
2026-02-03 11:25:11.698,16.795,5.0,0.0,0.0,0.0,,0.0,0.0,0.0,0.0,0.0,0.0,1.0,0.0,0.0,0.0,1.927,0.0,0.0,0.0,7.415,-221.0,0.0,7.302,217.0,0.0,0.0,4.987,255.0,0.105,1.0,0.686,0.0,4.958,190.0,0.0,0.0,0.0,0.0,4.98,62.0,21.98845,21.16326,21.2098,21.30288,24.04874,20.86612,20.80526,21.99382,21.14178,21.0,22.5,0.0,0.0,21.5,0.0,910.25,0.0,2.0,0.0,0.0,77.180115,77.180115,77.180115,77.180115,77.180115,77.180115,77.180115,77.180115,77.180115,77.180115,77.180115,77.180115,77.180115,77.180115,77.180115,77.180115,74.309649,74.309649,74.309649,74.309649,0.0,0.0,100.0,101.0,102.0,0.0,0.0,1584.534,1271.685,942.02,308.76000000000005,True,False,
2026-02-03 11:25:12.255,17.352,5.0,0.0,0.0,0.0,,0.0,0.0,0.0,0.0,0.0,0.0,1.0,0.0,0.0,0.0,1.927,1.0,0.0,0.0,7.415,-221.0,0.0,7.307,218.0,0.0,0.0,4.987,255.0,0.105,0.0,0.687,0.0,4.957,193.0,0.0,0.0,0.0,0.0,4.98,62.0,21.99024,21.15789,21.20801,21.2993,24.08096,20.87328,20.80168,22.00098,21.14894,21.0,22.5,0.0,0.0,21.5,0.0,910.25,0.0,2.0,0.0,0.0,77.180115,77.180115,77.180115,77.180115,77.180115,77.180115,77.180115,77.180115,77.180115,77.180115,77.180115,77.180115,77.180115,77.180115,77.180115,77.180115,74.309649,74.309649,74.309649,74.309649,0.0,0.0,100.0,101.0,102.0,0.0,0.0,1592.9260000000002,1271.685,956.701,308.76000000000005,True,False,
2026-02-03 11:25:13.407,18.504,5.0,0.0,0.0,0.0,,0.0,0.0,0.0,0.0,0.0,0.0,1.0,0.0,0.0,0.0,1.927,0.0,0.0,0.0,7.415,-221.0,0.0,7.307,218.0,0.0,0.0,4.988,100.0,0.106,0.0,0.686,0.0,4.957,197.0,0.0,0.0,0.0,0.0,4.98,58.0,21.98487,21.174,21.21338,21.30109,24.09528,20.8697,20.81063,22.02067,21.14357,21.0,22.5,0.0,0.0,21.5,0.0,910.25,0.0,2.0,0.0,0.0,77.180115,77.180115,77.180115,77.180115,77.180115,77.180115,77.180115,77.180115,77.180115,77.180115,77.180115,77.180115,77.180115,77.180115,77.180115,77.180115,74.309649,74.309649,74.309649,74.309649,0.0,0.0,100.0,101.0,102.0,0.0,0.0,1592.9260000000002,498.80000000000007,976.529,288.84000000000003,True,False,
2026-02-03 11:25:13.757,18.854,5.0,0.0,0.0,0.0,,0.0,0.0,0.0,0.0,0.0,0.0,1.0,0.0,0.0,0.0,1.927,0.0,0.0,0.0,7.415,-221.0,0.0,7.307,221.0,0.0,0.0,4.986,105.0,0.106,0.0,0.686,0.0,4.957,200.0,0.0,0.0,0.0,0.0,4.98,58.0,21.98666,21.17221,21.22591,21.30288,24.13466,20.87507,20.80347,22.02067,21.13641,21.0,22.5,0.0,0.0,21.5,0.0,910.25,0.0,2.0,0.0,0.0,77.180115,77.180115,77.180115,77.180115,77.180115,77.180115,77.180115,77.180115,77.180115,77.180115,77.180115,77.180115,77.180115,77.180115,77.180115,77.180115,74.309649,74.309649,74.309649,74.309649,0.0,0.0,100.0,101.0,102.0,0.0,0.0,1614.847,523.53,991.4,288.84000000000003,True,False,
2026-02-03 11:25:14.209,19.306,5.0,0.0,0.0,0.0,,0.0,0.0,0.0,0.0,0.0,0.0,1.0,0.0,0.0,0.0,1.927,0.0,0.0,0.0,7.415,-221.0,0.0,7.306,221.0,0.0,0.0,4.986,104.0,0.105,1.0,0.686,0.0,4.956,198.0,0.0,0.0,0.0,0.0,4.98,58.0,21.99561,21.17221,21.22054,21.31004,24.13466,20.87149,20.80347,22.02425,21.14715,21.0,22.5,0.0,0.0,21.5,0.0,910.25,0.0,2.0,0.0,0.0,77.180115,77.180115,77.180115,77.180115,77.180115,77.180115,77.180115,77.180115,77.180115,77.180115,77.180115,77.180115,77.180115,77.180115,77.180115,77.180115,74.309649,74.309649,74.309649,74.309649,0.0,0.0,100.0,101.0,102.0,0.0,0.0,1614.626,518.544,981.288,288.84000000000003,True,False,
2026-02-03 11:25:14.910,20.007,5.0,0.0,0.0,0.0,30.0,0.0,0.0,0.0,0.0,0.0,0.0,1.0,0.0,0.0,0.0,1.927,0.0,0.0,0.0,7.415,-221.0,0.0,7.306,210.0,0.0,0.0,4.986,104.0,0.105,1.0,0.687,0.0,4.957,201.0,0.0,0.0,0.0,0.0,4.98,58.0,21.98666,21.17758,21.22949,21.30825,24.15077,20.8697,20.79452,22.02425,21.14536,21.0,22.5,0.0,0.0,21.5,0.0,910.25,0.0,2.0,0.0,0.0,77.180115,77.180115,77.180115,77.180115,77.180115,77.180115,77.180115,77.180115,77.180115,77.180115,77.180115,77.180115,77.180115,77.180115,77.180115,77.180115,74.309649,74.309649,74.309649,74.309649,0.0,0.0,100.0,101.0,102.0,0.0,0.0,1534.26,518.544,996.357,288.84000000000003,True,False,
2026-02-03 11:25:15.260,20.357,5.0,0.0,0.0,0.0,30.0,0.0,0.0,0.0,0.0,0.0,0.0,1.0,0.0,0.0,0.0,1.927,0.0,0.0,0.0,7.415,-221.0,0.0,7.306,217.0,0.0,0.0,4.986,106.0,0.105,1.0,0.687,0.0,4.956,200.0,0.0,0.0,0.0,0.0,4.981,58.0,21.99561,21.174,21.2277,21.31004,24.17404,20.87328,20.79989,22.0332,21.14178,21.0,22.5,0.0,0.0,21.5,0.0,910.25,0.0,2.0,0.0,0.0,77.180115,77.180115,77.180115,77.180115,77.180115,77.180115,77.180115,77.180115,77.180115,77.180115,77.180115,77.180115,77.180115,77.180115,77.180115,77.180115,74.309649,74.309649,74.309649,74.309649,0.0,0.0,100.0,101.0,102.0,0.0,0.0,1585.402,528.516,991.2,288.89799999999997,True,False,
2026-02-03 11:25:15.715,20.812,5.0,0.0,0.0,0.0,31.0,0.0,0.0,0.0,0.0,0.0,0.0,1.0,0.0,0.0,0.0,1.927,0.0,0.0,0.0,7.415,-221.0,0.0,7.306,220.0,0.0,0.0,4.987,246.0,0.105,1.0,0.687,0.0,4.957,182.0,0.0,0.0,0.0,0.0,4.981,58.0,22.00277,21.19011,21.22233,21.30646,24.1991,20.86791,20.80705,22.03857,21.14894,21.0,22.5,0.0,0.0,21.5,0.0,910.25,0.0,2.0,0.0,0.0,77.180115,77.180115,77.180115,77.180115,77.180115,77.180115,77.180115,77.180115,77.180115,77.180115,77.180115,77.180115,77.180115,77.180115,77.180115,77.180115,74.309649,74.309649,74.309649,74.309649,0.0,0.0,100.0,101.0,102.0,0.0,0.0,1607.32,1226.802,902.174,288.89799999999997,True,False,
2026-02-03 11:25:16.412,21.509,5.0,0.0,0.0,0.0,31.0,0.0,0.0,0.0,0.0,0.0,0.0,1.0,0.0,0.0,0.0,1.927,0.0,0.0,0.0,7.415,-221.0,0.0,7.306,220.0,0.0,0.0,4.986,105.0,0.103,0.0,0.685,0.0,4.956,201.0,0.0,0.0,0.0,0.0,4.981,58.0,21.99382,21.18474,21.22949,21.30825,24.20984,20.87686,20.79452,22.04573,21.14357,21.0,22.5,0.0,0.0,21.5,0.0,910.25,0.0,2.0,0.0,0.0,77.180115,77.180115,77.180115,77.180115,77.180115,77.180115,77.180115,77.180115,77.180115,77.180115,77.180115,77.180115,77.180115,77.180115,77.180115,77.180115,74.309649,74.309649,74.309649,74.309649,0.0,0.0,100.0,101.0,102.0,0.0,0.0,1607.32,523.53,996.156,288.89799999999997,True,False,
2026-02-03 11:25:16.767,21.864,5.0,0.0,0.0,0.0,32.0,0.0,0.0,0.0,0.0,0.0,0.0,1.0,0.0,0.0,0.0,1.927,0.0,0.0,0.0,7.415,-221.0,0.0,7.305,222.0,0.0,0.0,4.987,104.0,0.106,0.0,0.687,0.0,4.955,182.0,0.0,0.0,0.0,0.0,4.981,58.0,21.98308,21.18116,21.23486,21.31004,24.22953,20.87865,20.80168,22.05289,21.14536,21.0,22.5,0.0,0.0,21.5,0.0,910.25,0.0,2.0,0.0,0.0,77.180115,77.180115,77.180115,77.180115,77.180115,77.180115,77.180115,77.180115,77.180115,77.180115,77.180115,77.180115,77.180115,77.180115,77.180115,77.180115,74.309649,74.309649,74.309649,74.309649,0.0,0.0,100.0,101.0,102.0,0.0,0.0,1621.71,518.648,901.81,288.89799999999997,True,False,
2026-02-03 11:25:17.218,22.315,5.0,0.0,0.0,0.0,32.0,0.0,0.0,0.0,0.0,0.0,0.0,1.0,0.0,0.0,0.0,1.927,0.0,0.0,0.0,7.415,-221.0,0.0,7.306,222.0,0.0,0.0,4.987,104.0,0.106,2.0,0.687,0.0,4.956,201.0,0.0,0.0,0.0,0.0,4.98,62.0,21.99024,21.19011,21.23486,21.31362,24.2528,20.88581,20.80347,22.05468,21.1561,21.0,22.5,0.0,0.0,21.5,0.0,910.25,0.0,2.0,0.0,0.0,77.180115,77.180115,77.180115,77.180115,77.180115,77.180115,77.180115,77.180115,77.180115,77.180115,77.180115,77.180115,77.180115,77.180115,77.180115,77.180115,74.309649,74.309649,74.309649,74.309649,0.0,0.0,100.0,101.0,102.0,0.0,0.0,1621.932,518.648,996.156,308.76000000000005,True,False,
2026-02-03 11:25:17.922,23.019,5.0,0.0,0.0,0.0,33.0,0.0,0.0,0.0,0.0,0.0,0.0,1.0,0.0,0.0,0.0,1.927,0.0,0.0,0.0,7.415,-221.0,0.0,7.307,223.0,0.0,0.0,4.987,105.0,0.106,2.0,0.686,0.0,4.957,187.0,0.0,0.0,0.0,0.0,4.98,62.0,21.99203,21.18474,21.23665,21.31362,24.27786,20.87328,20.80884,22.06184,21.15252,21.0,22.5,0.0,0.0,21.5,0.0,910.25,0.0,2.0,0.0,0.0,77.180115,77.180115,77.180115,77.180115,77.180115,77.180115,77.180115,77.180115,77.180115,77.180115,77.180115,77.180115,77.180115,77.180115,77.180115,77.180115,74.309649,74.309649,74.309649,74.309649,0.0,0.0,100.0,101.0,102.0,0.0,0.0,1629.461,523.635,926.959,308.76000000000005,True,False,
2026-02-03 11:25:18.269,23.366,5.0,0.0,0.0,0.0,33.0,0.0,0.0,0.0,0.0,0.0,0.0,1.0,0.0,0.0,0.0,1.927,0.0,0.0,0.0,7.415,-221.0,0.0,7.306,222.0,0.0,0.0,4.987,105.0,0.105,0.0,0.687,1.0,4.955,201.0,0.0,0.0,0.0,0.0,4.98,62.0,21.98845,21.19906,21.23486,21.31362,24.31724,20.8876,20.80705,22.06542,21.15073,21.0,22.5,0.0,0.0,21.5,0.0,910.25,0.0,2.0,0.0,0.0,77.180115,77.180115,77.180115,77.180115,77.180115,77.180115,77.180115,77.180115,77.180115,77.180115,77.180115,77.180115,77.180115,77.180115,77.180115,77.180115,74.309649,74.309649,74.309649,74.309649,0.0,0.0,100.0,101.0,102.0,0.0,0.0,1621.932,523.635,995.955,308.76000000000005,True,False,
2026-02-03 11:25:18.724,23.821,5.0,0.0,0.0,0.0,34.0,0.0,0.0,0.0,0.0,0.0,0.0,1.0,0.0,0.0,0.0,1.927,1.0,0.0,0.0,7.415,-221.0,0.0,7.307,223.0,0.0,0.0,4.987,107.0,0.106,0.0,0.687,0.0,4.957,183.0,0.0,0.0,0.0,0.0,4.98,62.0,21.98845,21.1919,21.23665,21.31362,24.3244,20.86791,20.80168,22.06184,21.15252,21.0,22.5,0.0,0.0,21.5,0.0,910.25,0.0,2.0,0.0,0.0,77.180115,77.180115,77.180115,77.180115,77.180115,77.180115,77.180115,77.180115,77.180115,77.180115,77.180115,77.180115,77.180115,77.180115,77.180115,77.180115,74.309649,74.309649,74.309649,74.309649,0.0,0.0,100.0,101.0,102.0,0.0,0.0,1629.461,533.609,907.131,308.76000000000005,True,False,
2026-02-03 11:25:19.425,24.522,5.0,0.0,0.0,0.0,34.0,0.0,0.0,0.0,0.0,0.0,0.0,1.0,0.0,0.0,0.0,1.927,0.0,0.0,0.0,7.415,-221.0,0.0,7.302,222.0,0.0,0.0,4.987,106.0,0.106,1.0,0.687,0.0,4.956,201.0,0.0,0.0,0.0,0.0,4.981,58.0,21.99203,21.19369,21.23844,21.31004,24.3423,20.87328,20.80168,22.07437,21.1561,21.0,22.5,0.0,0.0,21.5,0.0,910.25,0.0,2.0,0.0,0.0,77.180115,77.180115,77.180115,77.180115,77.180115,77.180115,77.180115,77.180115,77.180115,77.180115,77.180115,77.180115,77.180115,77.180115,77.180115,77.180115,74.309649,74.309649,74.309649,74.309649,0.0,0.0,100.0,101.0,102.0,0.0,0.0,1621.044,528.622,996.156,288.89799999999997,True,False,
2026-02-03 11:25:19.776,24.873,5.0,0.0,0.0,0.0,35.0,0.0,0.0,0.0,0.0,0.0,0.0,1.0,0.0,0.0,0.0,1.927,0.0,0.0,0.0,7.415,-221.0,0.0,7.306,222.0,0.0,0.0,4.985,106.0,0.106,1.0,0.686,0.0,4.957,187.0,0.0,0.0,0.0,0.0,4.981,58.0,21.99382,21.19727,21.23844,21.31183,24.36199,20.87686,20.80347,22.07974,21.15252,21.0,22.5,0.0,0.0,21.5,0.0,910.25,0.0,2.0,0.0,0.0,77.180115,77.180115,77.180115,77.180115,77.180115,77.180115,77.180115,77.180115,77.180115,77.180115,77.180115,77.180115,77.180115,77.180115,77.180115,77.180115,74.309649,74.309649,74.309649,74.309649,0.0,0.0,100.0,101.0,102.0,0.0,0.0,1621.932,528.4100000000001,926.959,288.89799999999997,True,False,
2026-02-03 11:25:20.229,25.326,5.0,0.0,0.0,0.0,35.0,0.0,0.0,0.0,0.0,0.0,0.0,1.0,0.0,0.0,0.0,1.927,0.0,0.0,0.0,7.415,-221.0,0.0,7.302,220.0,0.0,0.0,4.986,104.0,0.105,1.0,0.687,0.0,4.956,201.0,0.0,0.0,0.0,0.0,4.981,58.0,21.99024,21.20264,21.2456,21.3172,24.37452,20.87328,20.80168,22.0869,21.16326,21.0,23.0,0.0,0.0,21.5,0.0,910.25,0.0,2.0,0.0,0.0,77.180115,77.180115,77.180115,77.180115,77.180115,77.180115,77.180115,77.180115,77.180115,77.180115,77.180115,77.180115,77.180115,77.180115,77.180115,77.180115,74.309649,74.309649,74.309649,74.309649,0.0,0.0,100.0,101.0,102.0,0.0,0.0,1606.4399999999998,518.544,996.156,288.89799999999997,True,False,
2026-02-03 11:25:21.278,26.375,5.0,0.0,0.0,0.0,36.0,0.0,0.0,0.0,0.0,0.0,0.0,1.0,0.0,0.0,0.0,1.927,1.0,0.0,0.0,7.415,-221.0,0.0,7.305,217.0,0.0,0.0,4.986,271.0,0.106,1.0,0.686,0.0,4.956,203.0,0.0,0.0,0.0,0.0,4.98,39.0,21.98666,21.20264,21.2456,21.32078,24.42464,20.88223,20.80884,22.09764,21.15968,21.0,23.0,0.0,0.0,21.5,0.0,910.25,0.0,2.0,0.0,0.0,77.180115,77.180115,77.180115,77.180115,77.180115,77.180115,77.180115,77.180115,77.180115,77.180115,77.180115,77.180115,77.180115,77.180115,77.180115,77.180115,74.309649,74.309649,74.309649,74.309649,0.0,0.0,100.0,101.0,102.0,0.0,0.0,1585.185,1351.206,1006.068,194.22000000000003,True,False,
2026-02-03 11:25:21.730,26.827,5.0,0.0,0.0,0.0,37.0,0.0,0.0,0.0,0.0,0.0,0.0,1.0,0.0,0.0,0.0,1.927,0.0,0.0,0.0,7.415,-221.0,0.0,7.301,0.0,0.0,0.0,4.987,271.0,0.106,0.0,0.686,0.0,4.956,188.0,0.0,0.0,0.0,0.0,4.98,39.0,21.98308,21.20801,21.25097,21.31541,24.43001,20.87865,20.80168,22.09943,21.1561,21.0,23.0,0.0,0.0,21.5,0.0,910.25,0.0,2.0,0.0,0.0,77.180115,77.180115,77.180115,77.180115,77.180115,77.180115,77.180115,77.180115,77.180115,77.180115,77.180115,77.180115,77.180115,77.180115,77.180115,77.180115,74.309649,74.309649,74.309649,74.309649,0.0,0.0,100.0,101.0,102.0,0.0,0.0,0.0,1351.477,931.728,194.22000000000003,True,False,
2026-02-03 11:25:22.429,27.526,5.0,0.0,0.0,0.0,37.0,0.0,0.0,0.0,0.0,0.0,0.0,1.0,0.0,0.0,0.0,1.927,0.0,0.0,0.0,7.415,-221.0,0.0,7.305,221.0,0.0,0.0,4.987,250.0,0.106,1.0,0.687,0.0,4.96,202.0,0.0,0.0,0.0,0.0,4.98,39.0,21.99024,21.20801,21.25276,21.31362,24.45507,20.87686,20.80168,22.09585,21.15073,21.0,23.0,0.0,0.0,21.5,0.0,910.25,0.0,2.0,0.0,0.0,77.180115,77.180115,77.180115,77.180115,77.180115,77.180115,77.180115,77.180115,77.180115,77.180115,77.180115,77.180115,77.180115,77.180115,77.180115,77.180115,74.309649,74.309649,74.309649,74.309649,0.0,0.0,100.0,101.0,102.0,0.0,0.0,1614.405,1246.75,1001.92,194.22000000000003,True,False,
2026-02-03 11:25:22.781,27.878,5.0,0.0,0.0,0.0,38.0,0.0,0.0,0.0,0.0,0.0,0.0,1.0,0.0,0.0,0.0,1.927,0.0,0.0,0.0,7.415,-221.0,0.0,7.305,0.0,0.0,0.0,4.985,251.0,0.107,1.0,0.686,0.0,4.955,193.0,0.0,0.0,0.0,0.0,4.98,39.0,21.99203,21.21875,21.24918,21.32257,24.45686,20.88044,20.82316,22.12091,21.16505,21.0,23.0,0.0,0.0,21.5,0.0,910.25,0.0,2.0,0.0,0.0,77.180115,77.180115,77.180115,77.180115,77.180115,77.180115,77.180115,77.180115,77.180115,77.180115,77.180115,77.180115,77.180115,77.180115,77.180115,77.180115,74.309649,74.309649,74.309649,74.309649,0.0,0.0,100.0,101.0,102.0,0.0,0.0,0.0,1251.235,956.315,194.22000000000003,True,False,
2026-02-03 11:25:23.231,28.328,5.0,0.0,0.0,0.0,38.0,0.0,0.0,0.0,0.0,0.0,0.0,1.0,0.0,0.0,0.0,1.927,0.0,0.0,0.0,7.415,-221.0,0.0,7.306,221.0,0.0,0.0,4.985,255.0,0.107,0.0,0.686,0.0,4.958,198.0,0.0,0.0,0.0,0.0,4.98,61.0,21.99024,21.21875,21.25992,21.32078,24.50161,20.88402,20.80168,22.11912,21.16326,21.0,23.0,0.0,0.0,21.5,0.0,910.25,0.0,2.0,0.0,0.0,77.180115,77.180115,77.180115,77.180115,77.180115,77.180115,77.180115,77.180115,77.180115,77.180115,77.180115,77.180115,77.180115,77.180115,77.180115,77.180115,74.309649,74.309649,74.309649,74.309649,0.0,0.0,100.0,101.0,102.0,0.0,0.0,1614.626,1271.1750000000002,981.684,303.78000000000003,True,False,
2026-02-03 11:25:23.933,29.03,5.0,0.0,0.0,0.0,39.0,0.0,0.0,0.0,0.0,0.0,0.0,1.0,0.0,0.0,0.0,1.927,1.0,0.0,0.0,7.415,-221.0,0.0,7.306,221.0,0.0,0.0,4.985,107.0,0.106,1.0,0.687,0.0,4.957,195.0,0.0,0.0,0.0,0.0,4.98,61.0,21.99382,21.20264,21.26171,21.32436,24.50877,20.87328,20.80884,22.11912,21.1561,21.0,23.0,0.0,0.0,21.5,0.0,910.25,0.0,2.0,0.0,0.0,77.180115,77.180115,77.180115,77.180115,77.180115,77.180115,77.180115,77.180115,77.180115,77.180115,77.180115,77.180115,77.180115,77.180115,77.180115,77.180115,74.309649,74.309649,74.309649,74.309649,0.0,0.0,100.0,101.0,102.0,0.0,0.0,1614.626,533.395,966.615,303.78000000000003,True,False,
2026-02-03 11:25:24.283,29.38,5.0,0.0,0.0,0.0,39.0,0.0,0.0,0.0,0.0,0.0,0.0,1.0,0.0,0.0,0.0,1.927,0.0,0.0,0.0,7.415,-221.0,0.0,7.302,221.0,0.0,0.0,4.987,271.0,0.107,0.0,0.687,0.0,4.957,192.0,0.0,0.0,0.0,0.0,4.98,61.0,21.99919,21.2098,21.26887,21.3172,24.52667,20.88939,20.80884,22.11912,21.17221,21.0,23.0,0.0,0.0,21.5,0.0,910.25,0.0,2.0,0.0,0.0,77.180115,77.180115,77.180115,77.180115,77.180115,77.180115,77.180115,77.180115,77.180115,77.180115,77.180115,77.180115,77.180115,77.180115,77.180115,77.180115,74.309649,74.309649,74.309649,74.309649,0.0,0.0,100.0,101.0,102.0,0.0,0.0,1613.742,1351.477,951.744,303.78000000000003,True,False,
2026-02-03 11:25:24.735,29.832,5.0,0.0,0.0,0.0,,0.0,0.0,0.0,0.0,0.0,0.0,1.0,0.0,0.0,0.0,1.927,0.0,0.0,0.0,7.415,-221.0,0.0,7.307,221.0,0.0,0.0,4.986,267.0,0.106,0.0,0.687,0.0,4.956,192.0,0.0,0.0,0.0,0.0,4.98,61.0,21.9974,21.2277,21.26887,21.33331,24.5392,20.89655,20.81958,22.12628,21.16684,21.0,23.0,0.0,0.0,21.5,0.0,910.25,0.0,2.0,0.0,0.0,77.180115,77.180115,77.180115,77.180115,77.180115,77.180115,77.180115,77.180115,77.180115,77.180115,77.180115,77.180115,77.180115,77.180115,77.180115,77.180115,74.309649,74.309649,74.309649,74.309649,0.0,0.0,100.0,101.0,102.0,0.0,0.0,1614.847,1331.262,951.552,303.78000000000003,True,False,
2026-02-03 11:25:25.438,30.535,5.0,0.0,0.0,0.0,,0.0,0.0,0.0,0.0,0.0,0.0,1.0,0.0,0.0,0.0,1.927,0.0,0.0,0.0,7.415,-221.0,0.0,7.305,220.0,0.0,0.0,4.986,102.0,0.106,1.0,0.687,0.0,4.957,191.0,0.0,0.0,0.0,0.0,4.98,60.0,21.99382,21.22054,21.26708,21.32436,24.5392,20.87328,20.80705,22.1406,21.16684,21.0,23.0,0.0,0.0,21.5,0.0,910.25,0.0,2.0,0.0,0.0,77.180115,77.180115,77.180115,77.180115,77.180115,77.180115,77.180115,77.180115,77.180115,77.180115,77.180115,77.180115,77.180115,77.180115,77.180115,77.180115,74.309649,74.309649,74.309649,74.309649,0.0,0.0,100.0,101.0,102.0,0.0,0.0,1607.1,508.572,946.787,298.8,True,False,
2026-02-03 11:25:25.789,30.886,5.0,0.0,0.0,0.0,,0.0,0.0,0.0,0.0,0.0,0.0,1.0,0.0,0.0,0.0,1.927,0.0,0.0,0.0,7.415,-221.0,0.0,7.306,218.0,0.0,0.0,4.987,104.0,0.106,0.0,0.686,0.0,4.957,193.0,0.0,0.0,0.0,0.0,4.98,60.0,21.99919,21.22054,21.26708,21.3351,24.58037,20.87328,20.80168,22.1406,21.16684,21.0,23.0,0.0,0.0,21.5,0.0,910.25,0.0,2.0,0.0,0.0,77.180115,77.180115,77.180115,77.180115,77.180115,77.180115,77.180115,77.180115,77.180115,77.180115,77.180115,77.180115,77.180115,77.180115,77.180115,77.180115,74.309649,74.309649,74.309649,74.309649,0.0,0.0,100.0,101.0,102.0,0.0,0.0,1592.708,518.648,956.701,298.8,True,False,
2026-02-03 11:25:26.241,31.338,5.0,0.0,0.0,0.0,,0.0,0.0,0.0,0.0,0.0,0.0,1.0,0.0,0.0,0.0,1.927,0.0,0.0,0.0,7.415,-221.0,0.0,7.305,218.0,0.0,0.0,4.987,104.0,0.107,1.0,0.686,0.0,4.957,187.0,0.0,0.0,0.0,0.0,4.98,60.0,22.00814,21.22412,21.26708,21.32794,24.60722,20.88044,20.80884,22.13344,21.17579,21.0,23.0,0.0,0.0,21.5,0.0,910.25,0.0,2.0,0.0,0.0,77.180115,77.180115,77.180115,77.180115,77.180115,77.180115,77.180115,77.180115,77.180115,77.180115,77.180115,77.180115,77.180115,77.180115,77.180115,77.180115,74.309649,74.309649,74.309649,74.309649,0.0,0.0,100.0,101.0,102.0,0.0,0.0,1592.49,518.648,926.959,298.8,True,False,
2026-02-03 11:25:26.691,31.788,5.0,0.0,0.0,1.0,0.0,0.0,0.0,0.0,0.0,0.0,0.0,1.0,0.0,0.0,0.0,1.927,0.0,0.0,0.0,7.415,-221.0,0.0,7.306,220.0,0.0,0.0,4.987,105.0,0.107,2.0,0.686,0.0,4.956,187.0,0.0,0.0,0.0,0.0,4.98,60.0,21.9974,21.23486,21.26887,21.32436,24.6287,20.89118,20.816,22.15492,21.17042,21.0,23.0,0.0,0.0,21.5,0.0,910.25,0.0,2.0,0.0,0.0,77.180115,77.180115,77.180115,77.180115,77.180115,77.180115,77.180115,77.180115,77.180115,77.180115,77.180115,77.180115,77.180115,77.180115,77.180115,77.180115,74.309649,74.309649,74.309649,74.309649,0.0,0.0,100.0,101.0,102.0,0.0,0.0,1607.32,523.635,926.772,298.8,True,False,
2026-02-03 11:25:27.245,32.342,5.0,0.0,0.0,1.0,0.0,0.0,0.0,0.0,0.0,0.0,0.0,1.0,0.0,0.0,0.0,1.927,0.0,0.0,0.0,7.415,-221.0,0.0,7.306,221.0,0.0,0.0,4.986,102.0,0.107,0.0,0.686,0.0,4.957,188.0,0.0,0.0,0.0,0.0,4.981,58.0,22.00277,21.24023,21.26887,21.32794,24.61617,20.87328,20.80526,22.15313,21.16863,21.5,23.0,0.0,0.0,21.5,0.0,910.25,0.0,2.0,0.0,0.0,77.180115,77.180115,77.180115,77.180115,77.180115,77.180115,77.180115,77.180115,77.180115,77.180115,77.180115,77.180115,77.180115,77.180115,77.180115,77.180115,74.309649,74.309649,74.309649,74.309649,0.0,0.0,100.0,101.0,102.0,0.0,0.0,1614.626,508.572,931.916,288.89799999999997,True,False,
2026-02-03 11:25:27.693,32.79,5.0,0.0,0.0,1.0,1.0,0.0,0.0,0.0,0.0,0.0,0.0,1.0,0.0,0.0,0.0,1.927,0.0,0.0,0.0,7.415,-221.0,0.0,7.306,221.0,0.0,0.0,4.986,104.0,0.107,2.0,0.687,0.0,4.957,185.0,0.0,0.0,0.0,0.0,4.981,58.0,21.9974,21.23307,21.27603,21.33331,24.63944,20.89118,20.81242,22.16387,21.17758,21.0,23.0,0.0,0.0,21.5,0.0,910.25,0.0,2.0,0.0,0.0,77.180115,77.180115,77.180115,77.180115,77.180115,77.180115,77.180115,77.180115,77.180115,77.180115,77.180115,77.180115,77.180115,77.180115,77.180115,77.180115,74.309649,74.309649,74.309649,74.309649,0.0,0.0,100.0,101.0,102.0,0.0,0.0,1614.626,518.544,917.045,288.89799999999997,True,False,
2026-02-03 11:25:28.246,33.343,5.0,0.0,0.0,1.0,1.0,0.0,0.0,0.0,0.0,0.0,0.0,1.0,0.0,0.0,0.0,1.927,0.0,0.0,0.0,7.415,-221.0,0.0,7.302,220.0,0.0,0.0,4.987,104.0,0.106,0.0,0.686,0.0,4.957,186.0,0.0,0.0,0.0,0.0,4.981,58.0,22.01351,21.23844,21.27603,21.33331,24.6645,20.87686,20.81421,22.16029,21.18474,21.0,23.0,0.0,0.0,21.5,0.0,910.25,0.0,2.0,0.0,0.0,77.180115,77.180115,77.180115,77.180115,77.180115,77.180115,77.180115,77.180115,77.180115,77.180115,77.180115,77.180115,77.180115,77.180115,77.180115,77.180115,74.309649,74.309649,74.309649,74.309649,0.0,0.0,100.0,101.0,102.0,0.0,0.0,1606.4399999999998,518.648,922.002,288.89799999999997,True,False,
2026-02-03 11:25:28.698,33.795,5.0,0.0,0.0,1.0,2.0,0.0,0.0,0.0,0.0,0.0,0.0,1.0,0.0,0.0,0.0,1.927,0.0,0.0,0.0,7.415,-221.0,0.0,7.306,222.0,0.0,0.0,4.987,104.0,0.106,0.0,0.687,0.0,4.957,188.0,0.0,0.0,0.0,0.0,4.981,58.0,22.00635,21.22412,21.27424,21.33152,24.68956,20.87507,20.81242,22.15492,21.17579,21.0,23.0,0.0,0.0,21.5,0.0,910.25,0.0,2.0,0.0,0.0,77.180115,77.180115,77.180115,77.180115,77.180115,77.180115,77.180115,77.180115,77.180115,77.180115,77.180115,77.180115,77.180115,77.180115,77.180115,77.180115,74.309649,74.309649,74.309649,74.309649,0.0,0.0,100.0,101.0,102.0,0.0,0.0,1621.932,518.648,931.916,288.89799999999997,True,False,
2026-02-03 11:25:29.248,34.345,5.0,0.0,0.0,1.0,2.0,0.0,0.0,0.0,0.0,0.0,0.0,1.0,0.0,0.0,0.0,1.927,0.0,0.0,0.0,7.415,-221.0,0.0,7.305,220.0,0.0,0.0,4.986,105.0,0.107,0.0,0.685,0.0,4.956,192.0,0.0,0.0,0.0,0.0,4.981,60.0,22.00456,21.24739,21.27782,21.32973,24.70209,20.88939,20.81779,22.17819,21.174,21.5,23.0,0.0,0.0,21.5,0.0,910.25,0.0,2.0,0.0,0.0,77.180115,77.180115,77.180115,77.180115,77.180115,77.180115,77.180115,77.180115,77.180115,77.180115,77.180115,77.180115,77.180115,77.180115,77.180115,77.180115,74.309649,74.309649,74.309649,74.309649,0.0,0.0,100.0,101.0,102.0,0.0,0.0,1607.1,523.53,951.552,298.86,True,False,
2026-02-03 11:25:29.700,34.797,5.0,0.0,0.0,1.0,3.0,0.0,0.0,0.0,0.0,0.0,0.0,1.0,0.0,0.0,0.0,1.927,0.0,0.0,0.0,7.415,-221.0,0.0,7.305,220.0,0.0,0.0,4.986,104.0,0.106,1.0,0.687,0.0,4.958,201.0,0.0,0.0,0.0,0.0,4.981,60.0,22.01351,21.24202,21.2814,21.33331,24.70925,20.88402,20.80884,22.1764,21.174,21.0,23.0,0.0,0.0,21.5,0.0,910.25,0.0,2.0,0.0,0.0,77.180115,77.180115,77.180115,77.180115,77.180115,77.180115,77.180115,77.180115,77.180115,77.180115,77.180115,77.180115,77.180115,77.180115,77.180115,77.180115,74.309649,74.309649,74.309649,74.309649,0.0,0.0,100.0,101.0,102.0,0.0,0.0,1607.1,518.544,996.558,298.86,True,False,
2026-02-03 11:25:30.253,35.35,5.0,0.0,0.0,1.0,3.0,0.0,0.0,0.0,0.0,0.0,0.0,1.0,0.0,0.0,0.0,1.927,1.0,0.0,0.0,7.415,-221.0,0.0,7.305,220.0,0.0,0.0,4.988,102.0,0.106,1.0,0.687,0.0,4.956,190.0,0.0,0.0,0.0,0.0,4.981,60.0,22.00456,21.24739,21.28677,21.33331,24.71641,20.89297,20.80884,22.18177,21.174,21.5,23.0,0.0,0.0,21.5,0.0,910.25,0.0,2.0,0.0,0.0,77.180115,77.180115,77.180115,77.180115,77.180115,77.180115,77.180115,77.180115,77.180115,77.180115,77.180115,77.180115,77.180115,77.180115,77.180115,77.180115,74.309649,74.309649,74.309649,74.309649,0.0,0.0,100.0,101.0,102.0,0.0,0.0,1607.1,508.77600000000007,941.64,298.86,True,False,
2026-02-03 11:25:30.703,35.8,5.0,0.0,0.0,1.0,4.0,0.0,0.0,0.0,0.0,0.0,0.0,1.0,0.0,0.0,0.0,1.927,0.0,0.0,0.0,7.415,-221.0,0.0,7.301,221.0,0.0,0.0,4.987,102.0,0.105,0.0,0.687,0.0,4.96,198.0,0.0,0.0,0.0,0.0,4.981,60.0,22.00098,21.2456,21.29572,21.32615,24.754,20.8876,20.80705,22.18535,21.174,21.0,23.0,0.0,0.0,21.5,0.0,910.25,0.0,2.0,0.0,0.0,77.180115,77.180115,77.180115,77.180115,77.180115,77.180115,77.180115,77.180115,77.180115,77.180115,77.180115,77.180115,77.180115,77.180115,77.180115,77.180115,74.309649,74.309649,74.309649,74.309649,0.0,0.0,100.0,101.0,102.0,0.0,0.0,1613.521,508.674,982.08,298.86,True,False,
2026-02-03 11:25:31.254,36.351,5.0,0.0,0.0,1.0,4.0,0.0,0.0,0.0,0.0,0.0,0.0,1.0,0.0,0.0,0.0,1.927,0.0,0.0,0.0,7.415,-221.0,0.0,7.305,221.0,0.0,0.0,4.987,104.0,0.106,0.0,0.687,0.0,4.956,193.0,0.0,0.0,0.0,0.0,4.981,58.0,22.00098,21.25813,21.29035,21.32973,24.76116,20.88402,20.82316,22.18177,21.18295,21.5,23.0,0.0,0.0,21.5,0.0,910.25,0.0,2.0,0.0,0.0,77.180115,77.180115,77.180115,77.180115,77.180115,77.180115,77.180115,77.180115,77.180115,77.180115,77.180115,77.180115,77.180115,77.180115,77.180115,77.180115,74.309649,74.309649,74.309649,74.309649,0.0,0.0,100.0,101.0,102.0,0.0,0.0,1614.405,518.648,956.508,288.89799999999997,True,False,
2026-02-03 11:25:31.706,36.803,5.0,0.0,0.0,1.0,5.0,0.0,0.0,0.0,0.0,0.0,0.0,1.0,0.0,0.0,0.0,1.927,0.0,0.0,0.0,7.415,-221.0,0.0,7.306,222.0,0.0,0.0,4.986,104.0,0.107,0.0,0.686,0.0,4.958,201.0,0.0,0.0,0.0,0.0,4.981,58.0,21.99919,21.24202,21.28498,21.32794,24.77906,20.88044,20.82495,22.19072,21.19011,21.5,23.0,0.0,0.0,21.5,0.0,910.25,0.0,2.0,0.0,0.0,77.180115,77.180115,77.180115,77.180115,77.180115,77.180115,77.180115,77.180115,77.180115,77.180115,77.180115,77.180115,77.180115,77.180115,77.180115,77.180115,74.309649,74.309649,74.309649,74.309649,0.0,0.0,100.0,101.0,102.0,0.0,0.0,1621.932,518.544,996.558,288.89799999999997,True,False,
2026-02-03 11:25:32.257,37.354,5.0,0.0,0.0,1.0,5.0,0.0,0.0,0.0,0.0,0.0,0.0,1.0,0.0,0.0,0.0,1.927,0.0,0.0,0.0,7.415,-221.0,0.0,7.306,221.0,0.0,0.0,4.986,105.0,0.106,0.0,0.687,0.0,4.957,193.0,0.0,0.0,0.0,0.0,4.981,58.0,22.00098,21.25276,21.29572,21.33152,24.7898,20.89297,20.81779,22.20146,21.18295,21.5,23.0,0.0,0.0,21.5,0.0,910.25,0.0,2.0,0.0,0.0,77.180115,77.180115,77.180115,77.180115,77.180115,77.180115,77.180115,77.180115,77.180115,77.180115,77.180115,77.180115,77.180115,77.180115,77.180115,77.180115,74.309649,74.309649,74.309649,74.309649,0.0,0.0,100.0,101.0,102.0,0.0,0.0,1614.626,523.53,956.701,288.89799999999997,True,False,
2026-02-03 11:25:32.710,37.807,5.0,0.0,0.0,1.0,6.0,0.0,0.0,0.0,0.0,0.0,0.0,1.0,0.0,0.0,0.0,1.927,1.0,0.0,0.0,7.415,-221.0,0.0,7.306,220.0,0.0,0.0,4.987,105.0,0.106,2.0,0.687,0.0,4.958,202.0,0.0,0.0,0.0,0.0,4.981,58.0,22.00456,21.2456,21.30646,21.34405,24.81128,20.88939,20.82495,22.20325,21.19011,21.5,23.0,0.0,0.0,21.5,0.0,910.25,0.0,2.0,0.0,0.0,77.180115,77.180115,77.180115,77.180115,77.180115,77.180115,77.180115,77.180115,77.180115,77.180115,77.180115,77.180115,77.180115,77.180115,77.180115,77.180115,74.309649,74.309649,74.309649,74.309649,0.0,0.0,100.0,101.0,102.0,0.0,0.0,1607.32,523.635,1001.516,288.89799999999997,True,False,
2026-02-03 11:25:33.411,38.508,5.0,0.0,0.0,1.0,6.0,0.0,0.0,0.0,0.0,0.0,0.0,1.0,0.0,0.0,0.0,1.927,0.0,0.0,0.0,7.415,-221.0,0.0,7.302,222.0,0.0,0.0,4.986,106.0,0.107,1.0,0.686,0.0,4.955,195.0,0.0,0.0,0.0,0.0,4.98,63.0,21.99024,21.24739,21.30646,21.33152,24.8256,20.90013,20.81779,22.2122,21.18474,21.5,23.0,0.0,0.0,21.5,0.0,910.25,0.0,2.0,0.0,0.0,77.180115,77.180115,77.180115,77.180115,77.180115,77.180115,77.180115,77.180115,77.180115,77.180115,77.180115,77.180115,77.180115,77.180115,77.180115,77.180115,74.309649,74.309649,74.309649,74.309649,0.0,0.0,100.0,101.0,102.0,0.0,0.0,1621.044,528.516,966.225,313.74,True,False,
2026-02-03 11:25:33.763,38.86,5.0,0.0,0.0,1.0,7.0,0.0,0.0,0.0,0.0,0.0,0.0,1.0,0.0,0.0,0.0,1.927,0.0,0.0,0.0,7.415,-221.0,0.0,7.305,221.0,0.0,0.0,4.986,105.0,0.106,1.0,0.686,0.0,4.957,201.0,0.0,0.0,0.0,0.0,4.98,63.0,22.00098,21.25455,21.29572,21.34763,24.84529,20.89297,20.81779,22.22294,21.1919,21.5,23.0,0.0,0.0,21.5,0.0,910.25,0.0,2.0,0.0,0.0,77.180115,77.180115,77.180115,77.180115,77.180115,77.180115,77.180115,77.180115,77.180115,77.180115,77.180115,77.180115,77.180115,77.180115,77.180115,77.180115,74.309649,74.309649,74.309649,74.309649,0.0,0.0,100.0,101.0,102.0,0.0,0.0,1614.405,523.53,996.357,313.74,True,False,
2026-02-03 11:25:34.214,39.311,5.0,0.0,0.0,1.0,7.0,0.0,0.0,0.0,0.0,0.0,0.0,1.0,0.0,0.0,0.0,1.927,0.0,0.0,0.0,7.415,-221.0,0.0,7.305,218.0,0.0,0.0,4.986,105.0,0.106,1.0,0.687,0.0,4.956,195.0,0.0,0.0,0.0,0.0,4.98,63.0,22.00098,21.25813,21.30825,21.34047,24.87214,20.88044,20.81242,22.21757,21.19011,21.5,23.0,0.0,0.0,21.5,0.0,910.25,0.0,2.0,0.0,0.0,77.180115,77.180115,77.180115,77.180115,77.180115,77.180115,77.180115,77.180115,77.180115,77.180115,77.180115,77.180115,77.180115,77.180115,77.180115,77.180115,74.309649,74.309649,74.309649,74.309649,0.0,0.0,100.0,101.0,102.0,0.0,0.0,1592.49,523.53,966.42,313.74,True,False,
2026-02-03 11:25:34.917,40.014,5.0,0.0,0.0,1.0,8.0,0.0,0.0,0.0,0.0,0.0,0.0,1.0,0.0,0.0,0.0,1.927,0.0,0.0,0.0,7.415,-221.0,0.0,7.305,221.0,0.0,0.0,4.986,105.0,0.106,0.0,0.686,0.0,4.957,200.0,0.0,0.0,0.0,0.0,4.98,63.0,21.99919,21.26529,21.30109,21.34405,24.88825,20.88044,20.816,22.21936,21.18832,21.5,23.0,0.0,0.0,21.5,0.0,910.25,0.0,2.0,0.0,0.0,77.180115,77.180115,77.180115,77.180115,77.180115,77.180115,77.180115,77.180115,77.180115,77.180115,77.180115,77.180115,77.180115,77.180115,77.180115,77.180115,74.309649,74.309649,74.309649,74.309649,0.0,0.0,100.0,101.0,102.0,0.0,0.0,1614.405,523.53,991.4,313.74,True,False,
2026-02-03 11:25:35.267,40.364,5.0,0.0,0.0,1.0,8.0,0.0,0.0,0.0,0.0,0.0,0.0,1.0,0.0,0.0,0.0,1.927,0.0,0.0,0.0,7.415,-221.0,0.0,7.306,220.0,0.0,0.0,4.987,104.0,0.107,0.0,0.687,0.0,4.955,196.0,0.0,0.0,0.0,0.0,4.98,58.0,22.00635,21.26887,21.30825,21.33868,24.89362,20.89834,20.80168,22.21757,21.19011,21.5,23.5,0.0,0.0,21.5,0.0,910.25,0.0,2.0,0.0,0.0,77.180115,77.180115,77.180115,77.180115,77.180115,77.180115,77.180115,77.180115,77.180115,77.180115,77.180115,77.180115,77.180115,77.180115,77.180115,77.180115,74.309649,74.309649,74.309649,74.309649,0.0,0.0,100.0,101.0,102.0,0.0,0.0,1607.32,518.648,971.18,288.84000000000003,True,False,
2026-02-03 11:25:35.718,40.815,5.0,0.0,0.0,1.0,9.0,0.0,0.0,0.0,0.0,0.0,0.0,1.0,0.0,0.0,0.0,1.927,0.0,0.0,0.0,7.415,-221.0,0.0,7.305,220.0,0.0,0.0,4.986,104.0,0.107,0.0,0.686,0.0,4.957,202.0,0.0,0.0,0.0,0.0,4.98,58.0,22.00277,21.2635,21.31541,21.34047,24.91868,20.8876,20.82316,22.23368,21.19369,21.5,23.5,0.0,0.0,21.5,0.0,910.25,0.0,2.0,0.0,0.0,77.180115,77.180115,77.180115,77.180115,77.180115,77.180115,77.180115,77.180115,77.180115,77.180115,77.180115,77.180115,77.180115,77.180115,77.180115,77.180115,74.309649,74.309649,74.309649,74.309649,0.0,0.0,100.0,101.0,102.0,0.0,0.0,1607.1,518.544,1001.314,288.84000000000003,True,False,
2026-02-03 11:25:36.419,41.516,5.0,0.0,0.0,1.0,9.0,0.0,0.0,0.0,0.0,0.0,0.0,1.0,0.0,0.0,0.0,1.927,0.0,0.0,0.0,7.415,-221.0,0.0,7.305,220.0,0.0,0.0,4.986,104.0,0.107,1.0,0.687,0.0,4.956,197.0,0.0,0.0,0.0,0.0,4.98,58.0,22.00098,21.26708,21.31183,21.3351,24.933,20.90192,20.82316,22.2301,21.19011,21.5,23.0,0.0,0.0,21.5,0.0,910.25,0.0,2.0,0.0,0.0,77.180115,77.180115,77.180115,77.180115,77.180115,77.180115,77.180115,77.180115,77.180115,77.180115,77.180115,77.180115,77.180115,77.180115,77.180115,77.180115,74.309649,74.309649,74.309649,74.309649,0.0,0.0,100.0,101.0,102.0,0.0,0.0,1607.1,518.544,976.332,288.84000000000003,True,False,
2026-02-03 11:25:36.766,41.863,5.0,0.0,0.0,1.0,,0.0,0.0,0.0,0.0,0.0,0.0,1.0,0.0,0.0,0.0,1.927,0.0,0.0,0.0,7.415,-221.0,0.0,7.306,221.0,0.0,0.0,4.987,105.0,0.107,1.0,0.686,0.0,4.957,202.0,0.0,0.0,0.0,0.0,4.98,58.0,22.00098,21.27603,21.30825,21.35658,24.94553,20.89297,20.82495,22.24442,21.1919,21.5,23.0,0.0,0.0,21.5,0.0,910.25,0.0,2.0,0.0,0.0,77.180115,77.180115,77.180115,77.180115,77.180115,77.180115,77.180115,77.180115,77.180115,77.180115,77.180115,77.180115,77.180115,77.180115,77.180115,77.180115,74.309649,74.309649,74.309649,74.309649,0.0,0.0,100.0,101.0,102.0,0.0,0.0,1614.626,523.635,1001.314,288.84000000000003,True,False,
2026-02-03 11:25:37.218,42.315,5.0,0.0,0.0,1.0,,0.0,0.0,0.0,0.0,0.0,0.0,1.0,0.0,0.0,0.0,1.927,0.0,0.0,0.0,7.415,-221.0,0.0,7.303,222.0,0.0,0.0,4.987,105.0,0.108,0.0,0.687,0.0,4.957,201.0,0.0,0.0,0.0,0.0,4.978,58.0,22.00098,21.27961,21.3172,21.33689,24.94911,20.89655,20.82316,22.248,21.19548,21.5,23.5,0.0,0.0,21.5,0.0,910.25,0.0,2.0,0.0,0.0,77.180115,77.180115,77.180115,77.180115,77.180115,77.180115,77.180115,77.180115,77.180115,77.180115,77.180115,77.180115,77.180115,77.180115,77.180115,77.180115,74.309649,74.309649,74.309649,74.309649,0.0,0.0,100.0,101.0,102.0,0.0,0.0,1621.266,523.635,996.357,288.724,True,False,
2026-02-03 11:25:37.922,43.019,5.0,0.0,0.0,1.0,,0.0,0.0,0.0,0.0,0.0,0.0,1.0,0.0,0.0,0.0,1.927,0.0,0.0,0.0,7.415,-221.0,0.0,7.305,223.0,0.0,0.0,4.986,106.0,0.106,1.0,0.687,0.0,4.956,201.0,0.0,0.0,0.0,0.0,4.978,58.0,22.00098,21.27245,21.32257,21.34584,24.98133,20.89655,20.83032,22.25516,21.20264,21.5,23.5,0.0,0.0,21.5,0.0,910.25,0.0,2.0,0.0,0.0,77.180115,77.180115,77.180115,77.180115,77.180115,77.180115,77.180115,77.180115,77.180115,77.180115,77.180115,77.180115,77.180115,77.180115,77.180115,77.180115,74.309649,74.309649,74.309649,74.309649,0.0,0.0,100.0,101.0,102.0,0.0,0.0,1629.015,528.516,996.156,288.724,True,False,
2026-02-03 11:25:38.271,43.368,5.0,0.0,0.0,1.0,,0.0,0.0,0.0,0.0,0.0,0.0,1.0,0.0,0.0,0.0,1.927,0.0,0.0,0.0,7.415,-221.0,0.0,7.306,220.0,0.0,0.0,4.986,105.0,0.107,1.0,0.685,0.0,4.955,201.0,0.0,0.0,0.0,0.0,4.978,58.0,21.99919,21.27603,21.31541,21.34584,24.98133,20.89834,20.82674,22.24979,21.20622,21.5,23.5,0.0,0.0,21.5,0.0,910.25,0.0,2.0,0.0,0.0,77.180115,77.180115,77.180115,77.180115,77.180115,77.180115,77.180115,77.180115,77.180115,77.180115,77.180115,77.180115,77.180115,77.180115,77.180115,77.180115,74.309649,74.309649,74.309649,74.309649,0.0,0.0,100.0,101.0,102.0,0.0,0.0,1607.32,523.53,995.955,288.724,True,False,
2026-02-03 11:25:38.723,43.82,5.0,0.0,0.0,1.0,,0.0,0.0,0.0,0.0,0.0,0.0,1.0,0.0,0.0,0.0,1.927,0.0,0.0,0.0,7.415,-221.0,0.0,7.306,222.0,0.0,0.0,4.986,105.0,0.107,1.0,0.687,0.0,4.956,181.0,0.0,0.0,0.0,0.0,4.978,58.0,22.01172,21.28498,21.32257,21.34226,25.00281,20.89118,20.82137,22.2659,21.20264,21.5,23.5,0.0,0.0,21.5,0.0,910.25,0.0,2.0,0.0,0.0,77.180115,77.180115,77.180115,77.180115,77.180115,77.180115,77.180115,77.180115,77.180115,77.180115,77.180115,77.180115,77.180115,77.180115,77.180115,77.180115,74.309649,74.309649,74.309649,74.309649,0.0,0.0,100.0,101.0,102.0,0.0,0.0,1621.932,523.53,897.0360000000001,288.724,True,False,
2026-02-03 11:25:39.424,44.521,5.0,0.0,0.0,1.0,,0.0,0.0,0.0,0.0,0.0,0.0,1.0,0.0,0.0,0.0,1.927,1.0,0.0,0.0,7.415,-221.0,0.0,7.305,217.0,0.0,0.0,4.986,104.0,0.106,0.0,0.686,0.0,4.956,198.0,0.0,0.0,0.0,0.0,4.98,58.0,22.00635,21.28856,21.3172,21.34584,25.03503,20.8876,20.82495,22.26232,21.20085,21.5,23.5,0.0,0.0,21.5,0.0,910.25,0.0,2.0,0.0,0.0,77.180115,77.180115,77.180115,77.180115,77.180115,77.180115,77.180115,77.180115,77.180115,77.180115,77.180115,77.180115,77.180115,77.180115,77.180115,77.180115,74.309649,74.309649,74.309649,74.309649,0.0,0.0,100.0,101.0,102.0,0.0,0.0,1585.185,518.544,981.288,288.84000000000003,True,False,
2026-02-03 11:25:39.775,44.872,5.0,0.0,0.0,1.0,,0.0,0.0,0.0,0.0,0.0,0.0,1.0,0.0,0.0,0.0,1.927,0.0,0.0,0.0,7.415,-221.0,0.0,7.302,218.0,0.0,0.0,4.987,104.0,0.106,1.0,0.686,0.0,4.957,187.0,0.0,0.0,0.0,0.0,4.98,58.0,22.00098,21.27603,21.3172,21.34226,25.04756,20.89476,20.82137,22.27127,21.20443,21.5,23.5,0.0,0.0,21.5,0.0,910.25,0.0,2.0,0.0,0.0,77.180115,77.180115,77.180115,77.180115,77.180115,77.180115,77.180115,77.180115,77.180115,77.180115,77.180115,77.180115,77.180115,77.180115,77.180115,77.180115,74.309649,74.309649,74.309649,74.309649,0.0,0.0,100.0,101.0,102.0,0.0,0.0,1591.836,518.648,926.959,288.84000000000003,True,False,
2026-02-03 11:25:40.224,45.321,5.0,0.0,0.0,1.0,,0.0,0.0,0.0,0.0,0.0,0.0,1.0,0.0,0.0,0.0,1.927,0.0,0.0,0.0,7.415,-221.0,0.0,7.305,220.0,0.0,0.0,4.986,105.0,0.106,1.0,0.686,0.0,4.957,187.0,0.0,0.0,0.0,0.0,4.98,58.0,22.00098,21.27245,21.32615,21.34226,25.03861,20.90013,20.82316,22.26948,21.20085,21.5,23.5,0.0,0.0,21.5,0.0,910.25,0.0,2.0,0.0,0.0,77.180115,77.180115,77.180115,77.180115,77.180115,77.180115,77.180115,77.180115,77.180115,77.180115,77.180115,77.180115,77.180115,77.180115,77.180115,77.180115,74.309649,74.309649,74.309649,74.309649,0.0,0.0,100.0,101.0,102.0,0.0,0.0,1607.1,523.53,926.959,288.84000000000003,True,False,
2026-02-03 11:25:40.928,46.025,5.0,0.0,0.0,1.0,,0.0,0.0,0.0,0.0,0.0,0.0,1.0,0.0,0.0,0.0,1.927,0.0,0.0,0.0,7.415,-221.0,0.0,7.306,220.0,0.0,0.0,4.986,104.0,0.107,1.0,0.687,0.0,4.957,186.0,0.0,0.0,0.0,0.0,4.98,58.0,22.00456,21.27961,21.33152,21.34763,25.07083,20.89297,20.82495,22.26769,21.20085,21.5,23.5,0.0,0.0,21.5,0.0,910.25,0.0,2.0,0.0,0.0,77.180115,77.180115,77.180115,77.180115,77.180115,77.180115,77.180115,77.180115,77.180115,77.180115,77.180115,77.180115,77.180115,77.180115,77.180115,77.180115,74.309649,74.309649,74.309649,74.309649,0.0,0.0,100.0,101.0,102.0,0.0,0.0,1607.32,518.544,922.002,288.84000000000003,True,False,
2026-02-03 11:25:41.279,46.376,5.0,0.0,0.0,1.0,,0.0,0.0,0.0,0.0,0.0,0.0,1.0,0.0,0.0,0.0,1.927,0.0,0.0,0.0,7.415,-221.0,0.0,7.301,218.0,0.0,0.0,4.986,104.0,0.106,1.0,0.687,0.0,4.957,187.0,0.0,0.0,0.0,0.0,4.978,58.0,21.99919,21.2814,21.33331,21.35479,25.10663,20.89297,20.82853,22.27485,21.20622,21.5,23.5,0.0,0.0,21.5,0.0,910.25,0.0,2.0,0.0,0.0,77.180115,77.180115,77.180115,77.180115,77.180115,77.180115,77.180115,77.180115,77.180115,77.180115,77.180115,77.180115,77.180115,77.180115,77.180115,77.180115,74.309649,74.309649,74.309649,74.309649,0.0,0.0,100.0,101.0,102.0,0.0,0.0,1591.618,518.544,926.959,288.724,True,False,
2026-02-03 11:25:41.733,46.83,5.0,0.0,0.0,1.0,,0.0,0.0,0.0,0.0,0.0,0.0,1.0,0.0,0.0,0.0,1.927,0.0,0.0,0.0,7.415,-221.0,0.0,7.305,221.0,0.0,0.0,4.986,104.0,0.108,0.0,0.686,0.0,4.957,185.0,0.0,0.0,0.0,0.0,4.978,58.0,22.00993,21.28856,21.33331,21.33868,25.08336,20.90371,20.82316,22.27485,21.20085,21.5,23.5,0.0,0.0,21.5,0.0,910.25,0.0,2.0,0.0,0.0,77.180115,77.180115,77.180115,77.180115,77.180115,77.180115,77.180115,77.180115,77.180115,77.180115,77.180115,77.180115,77.180115,77.180115,77.180115,77.180115,74.309649,74.309649,74.309649,74.309649,0.0,0.0,100.0,101.0,102.0,0.0,0.0,1614.405,518.544,917.045,288.724,True,False,
2026-02-03 11:25:42.439,47.536,5.0,0.0,0.0,1.0,,0.0,0.0,0.0,0.0,0.0,0.0,1.0,0.0,0.0,0.0,1.927,0.0,0.0,0.0,7.415,-221.0,0.0,7.305,220.0,0.0,0.0,4.987,104.0,0.107,1.0,0.687,0.0,4.957,186.0,0.0,0.0,0.0,0.0,4.978,58.0,22.00993,21.29214,21.32794,21.33868,25.12095,20.89834,20.816,22.2838,21.2098,21.5,23.5,0.0,0.0,21.5,0.0,910.25,0.0,2.0,0.0,0.0,77.180115,77.180115,77.180115,77.180115,77.180115,77.180115,77.180115,77.180115,77.180115,77.180115,77.180115,77.180115,77.180115,77.180115,77.180115,77.180115,74.309649,74.309649,74.309649,74.309649,0.0,0.0,100.0,101.0,102.0,0.0,0.0,1607.1,518.648,922.002,288.724,True,False,
2026-02-03 11:25:42.789,47.886,5.0,0.0,0.0,1.0,10.0,0.0,0.0,0.0,0.0,0.0,0.0,1.0,0.0,0.0,0.0,1.927,0.0,0.0,0.0,7.415,-221.0,0.0,7.305,221.0,0.0,0.0,4.987,104.0,0.107,0.0,0.686,0.0,4.957,197.0,0.0,0.0,0.0,0.0,4.978,58.0,22.01351,21.28856,21.33689,21.35658,25.12274,20.89834,20.83032,22.28201,21.20801,21.5,23.5,0.0,0.0,21.5,0.0,910.25,0.0,2.0,0.0,0.0,77.180115,77.180115,77.180115,77.180115,77.180115,77.180115,77.180115,77.180115,77.180115,77.180115,77.180115,77.180115,77.180115,77.180115,77.180115,77.180115,74.309649,74.309649,74.309649,74.309649,0.0,0.0,100.0,101.0,102.0,0.0,0.0,1614.405,518.648,976.529,288.724,True,False,
2026-02-03 11:25:43.245,48.342,5.0,0.0,0.0,1.0,10.0,0.0,0.0,0.0,0.0,0.0,0.0,1.0,0.0,0.0,0.0,1.927,0.0,0.0,0.0,7.415,-221.0,0.0,7.306,220.0,0.0,0.0,4.987,105.0,0.106,1.0,0.686,0.0,4.958,196.0,0.0,0.0,0.0,0.0,4.98,60.0,22.00635,21.29035,21.33152,21.35121,25.14064,20.89655,20.83032,22.28917,21.20264,21.5,23.5,0.0,0.0,21.5,0.0,910.25,0.0,2.0,0.0,0.0,77.180115,77.180115,77.180115,77.180115,77.180115,77.180115,77.180115,77.180115,77.180115,77.180115,77.180115,77.180115,77.180115,77.180115,77.180115,77.180115,74.309649,74.309649,74.309649,74.309649,0.0,0.0,100.0,101.0,102.0,0.0,0.0,1607.32,523.635,971.768,298.8,True,False,
2026-02-03 11:25:43.945,49.042,5.0,0.0,0.0,1.0,11.0,0.0,0.0,0.0,0.0,0.0,0.0,1.0,0.0,0.0,0.0,1.927,1.0,0.0,0.0,7.415,-221.0,0.0,7.305,222.0,0.0,0.0,4.987,105.0,0.106,1.0,0.687,0.0,4.958,197.0,0.0,0.0,0.0,0.0,4.98,60.0,22.00993,21.29393,21.34047,21.35121,25.14243,20.90013,20.82853,22.28917,21.20264,21.5,23.5,0.0,0.0,21.5,0.0,910.25,0.0,2.0,0.0,0.0,77.180115,77.180115,77.180115,77.180115,77.180115,77.180115,77.180115,77.180115,77.180115,77.180115,77.180115,77.180115,77.180115,77.180115,77.180115,77.180115,74.309649,74.309649,74.309649,74.309649,0.0,0.0,100.0,101.0,102.0,0.0,0.0,1621.71,523.635,976.726,298.8,True,False,
2026-02-03 11:25:44.295,49.392,5.0,0.0,0.0,1.0,11.0,0.0,0.0,0.0,0.0,0.0,0.0,1.0,0.0,0.0,0.0,1.927,0.0,0.0,0.0,7.415,-221.0,0.0,7.302,218.0,0.0,0.0,4.986,104.0,0.106,1.0,0.687,1.0,4.957,198.0,0.0,0.0,0.0,0.0,4.98,60.0,22.01172,21.29393,21.33868,21.34942,25.17465,20.90013,20.82316,22.29454,21.21517,21.5,23.5,0.0,0.0,21.5,0.0,910.25,0.0,2.0,0.0,0.0,77.180115,77.180115,77.180115,77.180115,77.180115,77.180115,77.180115,77.180115,77.180115,77.180115,77.180115,77.180115,77.180115,77.180115,77.180115,77.180115,74.309649,74.309649,74.309649,74.309649,0.0,0.0,100.0,101.0,102.0,0.0,0.0,1591.836,518.544,981.486,298.8,True,False,
2026-02-03 11:25:44.746,49.843,5.0,0.0,0.0,1.0,12.0,0.0,0.0,0.0,0.0,0.0,0.0,1.0,0.0,0.0,0.0,1.927,0.0,0.0,0.0,7.415,-221.0,0.0,7.305,220.0,0.0,0.0,4.987,104.0,0.107,1.0,0.687,0.0,4.956,197.0,0.0,0.0,0.0,0.0,4.98,60.0,22.0153,21.29393,21.33868,21.353,25.18181,20.88581,20.82316,22.31602,21.21338,21.5,23.5,0.0,0.0,21.5,0.0,910.25,0.0,2.0,0.0,0.0,77.180115,77.180115,77.180115,77.180115,77.180115,77.180115,77.180115,77.180115,77.180115,77.180115,77.180115,77.180115,77.180115,77.180115,77.180115,77.180115,74.309649,74.309649,74.309649,74.309649,0.0,0.0,100.0,101.0,102.0,0.0,0.0,1607.1,518.648,976.332,298.8,True,False,
2026-02-03 11:25:45.448,50.545,5.0,0.0,0.0,1.0,12.0,0.0,0.0,0.0,0.0,0.0,0.0,1.0,0.0,0.0,0.0,1.927,0.0,0.0,0.0,7.415,-221.0,0.0,7.302,218.0,0.0,0.0,4.986,104.0,0.107,1.0,0.686,0.0,4.957,187.0,0.0,0.0,0.0,0.0,4.981,60.0,22.01351,21.29572,21.34584,21.35121,25.2015,20.89476,20.82674,22.30886,21.21696,21.5,23.5,0.0,0.0,21.5,0.0,910.25,0.0,2.0,0.0,0.0,77.180115,77.180115,77.180115,77.180115,77.180115,77.180115,77.180115,77.180115,77.180115,77.180115,77.180115,77.180115,77.180115,77.180115,77.180115,77.180115,74.309649,74.309649,74.309649,74.309649,0.0,0.0,100.0,101.0,102.0,0.0,0.0,1591.836,518.544,926.959,298.86,True,False,
2026-02-03 11:25:45.797,50.894,5.0,0.0,0.0,1.0,13.0,0.0,0.0,0.0,0.0,0.0,0.0,1.0,0.0,0.0,0.0,1.927,0.0,0.0,0.0,7.415,-221.0,0.0,7.303,220.0,0.0,0.0,4.986,104.0,0.107,1.0,0.686,0.0,4.956,198.0,0.0,0.0,0.0,0.0,4.981,60.0,22.00456,21.30288,21.34584,21.35658,25.21582,20.89834,20.83211,22.31244,21.20264,21.5,23.5,0.0,0.0,21.5,0.0,910.25,0.0,2.0,0.0,0.0,77.180115,77.180115,77.180115,77.180115,77.180115,77.180115,77.180115,77.180115,77.180115,77.180115,77.180115,77.180115,77.180115,77.180115,77.180115,77.180115,74.309649,74.309649,74.309649,74.309649,0.0,0.0,100.0,101.0,102.0,0.0,0.0,1606.66,518.544,981.288,298.86,True,False,
2026-02-03 11:25:46.248,51.345,5.0,0.0,0.0,1.0,13.0,0.0,0.0,0.0,0.0,0.0,0.0,1.0,0.0,0.0,0.0,1.927,1.0,0.0,0.0,7.415,-221.0,0.0,7.305,221.0,0.0,0.0,4.986,104.0,0.106,0.0,0.686,0.0,4.956,201.0,0.0,0.0,0.0,0.0,4.981,60.0,22.00993,21.2993,21.34405,21.34226,25.24088,20.90729,20.83032,22.31781,21.21875,21.5,23.5,0.0,0.0,21.5,0.0,910.25,0.0,2.0,0.0,0.0,77.180115,77.180115,77.180115,77.180115,77.180115,77.180115,77.180115,77.180115,77.180115,77.180115,77.180115,77.180115,77.180115,77.180115,77.180115,77.180115,74.309649,74.309649,74.309649,74.309649,0.0,0.0,100.0,101.0,102.0,0.0,0.0,1614.405,518.544,996.156,298.86,True,False,
2026-02-03 11:25:46.701,51.798,5.0,0.0,0.0,1.0,14.0,0.0,0.0,0.0,0.0,0.0,0.0,1.0,0.0,0.0,0.0,1.927,0.0,0.0,0.0,7.415,-221.0,0.0,7.302,223.0,0.0,0.0,4.986,105.0,0.106,0.0,0.686,0.0,4.956,200.0,0.0,0.0,0.0,0.0,4.981,60.0,22.00814,21.30825,21.34942,21.36374,25.23193,20.90013,20.82316,22.32855,21.21875,21.5,23.5,0.0,0.0,21.5,0.0,910.25,0.0,2.0,0.0,0.0,77.180115,77.180115,77.180115,77.180115,77.180115,77.180115,77.180115,77.180115,77.180115,77.180115,77.180115,77.180115,77.180115,77.180115,77.180115,77.180115,74.309649,74.309649,74.309649,74.309649,0.0,0.0,100.0,101.0,102.0,0.0,0.0,1628.346,523.53,991.2,298.86,True,False,
2026-02-03 11:25:47.252,52.349,5.0,0.0,0.0,1.0,14.0,0.0,0.0,0.0,0.0,0.0,0.0,1.0,0.0,0.0,0.0,1.927,0.0,0.0,0.0,7.415,-221.0,0.0,7.305,218.0,0.0,0.0,4.987,105.0,0.106,1.0,0.686,0.0,4.955,182.0,0.0,0.0,0.0,0.0,4.981,39.0,22.00635,21.30825,21.34763,21.34942,25.2552,20.90192,20.83032,22.32676,21.21696,21.5,23.5,0.0,0.0,21.5,0.0,910.25,0.0,2.0,0.0,0.0,77.180115,77.180115,77.180115,77.180115,77.180115,77.180115,77.180115,77.180115,77.180115,77.180115,77.180115,77.180115,77.180115,77.180115,77.180115,77.180115,74.309649,74.309649,74.309649,74.309649,0.0,0.0,100.0,101.0,102.0,0.0,0.0,1592.49,523.635,901.81,194.259,True,False,
2026-02-03 11:25:47.704,52.801,5.0,0.0,0.0,1.0,15.0,0.0,0.0,0.0,0.0,0.0,0.0,1.0,0.0,0.0,0.0,1.927,0.0,0.0,0.0,7.415,-221.0,0.0,7.303,221.0,0.0,0.0,4.986,104.0,0.106,0.0,0.687,0.0,4.955,202.0,0.0,0.0,0.0,0.0,4.981,39.0,22.00098,21.30288,21.35479,21.34584,25.2731,20.89476,20.82853,22.3196,21.21696,21.5,23.5,0.0,0.0,21.5,0.0,910.25,0.0,2.0,0.0,0.0,77.180115,77.180115,77.180115,77.180115,77.180115,77.180115,77.180115,77.180115,77.180115,77.180115,77.180115,77.180115,77.180115,77.180115,77.180115,77.180115,74.309649,74.309649,74.309649,74.309649,0.0,0.0,100.0,101.0,102.0,0.0,0.0,1613.963,518.544,1000.91,194.259,True,False,
2026-02-03 11:25:48.256,53.353,5.0,0.0,0.0,1.0,15.0,0.0,0.0,0.0,0.0,0.0,0.0,1.0,0.0,0.0,0.0,1.927,0.0,0.0,0.0,7.415,-221.0,0.0,7.305,221.0,0.0,0.0,4.987,105.0,0.107,1.0,0.686,0.0,4.956,183.0,0.0,0.0,0.0,0.0,4.981,39.0,22.00456,21.3172,21.353,21.36016,25.291,20.89834,20.8339,22.32855,21.22054,21.5,23.5,0.0,0.0,21.5,0.0,910.25,0.0,2.0,0.0,0.0,77.180115,77.180115,77.180115,77.180115,77.180115,77.180115,77.180115,77.180115,77.180115,77.180115,77.180115,77.180115,77.180115,77.180115,77.180115,77.180115,74.309649,74.309649,74.309649,74.309649,0.0,0.0,100.0,101.0,102.0,0.0,0.0,1614.405,523.635,906.948,194.259,True,False,
2026-02-03 11:25:48.703,53.8,5.0,0.0,0.0,1.0,16.0,0.0,0.0,0.0,0.0,0.0,0.0,1.0,0.0,0.0,0.0,1.927,0.0,0.0,0.0,7.415,-221.0,0.0,7.305,221.0,0.0,0.0,4.987,105.0,0.106,0.0,0.687,0.0,4.956,202.0,0.0,0.0,0.0,0.0,4.981,39.0,22.00814,21.31004,21.36553,21.34226,25.3089,20.91445,20.83748,22.33392,21.22054,21.5,23.5,0.0,0.0,21.5,0.0,910.25,0.0,2.0,0.0,0.0,77.180115,77.180115,77.180115,77.180115,77.180115,77.180115,77.180115,77.180115,77.180115,77.180115,77.180115,77.180115,77.180115,77.180115,77.180115,77.180115,74.309649,74.309649,74.309649,74.309649,0.0,0.0,100.0,101.0,102.0,0.0,0.0,1614.405,523.635,1001.112,194.259,True,False,
2026-02-03 11:25:49.254,54.351,5.0,0.0,0.0,1.0,16.0,0.0,0.0,0.0,0.0,0.0,0.0,1.0,0.0,0.0,0.0,1.927,0.0,0.0,0.0,7.415,-221.0,0.0,7.306,221.0,0.0,0.0,4.987,102.0,0.107,2.0,0.687,0.0,4.956,185.0,0.0,0.0,0.0,0.0,4.98,63.0,22.01172,21.3172,21.35658,21.36195,25.31248,20.89834,20.83211,22.33392,21.22233,21.5,23.5,0.0,0.0,21.5,0.0,910.25,0.0,2.0,0.0,0.0,77.180115,77.180115,77.180115,77.180115,77.180115,77.180115,77.180115,77.180115,77.180115,77.180115,77.180115,77.180115,77.180115,77.180115,77.180115,77.180115,74.309649,74.309649,74.309649,74.309649,0.0,0.0,100.0,101.0,102.0,0.0,0.0,1614.626,508.674,916.86,313.74,True,False,
2026-02-03 11:25:49.708,54.805,5.0,0.0,0.0,1.0,17.0,0.0,0.0,0.0,0.0,0.0,0.0,1.0,0.0,0.0,0.0,1.927,0.0,0.0,0.0,7.415,-221.0,0.0,7.305,218.0,0.0,0.0,4.986,105.0,0.107,0.0,0.687,0.0,4.956,201.0,0.0,0.0,0.0,0.0,4.98,63.0,22.00993,21.32078,21.36374,21.36553,25.31964,20.90192,20.83032,22.3554,21.22591,21.5,23.5,0.0,0.0,21.5,0.0,910.25,0.0,2.0,0.0,0.0,77.180115,77.180115,77.180115,77.180115,77.180115,77.180115,77.180115,77.180115,77.180115,77.180115,77.180115,77.180115,77.180115,77.180115,77.180115,77.180115,74.309649,74.309649,74.309649,74.309649,0.0,0.0,100.0,101.0,102.0,0.0,0.0,1592.49,523.53,996.156,313.74,True,False,
2026-02-03 11:25:50.262,55.359,5.0,0.0,0.0,1.0,17.0,0.0,0.0,0.0,0.0,0.0,0.0,1.0,0.0,0.0,0.0,1.927,0.0,0.0,0.0,7.415,-221.0,0.0,7.305,220.0,0.0,0.0,4.987,104.0,0.106,1.0,0.686,0.0,4.956,186.0,0.0,0.0,0.0,0.0,4.98,63.0,22.00993,21.32257,21.36016,21.35658,25.34649,20.90729,20.83032,22.35003,21.22591,21.5,23.5,0.0,0.0,21.5,0.0,910.25,0.0,2.0,0.0,0.0,77.180115,77.180115,77.180115,77.180115,77.180115,77.180115,77.180115,77.180115,77.180115,77.180115,77.180115,77.180115,77.180115,77.180115,77.180115,77.180115,74.309649,74.309649,74.309649,74.309649,0.0,0.0,100.0,101.0,102.0,0.0,0.0,1607.1,518.648,921.816,313.74,True,False,
2026-02-03 11:25:50.713,55.81,5.0,0.0,0.0,1.0,18.0,0.0,0.0,0.0,0.0,0.0,0.0,1.0,0.0,0.0,0.0,1.927,0.0,0.0,0.0,7.415,-221.0,0.0,7.303,218.0,0.0,0.0,4.986,105.0,0.108,1.0,0.686,0.0,4.956,202.0,0.0,0.0,0.0,0.0,4.98,63.0,22.00456,21.32436,21.36732,21.36374,25.34828,20.89834,20.83569,22.34645,21.21517,21.5,23.5,0.0,0.0,21.5,0.0,910.25,0.0,2.0,0.0,0.0,77.180115,77.180115,77.180115,77.180115,77.180115,77.180115,77.180115,77.180115,77.180115,77.180115,77.180115,77.180115,77.180115,77.180115,77.180115,77.180115,74.309649,74.309649,74.309649,74.309649,0.0,0.0,100.0,101.0,102.0,0.0,0.0,1592.054,523.53,1001.112,313.74,True,False,
2026-02-03 11:25:51.418,56.515,5.0,0.0,0.0,1.0,18.0,0.0,0.0,0.0,0.0,0.0,0.0,1.0,0.0,0.0,0.0,1.927,0.0,0.0,0.0,7.415,-221.0,0.0,7.306,221.0,0.0,0.0,4.987,104.0,0.106,0.0,0.687,0.0,4.957,185.0,0.0,0.0,0.0,0.0,4.981,58.0,22.00993,21.32973,21.36016,21.35658,25.3626,20.90908,20.8339,22.36256,21.2277,21.5,23.5,0.0,0.0,21.5,0.0,910.25,0.0,2.0,0.0,0.0,77.180115,77.180115,77.180115,77.180115,77.180115,77.180115,77.180115,77.180115,77.180115,77.180115,77.180115,77.180115,77.180115,77.180115,77.180115,77.180115,74.309649,74.309649,74.309649,74.309649,0.0,0.0,100.0,101.0,102.0,0.0,0.0,1614.626,518.648,917.045,288.89799999999997,True,False,
2026-02-03 11:25:51.767,56.864,5.0,0.0,0.0,1.0,19.0,0.0,0.0,0.0,0.0,0.0,0.0,1.0,0.0,0.0,0.0,1.927,0.0,0.0,0.0,7.415,-221.0,0.0,7.305,220.0,0.0,0.0,4.986,105.0,0.108,0.0,0.687,0.0,4.955,200.0,0.0,0.0,0.0,0.0,4.981,58.0,22.0153,21.31541,21.36911,21.37627,25.37871,20.91445,20.8339,22.36614,21.22591,21.5,23.5,0.0,0.0,21.5,0.0,910.25,0.0,2.0,0.0,0.0,77.180115,77.180115,77.180115,77.180115,77.180115,77.180115,77.180115,77.180115,77.180115,77.180115,77.180115,77.180115,77.180115,77.180115,77.180115,77.180115,74.309649,74.309649,74.309649,74.309649,0.0,0.0,100.0,101.0,102.0,0.0,0.0,1607.1,523.53,991.0,288.89799999999997,True,False,
2026-02-03 11:25:52.220,57.317,5.0,0.0,0.0,1.0,19.0,0.0,0.0,0.0,0.0,0.0,0.0,1.0,0.0,0.0,0.0,1.927,0.0,0.0,0.0,7.415,-221.0,0.0,7.303,221.0,0.0,0.0,4.986,105.0,0.107,0.0,0.686,0.0,4.956,190.0,0.0,0.0,0.0,0.0,4.981,58.0,22.02067,21.32794,21.36732,21.353,25.39303,20.90013,20.83748,22.36614,21.22949,21.5,23.5,0.0,0.0,21.5,0.0,910.25,0.0,2.0,0.0,0.0,77.180115,77.180115,77.180115,77.180115,77.180115,77.180115,77.180115,77.180115,77.180115,77.180115,77.180115,77.180115,77.180115,77.180115,77.180115,77.180115,74.309649,74.309649,74.309649,74.309649,0.0,0.0,100.0,101.0,102.0,0.0,0.0,1613.963,523.53,941.64,288.89799999999997,True,False,
2026-02-03 11:25:52.921,58.018,5.0,0.0,0.0,1.0,,0.0,0.0,0.0,0.0,0.0,0.0,1.0,0.0,0.0,0.0,1.927,0.0,0.0,0.0,7.415,-221.0,0.0,7.305,221.0,0.0,0.0,4.986,104.0,0.106,0.0,0.686,0.0,4.956,202.0,0.0,0.0,0.0,0.0,4.981,58.0,22.01172,21.33152,21.3709,21.36016,25.42167,20.90371,20.8339,22.36972,21.24023,21.5,23.5,0.0,0.0,21.5,0.0,910.25,0.0,2.0,0.0,0.0,77.180115,77.180115,77.180115,77.180115,77.180115,77.180115,77.180115,77.180115,77.180115,77.180115,77.180115,77.180115,77.180115,77.180115,77.180115,77.180115,74.309649,74.309649,74.309649,74.309649,0.0,0.0,100.0,101.0,102.0,0.0,0.0,1614.405,518.544,1001.112,288.89799999999997,True,False,
2026-02-03 11:25:53.272,58.369,5.0,0.0,0.0,1.0,,0.0,0.0,0.0,0.0,0.0,0.0,1.0,0.0,0.0,0.0,1.927,1.0,0.0,0.0,7.415,-221.0,0.0,7.303,222.0,0.0,0.0,4.986,107.0,0.107,1.0,0.687,0.0,4.956,188.0,0.0,0.0,0.0,0.0,4.98,58.0,22.01351,21.33331,21.37448,21.36553,25.42704,20.90192,20.83211,22.37688,21.23128,21.5,23.5,0.0,0.0,21.5,0.0,910.25,0.0,2.0,0.0,0.0,77.180115,77.180115,77.180115,77.180115,77.180115,77.180115,77.180115,77.180115,77.180115,77.180115,77.180115,77.180115,77.180115,77.180115,77.180115,77.180115,74.309649,74.309649,74.309649,74.309649,0.0,0.0,100.0,101.0,102.0,0.0,0.0,1621.266,533.502,931.728,288.84000000000003,True,False,
2026-02-03 11:25:53.723,58.82,5.0,0.0,0.0,1.0,,0.0,0.0,0.0,0.0,0.0,0.0,1.0,0.0,0.0,0.0,1.927,0.0,0.0,0.0,7.415,-221.0,0.0,7.303,223.0,0.0,0.0,4.986,107.0,0.106,0.0,0.686,0.0,4.956,202.0,0.0,0.0,0.0,0.0,4.98,58.0,22.01172,21.33331,21.37985,21.35479,25.4342,20.91266,20.83927,22.37151,21.23665,21.5,23.5,0.0,0.0,21.5,0.0,910.25,0.0,2.0,0.0,0.0,77.180115,77.180115,77.180115,77.180115,77.180115,77.180115,77.180115,77.180115,77.180115,77.180115,77.180115,77.180115,77.180115,77.180115,77.180115,77.180115,74.309649,74.309649,74.309649,74.309649,0.0,0.0,100.0,101.0,102.0,0.0,0.0,1628.569,533.502,1001.112,288.84000000000003,True,False,
2026-02-03 11:25:54.425,59.522,5.0,0.0,0.0,1.0,,0.0,0.0,0.0,0.0,0.0,0.0,1.0,0.0,0.0,0.0,1.927,0.0,0.0,0.0,7.415,-221.0,0.0,7.3,220.0,0.0,0.0,4.986,106.0,0.106,1.0,0.685,0.0,4.957,188.0,0.0,0.0,0.0,0.0,4.98,58.0,22.01709,21.3351,21.37985,21.36374,25.4521,20.91445,20.83748,22.38762,21.24381,21.5,23.5,0.0,0.0,21.5,0.0,910.25,0.0,2.0,0.0,0.0,77.180115,77.180115,77.180115,77.180115,77.180115,77.180115,77.180115,77.180115,77.180115,77.180115,77.180115,77.180115,77.180115,77.180115,77.180115,77.180115,74.309649,74.309649,74.309649,74.309649,0.0,0.0,100.0,101.0,102.0,0.0,0.0,1606.0,528.516,931.916,288.84000000000003,True,False,
2026-02-03 11:25:54.773,59.87,5.0,0.0,0.0,1.0,,0.0,0.0,0.0,0.0,0.0,0.0,1.0,0.0,0.0,0.0,1.927,0.0,0.0,0.0,7.415,-221.0,0.0,7.305,222.0,0.0,0.0,4.986,106.0,0.107,1.0,0.686,0.0,4.956,202.0,0.0,0.0,0.0,0.0,4.98,58.0,22.00456,21.33152,21.37627,21.36195,25.46642,20.90192,20.83032,22.38404,21.23844,21.5,23.5,0.0,0.0,21.5,0.0,910.25,0.0,2.0,0.0,0.0,77.180115,77.180115,77.180115,77.180115,77.180115,77.180115,77.180115,77.180115,77.180115,77.180115,77.180115,77.180115,77.180115,77.180115,77.180115,77.180115,74.309649,74.309649,74.309649,74.309649,0.0,0.0,100.0,101.0,102.0,0.0,0.0,1621.71,528.516,1001.112,288.84000000000003,True,False,
2026-02-03 11:25:55.227,60.324,5.0,0.0,0.0,1.0,,0.0,0.0,0.0,0.0,0.0,0.0,1.0,0.0,0.0,0.0,1.927,0.0,0.0,0.0,7.415,-221.0,0.0,7.305,218.0,0.0,0.0,4.987,105.0,0.107,2.0,0.686,1.0,4.956,191.0,0.0,0.0,0.0,0.0,4.98,61.0,22.00635,21.33868,21.37448,21.35658,25.48253,20.91803,20.83748,22.38762,21.22591,21.5,23.5,0.0,0.0,21.5,0.0,910.25,0.0,2.0,0.0,0.0,77.180115,77.180115,77.180115,77.180115,77.180115,77.180115,77.180115,77.180115,77.180115,77.180115,77.180115,77.180115,77.180115,77.180115,77.180115,77.180115,74.309649,74.309649,74.309649,74.309649,0.0,0.0,100.0,101.0,102.0,0.0,0.0,1592.49,523.635,946.596,303.78000000000003,True,False,
2026-02-03 11:25:55.927,61.024,5.0,0.0,0.0,1.0,,0.0,0.0,0.0,0.0,0.0,0.0,1.0,0.0,0.0,0.0,1.927,0.0,0.0,0.0,7.415,-221.0,0.0,7.301,221.0,0.0,0.0,4.986,104.0,0.108,2.0,0.686,0.0,4.958,197.0,0.0,0.0,0.0,0.0,4.98,61.0,22.02067,21.33868,21.38164,21.36553,25.48074,20.90371,20.84822,22.38762,21.23128,21.5,23.5,0.0,0.0,21.5,0.0,910.25,0.0,2.0,0.0,0.0,77.180115,77.180115,77.180115,77.180115,77.180115,77.180115,77.180115,77.180115,77.180115,77.180115,77.180115,77.180115,77.180115,77.180115,77.180115,77.180115,74.309649,74.309649,74.309649,74.309649,0.0,0.0,100.0,101.0,102.0,0.0,0.0,1613.521,518.544,976.726,303.78000000000003,True,False,
2026-02-03 11:25:56.277,61.374,5.0,0.0,0.0,1.0,,0.0,0.0,0.0,0.0,0.0,0.0,1.0,0.0,0.0,0.0,1.927,0.0,0.0,0.0,7.415,-221.0,0.0,7.303,221.0,0.0,0.0,4.986,105.0,0.108,1.0,0.686,0.0,4.957,198.0,0.0,0.0,0.0,0.0,4.98,61.0,22.01351,21.34405,21.37806,21.36553,25.52549,20.91803,20.83927,22.40015,21.24202,21.5,23.5,0.0,0.0,21.5,0.0,910.25,0.0,2.0,0.0,0.0,77.180115,77.180115,77.180115,77.180115,77.180115,77.180115,77.180115,77.180115,77.180115,77.180115,77.180115,77.180115,77.180115,77.180115,77.180115,77.180115,74.309649,74.309649,74.309649,74.309649,0.0,0.0,100.0,101.0,102.0,0.0,0.0,1613.963,523.53,981.486,303.78000000000003,True,False,
2026-02-03 11:25:56.728,61.825,5.0,0.0,0.0,1.0,,0.0,0.0,0.0,0.0,0.0,0.0,1.0,0.0,0.0,0.0,1.927,1.0,0.0,0.0,7.415,-221.0,0.0,7.305,222.0,0.0,0.0,4.986,104.0,0.107,1.0,0.686,0.0,4.96,195.0,0.0,0.0,0.0,0.0,4.98,61.0,22.0153,21.34047,21.3888,21.36553,25.52907,20.90908,20.83569,22.40015,21.23844,21.5,24.0,0.0,0.0,21.5,0.0,910.25,0.0,2.0,0.0,0.0,77.180115,77.180115,77.180115,77.180115,77.180115,77.180115,77.180115,77.180115,77.180115,77.180115,77.180115,77.180115,77.180115,77.180115,77.180115,77.180115,74.309649,74.309649,74.309649,74.309649,0.0,0.0,100.0,101.0,102.0,0.0,0.0,1621.71,518.544,967.2,303.78000000000003,True,False,
2026-02-03 11:25:57.431,62.528,5.0,0.0,0.0,1.0,,0.0,0.0,0.0,0.0,0.0,0.0,1.0,0.0,0.0,0.0,1.927,0.0,0.0,0.0,7.415,-221.0,0.0,7.303,221.0,0.0,0.0,4.986,104.0,0.107,1.0,0.687,0.0,4.958,198.0,0.0,0.0,0.0,0.0,4.98,58.0,22.00993,21.34405,21.37806,21.36911,25.53265,20.90729,20.84464,22.41447,21.24023,21.5,23.5,0.0,0.0,21.5,0.0,910.25,0.0,2.0,0.0,0.0,77.180115,77.180115,77.180115,77.180115,77.180115,77.180115,77.180115,77.180115,77.180115,77.180115,77.180115,77.180115,77.180115,77.180115,77.180115,77.180115,74.309649,74.309649,74.309649,74.309649,0.0,0.0,100.0,101.0,102.0,0.0,0.0,1613.963,518.544,981.684,288.84000000000003,True,False,
2026-02-03 11:25:57.782,62.879,5.0,0.0,0.0,1.0,,0.0,0.0,0.0,0.0,0.0,0.0,1.0,0.0,0.0,0.0,1.927,0.0,0.0,0.0,7.415,-221.0,0.0,7.302,223.0,0.0,0.0,4.986,104.0,0.107,0.0,0.686,0.0,4.958,197.0,0.0,0.0,0.0,0.0,4.98,58.0,22.01351,21.33868,21.38522,21.36553,25.55413,20.90908,20.84106,22.39657,21.24023,21.5,24.0,0.0,0.0,21.5,0.0,910.25,0.0,2.0,0.0,0.0,77.180115,77.180115,77.180115,77.180115,77.180115,77.180115,77.180115,77.180115,77.180115,77.180115,77.180115,77.180115,77.180115,77.180115,77.180115,77.180115,74.309649,74.309649,74.309649,74.309649,0.0,0.0,100.0,101.0,102.0,0.0,0.0,1628.346,518.544,976.726,288.84000000000003,True,False,
2026-02-03 11:25:58.233,63.33,5.0,0.0,0.0,1.0,,0.0,0.0,0.0,0.0,0.0,0.0,1.0,0.0,0.0,0.0,1.927,0.0,0.0,0.0,7.415,-221.0,0.0,7.306,221.0,0.0,0.0,4.987,104.0,0.107,0.0,0.686,0.0,4.957,197.0,0.0,0.0,0.0,0.0,4.98,58.0,22.00814,21.34226,21.3888,21.36553,25.56129,20.91087,20.8339,22.40552,21.24202,21.5,24.0,0.0,0.0,21.5,0.0,910.25,0.0,2.0,0.0,0.0,77.180115,77.180115,77.180115,77.180115,77.180115,77.180115,77.180115,77.180115,77.180115,77.180115,77.180115,77.180115,77.180115,77.180115,77.180115,77.180115,74.309649,74.309649,74.309649,74.309649,0.0,0.0,100.0,101.0,102.0,0.0,0.0,1614.626,518.648,976.529,288.84000000000003,True,False,
2026-02-03 11:25:58.931,64.028,5.0,0.0,0.0,1.0,20.0,0.0,0.0,0.0,0.0,0.0,0.0,1.0,0.0,0.0,0.0,1.927,0.0,0.0,0.0,7.415,-221.0,0.0,7.305,222.0,0.0,0.0,4.987,105.0,0.107,1.0,0.687,1.0,4.955,198.0,0.0,0.0,0.0,0.0,4.98,58.0,22.01709,21.34584,21.38701,21.36553,25.56666,20.91803,20.84106,22.41268,21.24202,21.5,24.0,0.0,0.0,21.5,0.0,910.25,0.0,2.0,0.0,0.0,77.180115,77.180115,77.180115,77.180115,77.180115,77.180115,77.180115,77.180115,77.180115,77.180115,77.180115,77.180115,77.180115,77.180115,77.180115,77.180115,74.309649,74.309649,74.309649,74.309649,0.0,0.0,100.0,101.0,102.0,0.0,0.0,1621.71,523.635,981.09,288.84000000000003,True,False,
2026-02-03 11:25:59.282,64.379,5.0,0.0,0.0,1.0,20.0,0.0,0.0,0.0,0.0,0.0,0.0,1.0,0.0,0.0,0.0,1.927,0.0,0.0,0.0,7.415,-221.0,0.0,7.303,218.0,0.0,0.0,4.986,105.0,0.108,1.0,0.687,0.0,4.957,196.0,0.0,0.0,0.0,0.0,4.98,58.0,22.01709,21.353,21.39596,21.36374,25.56845,20.91266,20.84464,22.41268,21.24023,21.5,24.0,0.0,0.0,21.5,0.0,910.25,0.0,2.0,0.0,0.0,77.180115,77.180115,77.180115,77.180115,77.180115,77.180115,77.180115,77.180115,77.180115,77.180115,77.180115,77.180115,77.180115,77.180115,77.180115,77.180115,74.309649,74.309649,74.309649,74.309649,0.0,0.0,100.0,101.0,102.0,0.0,0.0,1592.054,523.53,971.572,288.84000000000003,True,False,
2026-02-03 11:25:59.735,64.832,5.0,0.0,0.0,1.0,21.0,0.0,0.0,0.0,0.0,0.0,0.0,1.0,0.0,0.0,0.0,1.927,0.0,0.0,0.0,7.415,-221.0,0.0,7.305,220.0,0.0,0.0,4.986,106.0,0.106,0.0,0.686,0.0,4.956,196.0,0.0,0.0,0.0,0.0,4.98,58.0,22.0153,21.39596,21.40133,21.36732,25.58635,20.9055,20.83569,22.42163,21.24918,21.5,24.0,0.0,0.0,21.5,0.0,910.25,0.0,2.0,0.0,0.0,77.180115,77.180115,77.180115,77.180115,77.180115,77.180115,77.180115,77.180115,77.180115,77.180115,77.180115,77.180115,77.180115,77.180115,77.180115,77.180115,74.309649,74.309649,74.309649,74.309649,0.0,0.0,100.0,101.0,102.0,0.0,0.0,1607.1,528.516,971.376,288.84000000000003,True,False,
2026-02-03 11:26:00.438,65.535,5.0,0.0,0.0,1.0,21.0,0.0,0.0,0.0,0.0,0.0,0.0,1.0,0.0,0.0,0.0,1.927,0.0,0.0,0.0,7.415,-221.0,0.0,7.303,222.0,0.0,0.0,4.986,104.0,0.107,0.0,0.687,0.0,4.956,198.0,0.0,0.0,0.0,0.0,4.98,58.0,22.01888,21.34942,21.40312,21.36911,25.5953,20.90908,20.84643,22.42342,21.24739,21.5,24.0,0.0,0.0,21.5,0.0,910.25,0.0,2.0,0.0,0.0,77.180115,77.180115,77.180115,77.180115,77.180115,77.180115,77.180115,77.180115,77.180115,77.180115,77.180115,77.180115,77.180115,77.180115,77.180115,77.180115,74.309649,74.309649,74.309649,74.309649,0.0,0.0,100.0,101.0,102.0,0.0,0.0,1621.266,518.544,981.288,288.84000000000003,True,False,
2026-02-03 11:26:00.790,65.887,5.0,0.0,0.0,1.0,22.0,0.0,0.0,0.0,0.0,0.0,0.0,1.0,0.0,0.0,0.0,1.927,0.0,0.0,0.0,7.415,-221.0,0.0,7.305,221.0,0.0,0.0,4.987,105.0,0.107,0.0,0.686,0.0,4.956,198.0,0.0,0.0,0.0,0.0,4.98,58.0,22.0153,21.36195,21.39238,21.3709,25.60246,20.90908,20.84464,22.43774,21.24381,21.5,24.0,0.0,0.0,21.5,0.0,910.25,0.0,2.0,0.0,0.0,77.180115,77.180115,77.180115,77.180115,77.180115,77.180115,77.180115,77.180115,77.180115,77.180115,77.180115,77.180115,77.180115,77.180115,77.180115,77.180115,74.309649,74.309649,74.309649,74.309649,0.0,0.0,100.0,101.0,102.0,0.0,0.0,1614.405,523.635,981.288,288.84000000000003,True,False,
2026-02-03 11:26:01.240,66.337,5.0,0.0,0.0,1.0,22.0,0.0,0.0,0.0,0.0,0.0,0.0,1.0,0.0,0.0,0.0,1.927,0.0,0.0,0.0,7.415,-221.0,0.0,7.305,220.0,0.0,0.0,4.986,105.0,0.107,1.0,0.687,0.0,4.957,200.0,0.0,0.0,0.0,0.0,4.978,58.0,22.01172,21.35658,21.3888,21.3709,25.61499,20.91445,20.84643,22.43416,21.25276,21.5,24.0,0.0,0.0,21.5,0.0,910.25,0.0,2.0,0.0,0.0,77.180115,77.180115,77.180115,77.180115,77.180115,77.180115,77.180115,77.180115,77.180115,77.180115,77.180115,77.180115,77.180115,77.180115,77.180115,77.180115,74.309649,74.309649,74.309649,74.309649,0.0,0.0,100.0,101.0,102.0,0.0,0.0,1607.1,523.53,991.4,288.724,True,False,
2026-02-03 11:26:01.941,67.038,5.0,0.0,0.0,1.0,23.0,0.0,0.0,0.0,0.0,0.0,0.0,1.0,0.0,0.0,0.0,1.927,1.0,0.0,0.0,7.415,-221.0,0.0,7.303,223.0,0.0,0.0,4.985,105.0,0.106,0.0,0.687,0.0,4.957,188.0,0.0,0.0,0.0,0.0,4.978,58.0,22.0153,21.35837,21.39775,21.36732,25.64363,20.91266,20.85001,22.43416,21.2456,21.5,24.0,0.0,0.0,21.5,0.0,910.25,0.0,2.0,0.0,0.0,77.180115,77.180115,77.180115,77.180115,77.180115,77.180115,77.180115,77.180115,77.180115,77.180115,77.180115,77.180115,77.180115,77.180115,77.180115,77.180115,74.309649,74.309649,74.309649,74.309649,0.0,0.0,100.0,101.0,102.0,0.0,0.0,1628.569,523.4250000000001,931.916,288.724,True,False,
2026-02-03 11:26:02.293,67.39,5.0,0.0,0.0,1.0,23.0,0.0,0.0,0.0,0.0,0.0,0.0,1.0,0.0,0.0,0.0,1.927,0.0,0.0,0.0,7.415,-221.0,0.0,7.305,221.0,0.0,0.0,4.986,104.0,0.106,0.0,0.686,1.0,4.956,202.0,0.0,0.0,0.0,0.0,4.978,58.0,22.02067,21.36553,21.40491,21.37448,25.64542,20.90908,20.84285,22.43953,21.24739,21.5,24.0,0.0,0.0,21.5,0.0,910.25,0.0,2.0,0.0,0.0,77.180115,77.180115,77.180115,77.180115,77.180115,77.180115,77.180115,77.180115,77.180115,77.180115,77.180115,77.180115,77.180115,77.180115,77.180115,77.180115,74.309649,74.309649,74.309649,74.309649,0.0,0.0,100.0,101.0,102.0,0.0,0.0,1614.405,518.544,1001.112,288.724,True,False,
2026-02-03 11:26:02.746,67.843,5.0,0.0,0.0,1.0,24.0,0.0,0.0,0.0,0.0,0.0,0.0,1.0,0.0,0.0,0.0,1.927,0.0,0.0,0.0,7.415,-221.0,0.0,7.301,223.0,0.0,0.0,4.986,105.0,0.106,0.0,0.686,0.0,4.956,187.0,0.0,0.0,0.0,0.0,4.978,58.0,22.0153,21.35658,21.40491,21.37806,25.66511,20.91982,20.84464,22.43774,21.25097,21.5,24.0,0.0,0.0,21.5,0.0,910.25,0.0,2.0,0.0,0.0,77.180115,77.180115,77.180115,77.180115,77.180115,77.180115,77.180115,77.180115,77.180115,77.180115,77.180115,77.180115,77.180115,77.180115,77.180115,77.180115,74.309649,74.309649,74.309649,74.309649,0.0,0.0,100.0,101.0,102.0,0.0,0.0,1628.123,523.53,926.772,288.724,True,False,
2026-02-03 11:26:03.445,68.542,5.0,0.0,0.0,1.0,24.0,0.0,0.0,0.0,0.0,0.0,0.0,1.0,0.0,0.0,0.0,1.927,0.0,0.0,0.0,7.415,-221.0,0.0,7.305,221.0,0.0,0.0,4.987,105.0,0.106,2.0,0.686,0.0,4.956,202.0,0.0,0.0,0.0,0.0,4.98,58.0,22.01888,21.36016,21.4067,21.3709,25.67227,20.91445,20.85717,22.44848,21.24381,21.5,24.0,0.0,0.0,21.5,0.0,910.25,0.0,2.0,0.0,0.0,77.180115,77.180115,77.180115,77.180115,77.180115,77.180115,77.180115,77.180115,77.180115,77.180115,77.180115,77.180115,77.180115,77.180115,77.180115,77.180115,74.309649,74.309649,74.309649,74.309649,0.0,0.0,100.0,101.0,102.0,0.0,0.0,1614.405,523.635,1001.112,288.84000000000003,True,False,
2026-02-03 11:26:03.795,68.892,5.0,0.0,0.0,1.0,25.0,0.0,0.0,0.0,0.0,0.0,0.0,1.0,0.0,0.0,0.0,1.927,0.0,0.0,0.0,7.415,-221.0,0.0,7.303,222.0,0.0,0.0,4.986,104.0,0.107,1.0,0.687,0.0,4.955,192.0,0.0,0.0,0.0,0.0,4.98,58.0,22.01888,21.36732,21.40849,21.37627,25.68122,20.91982,20.85001,22.4449,21.25097,21.5,24.0,0.0,0.0,21.5,0.0,910.25,0.0,2.0,0.0,0.0,77.180115,77.180115,77.180115,77.180115,77.180115,77.180115,77.180115,77.180115,77.180115,77.180115,77.180115,77.180115,77.180115,77.180115,77.180115,77.180115,74.309649,74.309649,74.309649,74.309649,0.0,0.0,100.0,101.0,102.0,0.0,0.0,1621.266,518.544,951.36,288.84000000000003,True,False,
2026-02-03 11:26:04.250,69.347,5.0,0.0,0.0,1.0,25.0,0.0,0.0,0.0,0.0,0.0,0.0,1.0,0.0,0.0,0.0,1.927,0.0,0.0,0.0,7.415,-221.0,0.0,7.305,220.0,0.0,0.0,4.986,106.0,0.106,1.0,0.686,0.0,4.96,200.0,0.0,0.0,0.0,0.0,4.98,58.0,22.02425,21.36374,21.40312,21.38522,25.69375,20.91266,20.84822,22.45206,21.25813,21.5,24.0,0.0,0.0,21.5,0.0,910.25,0.0,2.0,0.0,0.0,77.180115,77.180115,77.180115,77.180115,77.180115,77.180115,77.180115,77.180115,77.180115,77.180115,77.180115,77.180115,77.180115,77.180115,77.180115,77.180115,74.309649,74.309649,74.309649,74.309649,0.0,0.0,100.0,101.0,102.0,0.0,0.0,1607.1,528.516,992.0,288.84000000000003,True,False,
2026-02-03 11:26:04.700,69.797,5.0,0.0,0.0,1.0,26.0,0.0,0.0,0.0,0.0,0.0,0.0,1.0,0.0,0.0,0.0,1.927,0.0,0.0,0.0,7.415,-221.0,0.0,7.3,220.0,0.0,0.0,4.986,106.0,0.106,1.0,0.686,0.0,4.955,191.0,0.0,0.0,0.0,0.0,4.98,58.0,22.02246,21.36732,21.41207,21.37627,25.71702,20.91266,20.84643,22.46459,21.25634,21.5,24.0,0.0,0.0,21.5,0.0,910.25,0.0,2.0,0.0,0.0,77.180115,77.180115,77.180115,77.180115,77.180115,77.180115,77.180115,77.180115,77.180115,77.180115,77.180115,77.180115,77.180115,77.180115,77.180115,77.180115,74.309649,74.309649,74.309649,74.309649,0.0,0.0,100.0,101.0,102.0,0.0,0.0,1606.0,528.516,946.405,288.84000000000003,True,False,
2026-02-03 11:26:05.251,70.348,5.0,0.0,0.0,1.0,26.0,0.0,0.0,0.0,0.0,0.0,0.0,1.0,0.0,0.0,0.0,1.927,1.0,0.0,0.0,7.415,-221.0,0.0,7.305,220.0,0.0,0.0,4.986,105.0,0.106,1.0,0.686,0.0,4.96,203.0,0.0,0.0,0.0,0.0,4.98,60.0,22.01172,21.37627,21.41028,21.37985,25.73313,20.9234,20.84643,22.4628,21.25992,21.5,24.0,0.0,0.0,21.5,0.0,910.25,0.0,2.0,0.0,0.0,77.180115,77.180115,77.180115,77.180115,77.180115,77.180115,77.180115,77.180115,77.180115,77.180115,77.180115,77.180115,77.180115,77.180115,77.180115,77.180115,74.309649,74.309649,74.309649,74.309649,0.0,0.0,100.0,101.0,102.0,0.0,0.0,1607.1,523.53,1006.88,298.8,True,False,
2026-02-03 11:26:05.705,70.802,5.0,0.0,0.0,1.0,27.0,0.0,0.0,0.0,0.0,0.0,0.0,1.0,0.0,0.0,0.0,1.927,0.0,0.0,0.0,7.415,-221.0,0.0,7.305,221.0,0.0,0.0,4.986,105.0,0.107,1.0,0.686,0.0,4.956,191.0,0.0,0.0,0.0,0.0,4.98,60.0,22.02246,21.36732,21.41386,21.3709,25.7206,20.92161,20.84464,22.4628,21.26529,21.5,24.0,0.0,0.0,21.5,0.0,910.25,0.0,2.0,0.0,0.0,77.180115,77.180115,77.180115,77.180115,77.180115,77.180115,77.180115,77.180115,77.180115,77.180115,77.180115,77.180115,77.180115,77.180115,77.180115,77.180115,74.309649,74.309649,74.309649,74.309649,0.0,0.0,100.0,101.0,102.0,0.0,0.0,1614.405,523.53,946.596,298.8,True,False,
2026-02-03 11:26:06.255,71.352,5.0,0.0,0.0,1.0,27.0,0.0,0.0,0.0,0.0,0.0,0.0,1.0,0.0,0.0,0.0,1.927,0.0,0.0,0.0,7.415,-221.0,0.0,7.301,223.0,0.0,0.0,4.986,107.0,0.107,0.0,0.686,1.0,4.958,202.0,0.0,0.0,0.0,0.0,4.98,60.0,22.0153,21.37269,21.41207,21.37985,25.73671,20.91982,20.84464,22.46996,21.25455,21.5,24.0,0.0,0.0,21.5,0.0,910.25,0.0,2.0,0.0,0.0,77.180115,77.180115,77.180115,77.180115,77.180115,77.180115,77.180115,77.180115,77.180115,77.180115,77.180115,77.180115,77.180115,77.180115,77.180115,77.180115,74.309649,74.309649,74.309649,74.309649,0.0,0.0,100.0,101.0,102.0,0.0,0.0,1628.123,533.502,1001.516,298.8,True,False,
2026-02-03 11:26:06.707,71.804,5.0,0.0,0.0,1.0,28.0,0.0,0.0,0.0,0.0,0.0,0.0,1.0,0.0,0.0,0.0,1.927,0.0,0.0,0.0,7.415,-221.0,0.0,7.303,221.0,0.0,0.0,4.986,106.0,0.107,0.0,0.686,0.0,4.955,195.0,0.0,0.0,0.0,0.0,4.98,60.0,22.01709,21.37806,21.41386,21.37806,25.7564,20.91982,20.85001,22.4628,21.26529,21.5,24.0,0.0,0.0,21.5,0.0,910.25,0.0,2.0,0.0,0.0,77.180115,77.180115,77.180115,77.180115,77.180115,77.180115,77.180115,77.180115,77.180115,77.180115,77.180115,77.180115,77.180115,77.180115,77.180115,77.180115,74.309649,74.309649,74.309649,74.309649,0.0,0.0,100.0,101.0,102.0,0.0,0.0,1613.963,528.516,966.225,298.8,True,False,
2026-02-03 11:26:07.260,72.357,5.0,0.0,0.0,1.0,28.0,0.0,0.0,0.0,0.0,0.0,0.0,1.0,0.0,0.0,0.0,1.927,0.0,0.0,0.0,7.415,-221.0,0.0,7.305,220.0,0.0,0.0,4.986,102.0,0.106,0.0,0.687,0.0,4.957,201.0,0.0,0.0,0.0,0.0,4.98,58.0,22.02067,21.37806,21.42102,21.37448,25.7743,20.92698,20.84822,22.4807,21.26887,21.5,24.0,0.0,0.0,21.5,0.0,910.25,0.0,2.0,0.0,0.0,77.180115,77.180115,77.180115,77.180115,77.180115,77.180115,77.180115,77.180115,77.180115,77.180115,77.180115,77.180115,77.180115,77.180115,77.180115,77.180115,74.309649,74.309649,74.309649,74.309649,0.0,0.0,100.0,101.0,102.0,0.0,0.0,1607.1,508.572,996.357,288.84000000000003,True,False,
2026-02-03 11:26:07.707,72.804,5.0,0.0,0.0,1.0,29.0,0.0,0.0,0.0,0.0,0.0,0.0,1.0,0.0,0.0,0.0,1.927,0.0,0.0,0.0,7.415,-221.0,0.0,7.303,221.0,0.0,0.0,4.987,105.0,0.107,0.0,0.686,0.0,4.955,193.0,0.0,0.0,0.0,0.0,4.98,58.0,22.01888,21.37448,21.4246,21.37269,25.77072,20.90729,20.84822,22.46996,21.26529,21.5,24.0,0.0,0.0,21.5,0.0,910.25,0.0,2.0,0.0,0.0,77.180115,77.180115,77.180115,77.180115,77.180115,77.180115,77.180115,77.180115,77.180115,77.180115,77.180115,77.180115,77.180115,77.180115,77.180115,77.180115,74.309649,74.309649,74.309649,74.309649,0.0,0.0,100.0,101.0,102.0,0.0,0.0,1613.963,523.635,956.315,288.84000000000003,True,False,
2026-02-03 11:26:08.258,73.355,5.0,0.0,0.0,1.0,29.0,0.0,0.0,0.0,0.0,0.0,0.0,1.0,0.0,0.0,0.0,1.927,0.0,0.0,0.0,7.415,-221.0,0.0,7.303,221.0,0.0,0.0,4.986,106.0,0.107,1.0,0.686,0.0,4.957,201.0,0.0,0.0,0.0,0.0,4.98,58.0,22.01172,21.38343,21.41744,21.38164,25.78146,20.91803,20.85001,22.46996,21.2635,21.5,24.0,0.0,0.0,21.5,0.0,910.25,0.0,2.0,0.0,0.0,77.180115,77.180115,77.180115,77.180115,77.180115,77.180115,77.180115,77.180115,77.180115,77.180115,77.180115,77.180115,77.180115,77.180115,77.180115,77.180115,74.309649,74.309649,74.309649,74.309649,0.0,0.0,100.0,101.0,102.0,0.0,0.0,1613.963,528.516,996.357,288.84000000000003,True,False,
2026-02-03 11:26:08.711,73.808,5.0,0.0,0.0,1.0,,0.0,0.0,0.0,0.0,0.0,0.0,1.0,0.0,0.0,0.0,1.927,0.0,0.0,0.0,7.415,-221.0,0.0,7.303,222.0,0.0,0.0,4.986,104.0,0.107,0.0,0.686,0.0,4.957,193.0,0.0,0.0,0.0,0.0,4.98,58.0,22.02246,21.38522,21.42639,21.38522,25.79936,20.91266,20.84285,22.48249,21.26708,21.5,24.0,0.0,0.0,21.5,0.0,910.25,0.0,2.0,0.0,0.0,77.180115,77.180115,77.180115,77.180115,77.180115,77.180115,77.180115,77.180115,77.180115,77.180115,77.180115,77.180115,77.180115,77.180115,77.180115,77.180115,74.309649,74.309649,74.309649,74.309649,0.0,0.0,100.0,101.0,102.0,0.0,0.0,1621.266,518.544,956.701,288.84000000000003,True,False,
2026-02-03 11:26:09.413,74.51,5.0,0.0,0.0,1.0,,0.0,0.0,0.0,0.0,0.0,0.0,1.0,0.0,0.0,0.0,1.927,0.0,0.0,0.0,7.415,-221.0,0.0,7.303,220.0,0.0,0.0,4.986,107.0,0.108,0.0,0.687,0.0,4.957,201.0,0.0,0.0,0.0,0.0,4.98,58.0,22.0153,21.3709,21.4246,21.38343,25.81547,20.91982,20.84464,22.47712,21.27603,21.5,24.0,0.0,0.0,21.5,0.0,910.25,0.0,2.0,0.0,0.0,77.180115,77.180115,77.180115,77.180115,77.180115,77.180115,77.180115,77.180115,77.180115,77.180115,77.180115,77.180115,77.180115,77.180115,77.180115,77.180115,74.309649,74.309649,74.309649,74.309649,0.0,0.0,100.0,101.0,102.0,0.0,0.0,1606.66,533.502,996.357,288.84000000000003,True,False,
2026-02-03 11:26:09.765,74.862,5.0,0.0,0.0,1.0,,0.0,0.0,0.0,0.0,0.0,0.0,1.0,0.0,0.0,0.0,1.927,0.0,0.0,0.0,7.415,-221.0,0.0,7.301,223.0,0.0,0.0,4.986,107.0,0.107,1.0,0.688,0.0,4.955,196.0,0.0,0.0,0.0,0.0,4.98,58.0,22.01351,21.39059,21.43176,21.38522,25.82084,20.90729,20.8518,22.49323,21.27603,21.5,24.0,0.0,0.0,21.5,0.0,910.25,0.0,2.0,0.0,0.0,77.180115,77.180115,77.180115,77.180115,77.180115,77.180115,77.180115,77.180115,77.180115,77.180115,77.180115,77.180115,77.180115,77.180115,77.180115,77.180115,74.309649,74.309649,74.309649,74.309649,0.0,0.0,100.0,101.0,102.0,0.0,0.0,1628.123,533.502,971.18,288.84000000000003,True,False,
2026-02-03 11:26:10.216,75.313,5.0,0.0,0.0,1.0,,0.0,0.0,0.0,0.0,0.0,0.0,1.0,0.0,0.0,0.0,1.927,1.0,0.0,0.0,7.415,-221.0,0.0,7.302,220.0,0.0,0.0,4.986,107.0,0.107,1.0,0.686,0.0,4.957,205.0,0.0,0.0,0.0,0.0,4.98,58.0,22.01709,21.38522,21.43534,21.39059,25.82979,20.91624,20.85538,22.49502,21.27603,21.5,24.0,0.0,0.0,21.5,0.0,910.25,0.0,2.0,0.0,0.0,77.180115,77.180115,77.180115,77.180115,77.180115,77.180115,77.180115,77.180115,77.180115,77.180115,77.180115,77.180115,77.180115,77.180115,77.180115,77.180115,74.309649,74.309649,74.309649,74.309649,0.0,0.0,100.0,101.0,102.0,0.0,0.0,1606.4399999999998,533.502,1016.185,288.84000000000003,True,False,
2026-02-03 11:26:10.916,76.013,5.0,0.0,0.0,1.0,,0.0,0.0,0.0,0.0,0.0,0.0,1.0,0.0,0.0,0.0,1.927,0.0,0.0,0.0,7.415,-221.0,0.0,7.302,221.0,0.0,0.0,4.986,109.0,0.107,1.0,0.686,0.0,4.956,196.0,0.0,0.0,0.0,0.0,4.98,58.0,22.02425,21.3888,21.42818,21.38164,25.83874,20.92519,20.84822,22.48965,21.25813,21.5,24.0,0.0,0.0,21.5,0.0,910.25,0.0,2.0,0.0,0.0,77.180115,77.180115,77.180115,77.180115,77.180115,77.180115,77.180115,77.180115,77.180115,77.180115,77.180115,77.180115,77.180115,77.180115,77.180115,77.180115,74.309649,74.309649,74.309649,74.309649,0.0,0.0,100.0,101.0,102.0,0.0,0.0,1613.742,543.4739999999999,971.376,288.84000000000003,True,False,
2026-02-03 11:26:11.267,76.364,5.0,0.0,0.0,1.0,,0.0,0.0,0.0,0.0,0.0,0.0,1.0,0.0,0.0,0.0,1.927,0.0,0.0,0.0,7.415,-221.0,0.0,7.303,221.0,0.0,0.0,4.987,106.0,0.107,1.0,0.687,0.0,4.957,197.0,0.0,0.0,0.0,0.0,4.981,62.0,22.02246,21.38522,21.41028,21.38522,25.87454,20.91624,20.85538,22.50039,21.27782,21.5,24.0,0.0,0.0,21.5,0.0,910.25,0.0,2.0,0.0,0.0,77.180115,77.180115,77.180115,77.180115,77.180115,77.180115,77.180115,77.180115,77.180115,77.180115,77.180115,77.180115,77.180115,77.180115,77.180115,77.180115,74.309649,74.309649,74.309649,74.309649,0.0,0.0,100.0,101.0,102.0,0.0,0.0,1613.963,528.622,976.529,308.822,True,False,
2026-02-03 11:26:11.720,76.817,5.0,0.0,0.0,1.0,,0.0,0.0,0.0,0.0,0.0,0.0,1.0,0.0,0.0,0.0,1.927,0.0,0.0,0.0,7.415,-221.0,0.0,7.305,222.0,0.0,0.0,4.986,105.0,0.107,1.0,0.687,0.0,4.956,198.0,0.0,0.0,0.0,0.0,4.981,62.0,22.02604,21.39417,21.4246,21.38701,25.87275,20.9234,20.8518,22.50397,21.27245,21.5,24.0,0.0,0.0,21.5,0.0,910.25,0.0,2.0,0.0,0.0,77.180115,77.180115,77.180115,77.180115,77.180115,77.180115,77.180115,77.180115,77.180115,77.180115,77.180115,77.180115,77.180115,77.180115,77.180115,77.180115,74.309649,74.309649,74.309649,74.309649,0.0,0.0,100.0,101.0,102.0,0.0,0.0,1621.71,523.53,981.288,308.822,True,False,
2026-02-03 11:26:12.422,77.519,5.0,0.0,0.0,1.0,,0.0,0.0,0.0,0.0,0.0,0.0,1.0,0.0,0.0,0.0,1.927,0.0,0.0,0.0,7.415,-221.0,0.0,7.303,223.0,0.0,0.0,4.986,106.0,0.107,0.0,0.686,0.0,4.957,197.0,0.0,0.0,0.0,0.0,4.981,62.0,22.01709,21.39417,21.43355,21.38164,25.8817,20.91982,20.85896,22.50755,21.27424,21.5,24.0,0.0,0.0,21.5,0.0,910.25,0.0,2.0,0.0,0.0,77.180115,77.180115,77.180115,77.180115,77.180115,77.180115,77.180115,77.180115,77.180115,77.180115,77.180115,77.180115,77.180115,77.180115,77.180115,77.180115,74.309649,74.309649,74.309649,74.309649,0.0,0.0,100.0,101.0,102.0,0.0,0.0,1628.569,528.516,976.529,308.822,True,False,
2026-02-03 11:26:12.772,77.869,5.0,0.0,0.0,1.0,,0.0,0.0,0.0,0.0,0.0,0.0,1.0,0.0,0.0,0.0,1.927,0.0,0.0,0.0,7.415,-221.0,0.0,7.303,223.0,0.0,0.0,4.986,104.0,0.107,1.0,0.687,0.0,4.956,196.0,0.0,0.0,0.0,0.0,4.981,62.0,22.02067,21.3888,21.43892,21.38522,25.88349,20.91624,20.86075,22.49681,21.27961,21.5,24.0,0.0,0.0,21.5,0.0,910.25,0.0,2.0,0.0,0.0,77.180115,77.180115,77.180115,77.180115,77.180115,77.180115,77.180115,77.180115,77.180115,77.180115,77.180115,77.180115,77.180115,77.180115,77.180115,77.180115,74.309649,74.309649,74.309649,74.309649,0.0,0.0,100.0,101.0,102.0,0.0,0.0,1628.569,518.544,971.376,308.822,True,False,
2026-02-03 11:26:13.225,78.322,5.0,0.0,0.0,1.0,,0.0,0.0,0.0,0.0,0.0,0.0,1.0,0.0,0.0,0.0,1.927,0.0,0.0,0.0,7.415,-221.0,0.0,7.301,223.0,0.0,0.0,4.987,106.0,0.107,1.0,0.686,1.0,4.958,195.0,0.0,0.0,0.0,0.0,4.98,39.0,22.01172,21.39417,21.44071,21.38164,25.90676,20.91982,20.85717,22.50934,21.27424,21.5,24.0,0.0,0.0,21.5,0.0,910.25,0.0,2.0,0.0,0.0,77.180115,77.180115,77.180115,77.180115,77.180115,77.180115,77.180115,77.180115,77.180115,77.180115,77.180115,77.180115,77.180115,77.180115,77.180115,77.180115,74.309649,74.309649,74.309649,74.309649,0.0,0.0,100.0,101.0,102.0,0.0,0.0,1628.123,528.622,966.81,194.22000000000003,True,False,
2026-02-03 11:26:13.926,79.023,5.0,0.0,0.0,1.0,,0.0,0.0,0.0,0.0,0.0,0.0,1.0,0.0,0.0,0.0,1.927,1.0,0.0,0.0,7.415,-221.0,0.0,7.303,223.0,0.0,0.0,4.986,106.0,0.108,2.0,0.687,0.0,4.957,193.0,0.0,0.0,0.0,0.0,4.98,39.0,22.01709,21.39059,21.4246,21.38343,25.90855,20.92161,20.85538,22.52008,21.2814,21.5,24.0,0.0,0.0,21.5,0.0,910.25,0.0,2.0,0.0,0.0,77.180115,77.180115,77.180115,77.180115,77.180115,77.180115,77.180115,77.180115,77.180115,77.180115,77.180115,77.180115,77.180115,77.180115,77.180115,77.180115,74.309649,74.309649,74.309649,74.309649,0.0,0.0,100.0,101.0,102.0,0.0,0.0,1628.569,528.516,956.701,194.22000000000003,True,False,
2026-02-03 11:26:14.277,79.374,5.0,0.0,0.0,1.0,,0.0,0.0,0.0,0.0,0.0,0.0,1.0,0.0,0.0,0.0,1.927,0.0,0.0,0.0,7.415,-221.0,0.0,7.303,221.0,0.0,0.0,4.986,107.0,0.108,0.0,0.685,1.0,4.957,191.0,0.0,0.0,0.0,0.0,4.98,39.0,22.00814,21.39596,21.44071,21.38701,25.92108,20.9234,20.8518,22.51471,21.27961,21.5,24.0,0.0,0.0,21.5,0.0,910.25,0.0,2.0,0.0,0.0,77.180115,77.180115,77.180115,77.180115,77.180115,77.180115,77.180115,77.180115,77.180115,77.180115,77.180115,77.180115,77.180115,77.180115,77.180115,77.180115,74.309649,74.309649,74.309649,74.309649,0.0,0.0,100.0,101.0,102.0,0.0,0.0,1613.963,533.502,946.787,194.22000000000003,True,False,
2026-02-03 11:26:14.729,79.826,5.0,0.0,0.0,1.0,30.0,0.0,0.0,0.0,0.0,0.0,0.0,1.0,0.0,0.0,0.0,1.927,0.0,0.0,0.0,7.415,-221.0,0.0,7.3,222.0,0.0,0.0,4.985,106.0,0.106,1.0,0.686,0.0,4.956,193.0,0.0,0.0,0.0,0.0,4.98,39.0,22.00993,21.39954,21.43892,21.38701,25.93719,20.9234,20.8518,22.51113,21.27961,21.5,24.0,0.0,0.0,21.5,0.0,910.25,0.0,2.0,0.0,0.0,77.180115,77.180115,77.180115,77.180115,77.180115,77.180115,77.180115,77.180115,77.180115,77.180115,77.180115,77.180115,77.180115,77.180115,77.180115,77.180115,74.309649,74.309649,74.309649,74.309649,0.0,0.0,100.0,101.0,102.0,0.0,0.0,1620.6,528.4100000000001,956.508,194.22000000000003,True,False,
2026-02-03 11:26:15.432,80.529,5.0,0.0,0.0,1.0,30.0,0.0,0.0,0.0,0.0,0.0,0.0,1.0,0.0,0.0,0.0,1.927,0.0,0.0,0.0,7.415,-221.0,0.0,7.303,221.0,0.0,0.0,4.986,109.0,0.107,1.0,0.685,0.0,4.957,187.0,0.0,0.0,0.0,0.0,4.981,39.0,22.0153,21.4067,21.43892,21.39059,25.95688,20.91445,20.85896,22.52187,21.27782,21.5,24.0,0.0,0.0,21.5,0.0,910.25,0.0,2.0,0.0,0.0,77.180115,77.180115,77.180115,77.180115,77.180115,77.180115,77.180115,77.180115,77.180115,77.180115,77.180115,77.180115,77.180115,77.180115,77.180115,77.180115,74.309649,74.309649,74.309649,74.309649,0.0,0.0,100.0,101.0,102.0,0.0,0.0,1613.963,543.4739999999999,926.959,194.259,True,False,
2026-02-03 11:26:15.781,80.878,5.0,0.0,0.0,1.0,31.0,0.0,0.0,0.0,0.0,0.0,0.0,1.0,0.0,0.0,0.0,1.927,0.0,0.0,0.0,7.415,-221.0,0.0,7.303,221.0,0.0,0.0,4.986,107.0,0.108,1.0,0.686,0.0,4.955,191.0,0.0,0.0,0.0,0.0,4.981,39.0,22.01709,21.40133,21.44429,21.38164,25.96583,20.92161,20.85896,22.52545,21.2814,21.5,24.0,0.0,0.0,21.5,0.0,910.25,0.0,2.0,0.0,0.0,77.180115,77.180115,77.180115,77.180115,77.180115,77.180115,77.180115,77.180115,77.180115,77.180115,77.180115,77.180115,77.180115,77.180115,77.180115,77.180115,74.309649,74.309649,74.309649,74.309649,0.0,0.0,100.0,101.0,102.0,0.0,0.0,1613.963,533.502,946.405,194.259,True,False,
2026-02-03 11:26:16.229,81.326,5.0,0.0,0.0,1.0,31.0,0.0,0.0,0.0,0.0,0.0,0.0,1.0,0.0,0.0,0.0,1.927,0.0,0.0,0.0,7.415,-221.0,0.0,7.3,221.0,0.0,0.0,4.986,107.0,0.106,1.0,0.687,0.0,4.956,190.0,0.0,0.0,0.0,0.0,4.981,39.0,22.01351,21.40491,21.44966,21.39059,25.97836,20.92877,20.86791,22.52724,21.28677,21.5,24.0,0.0,0.0,21.5,0.0,910.25,0.0,2.0,0.0,0.0,77.180115,77.180115,77.180115,77.180115,77.180115,77.180115,77.180115,77.180115,77.180115,77.180115,77.180115,77.180115,77.180115,77.180115,77.180115,77.180115,74.309649,74.309649,74.309649,74.309649,0.0,0.0,100.0,101.0,102.0,0.0,0.0,1613.3,533.502,941.64,194.259,True,False,
2026-02-03 11:26:16.932,82.029,5.0,0.0,0.0,1.0,32.0,0.0,0.0,0.0,0.0,0.0,0.0,1.0,0.0,0.0,0.0,1.927,0.0,0.0,0.0,7.415,-221.0,0.0,7.303,223.0,0.0,0.0,4.986,109.0,0.107,1.0,0.686,0.0,4.956,191.0,0.0,0.0,0.0,0.0,4.981,39.0,22.02425,21.41207,21.4425,21.38164,25.99805,20.9234,20.85896,22.53977,21.2814,21.5,24.0,0.0,0.0,21.5,0.0,910.25,0.0,2.0,0.0,0.0,77.180115,77.180115,77.180115,77.180115,77.180115,77.180115,77.180115,77.180115,77.180115,77.180115,77.180115,77.180115,77.180115,77.180115,77.180115,77.180115,74.309649,74.309649,74.309649,74.309649,0.0,0.0,100.0,101.0,102.0,0.0,0.0,1628.569,543.4739999999999,946.596,194.259,True,False,
2026-02-03 11:26:17.282,82.379,5.0,0.0,0.0,1.0,32.0,0.0,0.0,0.0,0.0,0.0,0.0,1.0,0.0,0.0,0.0,1.927,1.0,0.0,0.0,7.415,-221.0,0.0,7.303,223.0,0.0,0.0,4.986,107.0,0.107,1.0,0.686,0.0,4.957,193.0,0.0,0.0,0.0,0.0,4.98,61.0,22.0153,21.40312,21.44787,21.38164,26.00342,20.92698,20.85896,22.53798,21.27961,21.5,24.0,0.0,0.0,21.5,0.0,910.25,0.0,2.0,0.0,0.0,77.180115,77.180115,77.180115,77.180115,77.180115,77.180115,77.180115,77.180115,77.180115,77.180115,77.180115,77.180115,77.180115,77.180115,77.180115,77.180115,74.309649,74.309649,74.309649,74.309649,0.0,0.0,100.0,101.0,102.0,0.0,0.0,1628.569,533.502,956.701,303.78000000000003,True,False,
2026-02-03 11:26:17.735,82.832,5.0,0.0,0.0,1.0,33.0,0.0,0.0,0.0,0.0,0.0,0.0,1.0,0.0,0.0,0.0,1.927,0.0,0.0,0.0,7.415,-221.0,0.0,7.303,223.0,0.0,0.0,4.986,105.0,0.107,1.0,0.686,0.0,4.957,202.0,0.0,0.0,0.0,0.0,4.98,61.0,22.02067,21.41923,21.44966,21.39596,26.00521,20.92877,20.86254,22.54156,21.29214,21.5,24.0,0.0,0.0,21.5,0.0,910.25,0.0,2.0,0.0,0.0,77.180115,77.180115,77.180115,77.180115,77.180115,77.180115,77.180115,77.180115,77.180115,77.180115,77.180115,77.180115,77.180115,77.180115,77.180115,77.180115,74.309649,74.309649,74.309649,74.309649,0.0,0.0,100.0,101.0,102.0,0.0,0.0,1628.569,523.53,1001.314,303.78000000000003,True,False,
2026-02-03 11:26:18.437,83.534,5.0,0.0,0.0,1.0,33.0,0.0,0.0,0.0,0.0,0.0,0.0,1.0,0.0,0.0,0.0,1.927,0.0,0.0,0.0,7.415,-221.0,0.0,7.298,0.0,0.0,0.0,4.986,109.0,0.108,0.0,0.686,0.0,4.956,196.0,0.0,0.0,0.0,0.0,4.98,61.0,22.02425,21.41028,21.44608,21.38701,26.02132,20.92877,20.86254,22.53977,21.29214,21.5,24.0,0.0,0.0,21.5,0.0,910.25,0.0,2.0,0.0,0.0,77.180115,77.180115,77.180115,77.180115,77.180115,77.180115,77.180115,77.180115,77.180115,77.180115,77.180115,77.180115,77.180115,77.180115,77.180115,77.180115,74.309649,74.309649,74.309649,74.309649,0.0,0.0,100.0,101.0,102.0,0.0,0.0,0.0,543.4739999999999,971.376,303.78000000000003,True,False,
2026-02-03 11:26:18.789,83.886,5.0,0.0,0.0,1.0,34.0,0.0,0.0,0.0,0.0,0.0,0.0,1.0,0.0,0.0,0.0,1.927,0.0,0.0,0.0,7.415,-221.0,0.0,7.303,0.0,0.0,0.0,4.986,109.0,0.107,1.0,0.686,0.0,4.958,201.0,0.0,0.0,0.0,0.0,4.98,61.0,22.0153,21.41565,21.45324,21.40133,26.02132,20.91624,20.87328,22.55051,21.30467,21.5,24.0,0.0,0.0,21.5,0.0,910.25,0.0,2.0,0.0,0.0,77.180115,77.180115,77.180115,77.180115,77.180115,77.180115,77.180115,77.180115,77.180115,77.180115,77.180115,77.180115,77.180115,77.180115,77.180115,77.180115,74.309649,74.309649,74.309649,74.309649,0.0,0.0,100.0,101.0,102.0,0.0,0.0,0.0,543.4739999999999,996.558,303.78000000000003,True,False,
2026-02-03 11:26:19.242,84.339,5.0,0.0,0.0,1.0,34.0,0.0,0.0,0.0,0.0,0.0,0.0,1.0,0.0,0.0,0.0,1.927,0.0,0.0,0.0,7.415,-221.0,0.0,7.305,221.0,0.0,0.0,4.986,105.0,0.107,2.0,0.686,0.0,4.955,193.0,0.0,0.0,0.0,0.0,4.98,58.0,22.02604,21.41923,21.4604,21.39238,26.18242,20.92519,20.86254,22.54872,21.29214,21.5,24.0,0.0,0.0,22.0,0.0,910.25,0.0,2.0,0.0,0.0,77.180115,77.180115,77.180115,77.180115,77.180115,77.180115,77.180115,77.180115,77.180115,77.180115,77.180115,77.180115,77.180115,77.180115,77.180115,77.180115,74.309649,74.309649,74.309649,74.309649,0.0,0.0,100.0,101.0,102.0,0.0,0.0,1614.405,523.53,956.315,288.84000000000003,True,False,
2026-02-03 11:26:19.943,85.04,5.0,0.0,0.0,1.0,35.0,0.0,0.0,0.0,0.0,0.0,0.0,1.0,0.0,0.0,0.0,1.927,0.0,0.0,0.0,7.415,-221.0,0.0,7.302,223.0,0.0,0.0,4.986,106.0,0.106,2.0,0.687,0.0,4.957,201.0,0.0,0.0,0.0,0.0,4.98,58.0,22.02246,21.41923,21.44608,21.39238,26.19495,20.93056,20.85896,22.56125,21.29751,21.5,24.0,0.0,0.0,22.0,0.0,910.25,0.0,2.0,0.0,0.0,77.180115,77.180115,77.180115,77.180115,77.180115,77.180115,77.180115,77.180115,77.180115,77.180115,77.180115,77.180115,77.180115,77.180115,77.180115,77.180115,74.309649,74.309649,74.309649,74.309649,0.0,0.0,100.0,101.0,102.0,0.0,0.0,1628.346,528.516,996.357,288.84000000000003,True,False,
2026-02-03 11:26:20.295,85.392,5.0,0.0,0.0,1.0,35.0,0.0,0.0,0.0,0.0,0.0,0.0,1.0,0.0,0.0,0.0,1.927,0.0,0.0,0.0,7.415,-221.0,0.0,7.302,221.0,0.0,0.0,4.985,266.0,0.107,1.0,0.686,0.0,4.955,197.0,0.0,0.0,0.0,0.0,4.98,58.0,22.02246,21.41923,21.45861,21.40133,26.20748,20.93593,20.86433,22.56304,21.29572,21.5,24.0,0.0,0.0,22.0,0.0,910.25,0.0,2.0,0.0,0.0,77.180115,77.180115,77.180115,77.180115,77.180115,77.180115,77.180115,77.180115,77.180115,77.180115,77.180115,77.180115,77.180115,77.180115,77.180115,77.180115,74.309649,74.309649,74.309649,74.309649,0.0,0.0,100.0,101.0,102.0,0.0,0.0,1613.742,1326.01,976.135,288.84000000000003,True,False,
2026-02-03 11:26:20.747,85.844,5.0,0.0,0.0,1.0,36.0,0.0,0.0,0.0,0.0,0.0,0.0,1.0,0.0,0.0,0.0,1.927,0.0,0.0,0.0,7.415,-221.0,0.0,7.303,223.0,0.0,0.0,4.986,107.0,0.107,1.0,0.687,0.0,4.956,202.0,0.0,0.0,0.0,0.0,4.98,58.0,22.02067,21.42281,21.45503,21.39417,26.2218,20.9234,20.86791,22.56125,21.30646,21.5,24.0,0.0,0.0,22.0,0.0,910.25,0.0,2.0,0.0,0.0,77.180115,77.180115,77.180115,77.180115,77.180115,77.180115,77.180115,77.180115,77.180115,77.180115,77.180115,77.180115,77.180115,77.180115,77.180115,77.180115,74.309649,74.309649,74.309649,74.309649,0.0,0.0,100.0,101.0,102.0,0.0,0.0,1628.569,533.502,1001.112,288.84000000000003,True,False,
2026-02-03 11:26:21.446,86.543,5.0,0.0,0.0,1.0,36.0,0.0,0.0,0.0,0.0,0.0,0.0,1.0,0.0,0.0,0.0,1.927,0.0,0.0,0.0,7.415,-221.0,0.0,7.302,221.0,0.0,0.0,4.986,106.0,0.108,1.0,0.686,0.0,4.955,197.0,0.0,0.0,0.0,0.0,4.98,39.0,22.02604,21.42997,21.4604,21.40133,26.24686,20.93056,20.86433,22.57736,21.29751,21.5,24.5,0.0,0.0,22.0,0.0,910.25,0.0,2.0,0.0,0.0,77.180115,77.180115,77.180115,77.180115,77.180115,77.180115,77.180115,77.180115,77.180115,77.180115,77.180115,77.180115,77.180115,77.180115,77.180115,77.180115,74.309649,74.309649,74.309649,74.309649,0.0,0.0,100.0,101.0,102.0,0.0,0.0,1613.742,528.516,976.135,194.22000000000003,True,False,
2026-02-03 11:26:21.797,86.894,5.0,0.0,0.0,1.0,37.0,0.0,0.0,0.0,0.0,0.0,0.0,1.0,0.0,0.0,0.0,1.927,0.0,0.0,0.0,7.415,-221.0,0.0,7.303,0.0,0.0,0.0,4.986,106.0,0.107,0.0,0.686,0.0,4.957,201.0,0.0,0.0,0.0,0.0,4.98,39.0,22.02246,21.43355,21.4604,21.3888,26.24149,20.92877,20.86433,22.57915,21.2993,21.5,24.5,0.0,0.0,22.0,0.0,910.25,0.0,2.0,0.0,0.0,77.180115,77.180115,77.180115,77.180115,77.180115,77.180115,77.180115,77.180115,77.180115,77.180115,77.180115,77.180115,77.180115,77.180115,77.180115,77.180115,74.309649,74.309649,74.309649,74.309649,0.0,0.0,100.0,101.0,102.0,0.0,0.0,0.0,528.516,996.357,194.22000000000003,True,False,
2026-02-03 11:26:22.249,87.346,5.0,0.0,0.0,1.0,37.0,0.0,0.0,0.0,0.0,0.0,0.0,1.0,0.0,0.0,0.0,1.927,1.0,0.0,0.0,7.415,-221.0,0.0,7.305,222.0,0.0,0.0,4.987,107.0,0.107,1.0,0.686,0.0,4.955,198.0,0.0,0.0,0.0,0.0,4.98,39.0,22.02425,21.42997,21.4604,21.40312,26.25223,20.93772,20.87507,22.5702,21.30825,21.5,24.5,0.0,0.0,22.0,0.0,910.25,0.0,2.0,0.0,0.0,77.180115,77.180115,77.180115,77.180115,77.180115,77.180115,77.180115,77.180115,77.180115,77.180115,77.180115,77.180115,77.180115,77.180115,77.180115,77.180115,74.309649,74.309649,74.309649,74.309649,0.0,0.0,100.0,101.0,102.0,0.0,0.0,1621.71,533.609,981.09,194.22000000000003,True,False,
2026-02-03 11:26:22.702,87.799,5.0,0.0,0.0,1.0,38.0,0.0,0.0,0.0,0.0,0.0,0.0,1.0,0.0,0.0,0.0,1.927,0.0,0.0,0.0,7.415,-221.0,0.0,7.303,223.0,0.0,0.0,4.986,106.0,0.107,0.0,0.686,0.0,4.956,201.0,0.0,0.0,0.0,0.0,4.98,39.0,22.02246,21.42997,21.4604,21.40312,26.2576,20.92698,20.86612,22.57378,21.2993,21.5,24.5,0.0,0.0,22.0,0.0,910.25,0.0,2.0,0.0,0.0,77.180115,77.180115,77.180115,77.180115,77.180115,77.180115,77.180115,77.180115,77.180115,77.180115,77.180115,77.180115,77.180115,77.180115,77.180115,77.180115,74.309649,74.309649,74.309649,74.309649,0.0,0.0,100.0,101.0,102.0,0.0,0.0,1628.569,528.516,996.156,194.22000000000003,True,False,
2026-02-03 11:26:23.253,88.35,5.0,0.0,0.0,1.0,38.0,0.0,0.0,0.0,0.0,0.0,0.0,1.0,0.0,0.0,0.0,1.927,0.0,0.0,0.0,7.415,-221.0,0.0,7.301,222.0,0.0,0.0,4.986,109.0,0.107,0.0,0.686,0.0,4.956,200.0,0.0,0.0,0.0,0.0,4.978,58.0,22.02604,21.43713,21.4604,21.40312,26.25939,20.92698,20.86791,22.58273,21.30288,21.5,24.5,0.0,0.0,22.0,0.0,910.25,0.0,2.0,0.0,0.0,77.180115,77.180115,77.180115,77.180115,77.180115,77.180115,77.180115,77.180115,77.180115,77.180115,77.180115,77.180115,77.180115,77.180115,77.180115,77.180115,74.309649,74.309649,74.309649,74.309649,0.0,0.0,100.0,101.0,102.0,0.0,0.0,1620.822,543.4739999999999,991.2,288.724,True,False,
2026-02-03 11:26:23.951,89.048,5.0,0.0,0.0,1.0,39.0,0.0,0.0,0.0,0.0,0.0,0.0,1.0,0.0,0.0,0.0,1.927,0.0,0.0,0.0,7.415,-221.0,0.0,7.302,0.0,0.0,0.0,4.986,106.0,0.107,1.0,0.686,1.0,4.957,202.0,0.0,0.0,0.0,0.0,4.978,58.0,22.02604,21.43355,21.4604,21.40849,26.30593,20.91624,20.86433,22.58273,21.30467,21.5,24.5,0.0,0.0,22.0,0.0,910.25,0.0,2.0,0.0,0.0,77.180115,77.180115,77.180115,77.180115,77.180115,77.180115,77.180115,77.180115,77.180115,77.180115,77.180115,77.180115,77.180115,77.180115,77.180115,77.180115,74.309649,74.309649,74.309649,74.309649,0.0,0.0,100.0,101.0,102.0,0.0,0.0,0.0,528.516,1001.314,288.724,True,False,
2026-02-03 11:26:24.302,89.399,5.0,0.0,0.0,1.0,39.0,0.0,0.0,0.0,0.0,0.0,0.0,1.0,0.0,0.0,0.0,1.927,0.0,0.0,0.0,7.415,-221.0,0.0,7.302,221.0,0.0,0.0,4.986,107.0,0.107,0.0,0.687,0.0,4.956,201.0,0.0,0.0,0.0,0.0,4.978,58.0,22.02246,21.43713,21.4604,21.4067,26.28445,20.92877,20.8697,22.58094,21.30109,21.5,24.5,0.0,0.0,22.0,0.0,910.25,0.0,2.0,0.0,0.0,77.180115,77.180115,77.180115,77.180115,77.180115,77.180115,77.180115,77.180115,77.180115,77.180115,77.180115,77.180115,77.180115,77.180115,77.180115,77.180115,74.309649,74.309649,74.309649,74.309649,0.0,0.0,100.0,101.0,102.0,0.0,0.0,1613.742,533.502,996.156,288.724,True,False,
2026-02-03 11:26:24.752,89.849,5.0,0.0,0.0,1.0,,0.0,0.0,0.0,0.0,0.0,0.0,1.0,0.0,0.0,0.0,1.927,0.0,0.0,0.0,7.415,-221.0,0.0,7.303,221.0,0.0,0.0,4.986,107.0,0.108,0.0,0.686,0.0,4.956,201.0,0.0,0.0,0.0,0.0,4.978,58.0,22.02425,21.43355,21.4604,21.40133,26.31309,20.92698,20.87328,22.5881,21.30467,21.5,24.5,0.0,0.0,22.0,0.0,910.25,0.0,2.0,0.0,0.0,77.180115,77.180115,77.180115,77.180115,77.180115,77.180115,77.180115,77.180115,77.180115,77.180115,77.180115,77.180115,77.180115,77.180115,77.180115,77.180115,74.309649,74.309649,74.309649,74.309649,0.0,0.0,100.0,101.0,102.0,0.0,0.0,1613.963,533.502,996.156,288.724,True,False,
2026-02-03 11:26:25.455,90.552,5.0,0.0,0.0,1.0,,0.0,0.0,0.0,0.0,0.0,0.0,1.0,0.0,0.0,0.0,1.927,0.0,0.0,0.0,7.415,-221.0,0.0,7.303,220.0,0.0,0.0,4.987,107.0,0.107,0.0,0.686,1.0,4.956,202.0,0.0,0.0,0.0,0.0,4.981,58.0,22.02425,21.43176,21.47472,21.40312,26.32383,20.93593,20.85538,22.59168,21.30646,21.5,24.5,0.0,0.0,22.0,0.0,910.25,0.0,2.0,0.0,0.0,77.180115,77.180115,77.180115,77.180115,77.180115,77.180115,77.180115,77.180115,77.180115,77.180115,77.180115,77.180115,77.180115,77.180115,77.180115,77.180115,74.309649,74.309649,74.309649,74.309649,0.0,0.0,100.0,101.0,102.0,0.0,0.0,1606.66,533.609,1001.112,288.89799999999997,True,False,
2026-02-03 11:26:25.806,90.903,5.0,0.0,0.0,1.0,,0.0,0.0,0.0,0.0,0.0,0.0,1.0,0.0,0.0,0.0,1.927,0.0,0.0,0.0,7.415,-221.0,0.0,7.302,221.0,0.0,0.0,4.985,109.0,0.107,1.0,0.686,1.0,4.956,183.0,0.0,0.0,0.0,0.0,4.981,58.0,22.01709,21.44787,21.45324,21.40133,26.31846,20.93056,20.87865,22.59168,21.30467,21.5,24.5,0.0,0.0,22.0,0.0,910.25,0.0,2.0,0.0,0.0,77.180115,77.180115,77.180115,77.180115,77.180115,77.180115,77.180115,77.180115,77.180115,77.180115,77.180115,77.180115,77.180115,77.180115,77.180115,77.180115,74.309649,74.309649,74.309649,74.309649,0.0,0.0,100.0,101.0,102.0,0.0,0.0,1613.742,543.365,906.948,288.89799999999997,True,False,
2026-02-03 11:26:26.257,91.354,5.0,0.0,0.0,1.0,,0.0,0.0,0.0,0.0,0.0,0.0,1.0,0.0,0.0,0.0,1.927,0.0,0.0,0.0,7.415,-221.0,0.0,7.302,222.0,0.0,0.0,4.986,107.0,0.107,1.0,0.687,1.0,4.956,201.0,0.0,0.0,0.0,0.0,4.981,58.0,22.02604,21.4425,21.4604,21.39775,26.33099,20.92698,20.8697,22.60242,21.30288,21.5,24.5,0.0,0.0,22.0,0.0,910.25,0.0,2.0,0.0,0.0,77.180115,77.180115,77.180115,77.180115,77.180115,77.180115,77.180115,77.180115,77.180115,77.180115,77.180115,77.180115,77.180115,77.180115,77.180115,77.180115,74.309649,74.309649,74.309649,74.309649,0.0,0.0,100.0,101.0,102.0,0.0,0.0,1621.044,533.502,996.156,288.89799999999997,True,False,
2026-02-03 11:26:26.704,91.801,5.0,0.0,0.0,2.0,0.0,0.0,0.0,0.0,0.0,0.0,0.0,1.0,0.0,0.0,0.0,1.927,0.0,0.0,0.0,7.415,-221.0,0.0,7.302,0.0,0.0,0.0,4.985,107.0,0.107,1.0,0.686,0.0,4.955,185.0,0.0,0.0,0.0,0.0,4.981,58.0,22.03499,21.44071,21.4604,21.40491,26.35247,20.93056,20.86612,22.59705,21.31183,21.5,24.5,0.0,0.0,22.0,0.0,910.25,0.0,2.0,0.0,0.0,77.180115,77.180115,77.180115,77.180115,77.180115,77.180115,77.180115,77.180115,77.180115,77.180115,77.180115,77.180115,77.180115,77.180115,77.180115,77.180115,74.309649,74.309649,74.309649,74.309649,0.0,0.0,100.0,101.0,102.0,0.0,0.0,0.0,533.395,916.675,288.89799999999997,True,False,
2026-02-03 11:26:27.254,92.351,5.0,0.0,0.0,2.0,0.0,0.0,0.0,0.0,0.0,0.0,0.0,1.0,0.0,0.0,0.0,1.927,1.0,0.0,0.0,7.415,-221.0,0.0,7.303,221.0,0.0,0.0,4.986,107.0,0.107,1.0,0.686,0.0,4.957,200.0,0.0,0.0,0.0,0.0,4.98,61.0,22.02246,21.44429,21.4604,21.40133,26.35605,20.93593,20.85896,22.60063,21.31004,21.5,24.5,0.0,0.0,22.0,0.0,910.25,0.0,2.0,0.0,0.0,77.180115,77.180115,77.180115,77.180115,77.180115,77.180115,77.180115,77.180115,77.180115,77.180115,77.180115,77.180115,77.180115,77.180115,77.180115,77.180115,74.309649,74.309649,74.309649,74.309649,0.0,0.0,100.0,101.0,102.0,0.0,0.0,1613.963,533.502,991.4,303.78000000000003,True,False,
2026-02-03 11:26:27.705,92.802,5.0,0.0,0.0,2.0,1.0,0.0,0.0,0.0,0.0,0.0,0.0,1.0,0.0,0.0,0.0,1.927,0.0,0.0,0.0,7.415,-221.0,0.0,7.303,0.0,0.0,0.0,4.986,266.0,0.106,0.0,0.687,0.0,4.956,191.0,0.0,0.0,0.0,0.0,4.98,61.0,22.02604,21.43534,21.48009,21.4067,26.37216,20.93414,20.87328,22.606,21.3172,21.5,24.5,0.0,0.0,22.0,0.0,910.25,0.0,2.0,0.0,0.0,77.180115,77.180115,77.180115,77.180115,77.180115,77.180115,77.180115,77.180115,77.180115,77.180115,77.180115,77.180115,77.180115,77.180115,77.180115,77.180115,74.309649,74.309649,74.309649,74.309649,0.0,0.0,100.0,101.0,102.0,0.0,0.0,0.0,1326.2759999999998,946.596,303.78000000000003,True,False,
2026-02-03 11:26:28.256,93.353,5.0,0.0,0.0,2.0,1.0,0.0,0.0,0.0,0.0,0.0,0.0,1.0,0.0,0.0,0.0,1.927,0.0,0.0,0.0,7.415,-221.0,0.0,7.3,223.0,0.0,0.0,4.986,107.0,0.108,0.0,0.686,0.0,4.956,188.0,0.0,0.0,0.0,0.0,4.98,61.0,22.02067,21.44608,21.4783,21.4067,26.38469,20.93593,20.87686,22.61137,21.31899,21.5,24.5,0.0,0.0,22.0,0.0,910.25,0.0,2.0,0.0,0.0,77.180115,77.180115,77.180115,77.180115,77.180115,77.180115,77.180115,77.180115,77.180115,77.180115,77.180115,77.180115,77.180115,77.180115,77.180115,77.180115,74.309649,74.309649,74.309649,74.309649,0.0,0.0,100.0,101.0,102.0,0.0,0.0,1627.9,533.502,931.728,303.78000000000003,True,False,
2026-02-03 11:26:28.709,93.806,5.0,0.0,0.0,2.0,2.0,0.0,0.0,0.0,0.0,0.0,0.0,1.0,0.0,0.0,0.0,1.927,0.0,0.0,0.0,7.415,-221.0,0.0,7.302,222.0,0.0,0.0,4.986,107.0,0.107,0.0,0.686,0.0,4.957,188.0,0.0,0.0,0.0,0.0,4.98,61.0,22.02783,21.43892,21.48009,21.41028,26.39006,20.92698,20.85896,22.606,21.31899,21.5,24.5,0.0,0.0,22.0,0.0,910.25,0.0,2.0,0.0,0.0,77.180115,77.180115,77.180115,77.180115,77.180115,77.180115,77.180115,77.180115,77.180115,77.180115,77.180115,77.180115,77.180115,77.180115,77.180115,77.180115,74.309649,74.309649,74.309649,74.309649,0.0,0.0,100.0,101.0,102.0,0.0,0.0,1621.044,533.502,931.916,303.78000000000003,True,False,
2026-02-03 11:26:29.260,94.357,5.0,0.0,0.0,2.0,2.0,0.0,0.0,0.0,0.0,0.0,0.0,1.0,0.0,0.0,0.0,1.927,0.0,0.0,0.0,7.415,-221.0,0.0,7.302,222.0,0.0,0.0,4.986,107.0,0.106,0.0,0.687,0.0,4.956,186.0,0.0,0.0,0.0,0.0,4.98,58.0,22.02246,21.44429,21.48546,21.40312,26.39006,20.93951,20.85896,22.61495,21.31004,21.5,24.5,0.0,0.0,22.0,0.0,910.25,0.0,2.0,0.0,0.0,77.180115,77.180115,77.180115,77.180115,77.180115,77.180115,77.180115,77.180115,77.180115,77.180115,77.180115,77.180115,77.180115,77.180115,77.180115,77.180115,74.309649,74.309649,74.309649,74.309649,0.0,0.0,100.0,101.0,102.0,0.0,0.0,1621.044,533.502,921.816,288.84000000000003,True,False,
2026-02-03 11:26:29.709,94.806,5.0,0.0,0.0,2.0,3.0,0.0,0.0,0.0,0.0,0.0,0.0,1.0,0.0,0.0,0.0,1.927,0.0,0.0,0.0,7.415,-221.0,0.0,7.298,222.0,0.0,0.0,4.986,106.0,0.107,0.0,0.686,0.0,4.957,185.0,0.0,0.0,0.0,0.0,4.98,58.0,22.02604,21.43713,21.48367,21.40849,26.40617,20.92519,20.8697,22.61316,21.3172,21.5,24.5,0.0,0.0,22.0,0.0,910.25,0.0,2.0,0.0,0.0,77.180115,77.180115,77.180115,77.180115,77.180115,77.180115,77.180115,77.180115,77.180115,77.180115,77.180115,77.180115,77.180115,77.180115,77.180115,77.180115,74.309649,74.309649,74.309649,74.309649,0.0,0.0,100.0,101.0,102.0,0.0,0.0,1620.156,528.516,917.045,288.84000000000003,True,False,
2026-02-03 11:26:30.411,95.508,5.0,0.0,0.0,2.0,3.0,0.0,0.0,0.0,0.0,0.0,0.0,1.0,0.0,0.0,0.0,1.927,0.0,0.0,0.0,7.415,-221.0,0.0,7.302,220.0,0.0,0.0,4.986,106.0,0.107,2.0,0.686,0.0,4.956,183.0,0.0,0.0,0.0,0.0,4.98,58.0,22.02425,21.4425,21.49262,21.4067,26.43302,20.93593,20.87328,22.61674,21.3172,21.5,24.5,0.0,0.0,22.0,0.0,910.25,0.0,2.0,0.0,0.0,77.180115,77.180115,77.180115,77.180115,77.180115,77.180115,77.180115,77.180115,77.180115,77.180115,77.180115,77.180115,77.180115,77.180115,77.180115,77.180115,74.309649,74.309649,74.309649,74.309649,0.0,0.0,100.0,101.0,102.0,0.0,0.0,1606.4399999999998,528.516,906.948,288.84000000000003,True,False,
2026-02-03 11:26:30.761,95.858,5.0,0.0,0.0,2.0,4.0,0.0,0.0,0.0,0.0,0.0,0.0,1.0,0.0,0.0,0.0,1.927,0.0,0.0,0.0,7.415,-221.0,0.0,7.301,0.0,0.0,0.0,4.986,109.0,0.106,1.0,0.686,0.0,4.957,197.0,0.0,0.0,0.0,0.0,4.98,58.0,22.03499,21.44608,21.48546,21.40849,26.43481,20.9413,20.87507,22.61853,21.32257,21.5,24.5,0.0,0.0,22.0,0.0,910.25,0.0,2.0,0.0,0.0,77.180115,77.180115,77.180115,77.180115,77.180115,77.180115,77.180115,77.180115,77.180115,77.180115,77.180115,77.180115,77.180115,77.180115,77.180115,77.180115,74.309649,74.309649,74.309649,74.309649,0.0,0.0,100.0,101.0,102.0,0.0,0.0,0.0,543.4739999999999,976.529,288.84000000000003,True,False,
2026-02-03 11:26:31.211,96.308,5.0,0.0,0.0,2.0,4.0,0.0,0.0,0.0,0.0,0.0,0.0,1.0,0.0,0.0,0.0,1.927,0.0,0.0,0.0,7.415,-221.0,0.0,7.3,222.0,0.0,0.0,4.986,107.0,0.107,1.0,0.687,0.0,4.958,197.0,0.0,0.0,0.0,0.0,4.98,58.0,22.01888,21.45145,21.48904,21.41207,26.43481,20.93593,20.87328,22.62211,21.32973,21.5,24.5,0.0,0.0,22.0,0.0,910.25,0.0,2.0,0.0,0.0,77.180115,77.180115,77.180115,77.180115,77.180115,77.180115,77.180115,77.180115,77.180115,77.180115,77.180115,77.180115,77.180115,77.180115,77.180115,77.180115,74.309649,74.309649,74.309649,74.309649,0.0,0.0,100.0,101.0,102.0,0.0,0.0,1620.6,533.502,976.726,288.84000000000003,True,False,
2026-02-03 11:26:31.914,97.011,5.0,0.0,0.0,2.0,5.0,0.0,0.0,0.0,0.0,0.0,0.0,1.0,0.0,0.0,0.0,1.927,0.0,0.0,0.0,7.415,-221.0,0.0,7.302,0.0,0.0,0.0,4.986,107.0,0.107,0.0,0.686,0.0,4.957,197.0,0.0,0.0,0.0,0.0,4.98,58.0,22.02783,21.44608,21.48904,21.40133,26.43302,20.93593,20.87328,22.62748,21.32973,21.5,24.5,0.0,0.0,22.0,0.0,910.25,0.0,2.0,0.0,0.0,77.180115,77.180115,77.180115,77.180115,77.180115,77.180115,77.180115,77.180115,77.180115,77.180115,77.180115,77.180115,77.180115,77.180115,77.180115,77.180115,74.309649,74.309649,74.309649,74.309649,0.0,0.0,100.0,101.0,102.0,0.0,0.0,0.0,533.502,976.529,288.84000000000003,True,False,
2026-02-03 11:26:32.264,97.361,5.0,0.0,0.0,2.0,5.0,0.0,0.0,0.0,0.0,0.0,0.0,1.0,0.0,0.0,0.0,1.927,0.0,0.0,0.0,7.415,-221.0,0.0,7.303,222.0,0.0,0.0,4.986,107.0,0.106,1.0,0.686,0.0,4.958,197.0,0.0,0.0,0.0,0.0,4.98,58.0,22.02246,21.45324,21.49262,21.40312,26.4724,20.93951,20.87149,22.62569,21.32436,21.5,24.5,0.0,0.0,22.0,0.0,910.25,0.0,2.0,0.0,0.0,77.180115,77.180115,77.180115,77.180115,77.180115,77.180115,77.180115,77.180115,77.180115,77.180115,77.180115,77.180115,77.180115,77.180115,77.180115,77.180115,74.309649,74.309649,74.309649,74.309649,0.0,0.0,100.0,101.0,102.0,0.0,0.0,1621.266,533.502,976.726,288.84000000000003,True,False,
2026-02-03 11:26:32.717,97.814,5.0,0.0,0.0,2.0,6.0,0.0,0.0,0.0,0.0,0.0,0.0,1.0,0.0,0.0,0.0,1.927,0.0,0.0,0.0,7.415,-221.0,0.0,7.302,0.0,0.0,0.0,4.986,107.0,0.108,2.0,0.687,1.0,4.956,200.0,0.0,0.0,0.0,0.0,4.98,58.0,22.01888,21.45503,21.4962,21.40312,26.46882,20.94488,20.88223,22.63464,21.32973,21.5,24.5,0.0,0.0,22.0,0.0,910.25,0.0,2.0,0.0,0.0,77.180115,77.180115,77.180115,77.180115,77.180115,77.180115,77.180115,77.180115,77.180115,77.180115,77.180115,77.180115,77.180115,77.180115,77.180115,77.180115,74.309649,74.309649,74.309649,74.309649,0.0,0.0,100.0,101.0,102.0,0.0,0.0,0.0,533.502,991.2,288.84000000000003,True,False,
2026-02-03 11:26:33.418,98.515,5.0,0.0,0.0,2.0,6.0,0.0,0.0,0.0,0.0,0.0,0.0,1.0,0.0,0.0,0.0,1.927,0.0,0.0,0.0,7.415,-221.0,0.0,7.298,0.0,0.0,0.0,4.986,109.0,0.107,0.0,0.687,0.0,4.956,200.0,0.0,0.0,0.0,0.0,4.98,60.0,22.02604,21.45861,21.50157,21.41923,26.47777,20.93951,20.87328,22.63285,21.32973,21.5,24.5,0.0,0.0,22.0,0.0,910.25,0.0,2.0,0.0,0.0,77.180115,77.180115,77.180115,77.180115,77.180115,77.180115,77.180115,77.180115,77.180115,77.180115,77.180115,77.180115,77.180115,77.180115,77.180115,77.180115,74.309649,74.309649,74.309649,74.309649,0.0,0.0,100.0,101.0,102.0,0.0,0.0,0.0,543.4739999999999,991.2,298.8,True,False,
2026-02-03 11:26:33.770,98.867,5.0,0.0,0.0,2.0,7.0,0.0,0.0,0.0,0.0,0.0,0.0,1.0,0.0,0.0,0.0,1.927,1.0,0.0,0.0,7.415,-221.0,0.0,7.302,221.0,0.0,0.0,4.986,109.0,0.107,1.0,0.685,0.0,4.955,200.0,0.0,0.0,0.0,0.0,4.98,60.0,22.02962,21.45503,21.4962,21.41028,26.48672,20.93593,20.87507,22.65075,21.32794,21.5,24.5,0.0,0.0,22.0,0.0,910.25,0.0,2.0,0.0,0.0,77.180115,77.180115,77.180115,77.180115,77.180115,77.180115,77.180115,77.180115,77.180115,77.180115,77.180115,77.180115,77.180115,77.180115,77.180115,77.180115,74.309649,74.309649,74.309649,74.309649,0.0,0.0,100.0,101.0,102.0,0.0,0.0,1613.742,543.4739999999999,991.0,298.8,True,False,
2026-02-03 11:26:34.221,99.318,5.0,0.0,0.0,2.0,7.0,0.0,0.0,0.0,0.0,0.0,0.0,1.0,0.0,0.0,0.0,1.927,0.0,0.0,0.0,7.415,-221.0,0.0,7.302,222.0,0.0,0.0,4.986,107.0,0.107,1.0,0.687,0.0,4.956,202.0,0.0,0.0,0.0,0.0,4.98,60.0,22.03141,21.45503,21.50515,21.41028,26.49746,20.94309,20.87149,22.64538,21.33152,21.5,24.5,0.0,0.0,22.0,0.0,910.25,0.0,2.0,0.0,0.0,77.180115,77.180115,77.180115,77.180115,77.180115,77.180115,77.180115,77.180115,77.180115,77.180115,77.180115,77.180115,77.180115,77.180115,77.180115,77.180115,74.309649,74.309649,74.309649,74.309649,0.0,0.0,100.0,101.0,102.0,0.0,0.0,1621.044,533.502,1001.112,298.8,True,False,
2026-02-03 11:26:34.920,100.017,5.0,0.0,0.0,2.0,8.0,0.0,0.0,0.0,0.0,0.0,0.0,1.0,0.0,0.0,0.0,1.927,0.0,0.0,0.0,7.415,-221.0,0.0,7.298,221.0,0.0,0.0,4.986,107.0,0.107,1.0,0.688,0.0,4.955,200.0,0.0,0.0,0.0,0.0,4.98,60.0,22.02067,21.4604,21.50694,21.41386,26.50283,20.93056,20.88223,22.64359,21.33331,21.5,24.5,0.0,0.0,22.0,0.0,910.25,0.0,2.0,0.0,0.0,77.180115,77.180115,77.180115,77.180115,77.180115,77.180115,77.180115,77.180115,77.180115,77.180115,77.180115,77.180115,77.180115,77.180115,77.180115,77.180115,74.309649,74.309649,74.309649,74.309649,0.0,0.0,100.0,101.0,102.0,0.0,0.0,1612.858,533.502,991.0,298.8,True,False,
2026-02-03 11:26:35.721,100.818,5.0,0.0,0.0,2.0,9.0,0.0,0.0,0.0,0.0,0.0,0.0,1.0,0.0,0.0,0.0,1.927,0.0,0.0,0.0,7.415,-221.0,0.0,7.302,223.0,0.0,0.0,4.985,107.0,0.107,2.0,0.686,0.0,4.955,201.0,0.0,0.0,0.0,0.0,4.98,39.0,22.02783,21.4604,21.48904,21.42281,26.5261,20.95025,20.87865,22.64717,21.33868,21.5,24.5,0.0,0.0,22.0,0.0,910.25,0.0,2.0,0.0,0.0,77.180115,77.180115,77.180115,77.180115,77.180115,77.180115,77.180115,77.180115,77.180115,77.180115,77.180115,77.180115,77.180115,77.180115,77.180115,77.180115,74.309649,74.309649,74.309649,74.309649,0.0,0.0,100.0,101.0,102.0,0.0,0.0,1628.346,533.395,995.955,194.22000000000003,True,False,
2026-02-03 11:26:36.425,101.522,5.0,0.0,0.0,2.0,9.0,0.0,0.0,0.0,0.0,0.0,0.0,1.0,0.0,0.0,0.0,1.927,0.0,0.0,0.0,7.415,-221.0,0.0,7.298,222.0,0.0,0.0,4.986,107.0,0.106,1.0,0.685,0.0,4.956,202.0,0.0,0.0,0.0,0.0,4.98,39.0,22.01888,21.4604,21.50873,21.41028,26.53863,20.93772,20.88402,22.64896,21.33689,21.5,24.5,0.0,0.0,22.0,0.0,910.25,0.0,2.0,0.0,0.0,77.180115,77.180115,77.180115,77.180115,77.180115,77.180115,77.180115,77.180115,77.180115,77.180115,77.180115,77.180115,77.180115,77.180115,77.180115,77.180115,74.309649,74.309649,74.309649,74.309649,0.0,0.0,100.0,101.0,102.0,0.0,0.0,1620.156,533.502,1001.112,194.22000000000003,True,False,
2026-02-03 11:26:36.776,101.873,5.0,0.0,0.0,2.0,,0.0,0.0,0.0,0.0,0.0,0.0,1.0,0.0,0.0,0.0,1.927,0.0,0.0,0.0,7.415,-221.0,0.0,7.302,0.0,0.0,0.0,4.985,109.0,0.107,1.0,0.687,0.0,4.955,202.0,0.0,0.0,0.0,0.0,4.98,39.0,22.03141,21.4604,21.50873,21.41923,26.53684,20.94309,20.88581,22.65791,21.34763,21.5,24.5,0.0,0.0,22.0,0.0,910.25,0.0,2.0,0.0,0.0,77.180115,77.180115,77.180115,77.180115,77.180115,77.180115,77.180115,77.180115,77.180115,77.180115,77.180115,77.180115,77.180115,77.180115,77.180115,77.180115,74.309649,74.309649,74.309649,74.309649,0.0,0.0,100.0,101.0,102.0,0.0,0.0,0.0,543.365,1000.91,194.22000000000003,True,False,
2026-02-03 11:26:37.227,102.324,5.0,0.0,0.0,2.0,,0.0,0.0,0.0,0.0,0.0,0.0,1.0,0.0,0.0,0.0,1.927,0.0,0.0,0.0,7.415,-221.0,0.0,7.302,222.0,0.0,0.0,4.986,109.0,0.107,0.0,0.686,0.0,4.957,186.0,0.0,0.0,0.0,0.0,4.98,58.0,22.02962,21.4604,21.4962,21.41565,26.56727,20.9413,20.88402,22.65254,21.34763,21.5,24.5,0.0,0.0,22.0,0.0,910.25,0.0,2.0,0.0,0.0,77.180115,77.180115,77.180115,77.180115,77.180115,77.180115,77.180115,77.180115,77.180115,77.180115,77.180115,77.180115,77.180115,77.180115,77.180115,77.180115,74.309649,74.309649,74.309649,74.309649,0.0,0.0,100.0,101.0,102.0,0.0,0.0,1621.044,543.4739999999999,922.002,288.84000000000003,True,False,
2026-02-03 11:26:37.928,103.025,5.0,0.0,0.0,2.0,,0.0,0.0,0.0,0.0,0.0,0.0,1.0,0.0,0.0,0.0,1.927,0.0,0.0,0.0,7.415,-221.0,0.0,7.302,223.0,0.0,0.0,4.987,106.0,0.107,0.0,0.687,0.0,4.955,201.0,0.0,0.0,0.0,0.0,4.98,58.0,22.02604,21.4604,21.5141,21.41744,26.58159,20.93772,20.87686,22.64896,21.33689,21.5,24.5,0.0,0.0,22.0,0.0,910.25,0.0,2.0,0.0,0.0,77.180115,77.180115,77.180115,77.180115,77.180115,77.180115,77.180115,77.180115,77.180115,77.180115,77.180115,77.180115,77.180115,77.180115,77.180115,77.180115,74.309649,74.309649,74.309649,74.309649,0.0,0.0,100.0,101.0,102.0,0.0,0.0,1628.346,528.622,995.955,288.84000000000003,True,False,
2026-02-03 11:26:38.280,103.377,5.0,0.0,0.0,2.0,,0.0,0.0,0.0,0.0,0.0,0.0,1.0,0.0,0.0,0.0,1.927,0.0,0.0,0.0,7.415,-221.0,0.0,7.298,0.0,0.0,0.0,4.987,107.0,0.106,1.0,0.687,0.0,4.956,185.0,0.0,0.0,0.0,0.0,4.98,58.0,22.01888,21.4604,21.50694,21.40312,26.5798,20.94488,20.88044,22.65612,21.32436,21.5,24.5,0.0,0.0,22.0,0.0,910.25,0.0,2.0,0.0,0.0,77.180115,77.180115,77.180115,77.180115,77.180115,77.180115,77.180115,77.180115,77.180115,77.180115,77.180115,77.180115,77.180115,77.180115,77.180115,77.180115,74.309649,74.309649,74.309649,74.309649,0.0,0.0,100.0,101.0,102.0,0.0,0.0,0.0,533.609,916.86,288.84000000000003,True,False,
2026-02-03 11:26:38.734,103.831,5.0,0.0,0.0,2.0,,0.0,0.0,0.0,0.0,0.0,0.0,1.0,0.0,0.0,0.0,1.927,1.0,0.0,0.0,7.415,-221.0,0.0,7.302,222.0,0.0,0.0,4.987,107.0,0.107,1.0,0.687,0.0,4.955,203.0,0.0,0.0,0.0,0.0,4.98,58.0,22.02425,21.4604,21.50873,21.41386,26.58696,20.94488,20.88044,22.6597,21.34942,21.5,24.5,0.0,0.0,22.0,0.0,910.25,0.0,2.0,0.0,0.0,77.180115,77.180115,77.180115,77.180115,77.180115,77.180115,77.180115,77.180115,77.180115,77.180115,77.180115,77.180115,77.180115,77.180115,77.180115,77.180115,74.309649,74.309649,74.309649,74.309649,0.0,0.0,100.0,101.0,102.0,0.0,0.0,1621.044,533.609,1005.865,288.84000000000003,True,False,
2026-02-03 11:26:39.431,104.528,5.0,0.0,0.0,2.0,,0.0,0.0,0.0,0.0,0.0,0.0,1.0,0.0,0.0,0.0,1.927,0.0,0.0,0.0,7.415,-221.0,0.0,7.301,221.0,0.0,0.0,4.986,107.0,0.107,0.0,0.686,0.0,4.956,183.0,0.0,0.0,0.0,0.0,4.98,39.0,22.03499,21.47114,21.50873,21.42281,26.58338,20.94309,20.88044,22.67044,21.33868,21.5,24.5,0.0,0.0,22.0,0.0,910.25,0.0,2.0,0.0,0.0,77.180115,77.180115,77.180115,77.180115,77.180115,77.180115,77.180115,77.180115,77.180115,77.180115,77.180115,77.180115,77.180115,77.180115,77.180115,77.180115,74.309649,74.309649,74.309649,74.309649,0.0,0.0,100.0,101.0,102.0,0.0,0.0,1613.521,533.502,906.948,194.22000000000003,True,False,
2026-02-03 11:26:39.780,104.877,5.0,0.0,0.0,2.0,,0.0,0.0,0.0,0.0,0.0,0.0,1.0,0.0,0.0,0.0,1.927,0.0,0.0,0.0,7.415,-221.0,0.0,7.298,220.0,0.0,0.0,4.986,106.0,0.106,0.0,0.686,0.0,4.956,202.0,0.0,0.0,0.0,0.0,4.98,39.0,22.02783,21.47472,21.51768,21.42281,26.61202,20.94488,20.87328,22.67402,21.33868,21.5,24.5,0.0,0.0,22.0,0.0,910.25,0.0,2.0,0.0,0.0,77.180115,77.180115,77.180115,77.180115,77.180115,77.180115,77.180115,77.180115,77.180115,77.180115,77.180115,77.180115,77.180115,77.180115,77.180115,77.180115,74.309649,74.309649,74.309649,74.309649,0.0,0.0,100.0,101.0,102.0,0.0,0.0,1605.56,528.516,1001.112,194.22000000000003,True,False,
2026-02-03 11:26:40.232,105.329,5.0,0.0,0.0,2.0,,0.0,0.0,0.0,0.0,0.0,0.0,1.0,0.0,0.0,0.0,1.927,0.0,0.0,0.0,7.415,-221.0,0.0,7.3,222.0,0.0,0.0,4.985,106.0,0.107,2.0,0.686,1.0,4.955,187.0,0.0,0.0,0.0,0.0,4.98,39.0,22.02962,21.47472,21.50873,21.42281,26.6156,20.94488,20.88044,22.66328,21.35121,21.5,24.5,0.0,0.0,22.0,0.0,910.25,0.0,2.0,0.0,0.0,77.180115,77.180115,77.180115,77.180115,77.180115,77.180115,77.180115,77.180115,77.180115,77.180115,77.180115,77.180115,77.180115,77.180115,77.180115,77.180115,74.309649,74.309649,74.309649,74.309649,0.0,0.0,100.0,101.0,102.0,0.0,0.0,1620.6,528.4100000000001,926.585,194.22000000000003,True,False,
2026-02-03 11:26:40.934,106.031,5.0,0.0,0.0,2.0,,0.0,0.0,0.0,0.0,0.0,0.0,1.0,0.0,0.0,0.0,1.927,0.0,0.0,0.0,7.415,-221.0,0.0,7.302,223.0,0.0,0.0,4.985,107.0,0.107,1.0,0.686,0.0,4.956,203.0,0.0,0.0,0.0,0.0,4.98,39.0,22.02425,21.48188,21.51947,21.42281,26.62992,20.95025,20.88939,22.68655,21.34942,21.5,24.5,0.0,0.0,22.0,0.0,910.25,0.0,2.0,0.0,0.0,77.180115,77.180115,77.180115,77.180115,77.180115,77.180115,77.180115,77.180115,77.180115,77.180115,77.180115,77.180115,77.180115,77.180115,77.180115,77.180115,74.309649,74.309649,74.309649,74.309649,0.0,0.0,100.0,101.0,102.0,0.0,0.0,1628.346,533.395,1006.068,194.22000000000003,True,False,
2026-02-03 11:26:41.738,106.835,5.0,0.0,0.0,2.0,,0.0,0.0,0.0,0.0,0.0,0.0,1.0,0.0,0.0,0.0,1.927,0.0,0.0,0.0,7.415,-221.0,0.0,7.301,0.0,0.0,0.0,4.986,109.0,0.106,0.0,0.687,1.0,4.956,202.0,0.0,0.0,0.0,0.0,4.98,60.0,22.02246,21.48188,21.52126,21.42997,26.64782,20.94488,20.87686,22.68476,21.35479,21.5,24.5,0.0,0.0,22.0,0.0,910.25,0.0,2.0,0.0,0.0,77.180115,77.180115,77.180115,77.180115,77.180115,77.180115,77.180115,77.180115,77.180115,77.180115,77.180115,77.180115,77.180115,77.180115,77.180115,77.180115,74.309649,74.309649,74.309649,74.309649,0.0,0.0,100.0,101.0,102.0,0.0,0.0,0.0,543.4739999999999,1001.112,298.8,True,False,
2026-02-03 11:26:42.440,107.537,5.0,0.0,0.0,2.0,,0.0,0.0,0.0,0.0,0.0,0.0,1.0,0.0,0.0,0.0,1.927,0.0,0.0,0.0,7.415,-221.0,0.0,7.301,222.0,0.0,0.0,4.985,266.0,0.106,1.0,0.685,0.0,4.955,188.0,0.0,0.0,0.0,0.0,4.98,60.0,22.02604,21.48546,21.52126,21.4246,26.6693,20.93056,20.88402,22.69013,21.35837,21.5,24.5,0.0,0.0,22.0,0.0,910.25,0.0,2.0,0.0,0.0,77.180115,77.180115,77.180115,77.180115,77.180115,77.180115,77.180115,77.180115,77.180115,77.180115,77.180115,77.180115,77.180115,77.180115,77.180115,77.180115,74.309649,74.309649,74.309649,74.309649,0.0,0.0,100.0,101.0,102.0,0.0,0.0,1620.822,1326.01,931.54,298.8,True,False,
2026-02-03 11:26:42.791,107.888,5.0,0.0,0.0,2.0,10.0,0.0,0.0,0.0,0.0,0.0,0.0,1.0,0.0,0.0,0.0,1.927,1.0,0.0,0.0,7.415,-221.0,0.0,7.303,0.0,0.0,0.0,4.986,109.0,0.107,2.0,0.687,0.0,4.955,202.0,0.0,0.0,0.0,0.0,4.98,60.0,22.02604,21.48546,21.53021,21.42639,26.65677,20.95383,20.8876,22.68476,21.36553,21.5,24.5,0.0,0.0,22.0,0.0,910.25,0.0,2.0,0.0,0.0,77.180115,77.180115,77.180115,77.180115,77.180115,77.180115,77.180115,77.180115,77.180115,77.180115,77.180115,77.180115,77.180115,77.180115,77.180115,77.180115,74.309649,74.309649,74.309649,74.309649,0.0,0.0,100.0,101.0,102.0,0.0,0.0,0.0,543.4739999999999,1000.91,298.8,True,False,
2026-02-03 11:26:43.242,108.339,5.0,0.0,0.0,2.0,10.0,0.0,0.0,0.0,0.0,0.0,0.0,1.0,0.0,0.0,0.0,1.927,0.0,0.0,0.0,7.415,-221.0,0.0,7.302,223.0,0.0,0.0,4.986,109.0,0.106,1.0,0.686,0.0,4.956,190.0,0.0,0.0,0.0,0.0,4.98,61.0,22.03499,21.48904,21.51768,21.42102,26.68541,20.94667,20.88223,22.69729,21.34763,21.5,24.5,0.0,0.0,22.0,0.0,910.25,0.0,2.0,0.0,0.0,77.180115,77.180115,77.180115,77.180115,77.180115,77.180115,77.180115,77.180115,77.180115,77.180115,77.180115,77.180115,77.180115,77.180115,77.180115,77.180115,74.309649,74.309649,74.309649,74.309649,0.0,0.0,100.0,101.0,102.0,0.0,0.0,1628.346,543.4739999999999,941.64,303.78000000000003,True,False,
2026-02-03 11:26:43.947,109.044,5.0,0.0,0.0,2.0,11.0,0.0,0.0,0.0,0.0,0.0,0.0,1.0,0.0,0.0,0.0,1.927,0.0,0.0,0.0,7.415,-221.0,0.0,7.3,221.0,0.0,0.0,4.986,109.0,0.106,0.0,0.686,0.0,4.957,197.0,0.0,0.0,0.0,0.0,4.98,61.0,22.02962,21.49083,21.52305,21.42997,26.67825,20.94846,20.88581,22.69908,21.35837,21.5,24.5,0.0,0.0,22.0,0.0,910.25,0.0,2.0,0.0,0.0,77.180115,77.180115,77.180115,77.180115,77.180115,77.180115,77.180115,77.180115,77.180115,77.180115,77.180115,77.180115,77.180115,77.180115,77.180115,77.180115,74.309649,74.309649,74.309649,74.309649,0.0,0.0,100.0,101.0,102.0,0.0,0.0,1613.3,543.4739999999999,976.529,303.78000000000003,True,False,
2026-02-03 11:26:44.292,109.389,5.0,0.0,0.0,2.0,11.0,0.0,0.0,0.0,0.0,0.0,0.0,1.0,0.0,0.0,0.0,1.927,0.0,0.0,0.0,7.415,-221.0,0.0,7.301,221.0,0.0,0.0,4.986,107.0,0.108,1.0,0.686,0.0,4.958,198.0,0.0,0.0,0.0,0.0,4.98,61.0,22.02425,21.48725,21.51768,21.4246,26.71584,20.95383,20.87507,22.6955,21.35837,21.5,24.5,0.0,0.0,22.0,0.0,910.25,0.0,2.0,0.0,0.0,77.180115,77.180115,77.180115,77.180115,77.180115,77.180115,77.180115,77.180115,77.180115,77.180115,77.180115,77.180115,77.180115,77.180115,77.180115,77.180115,74.309649,74.309649,74.309649,74.309649,0.0,0.0,100.0,101.0,102.0,0.0,0.0,1613.521,533.502,981.684,303.78000000000003,True,False,
2026-02-03 11:26:44.745,109.842,5.0,0.0,0.0,2.0,12.0,0.0,0.0,0.0,0.0,0.0,0.0,1.0,0.0,0.0,0.0,1.927,0.0,0.0,0.0,7.415,-221.0,0.0,7.301,223.0,0.0,0.0,4.986,109.0,0.106,2.0,0.686,0.0,4.957,198.0,0.0,0.0,0.0,0.0,4.98,61.0,22.02246,21.49083,21.51768,21.42102,26.71942,20.94667,20.88939,22.70266,21.36374,21.5,24.5,0.0,0.0,22.0,0.0,910.25,0.0,2.0,0.0,0.0,77.180115,77.180115,77.180115,77.180115,77.180115,77.180115,77.180115,77.180115,77.180115,77.180115,77.180115,77.180115,77.180115,77.180115,77.180115,77.180115,74.309649,74.309649,74.309649,74.309649,0.0,0.0,100.0,101.0,102.0,0.0,0.0,1628.123,543.4739999999999,981.486,303.78000000000003,True,False,
2026-02-03 11:26:45.446,110.543,5.0,0.0,0.0,2.0,12.0,0.0,0.0,0.0,0.0,0.0,0.0,1.0,0.0,0.0,0.0,1.927,0.0,0.0,0.0,7.415,-221.0,0.0,7.302,222.0,0.0,0.0,4.986,107.0,0.107,0.0,0.686,1.0,4.955,198.0,0.0,0.0,0.0,0.0,4.98,58.0,22.03141,21.49083,21.532,21.42281,26.7051,20.94488,20.88044,22.70803,21.36016,21.5,24.5,0.0,0.0,22.0,0.0,910.25,0.0,2.0,0.0,0.0,77.180115,77.180115,77.180115,77.180115,77.180115,77.180115,77.180115,77.180115,77.180115,77.180115,77.180115,77.180115,77.180115,77.180115,77.180115,77.180115,74.309649,74.309649,74.309649,74.309649,0.0,0.0,100.0,101.0,102.0,0.0,0.0,1621.044,533.502,981.09,288.84000000000003,True,False,
2026-02-03 11:26:45.797,110.894,5.0,0.0,0.0,2.0,13.0,0.0,0.0,0.0,0.0,0.0,0.0,1.0,0.0,0.0,0.0,1.927,0.0,0.0,0.0,7.415,-221.0,0.0,7.302,223.0,0.0,0.0,4.985,109.0,0.107,2.0,0.686,0.0,4.957,198.0,0.0,0.0,0.0,0.0,4.98,58.0,22.02246,21.48725,21.53021,21.4246,26.73374,20.94846,20.88044,22.70445,21.36911,21.5,24.5,0.0,0.0,22.0,0.0,910.25,0.0,2.0,0.0,0.0,77.180115,77.180115,77.180115,77.180115,77.180115,77.180115,77.180115,77.180115,77.180115,77.180115,77.180115,77.180115,77.180115,77.180115,77.180115,77.180115,74.309649,74.309649,74.309649,74.309649,0.0,0.0,100.0,101.0,102.0,0.0,0.0,1628.346,543.365,981.486,288.84000000000003,True,False,
2026-02-03 11:26:46.251,111.348,5.0,0.0,0.0,2.0,13.0,0.0,0.0,0.0,0.0,0.0,0.0,1.0,0.0,0.0,0.0,1.927,0.0,0.0,0.0,7.415,-221.0,0.0,7.298,223.0,0.0,0.0,4.986,107.0,0.107,0.0,0.687,0.0,4.956,197.0,0.0,0.0,0.0,0.0,4.98,58.0,22.02604,21.50515,21.53379,21.42818,26.73195,20.94488,20.88402,22.70624,21.35658,21.5,24.5,0.0,0.0,22.0,0.0,910.25,0.0,2.0,0.0,0.0,77.180115,77.180115,77.180115,77.180115,77.180115,77.180115,77.180115,77.180115,77.180115,77.180115,77.180115,77.180115,77.180115,77.180115,77.180115,77.180115,74.309649,74.309649,74.309649,74.309649,0.0,0.0,100.0,101.0,102.0,0.0,0.0,1627.454,533.502,976.332,288.84000000000003,True,False,
2026-02-03 11:26:46.705,111.802,5.0,0.0,0.0,2.0,14.0,0.0,0.0,0.0,0.0,0.0,0.0,1.0,0.0,0.0,0.0,1.927,0.0,0.0,0.0,7.415,-221.0,0.0,7.301,0.0,0.0,0.0,4.986,107.0,0.107,0.0,0.686,0.0,4.956,197.0,0.0,0.0,0.0,0.0,4.98,58.0,22.02783,21.49799,21.53916,21.41744,26.73374,20.95204,20.8876,22.70803,21.36553,21.5,25.0,0.0,0.0,22.0,0.0,910.25,0.0,2.0,0.0,0.0,77.180115,77.180115,77.180115,77.180115,77.180115,77.180115,77.180115,77.180115,77.180115,77.180115,77.180115,77.180115,77.180115,77.180115,77.180115,77.180115,74.309649,74.309649,74.309649,74.309649,0.0,0.0,100.0,101.0,102.0,0.0,0.0,0.0,533.502,976.332,288.84000000000003,True,False,
2026-02-03 11:26:47.258,112.355,5.0,0.0,0.0,2.0,14.0,0.0,0.0,0.0,0.0,0.0,0.0,1.0,0.0,0.0,0.0,1.927,0.0,0.0,0.0,7.415,-221.0,0.0,7.302,222.0,0.0,0.0,4.986,107.0,0.107,2.0,0.687,0.0,4.957,198.0,0.0,0.0,0.0,0.0,4.98,61.0,22.03499,21.49441,21.53558,21.43176,26.74448,20.94846,20.8876,22.71519,21.36195,21.5,24.5,0.0,0.0,22.0,0.0,910.25,0.0,2.0,0.0,0.0,77.180115,77.180115,77.180115,77.180115,77.180115,77.180115,77.180115,77.180115,77.180115,77.180115,77.180115,77.180115,77.180115,77.180115,77.180115,77.180115,74.309649,74.309649,74.309649,74.309649,0.0,0.0,100.0,101.0,102.0,0.0,0.0,1621.044,533.502,981.486,303.78000000000003,True,False,
2026-02-03 11:26:47.709,112.806,5.0,0.0,0.0,2.0,15.0,0.0,0.0,0.0,0.0,0.0,0.0,1.0,0.0,0.0,0.0,1.927,0.0,0.0,0.0,7.415,-221.0,0.0,7.302,0.0,0.0,0.0,4.986,109.0,0.107,0.0,0.687,1.0,4.956,195.0,0.0,0.0,0.0,0.0,4.98,61.0,22.02604,21.48725,21.532,21.4246,26.7767,20.94846,20.88939,22.71161,21.36911,21.5,24.5,0.0,0.0,22.0,0.0,910.25,0.0,2.0,0.0,0.0,77.180115,77.180115,77.180115,77.180115,77.180115,77.180115,77.180115,77.180115,77.180115,77.180115,77.180115,77.180115,77.180115,77.180115,77.180115,77.180115,74.309649,74.309649,74.309649,74.309649,0.0,0.0,100.0,101.0,102.0,0.0,0.0,0.0,543.4739999999999,966.42,303.78000000000003,True,False,
2026-02-03 11:26:48.412,113.509,5.0,0.0,0.0,2.0,15.0,0.0,0.0,0.0,0.0,0.0,0.0,1.0,0.0,0.0,0.0,1.927,0.0,0.0,0.0,7.415,-221.0,0.0,7.302,0.0,0.0,0.0,4.987,107.0,0.107,1.0,0.686,0.0,4.956,198.0,0.0,0.0,0.0,0.0,4.98,61.0,22.01888,21.49978,21.53916,21.42639,26.78028,20.95025,20.88044,22.71519,21.36553,21.5,24.5,0.0,0.0,22.0,0.0,910.25,0.0,2.0,0.0,0.0,77.180115,77.180115,77.180115,77.180115,77.180115,77.180115,77.180115,77.180115,77.180115,77.180115,77.180115,77.180115,77.180115,77.180115,77.180115,77.180115,74.309649,74.309649,74.309649,74.309649,0.0,0.0,100.0,101.0,102.0,0.0,0.0,0.0,533.609,981.288,303.78000000000003,True,False,
2026-02-03 11:26:48.763,113.86,5.0,0.0,0.0,2.0,16.0,0.0,0.0,0.0,0.0,0.0,0.0,1.0,0.0,0.0,0.0,1.927,0.0,0.0,0.0,7.415,-221.0,0.0,7.301,221.0,0.0,0.0,4.986,107.0,0.106,1.0,0.687,0.0,4.956,198.0,0.0,0.0,0.0,0.0,4.98,61.0,22.02425,21.49978,21.53916,21.43534,26.77849,20.95025,20.89297,22.72593,21.37448,21.5,24.5,0.0,0.0,22.0,0.0,910.25,0.0,2.0,0.0,0.0,77.180115,77.180115,77.180115,77.180115,77.180115,77.180115,77.180115,77.180115,77.180115,77.180115,77.180115,77.180115,77.180115,77.180115,77.180115,77.180115,74.309649,74.309649,74.309649,74.309649,0.0,0.0,100.0,101.0,102.0,0.0,0.0,1613.521,533.502,981.288,303.78000000000003,True,False,
2026-02-03 11:26:49.214,114.311,5.0,0.0,0.0,2.0,16.0,0.0,0.0,0.0,0.0,0.0,0.0,1.0,0.0,0.0,0.0,1.927,0.0,0.0,0.0,7.415,-221.0,0.0,7.302,221.0,0.0,0.0,4.986,105.0,0.106,1.0,0.686,0.0,4.957,197.0,0.0,0.0,0.0,0.0,4.981,62.0,22.01888,21.50157,21.54095,21.42639,26.78207,20.95204,20.89297,22.72414,21.3709,21.5,24.5,0.0,0.0,22.0,0.0,910.25,0.0,2.0,0.0,0.0,77.180115,77.180115,77.180115,77.180115,77.180115,77.180115,77.180115,77.180115,77.180115,77.180115,77.180115,77.180115,77.180115,77.180115,77.180115,77.180115,74.309649,74.309649,74.309649,74.309649,0.0,0.0,100.0,101.0,102.0,0.0,0.0,1613.742,523.53,976.529,308.822,True,False,
2026-02-03 11:26:49.765,114.862,5.0,0.0,0.0,2.0,17.0,0.0,0.0,0.0,0.0,0.0,0.0,1.0,0.0,0.0,0.0,1.927,0.0,0.0,0.0,7.415,-221.0,0.0,7.303,222.0,0.0,0.0,4.986,109.0,0.106,1.0,0.686,0.0,4.956,181.0,0.0,0.0,0.0,0.0,4.981,62.0,22.02962,21.50694,21.54632,21.43176,26.79281,20.94488,20.8876,22.72951,21.36911,21.5,25.0,0.0,0.0,22.0,0.0,910.25,0.0,2.0,0.0,0.0,77.180115,77.180115,77.180115,77.180115,77.180115,77.180115,77.180115,77.180115,77.180115,77.180115,77.180115,77.180115,77.180115,77.180115,77.180115,77.180115,74.309649,74.309649,74.309649,74.309649,0.0,0.0,100.0,101.0,102.0,0.0,0.0,1621.266,543.4739999999999,897.0360000000001,308.822,True,False,
2026-02-03 11:26:50.215,115.312,5.0,0.0,0.0,2.0,17.0,0.0,0.0,0.0,0.0,0.0,0.0,1.0,0.0,0.0,0.0,1.927,0.0,0.0,0.0,7.415,-221.0,0.0,7.303,222.0,0.0,0.0,4.986,106.0,0.107,2.0,0.687,0.0,4.955,202.0,0.0,0.0,0.0,0.0,4.981,62.0,22.02246,21.50694,21.53737,21.42639,26.82324,20.95025,20.90013,22.73309,21.36732,21.5,25.0,0.0,0.0,22.0,0.0,910.25,0.0,2.0,0.0,0.0,77.180115,77.180115,77.180115,77.180115,77.180115,77.180115,77.180115,77.180115,77.180115,77.180115,77.180115,77.180115,77.180115,77.180115,77.180115,77.180115,74.309649,74.309649,74.309649,74.309649,0.0,0.0,100.0,101.0,102.0,0.0,0.0,1621.266,528.516,1000.91,308.822,True,False,
2026-02-03 11:26:50.915,116.012,5.0,0.0,0.0,2.0,18.0,0.0,0.0,0.0,0.0,0.0,0.0,1.0,0.0,0.0,0.0,1.927,0.0,0.0,0.0,7.415,-221.0,0.0,7.297,220.0,0.0,0.0,4.986,109.0,0.107,1.0,0.686,0.0,4.955,183.0,0.0,0.0,0.0,0.0,4.981,62.0,22.03141,21.50694,21.5499,21.43176,26.82324,20.95204,20.89118,22.73309,21.38343,21.5,25.0,0.0,0.0,22.0,0.0,910.25,0.0,2.0,0.0,0.0,77.180115,77.180115,77.180115,77.180115,77.180115,77.180115,77.180115,77.180115,77.180115,77.180115,77.180115,77.180115,77.180115,77.180115,77.180115,77.180115,74.309649,74.309649,74.309649,74.309649,0.0,0.0,100.0,101.0,102.0,0.0,0.0,1605.34,543.4739999999999,906.765,308.822,True,False,
2026-02-03 11:26:51.266,116.363,5.0,0.0,0.0,2.0,18.0,0.0,0.0,0.0,0.0,0.0,0.0,1.0,0.0,0.0,0.0,1.927,0.0,0.0,0.0,7.415,-221.0,0.0,7.3,223.0,0.0,0.0,4.986,109.0,0.107,0.0,0.686,0.0,4.955,202.0,0.0,0.0,0.0,0.0,4.98,58.0,22.02425,21.50515,21.54274,21.42639,26.8304,20.96099,20.90013,22.72593,21.37448,21.5,25.0,0.0,0.0,22.0,0.0,910.25,0.0,2.0,0.0,0.0,77.180115,77.180115,77.180115,77.180115,77.180115,77.180115,77.180115,77.180115,77.180115,77.180115,77.180115,77.180115,77.180115,77.180115,77.180115,77.180115,74.309649,74.309649,74.309649,74.309649,0.0,0.0,100.0,101.0,102.0,0.0,0.0,1627.9,543.4739999999999,1000.91,288.84000000000003,True,True,T2_board_thermal_shock
2026-02-03 11:26:51.718,116.815,5.0,0.0,0.0,2.0,19.0,0.0,0.0,0.0,0.0,0.0,0.0,1.0,0.0,0.0,0.0,1.927,0.0,0.0,0.0,7.415,-221.0,0.0,7.302,222.0,0.0,0.0,4.986,266.0,0.107,1.0,0.686,0.0,4.956,185.0,0.0,0.0,0.0,0.0,4.98,58.0,22.02604,21.50515,21.54274,21.42639,26.84114,20.95025,24.309679625,22.74204,21.36732,21.5,25.0,0.0,0.0,22.0,0.0,910.25,0.0,2.0,0.0,0.0,77.180115,77.180115,77.180115,77.180115,77.180115,77.180115,77.180115,77.180115,77.180115,77.180115,77.180115,77.180115,77.180115,77.180115,77.180115,77.180115,74.309649,74.309649,74.309649,74.309649,0.0,0.0,100.0,101.0,102.0,0.0,0.0,1621.044,1326.2759999999998,916.86,288.84000000000003,True,True,T2_board_thermal_shock
2026-02-03 11:26:52.421,117.518,5.0,0.0,0.0,2.0,19.0,0.0,0.0,0.0,0.0,0.0,0.0,1.0,0.0,0.0,0.0,1.927,0.0,0.0,0.0,7.415,-221.0,0.0,7.302,218.0,0.0,0.0,4.986,266.0,0.107,1.0,0.685,0.0,4.955,201.0,0.0,0.0,0.0,0.0,4.98,58.0,22.02604,21.51231,21.55527,21.43176,26.85546,20.95741,27.72280925,22.75099,21.37448,21.5,25.0,0.0,0.0,22.0,0.0,910.25,0.0,2.0,0.0,0.0,77.180115,77.180115,77.180115,77.180115,77.180115,77.180115,77.180115,77.180115,77.180115,77.180115,77.180115,77.180115,77.180115,77.180115,77.180115,77.180115,74.309649,74.309649,74.309649,74.309649,0.0,0.0,100.0,101.0,102.0,0.0,0.0,1591.836,1326.2759999999998,995.955,288.84000000000003,True,True,T2_board_thermal_shock
2026-02-03 11:26:52.772,117.869,5.0,0.0,0.0,2.0,,0.0,0.0,0.0,0.0,0.0,0.0,1.0,0.0,0.0,0.0,1.927,0.0,0.0,0.0,7.415,-221.0,0.0,7.303,216.0,0.0,0.0,4.987,107.0,0.107,1.0,0.686,0.0,4.955,183.0,0.0,0.0,0.0,0.0,4.98,58.0,22.02604,21.51052,21.55348,21.42818,26.86799,20.95204,31.126988875,22.74383,21.38701,21.5,25.0,0.0,0.0,22.0,0.0,910.25,0.0,2.0,0.0,0.0,77.180115,77.180115,77.180115,77.180115,77.180115,77.180115,77.180115,77.180115,77.180115,77.180115,77.180115,77.180115,77.180115,77.180115,77.180115,77.180115,74.309649,74.309649,74.309649,74.309649,0.0,0.0,100.0,101.0,102.0,0.0,0.0,1577.448,533.609,906.765,288.84000000000003,True,True,T2_board_thermal_shock
2026-02-03 11:26:53.222,118.319,5.0,0.0,0.0,2.0,,0.0,0.0,0.0,0.0,0.0,0.0,1.0,0.0,0.0,0.0,1.927,0.0,0.0,0.0,7.415,-221.0,0.0,7.303,217.0,0.0,0.0,4.986,106.0,0.107,1.0,0.686,0.0,4.955,203.0,0.0,0.0,0.0,0.0,4.978,61.0,22.02604,21.51052,21.53916,21.42818,26.8662,20.94846,34.5401185,22.7492,21.38343,21.5,25.0,0.0,0.0,22.0,0.0,910.25,0.0,2.0,0.0,0.0,77.180115,77.180115,77.180115,77.180115,77.180115,77.180115,77.180115,77.180115,77.180115,77.180115,77.180115,77.180115,77.180115,77.180115,77.180115,77.180115,74.309649,74.309649,74.309649,74.309649,0.0,0.0,100.0,101.0,102.0,0.0,0.0,1584.751,528.516,1005.865,303.65799999999996,True,True,T2_board_thermal_shock
2026-02-03 11:26:53.926,119.023,5.0,0.0,0.0,2.0,,0.0,0.0,0.0,0.0,0.0,0.0,1.0,0.0,0.0,0.0,1.927,0.0,0.0,0.0,7.415,-221.0,0.0,7.303,213.0,0.0,0.0,4.986,107.0,0.107,2.0,0.686,0.0,4.955,188.0,0.0,0.0,0.0,0.0,4.978,61.0,22.02604,21.50873,21.55527,21.42997,26.87515,20.95025,34.5454885,22.75099,21.37806,21.5,25.0,0.0,0.0,22.0,0.0,910.25,0.0,2.0,0.0,0.0,77.180115,77.180115,77.180115,77.180115,77.180115,77.180115,77.180115,77.180115,77.180115,77.180115,77.180115,77.180115,77.180115,77.180115,77.180115,77.180115,74.309649,74.309649,74.309649,74.309649,0.0,0.0,100.0,101.0,102.0,0.0,0.0,1555.539,533.502,931.54,303.65799999999996,True,True,T2_board_thermal_shock
2026-02-03 11:26:54.272,119.369,5.0,0.0,0.0,2.0,,0.0,0.0,0.0,0.0,0.0,0.0,1.0,0.0,0.0,0.0,1.927,0.0,0.0,0.0,7.415,-221.0,0.0,7.303,217.0,0.0,0.0,4.987,106.0,0.107,0.0,0.687,0.0,4.955,203.0,0.0,0.0,0.0,0.0,4.978,61.0,22.02604,21.51768,21.55706,21.43355,26.88052,20.95741,34.550858500000004,22.75636,21.39059,21.5,25.0,0.0,0.0,22.0,0.0,910.25,0.0,2.0,0.0,0.0,77.180115,77.180115,77.180115,77.180115,77.180115,77.180115,77.180115,77.180115,77.180115,77.180115,77.180115,77.180115,77.180115,77.180115,77.180115,77.180115,74.309649,74.309649,74.309649,74.309649,0.0,0.0,100.0,101.0,102.0,0.0,0.0,1584.751,528.622,1005.865,303.65799999999996,True,True,T2_board_thermal_shock
2026-02-03 11:26:54.726,119.823,5.0,0.0,0.0,2.0,,0.0,0.0,0.0,0.0,0.0,0.0,1.0,0.0,0.0,0.0,1.927,0.0,0.0,0.0,7.415,-221.0,0.0,7.305,217.0,0.0,0.0,4.987,100.0,0.107,1.0,0.686,0.0,4.956,191.0,0.0,0.0,0.0,0.0,4.978,61.0,22.0332,21.51768,21.54632,21.42818,26.89484,20.95383,34.547278500000004,22.75815,21.3888,21.5,25.0,0.0,0.0,22.0,0.0,910.25,0.0,2.0,0.0,0.0,77.180115,77.180115,77.180115,77.180115,77.180115,77.180115,77.180115,77.180115,77.180115,77.180115,77.180115,77.180115,77.180115,77.180115,77.180115,77.180115,74.309649,74.309649,74.309649,74.309649,0.0,0.0,100.0,101.0,102.0,0.0,0.0,1585.185,498.7,946.596,303.65799999999996,True,True,T2_board_thermal_shock
2026-02-03 11:26:55.429,120.526,5.0,0.0,0.0,2.0,,0.0,0.0,0.0,0.0,0.0,0.0,1.0,0.0,0.0,0.0,1.927,0.0,0.0,0.0,7.415,-221.0,0.0,7.302,216.0,0.0,0.0,4.987,100.0,0.107,1.0,0.686,0.0,4.955,202.0,0.0,0.0,0.0,0.0,4.98,61.0,22.03141,21.51589,21.54632,21.43355,26.902,20.94488,34.549068500000004,22.75278,21.38701,21.5,25.0,0.0,0.0,22.0,0.0,910.25,0.0,2.0,0.0,0.0,77.180115,77.180115,77.180115,77.180115,77.180115,77.180115,77.180115,77.180115,77.180115,77.180115,77.180115,77.180115,77.180115,77.180115,77.180115,77.180115,74.309649,74.309649,74.309649,74.309649,0.0,0.0,100.0,101.0,102.0,0.0,0.0,1577.232,498.7,1000.91,303.78000000000003,True,True,T2_board_thermal_shock
2026-02-03 11:26:55.779,120.876,5.0,0.0,0.0,2.0,,0.0,0.0,0.0,0.0,0.0,0.0,1.0,0.0,0.0,0.0,1.927,0.0,0.0,0.0,7.415,-221.0,0.0,7.302,215.0,0.0,0.0,4.986,253.0,0.107,0.0,0.687,0.0,4.955,187.0,0.0,0.0,0.0,0.0,4.98,61.0,22.02425,21.52305,21.55348,21.43534,26.90916,20.95204,34.550858500000004,22.75636,21.38343,21.5,25.0,0.0,0.0,22.0,0.0,910.25,0.0,2.0,0.0,0.0,77.180115,77.180115,77.180115,77.180115,77.180115,77.180115,77.180115,77.180115,77.180115,77.180115,77.180115,77.180115,77.180115,77.180115,77.180115,77.180115,74.309649,74.309649,74.309649,74.309649,0.0,0.0,100.0,101.0,102.0,0.0,0.0,1569.9299999999998,1261.458,926.585,303.78000000000003,True,True,T2_board_thermal_shock
2026-02-03 11:26:56.232,121.329,5.0,0.0,0.0,2.0,,0.0,0.0,0.0,0.0,0.0,0.0,1.0,0.0,0.0,0.0,1.927,0.0,0.0,0.0,7.415,-221.0,0.0,7.302,218.0,0.0,0.0,4.987,252.0,0.106,1.0,0.685,0.0,4.956,202.0,0.0,0.0,0.0,0.0,4.98,61.0,22.03499,21.52305,21.56601,21.43176,26.91095,20.95741,34.5580185,22.75457,21.39596,21.5,25.0,0.0,0.0,22.0,0.0,910.25,0.0,2.0,0.0,0.0,77.180115,77.180115,77.180115,77.180115,77.180115,77.180115,77.180115,77.180115,77.180115,77.180115,77.180115,77.180115,77.180115,77.180115,77.180115,77.180115,74.309649,74.309649,74.309649,74.309649,0.0,0.0,100.0,101.0,102.0,0.0,0.0,1591.836,1256.724,1001.112,303.78000000000003,True,True,T2_board_thermal_shock
2026-02-03 11:26:56.935,122.032,5.0,0.0,0.0,2.0,,0.0,0.0,0.0,0.0,0.0,0.0,1.0,0.0,0.0,0.0,1.927,0.0,0.0,0.0,7.415,-221.0,0.0,7.303,216.0,0.0,0.0,4.988,250.0,0.107,0.0,0.687,0.0,4.953,191.0,0.0,0.0,0.0,0.0,4.98,61.0,22.01888,21.53021,21.55348,21.43534,26.9199,20.95562,34.5383285,22.75994,21.38343,21.5,25.0,0.0,0.0,22.0,0.0,910.25,0.0,2.0,0.0,0.0,77.180115,77.180115,77.180115,77.180115,77.180115,77.180115,77.180115,77.180115,77.180115,77.180115,77.180115,77.180115,77.180115,77.180115,77.180115,77.180115,74.309649,74.309649,74.309649,74.309649,0.0,0.0,100.0,101.0,102.0,0.0,0.0,1577.448,1247.0,946.023,303.78000000000003,True,True,T2_board_thermal_shock
2026-02-03 11:26:57.286,122.383,5.0,0.0,0.0,2.0,,0.0,0.0,0.0,0.0,0.0,0.0,1.0,0.0,0.0,0.0,1.927,0.0,0.0,0.0,7.415,-221.0,0.0,7.303,216.0,0.0,0.0,4.987,252.0,0.107,1.0,0.686,0.0,4.957,201.0,0.0,0.0,0.0,0.0,4.978,58.0,22.03141,21.51947,21.55885,21.43176,26.93064,20.95562,34.550858500000004,22.7671,21.37806,21.5,25.0,0.0,0.0,22.0,0.0,910.25,0.0,2.0,0.0,0.0,77.180115,77.180115,77.180115,77.180115,77.180115,77.180115,77.180115,77.180115,77.180115,77.180115,77.180115,77.180115,77.180115,77.180115,77.180115,77.180115,74.309649,74.309649,74.309649,74.309649,0.0,0.0,100.0,101.0,102.0,0.0,0.0,1577.448,1256.724,996.357,288.724,True,True,T2_board_thermal_shock
2026-02-03 11:26:57.740,122.837,5.0,0.0,0.0,2.0,,0.0,0.0,0.0,0.0,0.0,0.0,1.0,0.0,0.0,0.0,1.927,0.0,0.0,0.0,7.415,-221.0,0.0,7.305,217.0,0.0,0.0,4.987,253.0,0.107,0.0,0.686,0.0,4.955,193.0,0.0,0.0,0.0,0.0,4.978,58.0,22.03499,21.52484,21.56601,21.43892,26.95212,20.95741,28.735099191056086,22.75994,21.39596,21.5,25.0,0.0,0.0,22.0,0.0,910.25,0.0,2.0,0.0,0.0,77.180115,77.180115,77.180115,77.180115,77.180115,77.180115,77.180115,77.180115,77.180115,77.180115,77.180115,77.180115,77.180115,77.180115,77.180115,77.180115,74.309649,74.309649,74.309649,74.309649,0.0,0.0,100.0,101.0,102.0,0.0,0.0,1585.185,1261.711,956.315,288.724,True,True,T2_board_thermal_shock
2026-02-03 11:26:58.439,123.536,5.0,0.0,0.0,2.0,,0.0,0.0,0.0,0.0,0.0,0.0,1.0,0.0,0.0,0.0,1.927,0.0,0.0,0.0,7.415,-221.0,0.0,7.305,217.0,0.0,0.0,4.987,255.0,0.106,1.0,0.686,0.0,4.955,203.0,0.0,0.0,0.0,0.0,4.978,58.0,22.02783,21.52305,21.55706,21.44429,26.95928,20.95562,25.396233356117705,22.76173,21.39417,21.5,25.0,0.0,0.0,22.0,0.0,910.25,0.0,2.0,0.0,0.0,77.180115,77.180115,77.180115,77.180115,77.180115,77.180115,77.180115,77.180115,77.180115,77.180115,77.180115,77.180115,77.180115,77.180115,77.180115,77.180115,74.309649,74.309649,74.309649,74.309649,0.0,0.0,100.0,101.0,102.0,0.0,0.0,1585.185,1271.685,1005.865,288.724,True,True,T2_board_thermal_shock
2026-02-03 11:26:58.791,123.888,5.0,0.0,0.0,2.0,20.0,0.0,0.0,0.0,0.0,0.0,0.0,1.0,0.0,0.0,0.0,1.927,0.0,0.0,0.0,7.415,-221.0,0.0,7.302,213.0,0.0,0.0,4.986,253.0,0.107,0.0,0.686,0.0,4.955,192.0,0.0,0.0,0.0,0.0,4.978,58.0,22.03141,21.53379,21.57138,21.44071,26.95928,20.95383,23.473387661938467,22.7671,21.39596,21.5,25.0,0.0,0.0,22.0,0.0,910.25,0.0,2.0,0.0,0.0,77.180115,77.180115,77.180115,77.180115,77.180115,77.180115,77.180115,77.180115,77.180115,77.180115,77.180115,77.180115,77.180115,77.180115,77.180115,77.180115,74.309649,74.309649,74.309649,74.309649,0.0,0.0,100.0,101.0,102.0,0.0,0.0,1555.326,1261.458,951.36,288.724,True,True,T2_board_thermal_shock
2026-02-03 11:26:59.241,124.338,5.0,0.0,0.0,2.0,20.0,0.0,0.0,0.0,0.0,0.0,0.0,1.0,0.0,0.0,0.0,1.927,0.0,0.0,0.0,7.415,-221.0,0.0,7.303,213.0,0.0,0.0,4.987,252.0,0.107,1.0,0.687,0.0,4.956,198.0,0.0,0.0,0.0,0.0,4.978,58.0,22.02604,21.52484,21.56601,21.43534,26.99329,20.9592,22.383206441845363,22.77426,21.40133,21.5,25.0,0.0,0.0,22.0,0.0,910.25,0.0,2.0,0.0,0.0,77.180115,77.180115,77.180115,77.180115,77.180115,77.180115,77.180115,77.180115,77.180115,77.180115,77.180115,77.180115,77.180115,77.180115,77.180115,77.180115,74.309649,74.309649,74.309649,74.309649,0.0,0.0,100.0,101.0,102.0,0.0,0.0,1555.539,1256.724,981.288,288.724,True,True,T2_board_thermal_shock
2026-02-03 11:26:59.944,125.041,5.0,0.0,0.0,2.0,21.0,0.0,0.0,0.0,0.0,0.0,0.0,1.0,0.0,0.0,0.0,1.927,0.0,0.0,0.0,7.415,-221.0,0.0,7.303,213.0,0.0,0.0,4.987,255.0,0.107,0.0,0.686,0.0,4.956,193.0,0.0,0.0,0.0,0.0,4.978,58.0,22.02425,21.52484,21.55885,21.44071,27.00045,20.9592,21.752576144477636,22.77068,21.39417,21.5,25.0,0.0,0.0,22.0,0.0,910.25,0.0,2.0,0.0,0.0,77.180115,77.180115,77.180115,77.180115,77.180115,77.180115,77.180115,77.180115,77.180115,77.180115,77.180115,77.180115,77.180115,77.180115,77.180115,77.180115,74.309649,74.309649,74.309649,74.309649,0.0,0.0,100.0,101.0,102.0,0.0,0.0,1555.539,1271.685,956.508,288.724,True,True,T2_board_thermal_shock
2026-02-03 11:27:00.297,125.394,5.0,0.0,0.0,2.0,21.0,0.0,0.0,0.0,0.0,0.0,0.0,1.0,0.0,0.0,0.0,1.927,0.0,0.0,0.0,7.415,-221.0,0.0,7.302,215.0,0.0,0.0,4.986,253.0,0.106,0.0,0.686,1.0,4.957,192.0,0.0,0.0,0.0,0.0,4.978,58.0,22.01888,21.53737,21.56064,21.43892,26.98613,20.96099,21.38179985414224,22.78142,21.3888,21.5,25.0,0.0,0.0,22.0,0.0,910.25,0.0,2.0,0.0,0.0,77.180115,77.180115,77.180115,77.180115,77.180115,77.180115,77.180115,77.180115,77.180115,77.180115,77.180115,77.180115,77.180115,77.180115,77.180115,77.180115,74.309649,74.309649,74.309649,74.309649,0.0,0.0,100.0,101.0,102.0,0.0,0.0,1569.9299999999998,1261.458,951.744,288.724,True,True,T2_board_thermal_shock
2026-02-03 11:27:00.748,125.845,5.0,0.0,0.0,2.0,22.0,0.0,0.0,0.0,0.0,0.0,0.0,1.0,0.0,0.0,0.0,1.927,0.0,0.0,0.0,7.415,-221.0,0.0,7.302,215.0,0.0,0.0,4.987,251.0,0.107,1.0,0.686,0.0,4.956,193.0,0.0,0.0,0.0,0.0,4.978,58.0,22.01888,21.532,21.5678,21.43713,26.99866,20.96099,21.177780782349572,22.77426,21.39775,21.5,25.0,0.0,0.0,22.0,0.0,910.25,0.0,2.0,0.0,0.0,77.180115,77.180115,77.180115,77.180115,77.180115,77.180115,77.180115,77.180115,77.180115,77.180115,77.180115,77.180115,77.180115,77.180115,77.180115,77.180115,74.309649,74.309649,74.309649,74.309649,0.0,0.0,100.0,101.0,102.0,0.0,0.0,1569.9299999999998,1251.737,956.508,288.724,True,True,T2_board_thermal_shock
2026-02-03 11:27:01.452,126.549,5.0,0.0,0.0,2.0,22.0,0.0,0.0,0.0,0.0,0.0,0.0,1.0,0.0,0.0,0.0,1.927,0.0,0.0,0.0,7.415,-221.0,0.0,7.302,217.0,0.0,0.0,4.987,100.0,0.106,0.0,0.686,0.0,4.957,188.0,0.0,0.0,0.0,0.0,4.98,58.0,22.02962,21.532,21.57317,21.44429,27.00761,20.96278,21.055090104766613,22.78679,21.40312,21.5,25.0,0.0,0.0,22.0,0.0,910.25,0.0,2.0,0.0,0.0,77.180115,77.180115,77.180115,77.180115,77.180115,77.180115,77.180115,77.180115,77.180115,77.180115,77.180115,77.180115,77.180115,77.180115,77.180115,77.180115,74.309649,74.309649,74.309649,74.309649,0.0,0.0,100.0,101.0,102.0,0.0,0.0,1584.534,498.7,931.916,288.84000000000003,True,True,T2_board_thermal_shock
2026-02-03 11:27:01.803,126.9,5.0,0.0,0.0,2.0,23.0,0.0,0.0,0.0,0.0,0.0,0.0,1.0,0.0,0.0,0.0,1.927,0.0,0.0,0.0,7.415,-221.0,0.0,7.303,215.0,0.0,0.0,4.986,253.0,0.107,1.0,0.686,1.0,4.956,186.0,0.0,0.0,0.0,0.0,4.98,58.0,22.02425,21.52842,21.57675,21.43892,27.00761,20.96099,20.979589946057033,22.78679,21.41386,21.5,25.0,0.0,0.0,22.0,0.0,910.25,0.0,2.0,0.0,0.0,77.180115,77.180115,77.180115,77.180115,77.180115,77.180115,77.180115,77.180115,77.180115,77.180115,77.180115,77.180115,77.180115,77.180115,77.180115,77.180115,74.309649,74.309649,74.309649,74.309649,0.0,0.0,100.0,101.0,102.0,0.0,0.0,1570.145,1261.458,921.816,288.84000000000003,True,True,T2_board_thermal_shock
2026-02-03 11:27:02.255,127.352,5.0,0.0,0.0,2.0,23.0,0.0,0.0,0.0,0.0,0.0,0.0,1.0,0.0,0.0,0.0,1.927,0.0,0.0,0.0,7.415,-221.0,0.0,7.303,221.0,0.0,0.0,4.986,252.0,0.107,0.0,0.687,0.0,4.957,188.0,0.0,0.0,0.0,0.0,4.98,58.0,22.02246,21.53379,21.5678,21.4425,27.02014,20.95562,20.90013,22.79037,21.41565,21.5,25.0,0.0,0.0,22.0,0.0,910.25,0.0,2.0,0.0,0.0,77.180115,77.180115,77.180115,77.180115,77.180115,77.180115,77.180115,77.180115,77.180115,77.180115,77.180115,77.180115,77.180115,77.180115,77.180115,77.180115,74.309649,74.309649,74.309649,74.309649,0.0,0.0,100.0,101.0,102.0,0.0,0.0,1613.963,1256.472,931.916,288.84000000000003,True,False,
2026-02-03 11:27:02.706,127.803,5.0,0.0,0.0,2.0,24.0,0.0,0.0,0.0,0.0,0.0,0.0,1.0,0.0,0.0,0.0,1.927,0.0,0.0,0.0,7.415,-221.0,0.0,7.302,220.0,0.0,0.0,4.987,253.0,0.107,1.0,0.687,0.0,4.958,185.0,0.0,0.0,0.0,0.0,4.98,58.0,22.03499,21.54274,21.5678,21.43713,27.03625,20.9592,20.90192,22.79037,21.41207,21.5,25.0,0.0,0.0,22.0,0.0,910.25,0.0,2.0,0.0,0.0,77.180115,77.180115,77.180115,77.180115,77.180115,77.180115,77.180115,77.180115,77.180115,77.180115,77.180115,77.180115,77.180115,77.180115,77.180115,77.180115,74.309649,74.309649,74.309649,74.309649,0.0,0.0,100.0,101.0,102.0,0.0,0.0,1606.4399999999998,1261.711,917.23,288.84000000000003,True,False,
2026-02-03 11:27:03.257,128.354,5.0,0.0,0.0,2.0,24.0,0.0,0.0,0.0,0.0,0.0,0.0,1.0,0.0,0.0,0.0,1.927,0.0,0.0,0.0,7.415,-221.0,0.0,7.302,223.0,0.0,0.0,4.986,253.0,0.108,0.0,0.686,0.0,4.956,186.0,0.0,0.0,0.0,0.0,4.978,60.0,22.02783,21.54811,21.58391,21.4425,27.03983,20.95562,20.90192,22.79932,21.41028,21.5,25.0,0.0,0.0,22.0,0.0,910.25,0.0,2.0,0.0,0.0,77.180115,77.180115,77.180115,77.180115,77.180115,77.180115,77.180115,77.180115,77.180115,77.180115,77.180115,77.180115,77.180115,77.180115,77.180115,77.180115,74.309649,74.309649,74.309649,74.309649,0.0,0.0,100.0,101.0,102.0,0.0,0.0,1628.346,1261.458,921.816,298.68,True,False,
2026-02-03 11:27:03.707,128.804,5.0,0.0,0.0,2.0,25.0,0.0,0.0,0.0,0.0,0.0,0.0,1.0,0.0,0.0,0.0,1.927,0.0,0.0,0.0,7.415,-221.0,0.0,7.303,221.0,0.0,0.0,4.987,253.0,0.107,0.0,0.686,0.0,4.955,186.0,0.0,0.0,0.0,0.0,4.978,60.0,22.02962,21.54095,21.56959,21.4425,27.06489,20.96278,20.90908,22.79216,21.41744,21.5,25.0,0.0,0.0,22.0,0.0,910.25,0.0,2.0,0.0,0.0,77.180115,77.180115,77.180115,77.180115,77.180115,77.180115,77.180115,77.180115,77.180115,77.180115,77.180115,77.180115,77.180115,77.180115,77.180115,77.180115,74.309649,74.309649,74.309649,74.309649,0.0,0.0,100.0,101.0,102.0,0.0,0.0,1613.963,1261.711,921.63,298.68,True,False,
2026-02-03 11:27:04.261,129.358,5.0,0.0,0.0,2.0,25.0,0.0,0.0,0.0,0.0,0.0,0.0,1.0,0.0,0.0,0.0,1.927,0.0,0.0,0.0,7.415,-221.0,0.0,7.302,220.0,0.0,0.0,4.986,101.0,0.107,1.0,0.687,0.0,4.955,187.0,0.0,0.0,0.0,0.0,4.978,60.0,22.02067,21.5499,21.58033,21.44429,27.08279,20.96099,20.89834,22.79932,21.41028,21.5,25.0,0.0,0.0,22.0,0.0,910.25,0.0,2.0,0.0,0.0,77.180115,77.180115,77.180115,77.180115,77.180115,77.180115,77.180115,77.180115,77.180115,77.180115,77.180115,77.180115,77.180115,77.180115,77.180115,77.180115,74.309649,74.309649,74.309649,74.309649,0.0,0.0,100.0,101.0,102.0,0.0,0.0,1606.4399999999998,503.586,926.585,298.68,True,False,
2026-02-03 11:27:04.709,129.806,5.0,0.0,0.0,2.0,26.0,0.0,0.0,0.0,0.0,0.0,0.0,1.0,0.0,0.0,0.0,1.927,0.0,0.0,0.0,7.415,-221.0,0.0,7.302,217.0,0.0,0.0,4.986,104.0,0.107,1.0,0.686,0.0,4.955,182.0,0.0,0.0,0.0,0.0,4.978,60.0,22.03141,21.54811,21.58391,21.4425,27.05415,20.96457,20.90192,22.79753,21.41386,21.5,25.0,0.0,0.0,22.0,0.0,910.25,0.0,2.0,0.0,0.0,77.180115,77.180115,77.180115,77.180115,77.180115,77.180115,77.180115,77.180115,77.180115,77.180115,77.180115,77.180115,77.180115,77.180115,77.180115,77.180115,74.309649,74.309649,74.309649,74.309649,0.0,0.0,100.0,101.0,102.0,0.0,0.0,1584.534,518.544,901.81,298.68,True,False,
2026-02-03 11:27:05.261,130.358,5.0,0.0,0.0,2.0,26.0,0.0,0.0,0.0,0.0,0.0,0.0,1.0,0.0,0.0,0.0,1.927,0.0,0.0,0.0,7.415,-221.0,0.0,7.301,221.0,0.0,0.0,4.986,105.0,0.106,0.0,0.687,0.0,4.956,190.0,0.0,0.0,0.0,0.0,4.98,58.0,22.03141,21.54274,21.57138,21.44787,27.02193,20.96099,20.90729,22.79574,21.41207,21.5,25.0,0.0,0.0,22.0,0.0,910.25,0.0,2.0,0.0,0.0,77.180115,77.180115,77.180115,77.180115,77.180115,77.180115,77.180115,77.180115,77.180115,77.180115,77.180115,77.180115,77.180115,77.180115,77.180115,77.180115,74.309649,74.309649,74.309649,74.309649,0.0,0.0,100.0,101.0,102.0,0.0,0.0,1613.521,523.53,941.64,288.84000000000003,True,False,
2026-02-03 11:27:05.711,130.808,5.0,0.0,0.0,2.0,27.0,0.0,0.0,0.0,0.0,0.0,0.0,1.0,0.0,0.0,0.0,1.927,0.0,0.0,0.0,7.415,-221.0,0.0,7.298,217.0,0.0,0.0,4.985,105.0,0.107,1.0,0.686,0.0,4.956,203.0,0.0,0.0,0.0,0.0,4.98,58.0,22.02604,21.5499,21.57854,21.44429,27.07921,20.96815,20.90371,22.8029,21.41744,21.5,25.0,0.0,0.0,22.0,0.0,910.25,0.0,2.0,0.0,0.0,77.180115,77.180115,77.180115,77.180115,77.180115,77.180115,77.180115,77.180115,77.180115,77.180115,77.180115,77.180115,77.180115,77.180115,77.180115,77.180115,74.309649,74.309649,74.309649,74.309649,0.0,0.0,100.0,101.0,102.0,0.0,0.0,1583.666,523.4250000000001,1006.068,288.84000000000003,True,False,
2026-02-03 11:27:06.264,131.361,5.0,0.0,0.0,2.0,27.0,0.0,0.0,0.0,0.0,0.0,0.0,1.0,0.0,0.0,0.0,1.927,0.0,0.0,0.0,7.415,-221.0,0.0,7.298,222.0,0.0,0.0,4.986,105.0,0.107,2.0,0.686,0.0,4.955,186.0,0.0,0.0,0.0,0.0,4.98,58.0,22.02604,21.5499,21.57496,21.43534,27.10785,20.96457,20.90908,22.8029,21.41565,21.5,25.0,0.0,0.0,22.0,0.0,910.25,0.0,2.0,0.0,0.0,77.180115,77.180115,77.180115,77.180115,77.180115,77.180115,77.180115,77.180115,77.180115,77.180115,77.180115,77.180115,77.180115,77.180115,77.180115,77.180115,74.309649,74.309649,74.309649,74.309649,0.0,0.0,100.0,101.0,102.0,0.0,0.0,1620.156,523.53,921.63,288.84000000000003,True,False,
2026-02-03 11:27:06.714,131.811,5.0,0.0,0.0,2.0,28.0,0.0,0.0,0.0,0.0,0.0,0.0,1.0,0.0,0.0,0.0,1.927,0.0,0.0,0.0,7.415,-221.0,0.0,7.301,222.0,0.0,0.0,4.986,105.0,0.108,2.0,0.687,0.0,4.956,203.0,0.0,0.0,0.0,0.0,4.98,58.0,22.02783,21.54811,21.58212,21.44608,27.12396,20.96278,20.90729,22.81006,21.41744,21.5,25.0,0.0,0.0,22.0,0.0,910.25,0.0,2.0,0.0,0.0,77.180115,77.180115,77.180115,77.180115,77.180115,77.180115,77.180115,77.180115,77.180115,77.180115,77.180115,77.180115,77.180115,77.180115,77.180115,77.180115,74.309649,74.309649,74.309649,74.309649,0.0,0.0,100.0,101.0,102.0,0.0,0.0,1620.822,523.53,1006.068,288.84000000000003,True,False,
2026-02-03 11:27:07.263,132.36,5.0,0.0,0.0,2.0,28.0,0.0,0.0,0.0,0.0,0.0,0.0,1.0,0.0,0.0,0.0,1.927,0.0,0.0,0.0,7.415,-221.0,0.0,7.302,223.0,0.0,0.0,4.985,104.0,0.106,1.0,0.686,0.0,4.955,190.0,0.0,0.0,0.0,0.0,4.98,58.0,22.03678,21.54632,21.59286,21.4425,27.1168,20.9592,20.90729,22.80648,21.42102,21.5,25.0,0.0,0.0,22.0,0.0,910.25,0.0,2.0,0.0,0.0,77.180115,77.180115,77.180115,77.180115,77.180115,77.180115,77.180115,77.180115,77.180115,77.180115,77.180115,77.180115,77.180115,77.180115,77.180115,77.180115,74.309649,74.309649,74.309649,74.309649,0.0,0.0,100.0,101.0,102.0,0.0,0.0,1628.346,518.44,941.45,288.84000000000003,True,False,
2026-02-03 11:27:07.715,132.812,5.0,0.0,0.0,2.0,29.0,0.0,0.0,0.0,0.0,0.0,0.0,1.0,0.0,0.0,0.0,1.927,0.0,0.0,0.0,7.415,-221.0,0.0,7.301,220.0,0.0,0.0,4.986,105.0,0.106,1.0,0.685,0.0,4.955,202.0,0.0,0.0,0.0,0.0,4.98,58.0,22.02246,21.55348,21.58033,21.45324,27.08816,20.97173,20.90192,22.82259,21.42997,21.5,25.0,0.0,0.0,22.0,0.0,910.25,0.0,2.0,0.0,0.0,77.180115,77.180115,77.180115,77.180115,77.180115,77.180115,77.180115,77.180115,77.180115,77.180115,77.180115,77.180115,77.180115,77.180115,77.180115,77.180115,74.309649,74.309649,74.309649,74.309649,0.0,0.0,100.0,101.0,102.0,0.0,0.0,1606.22,523.53,1000.91,288.84000000000003,True,False,
2026-02-03 11:27:08.266,133.363,5.0,0.0,0.0,2.0,29.0,0.0,0.0,0.0,0.0,0.0,0.0,1.0,0.0,0.0,0.0,1.927,0.0,0.0,0.0,7.415,-221.0,0.0,7.3,223.0,0.0,0.0,4.985,104.0,0.107,1.0,0.685,0.0,4.955,191.0,0.0,0.0,0.0,0.0,4.98,58.0,22.03857,21.5499,21.58928,21.44966,27.14723,20.96994,20.91087,22.82617,21.42281,21.5,25.0,0.0,0.0,22.0,0.0,910.25,0.0,2.0,0.0,0.0,77.180115,77.180115,77.180115,77.180115,77.180115,77.180115,77.180115,77.180115,77.180115,77.180115,77.180115,77.180115,77.180115,77.180115,77.180115,77.180115,74.309649,74.309649,74.309649,74.309649,0.0,0.0,100.0,101.0,102.0,0.0,0.0,1627.9,518.44,946.405,288.84000000000003,True,False,
2026-02-03 11:27:08.717,133.814,5.0,0.0,0.0,2.0,,0.0,0.0,0.0,0.0,0.0,0.0,1.0,0.0,0.0,0.0,1.927,0.0,0.0,0.0,7.415,-221.0,0.0,7.297,222.0,0.0,0.0,4.986,105.0,0.107,0.0,0.686,0.0,4.956,203.0,0.0,0.0,0.0,0.0,4.98,58.0,22.03499,21.55706,21.58928,21.45503,27.12754,20.97173,20.90729,22.81364,21.41744,21.5,25.0,0.0,0.0,22.0,0.0,910.25,0.0,2.0,0.0,0.0,77.180115,77.180115,77.180115,77.180115,77.180115,77.180115,77.180115,77.180115,77.180115,77.180115,77.180115,77.180115,77.180115,77.180115,77.180115,77.180115,74.309649,74.309649,74.309649,74.309649,0.0,0.0,100.0,101.0,102.0,0.0,0.0,1619.934,523.53,1006.068,288.84000000000003,True,False,
2026-02-03 11:27:09.422,134.519,5.0,0.0,0.0,2.0,,0.0,0.0,0.0,0.0,0.0,0.0,1.0,0.0,0.0,0.0,1.927,0.0,0.0,0.0,7.415,-221.0,0.0,7.301,221.0,0.0,0.0,4.986,105.0,0.106,1.0,0.686,0.0,4.956,188.0,0.0,0.0,0.0,0.0,4.978,58.0,22.03499,21.56243,21.58928,21.45682,27.15081,20.97173,20.90908,22.81901,21.43355,21.5,25.0,0.0,0.0,22.0,0.0,910.25,0.0,2.0,0.0,0.0,77.180115,77.180115,77.180115,77.180115,77.180115,77.180115,77.180115,77.180115,77.180115,77.180115,77.180115,77.180115,77.180115,77.180115,77.180115,77.180115,74.309649,74.309649,74.309649,74.309649,0.0,0.0,100.0,101.0,102.0,0.0,0.0,1613.521,523.53,931.728,288.724,True,False,
2026-02-03 11:27:09.771,134.868,5.0,0.0,0.0,2.0,,0.0,0.0,0.0,0.0,0.0,0.0,1.0,0.0,0.0,0.0,1.927,0.0,0.0,0.0,7.415,-221.0,0.0,7.301,220.0,0.0,0.0,4.985,105.0,0.107,1.0,0.687,0.0,4.956,203.0,0.0,0.0,0.0,0.0,4.978,58.0,22.02604,21.55885,21.59465,21.45145,27.16692,20.96815,20.91624,22.82975,21.41744,21.5,25.0,0.0,0.0,22.0,0.0,910.25,0.0,2.0,0.0,0.0,77.180115,77.180115,77.180115,77.180115,77.180115,77.180115,77.180115,77.180115,77.180115,77.180115,77.180115,77.180115,77.180115,77.180115,77.180115,77.180115,74.309649,74.309649,74.309649,74.309649,0.0,0.0,100.0,101.0,102.0,0.0,0.0,1606.22,523.4250000000001,1006.068,288.724,True,False,
2026-02-03 11:27:10.222,135.319,5.0,0.0,0.0,2.0,,0.0,0.0,0.0,0.0,0.0,0.0,1.0,0.0,0.0,0.0,1.927,0.0,0.0,0.0,7.415,-221.0,0.0,7.301,220.0,0.0,0.0,4.986,105.0,0.107,1.0,0.686,0.0,4.955,190.0,0.0,0.0,0.0,0.0,4.978,58.0,22.03857,21.55348,21.59286,21.45145,27.11322,20.96994,20.91445,22.82259,21.4246,21.5,25.0,0.0,0.0,22.0,0.0,910.25,0.0,2.0,0.0,0.0,77.180115,77.180115,77.180115,77.180115,77.180115,77.180115,77.180115,77.180115,77.180115,77.180115,77.180115,77.180115,77.180115,77.180115,77.180115,77.180115,74.309649,74.309649,74.309649,74.309649,0.0,0.0,100.0,101.0,102.0,0.0,0.0,1606.22,523.53,941.45,288.724,True,False,
2026-02-03 11:27:10.925,136.022,5.0,0.0,0.0,2.0,,0.0,0.0,0.0,0.0,0.0,0.0,1.0,0.0,0.0,0.0,1.927,0.0,0.0,0.0,7.415,-221.0,0.0,7.302,221.0,0.0,0.0,4.986,106.0,0.107,0.0,0.686,0.0,4.956,202.0,0.0,0.0,0.0,0.0,4.978,58.0,22.02962,21.56064,21.59644,21.44608,27.16334,20.96457,20.9055,22.82438,21.42997,21.5,25.0,0.0,0.0,22.0,0.0,910.25,0.0,2.0,0.0,0.0,77.180115,77.180115,77.180115,77.180115,77.180115,77.180115,77.180115,77.180115,77.180115,77.180115,77.180115,77.180115,77.180115,77.180115,77.180115,77.180115,74.309649,74.309649,74.309649,74.309649,0.0,0.0,100.0,101.0,102.0,0.0,0.0,1613.742,528.516,1001.112,288.724,True,False,
2026-02-03 11:27:11.276,136.373,5.0,0.0,0.0,2.0,,0.0,0.0,0.0,0.0,0.0,0.0,1.0,0.0,0.0,0.0,1.927,0.0,0.0,0.0,7.415,-221.0,0.0,7.301,221.0,0.0,0.0,4.986,104.0,0.108,2.0,0.687,0.0,4.956,191.0,0.0,0.0,0.0,0.0,4.98,60.0,22.03499,21.56064,21.60181,21.45861,27.17229,20.97173,20.9055,22.84407,21.43176,21.5,25.0,0.0,0.0,22.0,0.0,910.25,0.0,2.0,0.0,0.0,77.180115,77.180115,77.180115,77.180115,77.180115,77.180115,77.180115,77.180115,77.180115,77.180115,77.180115,77.180115,77.180115,77.180115,77.180115,77.180115,74.309649,74.309649,74.309649,74.309649,0.0,0.0,100.0,101.0,102.0,0.0,0.0,1613.521,518.544,946.596,298.8,True,False,
2026-02-03 11:27:11.727,136.824,5.0,0.0,0.0,2.0,,0.0,0.0,0.0,0.0,0.0,0.0,1.0,0.0,0.0,0.0,1.927,0.0,0.0,0.0,7.415,-221.0,0.0,7.301,222.0,0.0,0.0,4.986,104.0,0.107,1.0,0.685,0.0,4.955,203.0,0.0,0.0,0.0,0.0,4.98,60.0,22.02783,21.56243,21.59823,21.45324,27.18482,20.97173,20.91803,22.84228,21.43355,21.5,25.0,0.0,0.0,22.0,0.0,910.25,0.0,2.0,0.0,0.0,77.180115,77.180115,77.180115,77.180115,77.180115,77.180115,77.180115,77.180115,77.180115,77.180115,77.180115,77.180115,77.180115,77.180115,77.180115,77.180115,74.309649,74.309649,74.309649,74.309649,0.0,0.0,100.0,101.0,102.0,0.0,0.0,1620.822,518.544,1005.865,298.8,True,False,
2026-02-03 11:27:12.430,137.527,5.0,0.0,0.0,2.0,,0.0,0.0,0.0,0.0,0.0,0.0,1.0,0.0,0.0,0.0,1.927,0.0,0.0,0.0,7.415,-221.0,0.0,7.298,222.0,0.0,0.0,4.986,107.0,0.107,2.0,0.685,0.0,4.956,193.0,0.0,0.0,0.0,0.0,4.98,60.0,22.03141,21.56422,21.59644,21.44608,27.20809,20.97531,20.9055,22.8387,21.44429,21.5,25.0,0.0,0.0,22.0,0.0,910.25,0.0,2.0,0.0,0.0,77.180115,77.180115,77.180115,77.180115,77.180115,77.180115,77.180115,77.180115,77.180115,77.180115,77.180115,77.180115,77.180115,77.180115,77.180115,77.180115,74.309649,74.309649,74.309649,74.309649,0.0,0.0,100.0,101.0,102.0,0.0,0.0,1620.156,533.502,956.508,298.8,True,False,
2026-02-03 11:27:12.781,137.878,5.0,0.0,0.0,2.0,,0.0,0.0,0.0,0.0,0.0,0.0,1.0,0.0,0.0,0.0,1.927,1.0,0.0,0.0,7.415,-221.0,0.0,7.302,218.0,0.0,0.0,4.986,105.0,0.107,1.0,0.685,0.0,4.955,203.0,0.0,0.0,0.0,0.0,4.98,60.0,22.03678,21.56064,21.60539,21.45324,27.21167,20.96278,20.90908,22.84228,21.43892,21.5,25.0,0.0,0.0,22.0,0.0,910.25,0.0,2.0,0.0,0.0,77.180115,77.180115,77.180115,77.180115,77.180115,77.180115,77.180115,77.180115,77.180115,77.180115,77.180115,77.180115,77.180115,77.180115,77.180115,77.180115,74.309649,74.309649,74.309649,74.309649,0.0,0.0,100.0,101.0,102.0,0.0,0.0,1591.836,523.53,1005.865,298.8,True,False,
2026-02-03 11:27:13.232,138.329,5.0,0.0,0.0,2.0,,0.0,0.0,0.0,0.0,0.0,0.0,1.0,0.0,0.0,0.0,1.927,0.0,0.0,0.0,7.415,-221.0,0.0,7.302,223.0,0.0,0.0,4.986,105.0,0.107,1.0,0.686,0.0,4.955,191.0,0.0,0.0,0.0,0.0,4.98,39.0,22.0332,21.55348,21.60718,21.45503,27.2242,20.96994,20.91445,22.84765,21.4425,21.5,25.0,0.0,0.0,22.0,0.0,910.25,0.0,2.0,0.0,0.0,77.180115,77.180115,77.180115,77.180115,77.180115,77.180115,77.180115,77.180115,77.180115,77.180115,77.180115,77.180115,77.180115,77.180115,77.180115,77.180115,74.309649,74.309649,74.309649,74.309649,0.0,0.0,100.0,101.0,102.0,0.0,0.0,1628.346,523.53,946.405,194.22000000000003,True,False,
2026-02-03 11:27:13.931,139.028,5.0,0.0,0.0,2.0,,0.0,0.0,0.0,0.0,0.0,0.0,1.0,0.0,0.0,0.0,1.927,0.0,0.0,0.0,7.415,-221.0,0.0,7.298,220.0,0.0,0.0,4.986,105.0,0.108,1.0,0.687,0.0,4.957,202.0,0.0,0.0,0.0,0.0,4.98,39.0,22.03857,21.5678,21.58928,21.45324,27.23315,20.96994,20.90908,22.83512,21.44071,21.5,25.5,0.0,0.0,22.0,0.0,910.25,0.0,2.0,0.0,0.0,77.180115,77.180115,77.180115,77.180115,77.180115,77.180115,77.180115,77.180115,77.180115,77.180115,77.180115,77.180115,77.180115,77.180115,77.180115,77.180115,74.309649,74.309649,74.309649,74.309649,0.0,0.0,100.0,101.0,102.0,0.0,0.0,1605.56,523.53,1001.314,194.22000000000003,True,False,
2026-02-03 11:27:14.280,139.377,5.0,0.0,0.0,2.0,,0.0,0.0,0.0,0.0,0.0,0.0,1.0,0.0,0.0,0.0,1.927,0.0,0.0,0.0,7.415,-221.0,0.0,7.301,221.0,0.0,0.0,4.986,106.0,0.107,0.0,0.687,0.0,4.956,193.0,0.0,0.0,0.0,0.0,4.98,39.0,22.03857,21.57138,21.60181,21.4604,27.24747,20.97531,20.91445,22.85481,21.43355,21.5,25.5,0.0,0.0,22.0,0.0,910.25,0.0,2.0,0.0,0.0,77.180115,77.180115,77.180115,77.180115,77.180115,77.180115,77.180115,77.180115,77.180115,77.180115,77.180115,77.180115,77.180115,77.180115,77.180115,77.180115,74.309649,74.309649,74.309649,74.309649,0.0,0.0,100.0,101.0,102.0,0.0,0.0,1613.521,528.516,956.508,194.22000000000003,True,False,
2026-02-03 11:27:14.733,139.83,5.0,0.0,0.0,2.0,30.0,0.0,0.0,0.0,0.0,0.0,0.0,1.0,0.0,0.0,0.0,1.927,0.0,0.0,0.0,7.415,-221.0,0.0,7.302,218.0,0.0,0.0,4.985,105.0,0.107,0.0,0.686,0.0,4.957,202.0,0.0,0.0,0.0,0.0,4.98,39.0,22.02962,21.56601,21.60718,21.45861,27.24926,20.96994,20.91803,22.84228,21.4425,21.5,25.5,0.0,0.0,22.0,0.0,910.25,0.0,2.0,0.0,0.0,77.180115,77.180115,77.180115,77.180115,77.180115,77.180115,77.180115,77.180115,77.180115,77.180115,77.180115,77.180115,77.180115,77.180115,77.180115,77.180115,74.309649,74.309649,74.309649,74.309649,0.0,0.0,100.0,101.0,102.0,0.0,0.0,1591.836,523.4250000000001,1001.314,194.22000000000003,True,False,
2026-02-03 11:27:15.435,140.532,5.0,0.0,0.0,2.0,30.0,0.0,0.0,0.0,0.0,0.0,0.0,1.0,0.0,0.0,0.0,1.927,0.0,0.0,0.0,7.415,-221.0,0.0,7.301,220.0,0.0,0.0,4.986,106.0,0.107,2.0,0.687,0.0,4.956,193.0,0.0,0.0,0.0,0.0,4.98,58.0,22.0332,21.56064,21.61255,21.45861,27.25105,20.97531,20.92519,22.86018,21.43713,21.5,25.5,0.0,0.0,22.0,0.0,910.25,0.0,2.0,0.0,0.0,77.180115,77.180115,77.180115,77.180115,77.180115,77.180115,77.180115,77.180115,77.180115,77.180115,77.180115,77.180115,77.180115,77.180115,77.180115,77.180115,74.309649,74.309649,74.309649,74.309649,0.0,0.0,100.0,101.0,102.0,0.0,0.0,1606.22,528.516,956.508,288.84000000000003,True,False,
2026-02-03 11:27:15.782,140.879,5.0,0.0,0.0,2.0,31.0,0.0,0.0,0.0,0.0,0.0,0.0,1.0,0.0,0.0,0.0,1.927,0.0,0.0,0.0,7.415,-221.0,0.0,7.302,218.0,0.0,0.0,4.986,105.0,0.106,2.0,0.686,0.0,4.957,197.0,0.0,0.0,0.0,0.0,4.98,58.0,22.03678,21.58033,21.60002,21.45682,27.24926,20.97352,20.91982,22.85839,21.44787,21.5,25.5,0.0,0.0,22.0,0.0,910.25,0.0,2.0,0.0,0.0,77.180115,77.180115,77.180115,77.180115,77.180115,77.180115,77.180115,77.180115,77.180115,77.180115,77.180115,77.180115,77.180115,77.180115,77.180115,77.180115,74.309649,74.309649,74.309649,74.309649,0.0,0.0,100.0,101.0,102.0,0.0,0.0,1591.836,523.53,976.529,288.84000000000003,True,False,
2026-02-03 11:27:16.237,141.334,5.0,0.0,0.0,2.0,31.0,0.0,0.0,0.0,0.0,0.0,0.0,1.0,0.0,0.0,0.0,1.927,0.0,0.0,0.0,7.415,-221.0,0.0,7.302,222.0,0.0,0.0,4.985,105.0,0.107,1.0,0.686,0.0,4.957,198.0,0.0,0.0,0.0,0.0,4.98,58.0,22.03857,21.57138,21.61255,21.45324,27.26,20.96636,20.91445,22.85123,21.44966,21.5,25.5,0.0,0.0,22.0,0.0,910.25,0.0,2.0,0.0,0.0,77.180115,77.180115,77.180115,77.180115,77.180115,77.180115,77.180115,77.180115,77.180115,77.180115,77.180115,77.180115,77.180115,77.180115,77.180115,77.180115,74.309649,74.309649,74.309649,74.309649,0.0,0.0,100.0,101.0,102.0,0.0,0.0,1621.044,523.4250000000001,981.486,288.84000000000003,True,False,
2026-02-03 11:27:16.939,142.036,5.0,0.0,0.0,2.0,32.0,0.0,0.0,0.0,0.0,0.0,0.0,1.0,0.0,0.0,0.0,1.927,0.0,0.0,0.0,7.415,-221.0,0.0,7.302,221.0,0.0,0.0,4.986,107.0,0.107,1.0,0.686,0.0,4.956,198.0,0.0,0.0,0.0,0.0,4.98,58.0,22.03141,21.56601,21.6036,21.45682,27.27969,20.97352,20.90908,22.85481,21.45145,21.5,25.5,0.0,0.0,22.0,0.0,910.25,0.0,2.0,0.0,0.0,77.180115,77.180115,77.180115,77.180115,77.180115,77.180115,77.180115,77.180115,77.180115,77.180115,77.180115,77.180115,77.180115,77.180115,77.180115,77.180115,74.309649,74.309649,74.309649,74.309649,0.0,0.0,100.0,101.0,102.0,0.0,0.0,1613.742,533.502,981.288,288.84000000000003,True,False,
2026-02-03 11:27:17.293,142.39,5.0,0.0,0.0,2.0,32.0,0.0,0.0,0.0,0.0,0.0,0.0,1.0,0.0,0.0,0.0,1.927,0.0,0.0,0.0,7.415,-221.0,0.0,7.302,222.0,0.0,0.0,4.986,105.0,0.107,0.0,0.686,0.0,4.957,198.0,0.0,0.0,0.0,0.0,4.978,61.0,22.03678,21.55885,21.60897,21.45682,27.27432,20.96994,20.91445,22.8566,21.44608,21.5,25.5,0.0,0.0,22.0,0.0,910.25,0.0,2.0,0.0,0.0,77.180115,77.180115,77.180115,77.180115,77.180115,77.180115,77.180115,77.180115,77.180115,77.180115,77.180115,77.180115,77.180115,77.180115,77.180115,77.180115,74.309649,74.309649,74.309649,74.309649,0.0,0.0,100.0,101.0,102.0,0.0,0.0,1621.044,523.53,981.486,303.65799999999996,True,False,
2026-02-03 11:27:17.744,142.841,5.0,0.0,0.0,2.0,33.0,0.0,0.0,0.0,0.0,0.0,0.0,1.0,0.0,0.0,0.0,1.927,0.0,0.0,0.0,7.415,-221.0,0.0,7.302,220.0,0.0,0.0,4.986,106.0,0.107,2.0,0.686,1.0,4.958,197.0,0.0,0.0,0.0,0.0,4.978,61.0,22.02783,21.57138,21.61434,21.4604,27.29401,20.9592,20.91803,22.86018,21.44787,21.5,25.5,0.0,0.0,22.0,0.0,910.25,0.0,2.0,0.0,0.0,77.180115,77.180115,77.180115,77.180115,77.180115,77.180115,77.180115,77.180115,77.180115,77.180115,77.180115,77.180115,77.180115,77.180115,77.180115,77.180115,74.309649,74.309649,74.309649,74.309649,0.0,0.0,100.0,101.0,102.0,0.0,0.0,1606.4399999999998,528.516,976.726,303.65799999999996,True,False,
2026-02-03 11:27:18.444,143.541,5.0,0.0,0.0,2.0,33.0,0.0,0.0,0.0,0.0,0.0,0.0,1.0,0.0,0.0,0.0,1.927,0.0,0.0,0.0,7.415,-221.0,0.0,7.301,0.0,0.0,0.0,4.986,106.0,0.108,1.0,0.686,0.0,4.956,197.0,0.0,0.0,0.0,0.0,4.978,61.0,22.03499,21.58033,21.61971,21.45861,27.2421,20.96994,20.91982,22.86018,21.44429,21.5,25.5,0.0,0.0,22.0,0.0,910.25,0.0,2.0,0.0,0.0,77.180115,77.180115,77.180115,77.180115,77.180115,77.180115,77.180115,77.180115,77.180115,77.180115,77.180115,77.180115,77.180115,77.180115,77.180115,77.180115,74.309649,74.309649,74.309649,74.309649,0.0,0.0,100.0,101.0,102.0,0.0,0.0,0.0,528.516,976.332,303.65799999999996,True,False,
2026-02-03 11:27:18.794,143.891,5.0,0.0,0.0,2.0,34.0,0.0,0.0,0.0,0.0,0.0,0.0,1.0,0.0,0.0,0.0,1.927,0.0,0.0,0.0,7.415,-221.0,0.0,7.301,221.0,0.0,0.0,4.986,106.0,0.107,0.0,0.687,0.0,4.956,198.0,0.0,0.0,0.0,0.0,4.978,61.0,22.03499,21.58212,21.60897,21.45861,27.29222,20.98247,20.92161,22.8566,21.45324,21.5,25.5,0.0,0.0,22.0,0.0,910.25,0.0,2.0,0.0,0.0,77.180115,77.180115,77.180115,77.180115,77.180115,77.180115,77.180115,77.180115,77.180115,77.180115,77.180115,77.180115,77.180115,77.180115,77.180115,77.180115,74.309649,74.309649,74.309649,74.309649,0.0,0.0,100.0,101.0,102.0,0.0,0.0,1613.521,528.516,981.288,303.65799999999996,True,False,
2026-02-03 11:27:19.247,144.344,5.0,0.0,0.0,2.0,34.0,0.0,0.0,0.0,0.0,0.0,0.0,1.0,0.0,0.0,0.0,1.927,0.0,0.0,0.0,7.415,-221.0,0.0,7.302,221.0,0.0,0.0,4.986,107.0,0.106,1.0,0.687,1.0,4.956,197.0,0.0,0.0,0.0,0.0,4.981,58.0,22.03678,21.57675,21.61076,21.4604,27.2958,20.96994,20.92161,22.86913,21.44608,21.5,25.5,0.0,0.0,22.0,0.0,910.25,0.0,2.0,0.0,0.0,77.180115,77.180115,77.180115,77.180115,77.180115,77.180115,77.180115,77.180115,77.180115,77.180115,77.180115,77.180115,77.180115,77.180115,77.180115,77.180115,74.309649,74.309649,74.309649,74.309649,0.0,0.0,100.0,101.0,102.0,0.0,0.0,1613.742,533.502,976.332,288.89799999999997,True,False,
2026-02-03 11:27:19.946,145.043,5.0,0.0,0.0,2.0,35.0,0.0,0.0,0.0,0.0,0.0,0.0,1.0,0.0,0.0,0.0,1.927,0.0,0.0,0.0,7.415,-221.0,0.0,7.298,220.0,0.0,0.0,4.986,105.0,0.107,1.0,0.685,0.0,4.956,197.0,0.0,0.0,0.0,0.0,4.981,58.0,22.03678,21.58749,21.61792,21.4604,27.32444,20.96457,20.92519,22.86734,21.45503,21.5,25.5,0.0,0.0,22.0,0.0,910.25,0.0,2.0,0.0,0.0,77.180115,77.180115,77.180115,77.180115,77.180115,77.180115,77.180115,77.180115,77.180115,77.180115,77.180115,77.180115,77.180115,77.180115,77.180115,77.180115,74.309649,74.309649,74.309649,74.309649,0.0,0.0,100.0,101.0,102.0,0.0,0.0,1605.56,523.53,976.332,288.89799999999997,True,False,
2026-02-03 11:27:20.295,145.392,5.0,0.0,0.0,2.0,35.0,0.0,0.0,0.0,0.0,0.0,0.0,1.0,0.0,0.0,0.0,1.927,1.0,0.0,0.0,7.415,-221.0,0.0,7.301,222.0,0.0,0.0,4.987,105.0,0.108,0.0,0.686,0.0,4.956,201.0,0.0,0.0,0.0,0.0,4.981,58.0,22.0332,21.5857,21.6215,21.4604,27.34413,20.96994,20.90192,22.87808,21.45324,21.5,25.5,0.0,0.0,22.0,0.0,910.25,0.0,2.0,0.0,0.0,77.180115,77.180115,77.180115,77.180115,77.180115,77.180115,77.180115,77.180115,77.180115,77.180115,77.180115,77.180115,77.180115,77.180115,77.180115,77.180115,74.309649,74.309649,74.309649,74.309649,0.0,0.0,100.0,101.0,102.0,0.0,0.0,1620.822,523.635,996.156,288.89799999999997,True,False,
2026-02-03 11:27:20.745,145.842,5.0,0.0,0.0,2.0,36.0,0.0,0.0,0.0,0.0,0.0,0.0,1.0,0.0,0.0,0.0,1.927,0.0,0.0,0.0,7.415,-221.0,0.0,7.297,220.0,0.0,0.0,4.986,105.0,0.107,0.0,0.686,0.0,4.956,198.0,0.0,0.0,0.0,0.0,4.981,58.0,22.03857,21.59107,21.62329,21.45861,27.35129,20.97173,20.92161,22.88166,21.45503,21.5,25.5,0.0,0.0,22.0,0.0,910.25,0.0,2.0,0.0,0.0,77.180115,77.180115,77.180115,77.180115,77.180115,77.180115,77.180115,77.180115,77.180115,77.180115,77.180115,77.180115,77.180115,77.180115,77.180115,77.180115,74.309649,74.309649,74.309649,74.309649,0.0,0.0,100.0,101.0,102.0,0.0,0.0,1605.34,523.53,981.288,288.89799999999997,True,False,
2026-02-03 11:27:21.460,146.557,5.0,0.0,0.0,2.0,36.0,0.0,0.0,0.0,0.0,0.0,0.0,1.0,0.0,0.0,0.0,1.927,0.0,0.0,0.0,7.415,-221.0,0.0,7.301,221.0,0.0,0.0,4.985,105.0,0.107,1.0,0.686,0.0,4.955,198.0,0.0,0.0,0.0,0.0,4.98,60.0,22.04036,21.5857,21.61792,21.45861,27.35129,20.96994,20.92161,22.88345,21.45682,21.5,25.5,0.0,0.0,22.0,0.0,910.25,0.0,2.0,0.0,0.0,77.180115,77.180115,77.180115,77.180115,77.180115,77.180115,77.180115,77.180115,77.180115,77.180115,77.180115,77.180115,77.180115,77.180115,77.180115,77.180115,74.309649,74.309649,74.309649,74.309649,0.0,0.0,100.0,101.0,102.0,0.0,0.0,1613.521,523.4250000000001,981.09,298.8,True,False,
2026-02-03 11:27:21.802,146.899,5.0,0.0,0.0,2.0,37.0,0.0,0.0,0.0,0.0,0.0,0.0,1.0,0.0,0.0,0.0,1.927,0.0,0.0,0.0,7.415,-221.0,0.0,7.302,221.0,0.0,0.0,4.986,105.0,0.107,0.0,0.686,0.0,4.955,185.0,0.0,0.0,0.0,0.0,4.98,60.0,22.02783,21.59107,21.62508,21.45324,27.37456,20.98068,20.91266,22.89061,21.45682,21.5,25.5,0.0,0.0,22.0,0.0,910.25,0.0,2.0,0.0,0.0,77.180115,77.180115,77.180115,77.180115,77.180115,77.180115,77.180115,77.180115,77.180115,77.180115,77.180115,77.180115,77.180115,77.180115,77.180115,77.180115,74.309649,74.309649,74.309649,74.309649,0.0,0.0,100.0,101.0,102.0,0.0,0.0,1613.742,523.53,916.675,298.8,True,False,
2026-02-03 11:27:22.257,147.354,5.0,0.0,0.0,2.0,37.0,0.0,0.0,0.0,0.0,0.0,0.0,1.0,0.0,0.0,0.0,1.927,0.0,0.0,0.0,7.415,-221.0,0.0,7.3,0.0,0.0,0.0,4.985,105.0,0.107,0.0,0.687,0.0,4.955,203.0,0.0,0.0,0.0,0.0,4.98,60.0,22.03857,21.5857,21.6215,21.4604,27.37277,20.97889,20.91982,22.88524,21.4604,21.5,25.5,0.0,0.0,22.0,0.0,910.25,0.0,2.0,0.0,0.0,77.180115,77.180115,77.180115,77.180115,77.180115,77.180115,77.180115,77.180115,77.180115,77.180115,77.180115,77.180115,77.180115,77.180115,77.180115,77.180115,74.309649,74.309649,74.309649,74.309649,0.0,0.0,100.0,101.0,102.0,0.0,0.0,0.0,523.4250000000001,1005.865,298.8,True,False,
2026-02-03 11:27:22.712,147.809,5.0,0.0,0.0,2.0,38.0,0.0,0.0,0.0,0.0,0.0,0.0,1.0,0.0,0.0,0.0,1.927,0.0,0.0,0.0,7.415,-221.0,0.0,7.301,221.0,0.0,0.0,4.986,105.0,0.106,0.0,0.686,0.0,4.955,186.0,0.0,0.0,0.0,0.0,4.98,60.0,22.03499,21.5857,21.62866,21.4604,27.34592,20.9771,20.93235,22.88703,21.4604,21.5,25.5,0.0,0.0,22.0,0.0,910.25,0.0,2.0,0.0,0.0,77.180115,77.180115,77.180115,77.180115,77.180115,77.180115,77.180115,77.180115,77.180115,77.180115,77.180115,77.180115,77.180115,77.180115,77.180115,77.180115,74.309649,74.309649,74.309649,74.309649,0.0,0.0,100.0,101.0,102.0,0.0,0.0,1613.521,523.53,921.63,298.8,True,False,
2026-02-03 11:27:23.265,148.362,5.0,0.0,0.0,2.0,38.0,0.0,0.0,0.0,0.0,0.0,0.0,1.0,0.0,0.0,0.0,1.927,0.0,0.0,0.0,7.415,-221.0,0.0,7.297,223.0,0.0,0.0,4.986,105.0,0.108,1.0,0.685,0.0,4.955,203.0,0.0,0.0,0.0,0.0,4.98,41.0,22.0332,21.59465,21.62508,21.4604,27.39246,20.9771,20.91624,22.88345,21.4604,21.5,25.5,0.0,0.0,22.0,0.0,910.25,0.0,2.0,0.0,0.0,77.180115,77.180115,77.180115,77.180115,77.180115,77.180115,77.180115,77.180115,77.180115,77.180115,77.180115,77.180115,77.180115,77.180115,77.180115,77.180115,74.309649,74.309649,74.309649,74.309649,0.0,0.0,100.0,101.0,102.0,0.0,0.0,1627.231,523.53,1005.865,204.18,True,False,
2026-02-03 11:27:23.712,148.809,5.0,0.0,0.0,2.0,39.0,0.0,0.0,0.0,0.0,0.0,0.0,1.0,0.0,0.0,0.0,1.927,0.0,0.0,0.0,7.415,-221.0,0.0,7.301,223.0,0.0,0.0,4.987,106.0,0.107,0.0,0.686,0.0,4.955,188.0,0.0,0.0,0.0,0.0,4.98,41.0,22.04036,21.59286,21.62329,21.4604,27.39246,20.97889,20.91803,22.89061,21.4604,21.5,25.5,0.0,0.0,22.0,0.0,910.25,0.0,2.0,0.0,0.0,77.180115,77.180115,77.180115,77.180115,77.180115,77.180115,77.180115,77.180115,77.180115,77.180115,77.180115,77.180115,77.180115,77.180115,77.180115,77.180115,74.309649,74.309649,74.309649,74.309649,0.0,0.0,100.0,101.0,102.0,0.0,0.0,1628.123,528.622,931.54,204.18,True,False,
2026-02-03 11:27:24.264,149.361,5.0,0.0,0.0,2.0,39.0,0.0,0.0,0.0,0.0,0.0,0.0,1.0,0.0,0.0,0.0,1.927,0.0,0.0,0.0,7.415,-221.0,0.0,7.3,220.0,0.0,0.0,4.986,105.0,0.106,1.0,0.685,0.0,4.955,203.0,0.0,0.0,0.0,0.0,4.98,41.0,22.02604,21.59286,21.63582,21.47651,27.39246,20.98247,20.92698,22.8924,21.4604,21.5,25.5,0.0,0.0,22.0,0.0,910.25,0.0,2.0,0.0,0.0,77.180115,77.180115,77.180115,77.180115,77.180115,77.180115,77.180115,77.180115,77.180115,77.180115,77.180115,77.180115,77.180115,77.180115,77.180115,77.180115,74.309649,74.309649,74.309649,74.309649,0.0,0.0,100.0,101.0,102.0,0.0,0.0,1606.0,523.53,1005.865,204.18,True,False,
2026-02-03 11:27:24.717,149.814,5.0,0.0,0.0,2.0,,0.0,0.0,0.0,0.0,0.0,0.0,1.0,0.0,0.0,0.0,1.927,0.0,0.0,0.0,7.415,-221.0,0.0,7.3,220.0,0.0,0.0,4.985,106.0,0.107,0.0,0.686,0.0,4.956,191.0,0.0,0.0,0.0,0.0,4.98,41.0,22.03678,21.58928,21.62687,21.4604,27.39962,20.99142,20.92161,22.89956,21.4604,21.5,25.5,0.0,0.0,22.0,0.0,910.25,0.0,2.0,0.0,0.0,77.180115,77.180115,77.180115,77.180115,77.180115,77.180115,77.180115,77.180115,77.180115,77.180115,77.180115,77.180115,77.180115,77.180115,77.180115,77.180115,74.309649,74.309649,74.309649,74.309649,0.0,0.0,100.0,101.0,102.0,0.0,0.0,1606.0,528.4100000000001,946.596,204.18,True,False,
2026-02-03 11:27:25.422,150.519,5.0,0.0,0.0,2.0,,0.0,0.0,0.0,0.0,0.0,0.0,1.0,0.0,0.0,0.0,1.927,0.0,0.0,0.0,7.415,-221.0,0.0,7.3,220.0,0.0,0.0,4.987,106.0,0.106,1.0,0.686,0.0,4.953,202.0,0.0,0.0,0.0,0.0,4.978,58.0,22.04394,21.59465,21.62687,21.4604,27.41573,20.97531,20.92519,22.8924,21.4604,21.5,25.5,0.0,0.0,22.0,0.0,910.25,0.0,2.0,0.0,0.0,77.180115,77.180115,77.180115,77.180115,77.180115,77.180115,77.180115,77.180115,77.180115,77.180115,77.180115,77.180115,77.180115,77.180115,77.180115,77.180115,74.309649,74.309649,74.309649,74.309649,0.0,0.0,100.0,101.0,102.0,0.0,0.0,1606.0,528.622,1000.506,288.724,True,False,
2026-02-03 11:27:25.772,150.869,5.0,0.0,0.0,2.0,,0.0,0.0,0.0,0.0,0.0,0.0,1.0,0.0,0.0,0.0,1.927,0.0,0.0,0.0,7.415,-221.0,0.0,7.301,220.0,0.0,0.0,4.986,104.0,0.107,1.0,0.686,0.0,4.955,192.0,0.0,0.0,0.0,0.0,4.978,58.0,22.03141,21.59823,21.62508,21.4604,27.4211,20.98426,20.93414,22.91388,21.4604,21.5,25.5,0.0,0.0,22.0,0.0,910.25,0.0,2.0,0.0,0.0,77.180115,77.180115,77.180115,77.180115,77.180115,77.180115,77.180115,77.180115,77.180115,77.180115,77.180115,77.180115,77.180115,77.180115,77.180115,77.180115,74.309649,74.309649,74.309649,74.309649,0.0,0.0,100.0,101.0,102.0,0.0,0.0,1606.22,518.544,951.36,288.724,True,False,
2026-02-03 11:27:26.221,151.318,5.0,0.0,0.0,2.0,,0.0,0.0,0.0,0.0,0.0,0.0,1.0,0.0,0.0,0.0,1.927,0.0,0.0,0.0,7.415,-221.0,0.0,7.296,222.0,0.0,0.0,4.986,105.0,0.108,1.0,0.686,0.0,4.955,203.0,0.0,0.0,0.0,0.0,4.978,58.0,22.03499,21.59286,21.63224,21.4604,27.439,20.97889,20.92698,22.90314,21.47114,21.5,25.5,0.0,0.0,22.0,0.0,910.25,0.0,2.0,0.0,0.0,77.180115,77.180115,77.180115,77.180115,77.180115,77.180115,77.180115,77.180115,77.180115,77.180115,77.180115,77.180115,77.180115,77.180115,77.180115,77.180115,74.309649,74.309649,74.309649,74.309649,0.0,0.0,100.0,101.0,102.0,0.0,0.0,1619.712,523.53,1005.865,288.724,True,False,
2026-02-03 11:27:26.927,152.024,5.0,0.0,0.0,3.0,0.0,0.0,0.0,0.0,0.0,0.0,0.0,1.0,0.0,0.0,0.0,1.927,0.0,0.0,0.0,7.415,-221.0,0.0,7.3,221.0,0.0,0.0,4.986,251.0,0.107,0.0,0.686,0.0,4.955,191.0,0.0,0.0,0.0,0.0,4.978,58.0,22.03141,21.59286,21.63403,21.4604,27.43005,20.98963,20.9234,22.90493,21.4604,21.5,25.5,0.0,0.0,22.0,0.0,910.25,0.0,2.0,0.0,0.0,77.180115,77.180115,77.180115,77.180115,77.180115,77.180115,77.180115,77.180115,77.180115,77.180115,77.180115,77.180115,77.180115,77.180115,77.180115,77.180115,74.309649,74.309649,74.309649,74.309649,0.0,0.0,100.0,101.0,102.0,0.0,0.0,1613.3,1251.486,946.405,288.724,True,False,
2026-02-03 11:27:27.281,152.378,5.0,0.0,0.0,3.0,0.0,0.0,0.0,0.0,0.0,0.0,0.0,1.0,0.0,0.0,0.0,1.927,0.0,0.0,0.0,7.415,-221.0,0.0,7.301,221.0,0.0,0.0,4.986,255.0,0.107,0.0,0.685,0.0,4.958,203.0,0.0,0.0,0.0,0.0,4.978,60.0,22.0332,21.6036,21.64119,21.4604,27.44258,20.98068,20.91803,22.9103,21.4604,21.5,25.5,0.0,0.0,22.0,0.0,910.25,0.0,2.0,0.0,0.0,77.180115,77.180115,77.180115,77.180115,77.180115,77.180115,77.180115,77.180115,77.180115,77.180115,77.180115,77.180115,77.180115,77.180115,77.180115,77.180115,74.309649,74.309649,74.309649,74.309649,0.0,0.0,100.0,101.0,102.0,0.0,0.0,1613.521,1271.4299999999998,1006.474,298.68,True,False,
2026-02-03 11:27:27.734,152.831,5.0,0.0,0.0,3.0,1.0,0.0,0.0,0.0,0.0,0.0,0.0,1.0,0.0,0.0,0.0,1.927,0.0,0.0,0.0,7.415,-221.0,0.0,7.3,215.0,0.0,0.0,4.987,253.0,0.107,1.0,0.686,0.0,4.956,191.0,0.0,0.0,0.0,0.0,4.978,60.0,22.03857,21.59644,21.6394,21.47651,27.46048,20.97352,20.93593,22.91567,21.48009,21.5,25.5,0.0,0.0,22.0,0.0,910.25,0.0,2.0,0.0,0.0,77.180115,77.180115,77.180115,77.180115,77.180115,77.180115,77.180115,77.180115,77.180115,77.180115,77.180115,77.180115,77.180115,77.180115,77.180115,77.180115,74.309649,74.309649,74.309649,74.309649,0.0,0.0,100.0,101.0,102.0,0.0,0.0,1569.5,1261.711,946.596,298.68,True,False,
2026-02-03 11:27:28.439,153.536,5.0,0.0,0.0,3.0,1.0,0.0,0.0,0.0,0.0,0.0,0.0,1.0,0.0,0.0,0.0,1.927,0.0,0.0,0.0,7.415,-221.0,0.0,7.302,216.0,0.0,0.0,4.986,253.0,0.107,1.0,0.685,0.0,4.958,203.0,0.0,0.0,0.0,0.0,4.978,60.0,22.03678,21.59644,21.63403,21.48188,27.44974,20.98426,20.9234,22.91388,21.4783,21.5,25.5,0.0,0.0,22.0,0.0,910.25,0.0,2.0,0.0,0.0,77.180115,77.180115,77.180115,77.180115,77.180115,77.180115,77.180115,77.180115,77.180115,77.180115,77.180115,77.180115,77.180115,77.180115,77.180115,77.180115,74.309649,74.309649,74.309649,74.309649,0.0,0.0,100.0,101.0,102.0,0.0,0.0,1577.232,1261.458,1006.474,298.68,True,False,
2026-02-03 11:27:28.789,153.886,5.0,0.0,0.0,3.0,2.0,0.0,0.0,0.0,0.0,0.0,0.0,1.0,0.0,0.0,0.0,1.927,0.0,0.0,0.0,7.415,-221.0,0.0,7.302,218.0,0.0,0.0,4.987,255.0,0.107,1.0,0.686,0.0,4.955,192.0,0.0,0.0,0.0,0.0,4.978,60.0,22.03678,21.60539,21.63403,21.4604,27.45869,20.99321,20.9234,22.91388,21.48188,21.5,25.5,0.0,0.0,22.0,0.0,910.25,0.0,2.0,0.0,0.0,77.180115,77.180115,77.180115,77.180115,77.180115,77.180115,77.180115,77.180115,77.180115,77.180115,77.180115,77.180115,77.180115,77.180115,77.180115,77.180115,74.309649,74.309649,74.309649,74.309649,0.0,0.0,100.0,101.0,102.0,0.0,0.0,1591.836,1271.685,951.36,298.68,True,False,
2026-02-03 11:27:29.244,154.341,5.0,0.0,0.0,3.0,2.0,0.0,0.0,0.0,0.0,0.0,0.0,1.0,0.0,0.0,0.0,1.927,0.0,0.0,0.0,7.415,-221.0,0.0,7.301,216.0,0.0,0.0,4.986,255.0,0.107,1.0,0.686,0.0,4.958,202.0,0.0,0.0,0.0,0.0,4.981,60.0,22.04215,21.58928,21.63761,21.4962,27.45332,20.97889,20.93235,22.91567,21.48546,21.5,25.5,0.0,0.0,22.0,0.0,910.25,0.0,2.0,0.0,0.0,77.180115,77.180115,77.180115,77.180115,77.180115,77.180115,77.180115,77.180115,77.180115,77.180115,77.180115,77.180115,77.180115,77.180115,77.180115,77.180115,74.309649,74.309649,74.309649,74.309649,0.0,0.0,100.0,101.0,102.0,0.0,0.0,1577.016,1271.4299999999998,1001.516,298.86,True,False,
2026-02-03 11:27:29.946,155.043,5.0,0.0,0.0,3.0,3.0,0.0,0.0,0.0,0.0,0.0,0.0,1.0,0.0,0.0,0.0,1.927,0.0,0.0,0.0,7.415,-221.0,0.0,7.302,212.0,0.0,0.0,4.987,251.0,0.107,0.0,0.687,0.0,4.955,195.0,0.0,0.0,0.0,0.0,4.981,60.0,22.03678,21.60181,21.63403,21.48367,27.4927,20.98068,20.93951,22.91388,21.48367,21.5,25.5,0.0,0.0,22.0,0.0,910.25,0.0,2.0,0.0,0.0,77.180115,77.180115,77.180115,77.180115,77.180115,77.180115,77.180115,77.180115,77.180115,77.180115,77.180115,77.180115,77.180115,77.180115,77.180115,77.180115,74.309649,74.309649,74.309649,74.309649,0.0,0.0,100.0,101.0,102.0,0.0,0.0,1548.024,1251.737,966.225,298.86,True,False,
2026-02-03 11:27:30.296,155.393,5.0,0.0,0.0,3.0,3.0,0.0,0.0,0.0,0.0,0.0,0.0,1.0,0.0,0.0,0.0,1.927,0.0,0.0,0.0,7.415,-221.0,0.0,7.302,216.0,0.0,0.0,4.986,100.0,0.106,1.0,0.686,0.0,4.957,202.0,0.0,0.0,0.0,0.0,4.981,60.0,22.03678,21.60539,21.63761,21.46577,27.48912,20.98963,20.92698,22.92283,21.48188,21.5,25.5,0.0,0.0,22.0,0.0,910.25,0.0,2.0,0.0,0.0,77.180115,77.180115,77.180115,77.180115,77.180115,77.180115,77.180115,77.180115,77.180115,77.180115,77.180115,77.180115,77.180115,77.180115,77.180115,77.180115,74.309649,74.309649,74.309649,74.309649,0.0,0.0,100.0,101.0,102.0,0.0,0.0,1577.232,498.6,1001.314,298.86,True,False,
2026-02-03 11:27:30.746,155.843,5.0,0.0,0.0,3.0,4.0,0.0,0.0,0.0,0.0,0.0,0.0,1.0,0.0,0.0,0.0,1.927,0.0,0.0,0.0,7.415,-221.0,0.0,7.302,216.0,0.0,0.0,4.987,101.0,0.107,0.0,0.687,0.0,4.956,193.0,0.0,0.0,0.0,0.0,4.981,60.0,22.03678,21.59823,21.64835,21.4604,27.48375,20.96994,20.92519,22.91567,21.4604,21.5,25.5,0.0,0.0,22.0,0.0,910.25,0.0,2.0,0.0,0.0,77.180115,77.180115,77.180115,77.180115,77.180115,77.180115,77.180115,77.180115,77.180115,77.180115,77.180115,77.180115,77.180115,77.180115,77.180115,77.180115,74.309649,74.309649,74.309649,74.309649,0.0,0.0,100.0,101.0,102.0,0.0,0.0,1577.232,503.687,956.508,298.86,True,False,
2026-02-03 11:27:31.452,156.549,5.0,0.0,0.0,3.0,4.0,0.0,0.0,0.0,0.0,0.0,0.0,1.0,0.0,0.0,0.0,1.927,1.0,0.0,0.0,7.415,-221.0,0.0,7.302,217.0,0.0,0.0,4.987,255.0,0.107,0.0,0.686,0.0,4.957,200.0,0.0,0.0,0.0,0.0,4.978,58.0,22.04036,21.61255,21.64835,21.48009,27.50344,20.98426,20.93235,22.91925,21.48009,21.5,25.5,0.0,0.0,22.0,0.0,910.25,0.0,2.0,0.0,0.0,77.180115,77.180115,77.180115,77.180115,77.180115,77.180115,77.180115,77.180115,77.180115,77.180115,77.180115,77.180115,77.180115,77.180115,77.180115,77.180115,74.309649,74.309649,74.309649,74.309649,0.0,0.0,100.0,101.0,102.0,0.0,0.0,1584.534,1271.685,991.4,288.724,True,False,
2026-02-03 11:27:31.804,156.901,5.0,0.0,0.0,3.0,5.0,0.0,0.0,0.0,0.0,0.0,0.0,1.0,0.0,0.0,0.0,1.927,0.0,0.0,0.0,7.415,-221.0,0.0,7.302,216.0,0.0,0.0,4.986,253.0,0.107,1.0,0.686,0.0,4.956,195.0,0.0,0.0,0.0,0.0,4.978,58.0,22.03857,21.61255,21.64119,21.47293,27.49449,20.9771,20.91266,22.91925,21.48188,21.5,25.5,0.0,0.0,22.0,0.0,910.25,0.0,2.0,0.0,0.0,77.180115,77.180115,77.180115,77.180115,77.180115,77.180115,77.180115,77.180115,77.180115,77.180115,77.180115,77.180115,77.180115,77.180115,77.180115,77.180115,74.309649,74.309649,74.309649,74.309649,0.0,0.0,100.0,101.0,102.0,0.0,0.0,1577.232,1261.458,966.42,288.724,True,False,
2026-02-03 11:27:32.256,157.353,5.0,0.0,0.0,3.0,5.0,0.0,0.0,0.0,0.0,0.0,0.0,1.0,0.0,0.0,0.0,1.927,0.0,0.0,0.0,7.415,-221.0,0.0,7.303,217.0,0.0,0.0,4.986,255.0,0.107,1.0,0.686,0.0,4.956,195.0,0.0,0.0,0.0,0.0,4.978,58.0,22.04931,21.61613,21.64835,21.47114,27.52134,20.99142,20.93056,22.92641,21.48546,21.5,25.5,0.0,0.0,22.0,0.0,910.25,0.0,2.0,0.0,0.0,77.180115,77.180115,77.180115,77.180115,77.180115,77.180115,77.180115,77.180115,77.180115,77.180115,77.180115,77.180115,77.180115,77.180115,77.180115,77.180115,74.309649,74.309649,74.309649,74.309649,0.0,0.0,100.0,101.0,102.0,0.0,0.0,1584.751,1271.4299999999998,966.42,288.724,True,False,
2026-02-03 11:27:32.708,157.805,5.0,0.0,0.0,3.0,6.0,0.0,0.0,0.0,0.0,0.0,0.0,1.0,0.0,0.0,0.0,1.927,0.0,0.0,0.0,7.415,-221.0,0.0,7.301,216.0,0.0,0.0,4.986,100.0,0.106,0.0,0.686,0.0,4.956,196.0,0.0,0.0,0.0,0.0,4.978,58.0,22.03499,21.6036,21.6394,21.4604,27.5106,20.9771,20.92698,22.92641,21.48546,21.5,25.5,0.0,0.0,22.0,0.0,910.25,0.0,2.0,0.0,0.0,77.180115,77.180115,77.180115,77.180115,77.180115,77.180115,77.180115,77.180115,77.180115,77.180115,77.180115,77.180115,77.180115,77.180115,77.180115,77.180115,74.309649,74.309649,74.309649,74.309649,0.0,0.0,100.0,101.0,102.0,0.0,0.0,1577.016,498.6,971.376,288.724,True,False,
2026-02-03 11:27:33.260,158.357,5.0,0.0,0.0,3.0,6.0,0.0,0.0,0.0,0.0,0.0,0.0,1.0,0.0,0.0,0.0,1.927,1.0,0.0,0.0,7.415,-221.0,0.0,7.301,216.0,0.0,0.0,4.987,253.0,0.107,0.0,0.686,0.0,4.955,192.0,0.0,0.0,0.0,0.0,4.98,58.0,22.04215,21.61434,21.65014,21.47651,27.52671,20.99142,20.93235,22.92999,21.48725,21.5,25.5,0.0,0.0,22.0,0.0,910.25,0.0,2.0,0.0,0.0,77.180115,77.180115,77.180115,77.180115,77.180115,77.180115,77.180115,77.180115,77.180115,77.180115,77.180115,77.180115,77.180115,77.180115,77.180115,77.180115,74.309649,74.309649,74.309649,74.309649,0.0,0.0,100.0,101.0,102.0,0.0,0.0,1577.016,1261.711,951.36,288.84000000000003,True,False,
2026-02-03 11:27:33.713,158.81,5.0,0.0,0.0,3.0,7.0,0.0,0.0,0.0,0.0,0.0,0.0,1.0,0.0,0.0,0.0,1.927,0.0,0.0,0.0,7.415,-221.0,0.0,7.298,217.0,0.0,0.0,4.987,252.0,0.107,1.0,0.686,0.0,4.956,192.0,0.0,0.0,0.0,0.0,4.98,58.0,22.04394,21.61434,21.65193,21.48188,27.54461,20.97889,20.92698,22.93715,21.48904,21.5,25.5,0.0,0.0,22.0,0.0,910.25,0.0,2.0,0.0,0.0,77.180115,77.180115,77.180115,77.180115,77.180115,77.180115,77.180115,77.180115,77.180115,77.180115,77.180115,77.180115,77.180115,77.180115,77.180115,77.180115,74.309649,74.309649,74.309649,74.309649,0.0,0.0,100.0,101.0,102.0,0.0,0.0,1583.666,1256.724,951.552,288.84000000000003,True,False,
2026-02-03 11:27:34.260,159.357,5.0,0.0,0.0,3.0,7.0,0.0,0.0,0.0,0.0,0.0,0.0,1.0,0.0,0.0,0.0,1.927,0.0,0.0,0.0,7.415,-221.0,0.0,7.297,216.0,0.0,0.0,4.987,255.0,0.108,1.0,0.686,0.0,4.956,190.0,0.0,0.0,0.0,0.0,4.98,58.0,22.03141,21.61971,21.64835,21.4604,27.5464,20.98605,20.93414,22.93894,21.49799,21.5,25.5,0.0,0.0,22.0,0.0,910.25,0.0,2.0,0.0,0.0,77.180115,77.180115,77.180115,77.180115,77.180115,77.180115,77.180115,77.180115,77.180115,77.180115,77.180115,77.180115,77.180115,77.180115,77.180115,77.180115,74.309649,74.309649,74.309649,74.309649,0.0,0.0,100.0,101.0,102.0,0.0,0.0,1576.152,1271.685,941.64,288.84000000000003,True,False,
2026-02-03 11:27:34.712,159.809,5.0,0.0,0.0,3.0,8.0,0.0,0.0,0.0,0.0,0.0,0.0,1.0,0.0,0.0,0.0,1.927,0.0,0.0,0.0,7.415,-221.0,0.0,7.302,216.0,0.0,0.0,4.986,255.0,0.107,0.0,0.686,0.0,4.956,186.0,0.0,0.0,0.0,0.0,4.98,58.0,22.04394,21.61255,21.65193,21.47472,27.54103,20.98068,20.9234,22.94073,21.49262,21.5,25.5,0.0,0.0,22.0,0.0,910.25,0.0,2.0,0.0,0.0,77.180115,77.180115,77.180115,77.180115,77.180115,77.180115,77.180115,77.180115,77.180115,77.180115,77.180115,77.180115,77.180115,77.180115,77.180115,77.180115,74.309649,74.309649,74.309649,74.309649,0.0,0.0,100.0,101.0,102.0,0.0,0.0,1577.232,1271.4299999999998,921.816,288.84000000000003,True,False,
2026-02-03 11:27:35.410,160.507,5.0,0.0,0.0,3.0,8.0,0.0,0.0,0.0,0.0,0.0,0.0,1.0,0.0,0.0,0.0,1.927,0.0,0.0,0.0,7.415,-221.0,0.0,7.297,215.0,0.0,0.0,4.987,250.0,0.107,1.0,0.687,0.0,4.956,188.0,0.0,0.0,0.0,0.0,4.978,60.0,22.03857,21.61971,21.65193,21.48188,27.57146,20.98426,20.93056,22.94431,21.49083,21.5,25.5,0.0,0.0,22.0,0.0,910.25,0.0,2.0,0.0,0.0,77.180115,77.180115,77.180115,77.180115,77.180115,77.180115,77.180115,77.180115,77.180115,77.180115,77.180115,77.180115,77.180115,77.180115,77.180115,77.180115,74.309649,74.309649,74.309649,74.309649,0.0,0.0,100.0,101.0,102.0,0.0,0.0,1568.855,1246.75,931.728,298.68,True,False,
2026-02-03 11:27:35.761,160.858,5.0,0.0,0.0,3.0,9.0,0.0,0.0,0.0,0.0,0.0,0.0,1.0,0.0,0.0,0.0,1.927,0.0,0.0,0.0,7.415,-221.0,0.0,7.302,213.0,0.0,0.0,4.986,255.0,0.107,2.0,0.687,0.0,4.956,190.0,0.0,0.0,0.0,0.0,4.978,60.0,22.04394,21.61255,21.65551,21.48367,27.55535,20.99321,20.92698,22.94431,21.49083,21.5,25.5,0.0,0.0,22.0,0.0,910.25,0.0,2.0,0.0,0.0,77.180115,77.180115,77.180115,77.180115,77.180115,77.180115,77.180115,77.180115,77.180115,77.180115,77.180115,77.180115,77.180115,77.180115,77.180115,77.180115,74.309649,74.309649,74.309649,74.309649,0.0,0.0,100.0,101.0,102.0,0.0,0.0,1555.326,1271.4299999999998,941.64,298.68,True,False,
2026-02-03 11:27:36.211,161.308,5.0,0.0,0.0,3.0,9.0,0.0,0.0,0.0,0.0,0.0,0.0,1.0,0.0,0.0,0.0,1.927,0.0,0.0,0.0,7.415,-221.0,0.0,7.298,216.0,0.0,0.0,4.986,106.0,0.108,2.0,0.686,0.0,4.956,191.0,0.0,0.0,0.0,0.0,4.978,60.0,22.0332,21.62329,21.6573,21.48546,27.58936,20.98605,20.9234,22.93357,21.49978,21.5,25.5,0.0,0.0,22.0,0.0,910.25,0.0,2.0,0.0,0.0,77.180115,77.180115,77.180115,77.180115,77.180115,77.180115,77.180115,77.180115,77.180115,77.180115,77.180115,77.180115,77.180115,77.180115,77.180115,77.180115,74.309649,74.309649,74.309649,74.309649,0.0,0.0,100.0,101.0,102.0,0.0,0.0,1576.368,528.516,946.596,298.68,True,False,
2026-02-03 11:27:36.762,161.859,5.0,0.0,0.0,3.0,,0.0,0.0,0.0,0.0,0.0,0.0,1.0,0.0,0.0,0.0,1.927,0.0,0.0,0.0,7.415,-221.0,0.0,7.302,212.0,0.0,0.0,4.986,105.0,0.107,0.0,0.687,0.0,4.956,188.0,0.0,0.0,0.0,0.0,4.978,60.0,22.04573,21.6215,21.66088,21.48188,27.55714,20.98784,20.94667,22.9461,21.50336,21.5,25.5,0.0,0.0,22.0,0.0,910.25,0.0,2.0,0.0,0.0,77.180115,77.180115,77.180115,77.180115,77.180115,77.180115,77.180115,77.180115,77.180115,77.180115,77.180115,77.180115,77.180115,77.180115,77.180115,77.180115,74.309649,74.309649,74.309649,74.309649,0.0,0.0,100.0,101.0,102.0,0.0,0.0,1548.024,523.53,931.728,298.68,True,False,
2026-02-03 11:27:37.214,162.311,5.0,0.0,0.0,3.0,,0.0,0.0,0.0,0.0,0.0,0.0,1.0,0.0,0.0,0.0,1.927,0.0,0.0,0.0,7.415,-221.0,0.0,7.301,217.0,0.0,0.0,4.987,105.0,0.107,0.0,0.686,0.0,4.956,190.0,0.0,0.0,0.0,0.0,4.98,60.0,22.0511,21.6215,21.65372,21.48367,27.59652,20.98963,20.93593,22.94431,21.49441,21.5,25.5,0.0,0.0,22.0,0.0,910.25,0.0,2.0,0.0,0.0,77.180115,77.180115,77.180115,77.180115,77.180115,77.180115,77.180115,77.180115,77.180115,77.180115,77.180115,77.180115,77.180115,77.180115,77.180115,77.180115,74.309649,74.309649,74.309649,74.309649,0.0,0.0,100.0,101.0,102.0,0.0,0.0,1584.317,523.635,941.64,298.8,True,False,
2026-02-03 11:27:37.764,162.861,5.0,0.0,0.0,3.0,,0.0,0.0,0.0,0.0,0.0,0.0,1.0,0.0,0.0,0.0,1.927,0.0,0.0,0.0,7.415,-221.0,0.0,7.301,221.0,0.0,0.0,4.987,104.0,0.107,1.0,0.686,0.0,4.955,202.0,0.0,0.0,0.0,0.0,4.98,60.0,22.03678,21.62329,21.6573,21.49083,27.59115,20.99142,20.9234,22.95326,21.50694,21.5,25.5,0.0,0.0,22.0,0.0,910.25,0.0,2.0,0.0,0.0,77.180115,77.180115,77.180115,77.180115,77.180115,77.180115,77.180115,77.180115,77.180115,77.180115,77.180115,77.180115,77.180115,77.180115,77.180115,77.180115,74.309649,74.309649,74.309649,74.309649,0.0,0.0,100.0,101.0,102.0,0.0,0.0,1613.521,518.648,1000.91,298.8,True,False,
2026-02-03 11:27:38.215,163.312,5.0,0.0,0.0,3.0,,0.0,0.0,0.0,0.0,0.0,0.0,1.0,0.0,0.0,0.0,1.927,0.0,0.0,0.0,7.415,-221.0,0.0,7.3,222.0,0.0,0.0,4.985,105.0,0.107,1.0,0.686,0.0,4.953,191.0,0.0,0.0,0.0,0.0,4.98,60.0,22.04215,21.61971,21.66625,21.48188,27.60726,20.995,20.93593,22.95505,21.50336,21.5,25.5,0.0,0.0,22.0,0.0,910.25,0.0,2.0,0.0,0.0,77.180115,77.180115,77.180115,77.180115,77.180115,77.180115,77.180115,77.180115,77.180115,77.180115,77.180115,77.180115,77.180115,77.180115,77.180115,77.180115,74.309649,74.309649,74.309649,74.309649,0.0,0.0,100.0,101.0,102.0,0.0,0.0,1620.6,523.4250000000001,946.023,298.8,True,False,
2026-02-03 11:27:38.764,163.861,5.0,0.0,0.0,3.0,,0.0,0.0,0.0,0.0,0.0,0.0,1.0,0.0,0.0,0.0,1.927,0.0,0.0,0.0,7.415,-221.0,0.0,7.3,218.0,0.0,0.0,4.985,105.0,0.107,0.0,0.686,0.0,4.955,202.0,0.0,0.0,0.0,0.0,4.98,60.0,22.04036,21.63045,21.66446,21.48188,27.61621,20.995,20.93593,22.94789,21.5141,21.5,25.5,0.0,0.0,22.0,0.0,910.25,0.0,2.0,0.0,0.0,77.180115,77.180115,77.180115,77.180115,77.180115,77.180115,77.180115,77.180115,77.180115,77.180115,77.180115,77.180115,77.180115,77.180115,77.180115,77.180115,74.309649,74.309649,74.309649,74.309649,0.0,0.0,100.0,101.0,102.0,0.0,0.0,1591.4,523.4250000000001,1000.91,298.8,True,False,
2026-02-03 11:27:39.217,164.314,5.0,0.0,0.0,3.0,,0.0,0.0,0.0,0.0,0.0,0.0,1.0,0.0,0.0,0.0,1.927,0.0,0.0,0.0,7.415,-221.0,0.0,7.298,213.0,0.0,0.0,4.986,106.0,0.106,0.0,0.686,0.0,4.956,193.0,0.0,0.0,0.0,0.0,4.981,63.0,22.04394,21.62508,21.65909,21.49262,27.62158,20.995,20.93772,22.94968,21.51231,21.5,25.5,0.0,0.0,22.0,0.0,910.25,0.0,2.0,0.0,0.0,77.180115,77.180115,77.180115,77.180115,77.180115,77.180115,77.180115,77.180115,77.180115,77.180115,77.180115,77.180115,77.180115,77.180115,77.180115,77.180115,74.309649,74.309649,74.309649,74.309649,0.0,0.0,100.0,101.0,102.0,0.0,0.0,1554.474,528.516,956.508,313.803,True,False,
2026-02-03 11:27:39.767,164.864,5.0,0.0,0.0,3.0,,0.0,0.0,0.0,0.0,0.0,0.0,1.0,0.0,0.0,0.0,1.927,0.0,0.0,0.0,7.415,-221.0,0.0,7.301,213.0,0.0,0.0,4.986,107.0,0.108,1.0,0.686,1.0,4.956,202.0,0.0,0.0,0.0,0.0,4.981,63.0,22.0511,21.62687,21.66446,21.49799,27.63232,20.99142,20.93772,22.94968,21.51947,21.5,25.5,0.0,0.0,22.0,0.0,910.25,0.0,2.0,0.0,0.0,77.180115,77.180115,77.180115,77.180115,77.180115,77.180115,77.180115,77.180115,77.180115,77.180115,77.180115,77.180115,77.180115,77.180115,77.180115,77.180115,74.309649,74.309649,74.309649,74.309649,0.0,0.0,100.0,101.0,102.0,0.0,0.0,1555.113,533.502,1001.112,313.803,True,False,
2026-02-03 11:27:40.219,165.316,5.0,0.0,0.0,3.0,,0.0,0.0,0.0,0.0,0.0,0.0,1.0,0.0,0.0,0.0,1.927,0.0,0.0,0.0,7.415,-221.0,0.0,7.302,213.0,0.0,0.0,4.986,105.0,0.107,0.0,0.686,0.0,4.955,191.0,0.0,0.0,0.0,0.0,4.981,63.0,22.05289,21.63761,21.6573,21.49083,27.63232,20.98784,20.93951,22.96221,21.51052,21.5,25.5,0.0,0.0,22.0,0.0,910.25,0.0,2.0,0.0,0.0,77.180115,77.180115,77.180115,77.180115,77.180115,77.180115,77.180115,77.180115,77.180115,77.180115,77.180115,77.180115,77.180115,77.180115,77.180115,77.180115,74.309649,74.309649,74.309649,74.309649,0.0,0.0,100.0,101.0,102.0,0.0,0.0,1555.326,523.53,946.405,313.803,True,False,
2026-02-03 11:27:40.922,166.019,5.0,0.0,0.0,3.0,,0.0,0.0,0.0,0.0,0.0,0.0,1.0,0.0,0.0,0.0,1.927,0.0,0.0,0.0,7.415,-221.0,0.0,7.298,212.0,0.0,0.0,4.987,101.0,0.107,0.0,0.686,0.0,4.956,202.0,0.0,0.0,0.0,0.0,4.981,63.0,22.04752,21.62508,21.66088,21.49083,27.62874,20.98784,20.93951,22.96221,21.5141,21.5,25.5,0.0,0.0,22.0,0.0,910.25,0.0,2.0,0.0,0.0,77.180115,77.180115,77.180115,77.180115,77.180115,77.180115,77.180115,77.180115,77.180115,77.180115,77.180115,77.180115,77.180115,77.180115,77.180115,77.180115,74.309649,74.309649,74.309649,74.309649,0.0,0.0,100.0,101.0,102.0,0.0,0.0,1547.176,503.687,1001.112,313.803,True,False,
2026-02-03 11:27:41.271,166.368,5.0,0.0,0.0,3.0,,0.0,0.0,0.0,0.0,0.0,0.0,1.0,0.0,0.0,0.0,1.927,0.0,0.0,0.0,7.415,-221.0,0.0,7.302,217.0,0.0,0.0,4.986,255.0,0.107,0.0,0.686,0.0,4.955,193.0,0.0,0.0,0.0,0.0,4.978,60.0,22.04394,21.62866,21.66804,21.49083,27.66633,20.99142,20.93951,22.96579,21.51947,21.5,25.5,0.0,0.0,22.5,0.0,910.25,0.0,2.0,0.0,0.0,77.180115,77.180115,77.180115,77.180115,77.180115,77.180115,77.180115,77.180115,77.180115,77.180115,77.180115,77.180115,77.180115,77.180115,77.180115,77.180115,74.309649,74.309649,74.309649,74.309649,0.0,0.0,100.0,101.0,102.0,0.0,0.0,1584.534,1271.4299999999998,956.315,298.68,True,False,
2026-02-03 11:27:41.720,166.817,5.0,0.0,0.0,3.0,,0.0,0.0,0.0,0.0,0.0,0.0,1.0,0.0,0.0,0.0,1.927,0.0,0.0,0.0,7.415,-221.0,0.0,7.301,217.0,0.0,0.0,4.986,252.0,0.107,0.0,0.686,0.0,4.957,202.0,0.0,0.0,0.0,0.0,4.978,60.0,22.04215,21.63403,21.66804,21.49441,27.65738,20.995,20.93235,22.95684,21.51231,21.5,25.5,0.0,0.0,22.5,0.0,910.25,0.0,2.0,0.0,0.0,77.180115,77.180115,77.180115,77.180115,77.180115,77.180115,77.180115,77.180115,77.180115,77.180115,77.180115,77.180115,77.180115,77.180115,77.180115,77.180115,74.309649,74.309649,74.309649,74.309649,0.0,0.0,100.0,101.0,102.0,0.0,0.0,1584.317,1256.472,1001.314,298.68,True,False,
2026-02-03 11:27:42.425,167.522,5.0,0.0,0.0,3.0,,0.0,0.0,0.0,0.0,0.0,0.0,1.0,0.0,0.0,0.0,1.927,0.0,0.0,0.0,7.415,-221.0,0.0,7.301,213.0,0.0,0.0,4.987,252.0,0.107,0.0,0.687,1.0,4.955,195.0,0.0,0.0,0.0,0.0,4.978,60.0,22.04394,21.63403,21.67878,21.48546,27.6538,20.99679,20.93414,22.96579,21.52305,21.5,25.5,0.0,0.0,22.5,0.0,910.25,0.0,2.0,0.0,0.0,77.180115,77.180115,77.180115,77.180115,77.180115,77.180115,77.180115,77.180115,77.180115,77.180115,77.180115,77.180115,77.180115,77.180115,77.180115,77.180115,74.309649,74.309649,74.309649,74.309649,0.0,0.0,100.0,101.0,102.0,0.0,0.0,1555.113,1256.724,966.225,298.68,True,False,
2026-02-03 11:27:42.779,167.876,5.0,0.0,0.0,3.0,10.0,0.0,0.0,0.0,0.0,0.0,0.0,1.0,0.0,0.0,0.0,1.927,0.0,0.0,0.0,7.415,-221.0,0.0,7.3,221.0,0.0,0.0,4.987,106.0,0.106,0.0,0.686,0.0,4.957,201.0,0.0,0.0,0.0,0.0,4.978,60.0,22.04036,21.63224,21.67699,21.48904,27.67528,20.98426,20.93056,22.97116,21.53379,21.5,25.5,0.0,0.0,22.5,0.0,910.25,0.0,2.0,0.0,0.0,77.180115,77.180115,77.180115,77.180115,77.180115,77.180115,77.180115,77.180115,77.180115,77.180115,77.180115,77.180115,77.180115,77.180115,77.180115,77.180115,74.309649,74.309649,74.309649,74.309649,0.0,0.0,100.0,101.0,102.0,0.0,0.0,1613.3,528.622,996.357,298.68,True,False,
