timestamp,FSW_DB_VER,DAY,HOUR,MINUTE,SECOND,SC_ID,CMD_RCV_CNT,CMD_ACC_CNT,CMD_REJ_CNT,CMD_INC_CNT,PAYLOAD_STATUS,PLATFORM_PWR_STATUS,ADCS_PWR_STATUS,PAYLOAD_PWR_STATUS,SPR_PWR_STATUS,SOLAR_V,SOLAR_S,EXT_V,EXT_S,BATT_CHR_V,BATT_CHR_I,BATT_CHR_STATUS,SYS_V,SYS_I,SPR_V,SPR_I,PLAT_5V_V,PLAT_5V_I,ADCS_5V_V,ADCS_5V_I,PAYLOAD_5V_V,PAYLOAD_5V_I,OBC_PWR_V,OBC_PWR_I,ADCS_PROC_PWR_V,ADCS_PROC_PWR_I,ADCS_PER_PWR_V,ADCS_PER_PWR_I,COMMS_PWR_V,COMMS_PWR_I,TEMP_SOLAR,TEMP_EPS,TEMP_BATTERY,TEMP_BACKPLANE,TEMP_OBDH,TEMP_ADCS,TEMP_WHEEL,TEMP_COMMS,TEMP_PAYLOAD,TEMP_EPS_L,TEMP_OBDH_L,TEMP_ADCS_L,TEMP_WHEEL_L,TEMP_COMMS_L,TEMP_PAYLOAD_L,FREQ,RSSI,TX_POWER,FRAME_ERR,TEMP_THERM_EXP_L,THERMISTOR_ROD_1,THERMISTOR_ROD_2,THERMISTOR_ROD_3,THERMISTOR_ROD_4,THERMISTOR_ROD_5,THERMISTOR_ROD_6,THERMISTOR_ROD_7,THERMISTOR_ROD_8,THERMISTOR_ROD_9,THERMISTOR_ROD_10,THERMISTOR_ROD_11,THERMISTOR_ROD_12,THERMISTOR_ROD_13,THERMISTOR_ROD_14,THERMISTOR_ROD_15,THERMISTOR_ROD_16,THERMISTOR_BATH_1,THERMISTOR_BATH_2,THERMISTOR_BATH_3,THERMISTOR_EXP3,THERMISTOR_HEATER,THERMAL_EXP_SW_VERSION,OBC_SW_VERSION,PWR_SW_VERSION,COMMS_SW_VERSION,ADCS_SW_VERSION,ACTUATOR_SW_VERSION,elapsed_s,PWR_SYS,PWR_PLAT_5V,PWR_OBC_PWR,PWR_COMMS_PWR,_has_stuck_thermistor,anomaly,anomaly_type
2026-03-12 11:18:36,5.0,0.0,0.0,0.0,6.0,0.0,0.0,0.0,0.0,0.0,0.0,1.0,0.0,0.0,0.0,2.777,0.0,0.0,0.0,7.315,-423.0,0.0,7.248,215.0,0.0,0.0,4.987,252.0,0.057,1.0,0.681,0.0,4.957,200.0,0.0,0.0,0.0,0.0,4.978,58.0,23.7158,23.57439,23.61735,23.4652,23.89122,23.59587,23.48489,23.62093,23.81246,23.0,23.0,0.0,0.0,23.0,0.0,910.25,0.0,2.0,0.0,0.0,77.180115,77.180115,77.180115,77.180115,77.180115,77.180115,77.180115,77.180115,77.180115,77.180115,77.180115,77.180115,77.180115,77.180115,77.180115,77.180115,74.309649,74.309649,74.309649,74.309649,0.0,0.0,100.0,101.0,102.0,0.0,0.0,0.0,1558.32,1256.724,991.4,288.724,True,False,
2026-03-12 11:18:37,5.0,0.0,0.0,0.0,7.0,0.0,0.0,0.0,0.0,0.0,0.0,1.0,0.0,0.0,0.0,2.777,0.0,0.0,0.0,7.315,-423.0,0.0,7.247,215.0,0.0,0.0,4.987,251.0,0.061,0.0,0.681,0.0,4.956,177.0,0.0,0.0,0.0,0.0,4.978,58.0,23.7158,23.5726,23.63167,23.45804,23.97714,23.59945,23.47594,23.64599,23.81962,23.0,23.0,0.0,0.0,23.0,0.0,910.25,0.0,2.0,0.0,0.0,77.180115,77.180115,77.180115,77.180115,77.180115,77.180115,77.180115,77.180115,77.180115,77.180115,77.180115,77.180115,77.180115,77.180115,77.180115,77.180115,74.309649,74.309649,74.309649,74.309649,0.0,0.0,100.0,101.0,102.0,0.0,0.0,1.0,1558.105,1251.737,877.2120000000001,288.724,True,False,
2026-03-12 11:18:38,5.0,0.0,0.0,0.0,8.0,0.0,0.0,0.0,0.0,0.0,0.0,1.0,0.0,0.0,0.0,2.777,0.0,0.0,0.0,7.315,-423.0,0.0,7.248,0.0,0.0,0.0,4.986,106.0,0.065,1.0,0.682,0.0,4.955,182.0,0.0,0.0,0.0,0.0,4.98,62.0,23.70864,23.57976,23.62272,23.47415,24.0201,23.6084,23.48489,23.67821,23.80888,23.0,23.0,0.0,0.0,23.0,0.0,910.25,0.0,2.0,0.0,0.0,77.180115,77.180115,77.180115,77.180115,77.180115,77.180115,77.180115,77.180115,77.180115,77.180115,77.180115,77.180115,77.180115,77.180115,77.180115,77.180115,74.309649,74.309649,74.309649,74.309649,0.0,0.0,100.0,101.0,102.0,0.0,0.0,2.0,0.0,528.516,901.8100000000001,308.76000000000005,True,False,
2026-03-12 11:18:39,5.0,0.0,0.0,0.0,9.0,0.0,0.0,0.0,0.0,0.0,0.0,1.0,0.0,0.0,0.0,2.777,0.0,0.0,0.0,7.315,-423.0,0.0,7.245,222.0,0.0,0.0,4.985,104.0,0.068,1.0,0.682,1.0,4.953,185.0,0.0,0.0,0.0,0.0,4.98,62.0,23.71222,23.58692,23.62988,23.45804,24.06664,23.61019,23.47594,23.70506,23.81246,23.0,23.0,0.0,0.0,23.0,0.0,910.25,0.0,2.0,0.0,0.0,77.180115,77.180115,77.180115,77.180115,77.180115,77.180115,77.180115,77.180115,77.180115,77.180115,77.180115,77.180115,77.180115,77.180115,77.180115,77.180115,74.309649,74.309649,74.309649,74.309649,0.0,0.0,100.0,101.0,102.0,0.0,0.0,3.0,1608.39,518.44,916.3050000000001,308.76000000000005,True,False,
2026-03-12 11:18:40,5.0,0.0,0.0,0.0,,0.0,0.0,0.0,0.0,0.0,0.0,1.0,0.0,0.0,0.0,2.777,0.0,0.0,0.0,7.315,-423.0,0.0,7.246,0.0,0.0,0.0,4.985,110.0,0.071,0.0,0.682,0.0,4.956,187.0,0.0,0.0,0.0,0.0,4.98,39.0,23.72475,23.59587,23.63525,23.46878,24.15435,23.5905,23.48131,23.73012,23.81425,23.5,23.0,0.0,0.0,23.0,0.0,910.25,0.0,2.0,0.0,0.0,77.180115,77.180115,77.180115,77.180115,77.180115,77.180115,77.180115,77.180115,77.180115,77.180115,77.180115,77.180115,77.180115,77.180115,77.180115,77.180115,74.309649,74.309649,74.309649,74.309649,0.0,0.0,100.0,101.0,102.0,0.0,0.0,4.0,0.0,548.35,926.772,194.22000000000003,True,False,
2026-03-12 11:18:41,5.0,0.0,0.0,0.0,,0.0,0.0,0.0,0.0,0.0,0.0,1.0,0.0,0.0,0.0,2.777,0.0,0.0,0.0,7.315,-423.0,0.0,7.245,222.0,0.0,0.0,4.987,271.0,0.075,1.0,0.682,0.0,4.956,186.0,0.0,0.0,0.0,0.0,4.98,39.0,23.72296,23.60124,23.64241,23.46341,24.20984,23.60482,23.47952,23.7516,23.81425,23.5,23.5,0.0,0.0,23.0,0.0,910.25,0.0,2.0,0.0,0.0,77.180115,77.180115,77.180115,77.180115,77.180115,77.180115,77.180115,77.180115,77.180115,77.180115,77.180115,77.180115,77.180115,77.180115,77.180115,77.180115,74.309649,74.309649,74.309649,74.309649,0.0,0.0,100.0,101.0,102.0,0.0,0.0,5.0,1608.39,1351.477,921.816,194.22000000000003,True,False,
2026-03-12 11:18:42,5.0,0.0,0.0,0.0,,0.0,0.0,0.0,0.0,0.0,0.0,1.0,0.0,0.0,0.0,2.777,0.0,0.0,0.0,7.315,-423.0,0.0,7.246,221.0,0.0,0.0,4.985,271.0,0.076,1.0,0.682,0.0,4.955,187.0,0.0,0.0,0.0,0.0,4.978,58.0,23.71759,23.60124,23.65136,23.4652,24.30471,23.60303,23.48668,23.79635,23.81604,23.5,23.5,0.0,0.0,23.0,0.0,910.25,0.0,2.0,0.0,0.0,77.180115,77.180115,77.180115,77.180115,77.180115,77.180115,77.180115,77.180115,77.180115,77.180115,77.180115,77.180115,77.180115,77.180115,77.180115,77.180115,74.309649,74.309649,74.309649,74.309649,0.0,0.0,100.0,101.0,102.0,0.0,0.0,6.0,1601.366,1350.9350000000002,926.585,288.724,True,False,
2026-03-12 11:18:43,5.0,0.0,0.0,0.0,,0.0,0.0,0.0,0.0,0.0,0.0,1.0,0.0,0.0,0.0,2.777,0.0,0.0,0.0,7.315,-423.0,0.0,7.245,221.0,0.0,0.0,4.986,107.0,0.08,1.0,0.681,0.0,4.956,187.0,0.0,0.0,0.0,0.0,4.978,58.0,23.71759,23.61377,23.65673,23.48131,24.36378,23.60124,23.48489,23.80172,23.81425,23.5,23.5,0.0,0.0,23.0,0.0,910.25,0.0,2.0,0.0,0.0,77.180115,77.180115,77.180115,77.180115,77.180115,77.180115,77.180115,77.180115,77.180115,77.180115,77.180115,77.180115,77.180115,77.180115,77.180115,77.180115,74.309649,74.309649,74.309649,74.309649,0.0,0.0,100.0,101.0,102.0,0.0,0.0,7.0,1601.145,533.502,926.772,288.724,True,False,
2026-03-12 11:18:44,5.0,0.0,0.0,0.0,,0.0,0.0,0.0,0.0,0.0,0.0,1.0,0.0,0.0,0.0,2.777,0.0,0.0,0.0,7.315,-423.0,0.0,7.246,221.0,0.0,0.0,4.986,268.0,0.081,0.0,0.681,0.0,4.955,201.0,0.0,0.0,0.0,0.0,4.978,58.0,23.72833,23.6084,23.65852,23.46699,24.41569,23.60124,23.4831,23.80888,23.81962,23.5,23.5,0.0,0.0,23.0,0.0,910.25,0.0,2.0,0.0,0.0,77.180115,77.180115,77.180115,77.180115,77.180115,77.180115,77.180115,77.180115,77.180115,77.180115,77.180115,77.180115,77.180115,77.180115,77.180115,77.180115,74.309649,74.309649,74.309649,74.309649,0.0,0.0,100.0,101.0,102.0,0.0,0.0,8.0,1601.366,1336.248,995.955,288.724,True,False,
2026-03-12 11:18:45,5.0,0.0,0.0,0.0,,0.0,0.0,0.0,0.0,0.0,0.0,1.0,0.0,0.0,0.0,2.777,1.0,0.0,0.0,7.315,-423.0,0.0,7.246,221.0,0.0,0.0,4.983,110.0,0.087,2.0,0.681,0.0,4.955,190.0,0.0,0.0,0.0,0.0,4.978,61.0,23.71938,23.62451,23.66568,23.47236,24.53025,23.59945,23.47773,23.85184,23.81783,23.5,23.5,0.0,0.0,23.0,0.0,910.25,0.0,2.0,0.0,0.0,77.180115,77.180115,77.180115,77.180115,77.180115,77.180115,77.180115,77.180115,77.180115,77.180115,77.180115,77.180115,77.180115,77.180115,77.180115,77.180115,74.309649,74.309649,74.309649,74.309649,0.0,0.0,100.0,101.0,102.0,0.0,0.0,9.0,1601.366,548.13,941.45,303.65799999999996,True,False,
2026-03-12 11:18:46,5.0,0.0,0.0,0.0,10.0,0.0,0.0,0.0,0.0,0.0,0.0,1.0,0.0,0.0,0.0,2.777,0.0,0.0,0.0,7.315,-423.0,0.0,7.246,222.0,0.0,0.0,4.986,105.0,0.088,1.0,0.681,0.0,4.955,190.0,0.0,0.0,0.0,0.0,4.978,58.0,23.71759,23.62988,23.67105,23.46878,24.63586,23.60661,23.48847,23.87332,23.82141,23.5,23.5,0.0,0.0,23.0,0.0,910.25,0.0,2.0,0.0,0.0,77.180115,77.180115,77.180115,77.180115,77.180115,77.180115,77.180115,77.180115,77.180115,77.180115,77.180115,77.180115,77.180115,77.180115,77.180115,77.180115,74.309649,74.309649,74.309649,74.309649,0.0,0.0,100.0,101.0,102.0,0.0,0.0,10.0,1608.612,523.53,941.45,288.724,True,False,
2026-03-12 11:18:47,5.0,0.0,0.0,0.0,11.0,0.0,0.0,0.0,0.0,0.0,0.0,1.0,0.0,0.0,0.0,2.777,0.0,0.0,0.0,7.315,-423.0,0.0,7.246,222.0,0.0,0.0,4.986,104.0,0.092,0.0,0.682,1.0,4.956,190.0,0.0,0.0,0.0,0.0,4.978,58.0,23.72833,23.63167,23.67821,23.47415,24.69851,23.59945,23.47952,23.89301,23.82141,23.5,23.5,0.0,0.0,23.0,0.0,910.25,0.0,2.0,0.0,0.0,77.180115,77.180115,77.180115,77.180115,77.180115,77.180115,77.180115,77.180115,77.180115,77.180115,77.180115,77.180115,77.180115,77.180115,77.180115,77.180115,74.309649,74.309649,74.309649,74.309649,0.0,0.0,100.0,101.0,102.0,0.0,0.0,11.0,1608.612,518.544,941.6400000000001,288.724,True,False,
2026-03-12 11:18:48,5.0,0.0,0.0,0.0,12.0,0.0,0.0,0.0,0.0,0.0,0.0,1.0,0.0,0.0,0.0,2.777,0.0,0.0,0.0,7.315,-423.0,0.0,7.245,222.0,0.0,0.0,4.985,106.0,0.092,1.0,0.682,0.0,4.953,191.0,0.0,0.0,0.0,0.0,4.981,47.0,23.71938,23.6442,23.68895,23.46878,24.77011,23.60482,23.49026,23.9127,23.81783,23.5,23.5,0.0,0.0,23.0,0.0,910.25,0.0,2.0,0.0,0.0,77.180115,77.180115,77.180115,77.180115,77.180115,77.180115,77.180115,77.180115,77.180115,77.180115,77.180115,77.180115,77.180115,77.180115,77.180115,77.180115,74.309649,74.309649,74.309649,74.309649,0.0,0.0,100.0,101.0,102.0,0.0,0.0,12.0,1608.39,528.4100000000001,946.023,234.107,True,False,
2026-03-12 11:18:49,5.0,0.0,0.0,0.0,13.0,0.0,0.0,1.0,0.0,0.0,0.0,1.0,1.0,0.0,0.0,2.777,0.0,0.0,0.0,7.315,-423.0,0.0,7.21,395.0,0.0,0.0,4.982,105.0,4.985,0.0,0.681,0.0,4.953,191.0,0.0,0.0,4.971,58.0,4.981,47.0,23.72475,23.6442,23.69432,23.47057,24.83813,23.60482,23.48668,23.92702,23.82499,23.5,23.5,0.0,23.0,23.0,0.0,910.25,0.0,2.0,0.0,0.0,77.180115,77.180115,77.180115,77.180115,77.180115,77.180115,77.180115,77.180115,77.180115,77.180115,77.180115,77.180115,77.180115,77.180115,77.180115,77.180115,74.309649,74.309649,74.309649,74.309649,0.0,0.0,100.0,101.0,102.0,0.0,101.0,13.0,2847.95,523.11,946.023,234.107,True,False,
2026-03-12 11:18:50,5.0,0.0,0.0,0.0,14.0,0.0,0.0,1.0,0.0,0.0,0.0,1.0,1.0,0.0,0.0,2.777,0.0,0.0,0.0,7.315,-423.0,0.0,7.125,316.0,0.0,0.0,4.983,104.0,4.983,102.0,0.682,0.0,4.952,191.0,4.963,186.0,4.967,60.0,4.978,42.0,23.73012,23.66031,23.6979,23.47415,24.90615,23.6084,23.49205,23.95208,23.81604,23.5,23.5,23.0,23.0,23.0,0.0,910.25,,2.0,0.0,0.0,77.180115,77.180115,77.180115,77.180115,77.180115,77.180115,77.180115,77.180115,77.180115,77.180115,77.180115,77.180115,77.180115,77.180115,77.180115,77.180115,74.309649,74.309649,74.309649,74.309649,0.0,0.0,100.0,101.0,102.0,101.0,101.0,14.0,2251.5,518.232,945.832,209.076,True,False,
2026-03-12 11:18:51,5.0,0.0,0.0,0.0,15.0,0.0,0.0,1.0,0.0,0.0,0.0,1.0,1.0,0.0,0.0,2.777,0.0,0.0,0.0,7.315,-423.0,0.0,7.131,783.0,0.0,0.0,4.983,105.0,4.982,100.0,0.681,0.0,4.952,192.0,4.963,186.0,4.97,58.0,4.978,42.0,23.72296,23.66389,23.69969,23.47057,24.9867,23.61019,23.50458,23.9664,23.81783,23.5,24.0,23.0,23.0,23.0,0.0,910.25,,2.0,0.0,0.0,77.180115,77.180115,77.180115,77.180115,77.180115,77.180115,77.180115,77.180115,77.180115,77.180115,77.180115,77.180115,77.180115,77.180115,77.180115,77.180115,74.309649,74.309649,74.309649,74.309649,0.0,0.0,100.0,101.0,102.0,101.0,101.0,15.0,5583.573,523.2149999999999,950.784,209.076,True,False,
2026-03-12 11:18:52,5.0,0.0,0.0,0.0,16.0,0.0,0.0,1.0,0.0,0.0,0.0,1.0,1.0,0.0,0.0,2.777,0.0,0.0,0.0,7.315,-423.0,0.0,7.128,312.0,0.0,0.0,4.983,105.0,4.983,104.0,0.682,0.0,4.956,203.0,4.965,188.0,4.968,58.0,4.978,42.0,23.7158,23.66747,23.70864,23.46878,25.00281,23.61914,23.51174,23.96998,23.80709,23.5,24.0,23.0,23.0,23.0,0.0,910.25,,2.0,0.0,0.0,77.180115,77.180115,77.180115,77.180115,77.180115,77.180115,77.180115,77.180115,77.180115,77.180115,77.180115,77.180115,77.180115,77.180115,77.180115,77.180115,74.309649,74.309649,74.309649,74.309649,0.0,0.0,100.0,101.0,102.0,101.0,101.0,16.0,2223.936,523.2149999999999,1006.0680000000001,209.076,True,False,
2026-03-12 11:18:53,5.0,0.0,0.0,0.0,17.0,0.0,0.0,1.0,0.0,0.0,0.0,1.0,1.0,0.0,0.0,2.777,0.0,0.0,0.0,7.315,-423.0,0.0,7.203,412.0,0.0,0.0,4.983,105.0,4.983,100.0,0.682,1.0,4.953,191.0,4.965,193.0,4.968,61.0,4.976,58.0,23.71938,23.67463,23.72475,23.4652,25.10305,23.62093,23.54575,23.99504,23.82141,23.5,24.0,23.0,23.0,23.0,0.0,910.25,,2.0,0.0,0.0,77.180115,77.180115,77.180115,77.180115,77.180115,77.180115,77.180115,77.180115,77.180115,77.180115,77.180115,77.180115,77.180115,77.180115,77.180115,77.180115,74.309649,74.309649,74.309649,74.309649,0.0,0.0,100.0,101.0,102.0,101.0,101.0,17.0,2967.636,523.2149999999999,946.023,288.608,True,False,
2026-03-12 11:18:54,5.0,0.0,0.0,0.0,18.0,0.0,0.0,1.0,0.0,0.0,0.0,1.0,1.0,0.0,0.0,2.777,0.0,0.0,0.0,7.315,-423.0,0.0,7.205,412.0,0.0,0.0,4.983,105.0,4.982,105.0,0.681,0.0,4.951,193.0,4.965,193.0,4.968,61.0,4.977,58.0,23.72296,23.67463,23.72296,23.47236,25.18002,23.63704,23.56902,24.01831,23.81604,23.5,24.0,23.0,23.0,23.0,0.0,910.25,,2.0,0.0,0.0,77.180115,77.180115,77.180115,77.180115,77.180115,77.180115,77.180115,77.180115,77.180115,77.180115,77.180115,77.180115,77.180115,77.180115,77.180115,77.180115,74.309649,74.309649,74.309649,74.309649,0.0,0.0,100.0,101.0,102.0,101.0,101.0,18.0,2968.46,523.2149999999999,955.5429999999999,288.666,True,False,
2026-03-12 11:18:55,5.0,0.0,0.0,0.0,19.0,0.0,0.0,1.0,0.0,0.0,0.0,1.0,1.0,0.0,0.0,2.777,0.0,0.0,0.0,7.315,-423.0,0.0,7.205,412.0,0.0,0.0,4.982,255.0,4.982,104.0,0.681,0.0,4.951,192.0,4.962,188.0,4.968,62.0,4.977,58.0,23.72296,23.68716,23.73012,23.46878,25.24267,23.65136,23.58871,24.03263,23.81604,23.5,24.0,23.0,23.0,23.0,0.0,910.25,,2.0,0.0,0.0,77.180115,77.180115,77.180115,77.180115,77.180115,77.180115,77.180115,77.180115,77.180115,77.180115,77.180115,77.180115,77.180115,77.180115,77.180115,77.180115,74.309649,74.309649,74.309649,74.309649,0.0,0.0,100.0,101.0,102.0,101.0,101.0,19.0,2968.46,1270.41,950.5919999999999,288.666,True,False,
2026-03-12 11:18:56,5.0,0.0,0.0,0.0,,0.0,0.0,1.0,0.0,0.0,0.0,1.0,1.0,0.0,0.0,2.777,0.0,0.0,0.0,7.315,-423.0,0.0,7.205,410.0,0.0,0.0,4.983,100.0,4.983,105.0,0.682,0.0,4.951,195.0,4.962,188.0,4.968,61.0,4.976,60.0,23.72833,23.68895,23.74086,23.47057,25.33396,23.68716,23.61198,24.04158,23.81962,23.5,24.0,23.0,23.0,23.0,0.0,910.25,,2.0,0.0,0.0,77.180115,77.180115,77.180115,77.180115,77.180115,77.180115,77.180115,77.180115,77.180115,77.180115,77.180115,77.180115,77.180115,77.180115,77.180115,77.180115,74.309649,74.309649,74.309649,74.309649,0.0,0.0,100.0,101.0,102.0,101.0,101.0,20.0,2954.05,498.29999999999995,965.4449999999999,298.56,True,False,
2026-03-12 11:18:57,5.0,0.0,0.0,0.0,,0.0,0.0,1.0,0.0,0.0,0.0,1.0,1.0,0.0,0.0,2.777,0.0,0.0,0.0,7.315,-423.0,0.0,7.205,410.0,0.0,0.0,4.983,101.0,4.985,102.0,0.681,0.0,4.953,185.0,4.963,192.0,4.968,60.0,4.976,60.0,23.73549,23.69432,23.74444,23.47057,25.36618,23.69969,23.62988,24.07201,23.82499,23.5,24.0,23.0,23.0,23.0,0.0,910.25,,2.0,0.0,0.0,77.180115,77.180115,77.180115,77.180115,77.180115,77.180115,77.180115,77.180115,77.180115,77.180115,77.180115,77.180115,77.180115,77.180115,77.180115,77.180115,74.309649,74.309649,74.309649,74.309649,0.0,0.0,100.0,101.0,102.0,101.0,101.0,21.0,2954.05,503.28299999999996,916.3050000000001,298.56,True,False,
2026-03-12 11:18:58,5.0,0.0,0.0,0.0,,0.0,0.0,1.0,0.0,0.0,0.0,1.0,1.0,0.0,0.0,2.777,0.0,0.0,0.0,7.315,-423.0,0.0,7.2,413.0,0.0,0.0,4.982,100.0,4.982,104.0,0.681,0.0,4.953,197.0,4.965,193.0,4.97,60.0,4.977,58.0,23.72475,23.69432,23.74444,23.47236,25.44315,23.73012,23.65673,24.07738,23.81604,23.5,24.0,23.0,23.0,23.0,0.0,910.25,,2.0,0.0,0.0,77.180115,77.180115,77.180115,77.180115,77.180115,77.180115,77.180115,77.180115,77.180115,77.180115,77.180115,77.180115,77.180115,77.180115,77.180115,77.180115,74.309649,74.309649,74.309649,74.309649,0.0,0.0,100.0,101.0,102.0,101.0,101.0,22.0,2973.6,498.20000000000005,975.7410000000001,288.666,True,False,
2026-03-12 11:18:59,5.0,0.0,0.0,0.0,,0.0,0.0,1.0,0.0,0.0,0.0,1.0,1.0,0.0,0.0,2.777,0.0,0.0,0.0,7.315,-423.0,0.0,7.2,411.0,0.0,0.0,4.982,255.0,4.982,105.0,0.682,0.0,4.952,198.0,4.963,191.0,4.968,61.0,4.977,58.0,23.73012,23.70148,23.75876,23.47415,25.48432,23.7516,23.67821,24.08812,23.81783,23.5,24.0,23.0,23.0,23.0,0.0,910.25,,2.0,0.0,0.0,77.180115,77.180115,77.180115,77.180115,77.180115,77.180115,77.180115,77.180115,77.180115,77.180115,77.180115,77.180115,77.180115,77.180115,77.180115,77.180115,74.309649,74.309649,74.309649,74.309649,0.0,0.0,100.0,101.0,102.0,101.0,101.0,23.0,2959.2000000000003,1270.41,980.496,288.666,True,False,
2026-03-12 11:19:00,5.0,0.0,0.0,0.0,,0.0,0.0,1.0,0.0,0.0,0.0,1.0,1.0,0.0,0.0,2.777,0.0,0.0,0.0,7.315,-423.0,0.0,7.203,412.0,0.0,0.0,4.985,102.0,4.983,102.0,0.683,0.0,4.953,183.0,4.963,191.0,4.968,61.0,4.977,58.0,23.73012,23.70685,23.75518,23.47415,25.5416,23.75876,23.67821,24.10244,23.81604,23.5,24.0,23.0,23.0,23.0,0.0,910.25,,2.0,0.0,0.0,77.180115,77.180115,77.180115,77.180115,77.180115,77.180115,77.180115,77.180115,77.180115,77.180115,77.180115,77.180115,77.180115,77.180115,77.180115,77.180115,74.309649,74.309649,74.309649,74.309649,0.0,0.0,100.0,101.0,102.0,101.0,101.0,24.0,2967.636,508.47,906.399,288.666,True,False,
2026-03-12 11:19:01,5.0,0.0,0.0,0.0,,0.0,0.0,1.0,0.0,0.0,0.0,1.0,1.0,0.0,0.0,2.777,0.0,0.0,0.0,7.315,-423.0,0.0,7.202,415.0,0.0,0.0,4.983,101.0,4.983,107.0,0.682,0.0,4.952,183.0,4.961,190.0,4.968,61.0,4.976,58.0,23.72296,23.71759,23.75697,23.47236,25.58635,23.81783,23.71401,24.12034,23.8232,23.5,24.0,23.0,23.0,23.5,0.0,910.25,,2.0,0.0,0.0,77.180115,77.180115,77.180115,77.180115,77.180115,77.180115,77.180115,77.180115,77.180115,77.180115,77.180115,77.180115,77.180115,77.180115,77.180115,77.180115,74.309649,74.309649,74.309649,74.309649,0.0,0.0,100.0,101.0,102.0,101.0,101.0,25.0,2988.83,503.28299999999996,906.216,288.608,True,False,
2026-03-12 11:19:02,5.0,0.0,0.0,0.0,20.0,0.0,0.0,1.0,0.0,0.0,0.0,1.0,1.0,0.0,0.0,2.777,1.0,0.0,0.0,7.315,-423.0,0.0,7.203,416.0,0.0,0.0,4.983,100.0,4.983,102.0,0.683,0.0,4.951,183.0,4.963,192.0,4.968,62.0,4.978,43.0,23.73191,23.72296,23.77487,23.47236,25.67764,23.84289,23.72654,24.13645,23.81783,23.5,24.0,23.0,23.0,23.5,0.0,910.25,,2.0,0.0,0.0,77.180115,77.180115,77.180115,77.180115,77.180115,77.180115,77.180115,77.180115,77.180115,77.180115,77.180115,77.180115,77.180115,77.180115,77.180115,77.180115,74.309649,74.309649,74.309649,74.309649,0.0,0.0,100.0,101.0,102.0,101.0,101.0,26.0,2996.4480000000003,498.29999999999995,906.0329999999999,214.054,True,False,
2026-03-12 11:19:03,5.0,0.0,0.0,0.0,21.0,0.0,0.0,1.0,0.0,0.0,0.0,1.0,1.0,0.0,0.0,2.777,0.0,0.0,0.0,7.315,-423.0,0.0,7.203,412.0,0.0,0.0,4.983,101.0,4.982,106.0,0.683,0.0,4.952,185.0,4.963,197.0,4.968,61.0,4.978,43.0,23.72833,23.73549,23.79456,23.4831,25.73134,23.87332,23.74981,24.15077,23.81604,23.5,24.5,23.0,23.0,23.5,0.0,910.25,,2.0,0.0,0.0,77.180115,77.180115,77.180115,77.180115,77.180115,77.180115,77.180115,77.180115,77.180115,77.180115,77.180115,77.180115,77.180115,77.180115,77.180115,77.180115,74.309649,74.309649,74.309649,74.309649,0.0,0.0,100.0,101.0,102.0,101.0,101.0,27.0,2967.636,503.28299999999996,916.12,214.054,True,False,
2026-03-12 11:19:04,5.0,0.0,0.0,0.0,22.0,0.0,0.0,1.0,0.0,0.0,0.0,1.0,1.0,0.0,0.0,2.777,0.0,0.0,0.0,7.315,-423.0,0.0,7.203,413.0,0.0,0.0,4.983,100.0,4.983,107.0,0.683,1.0,4.952,185.0,4.965,193.0,4.97,61.0,4.978,43.0,23.73012,23.73012,23.76592,23.46699,25.79399,23.90375,23.76234,24.17404,23.81783,23.5,24.5,23.0,23.0,23.5,0.0,910.25,,2.0,0.0,0.0,77.180115,77.180115,77.180115,77.180115,77.180115,77.180115,77.180115,77.180115,77.180115,77.180115,77.180115,77.180115,77.180115,77.180115,77.180115,77.180115,74.309649,74.309649,74.309649,74.309649,0.0,0.0,100.0,101.0,102.0,101.0,101.0,28.0,2974.839,498.29999999999995,916.12,214.054,True,False,
2026-03-12 11:19:05,5.0,0.0,0.0,0.0,23.0,0.0,0.0,1.0,0.0,0.0,0.0,1.0,1.0,0.0,0.0,2.777,0.0,0.0,0.0,7.315,-423.0,0.0,7.202,410.0,0.0,0.0,4.983,102.0,4.983,107.0,0.681,0.0,4.952,183.0,4.962,188.0,4.97,61.0,4.978,43.0,23.73191,23.7337,23.78024,23.47952,25.82442,23.94134,23.77666,24.18836,23.82141,23.5,24.5,23.0,23.0,23.5,0.0,910.25,,2.0,0.0,0.0,77.180115,77.180115,77.180115,77.180115,77.180115,77.180115,77.180115,77.180115,77.180115,77.180115,77.180115,77.180115,77.180115,77.180115,77.180115,77.180115,74.309649,74.309649,74.309649,74.309649,0.0,0.0,100.0,101.0,102.0,101.0,101.0,29.0,2952.82,508.26599999999996,906.216,214.054,True,False,
2026-03-12 11:19:06,5.0,0.0,0.0,0.0,24.0,0.0,0.0,1.0,0.0,0.0,0.0,1.0,1.0,0.0,0.0,2.777,0.0,0.0,0.0,7.315,-423.0,0.0,7.201,411.0,0.0,0.0,4.982,100.0,4.981,106.0,0.681,0.0,4.951,185.0,4.962,190.0,4.97,60.0,4.978,46.0,23.73549,23.73728,23.78919,23.47773,25.87096,23.97356,23.7874,24.19373,23.81425,23.5,24.5,23.0,23.0,23.5,0.0,910.25,,2.0,0.0,0.0,77.180115,77.180115,77.180115,77.180115,77.180115,77.180115,77.180115,77.180115,77.180115,77.180115,77.180115,77.180115,77.180115,77.180115,77.180115,77.180115,74.309649,74.309649,74.309649,74.309649,0.0,0.0,100.0,101.0,102.0,101.0,101.0,30.0,2959.611,498.20000000000005,915.935,228.988,True,False,
2026-03-12 11:19:07,5.0,0.0,0.0,0.0,25.0,0.0,0.0,1.0,0.0,0.0,0.0,1.0,1.0,0.0,0.0,2.777,0.0,0.0,0.0,7.315,-423.0,0.0,7.203,412.0,0.0,0.0,4.982,100.0,4.983,106.0,0.682,0.0,4.952,183.0,4.962,195.0,4.967,61.0,4.978,46.0,23.73549,23.74623,23.80351,23.48489,25.91034,24.00578,23.79993,24.217,23.82499,23.5,24.5,23.0,23.0,23.5,0.0,910.25,,2.0,0.0,0.0,77.180115,77.180115,77.180115,77.180115,77.180115,77.180115,77.180115,77.180115,77.180115,77.180115,77.180115,77.180115,77.180115,77.180115,77.180115,77.180115,74.309649,74.309649,74.309649,74.309649,0.0,0.0,100.0,101.0,102.0,101.0,101.0,31.0,2967.636,498.20000000000005,906.216,228.988,True,False,
2026-03-12 11:19:08,5.0,0.0,0.0,0.0,26.0,0.0,0.0,1.0,0.0,0.0,0.0,1.0,1.0,0.0,0.0,2.777,0.0,0.0,0.0,7.315,-423.0,0.0,7.201,416.0,0.0,0.0,4.982,101.0,4.982,105.0,0.682,0.0,4.952,201.0,4.962,187.0,4.968,63.0,4.978,46.0,23.72833,23.75518,23.79456,23.48131,25.94435,24.03084,23.81246,24.217,23.81962,23.5,24.5,23.0,23.0,23.5,0.0,910.25,,2.0,0.0,0.0,77.180115,77.180115,77.180115,77.180115,77.180115,77.180115,77.180115,77.180115,77.180115,77.180115,77.180115,77.180115,77.180115,77.180115,77.180115,77.180115,74.309649,74.309649,74.309649,74.309649,0.0,0.0,100.0,101.0,102.0,101.0,101.0,32.0,2995.616,503.182,995.352,228.988,True,False,
2026-03-12 11:19:09,5.0,0.0,0.0,0.0,27.0,0.0,0.0,1.0,0.0,0.0,0.0,1.0,1.0,0.0,0.0,2.777,0.0,0.0,0.0,7.315,-423.0,0.0,7.202,415.0,0.0,0.0,4.983,101.0,4.982,105.0,0.681,0.0,4.951,201.0,4.962,187.0,4.968,61.0,4.976,58.0,23.7337,23.7516,23.79635,23.48131,26.00879,24.05948,23.83036,24.23132,23.8232,23.5,24.5,23.0,23.0,23.5,0.0,910.25,,2.0,0.0,0.0,77.180115,77.180115,77.180115,77.180115,77.180115,77.180115,77.180115,77.180115,77.180115,77.180115,77.180115,77.180115,77.180115,77.180115,77.180115,77.180115,74.309649,74.309649,74.309649,74.309649,0.0,0.0,100.0,101.0,102.0,101.0,101.0,33.0,2988.83,503.28299999999996,995.151,288.608,True,False,
2026-03-12 11:19:10,5.0,0.0,0.0,0.0,28.0,0.0,0.0,1.0,0.0,0.0,0.0,1.0,1.0,0.0,0.0,2.777,0.0,0.0,0.0,7.315,-423.0,0.0,7.202,412.0,0.0,0.0,4.983,100.0,4.983,105.0,0.681,0.0,4.952,187.0,4.962,187.0,4.968,60.0,4.976,39.0,23.73191,23.7695,23.80351,23.47952,26.21464,24.12213,23.85005,24.24564,23.81604,23.5,24.5,23.5,23.0,23.5,0.0,910.25,,2.0,0.0,0.0,77.180115,77.180115,77.180115,77.180115,77.180115,77.180115,77.180115,77.180115,77.180115,77.180115,77.180115,77.180115,77.180115,77.180115,77.180115,77.180115,74.309649,74.309649,74.309649,74.309649,0.0,0.0,100.0,101.0,102.0,101.0,101.0,34.0,2967.224,498.29999999999995,926.024,194.064,True,False,
2026-03-12 11:19:11,5.0,0.0,0.0,0.0,29.0,0.0,0.0,1.0,0.0,0.0,0.0,1.0,1.0,0.0,0.0,2.777,0.0,0.0,0.0,7.315,-423.0,0.0,7.202,411.0,0.0,0.0,4.983,101.0,4.983,102.0,0.681,0.0,4.955,200.0,4.962,191.0,4.968,60.0,4.976,39.0,23.73191,23.76592,23.81246,23.48131,26.29161,24.15256,23.86616,24.25638,23.80888,23.5,24.5,23.5,23.0,23.5,0.0,910.25,,2.0,0.0,0.0,77.180115,77.180115,77.180115,77.180115,77.180115,77.180115,77.180115,77.180115,77.180115,77.180115,77.180115,77.180115,77.180115,77.180115,77.180115,77.180115,74.309649,74.309649,74.309649,74.309649,0.0,0.0,100.0,101.0,102.0,101.0,101.0,35.0,2960.022,503.28299999999996,991.0,194.064,True,False,
2026-03-12 11:19:12,5.0,0.0,0.0,0.0,,0.0,0.0,1.0,0.0,0.0,0.0,1.0,1.0,0.0,0.0,2.777,0.0,0.0,0.0,7.315,-423.0,0.0,7.202,197.0,0.0,0.0,4.983,101.0,4.983,104.0,0.682,0.0,4.953,198.0,4.962,197.0,4.968,61.0,4.976,39.0,23.73907,23.77308,23.81246,23.4831,26.30772,24.19373,23.86974,24.26533,23.81962,23.5,24.5,23.5,23.0,23.5,0.0,910.25,,2.0,0.0,0.0,77.180115,77.180115,77.180115,77.180115,77.180115,77.180115,77.180115,77.180115,77.180115,77.180115,77.180115,77.180115,77.180115,77.180115,77.180115,77.180115,74.309649,74.309649,74.309649,74.309649,0.0,0.0,100.0,101.0,102.0,101.0,101.0,36.0,1418.794,503.28299999999996,980.6940000000001,194.064,True,False,
2026-03-12 11:19:13,5.0,0.0,0.0,0.0,,0.0,0.0,1.0,0.0,0.0,0.0,1.0,1.0,0.0,0.0,2.777,0.0,0.0,0.0,7.315,-423.0,0.0,7.203,197.0,0.0,0.0,4.983,101.0,4.982,102.0,0.682,0.0,4.953,197.0,4.963,200.0,4.968,60.0,4.976,39.0,23.73907,23.77308,23.82678,23.4831,26.40259,24.22416,23.88048,24.2886,23.81783,23.5,24.5,23.5,23.5,23.5,0.0,910.25,,2.0,0.0,0.0,77.180115,77.180115,77.180115,77.180115,77.180115,77.180115,77.180115,77.180115,77.180115,77.180115,77.180115,77.180115,77.180115,77.180115,77.180115,77.180115,74.309649,74.309649,74.309649,74.309649,0.0,0.0,100.0,101.0,102.0,101.0,101.0,37.0,1418.991,503.28299999999996,975.7410000000001,194.064,True,False,
2026-03-12 11:19:14,5.0,0.0,0.0,0.0,,0.0,0.0,1.0,0.0,0.0,0.0,1.0,1.0,0.0,0.0,2.777,0.0,0.0,0.0,7.315,-423.0,0.0,7.202,196.0,0.0,0.0,4.983,101.0,4.983,250.0,0.681,0.0,4.952,197.0,4.962,196.0,4.968,61.0,4.976,60.0,23.73012,23.78561,23.82678,23.47236,26.42765,24.28144,23.89301,24.29934,23.8232,23.5,24.5,23.5,23.0,23.5,0.0,910.25,,2.0,0.0,0.0,77.180115,77.180115,77.180115,77.180115,77.180115,77.180115,77.180115,77.180115,77.180115,77.180115,77.180115,77.180115,77.180115,77.180115,77.180115,77.180115,74.309649,74.309649,74.309649,74.309649,0.0,0.0,100.0,101.0,102.0,101.0,101.0,38.0,1411.592,503.28299999999996,975.544,298.56,True,False,
2026-03-12 11:19:15,5.0,0.0,0.0,0.0,,0.0,0.0,1.0,0.0,0.0,0.0,1.0,1.0,0.0,0.0,2.777,0.0,0.0,0.0,7.315,-423.0,0.0,7.203,192.0,0.0,0.0,4.982,101.0,4.983,250.0,0.682,0.0,4.952,197.0,4.961,191.0,4.968,60.0,4.976,60.0,23.73907,23.78382,23.83215,23.49563,26.46166,24.31008,23.90733,24.31008,23.8232,23.5,24.5,23.5,23.0,23.5,0.0,910.25,,2.0,0.0,0.0,77.180115,77.180115,77.180115,77.180115,77.180115,77.180115,77.180115,77.180115,77.180115,77.180115,77.180115,77.180115,77.180115,77.180115,77.180115,77.180115,74.309649,74.309649,74.309649,74.309649,0.0,0.0,100.0,101.0,102.0,101.0,101.0,39.0,1382.976,503.182,975.544,298.56,True,False,
2026-03-12 11:19:16,5.0,0.0,0.0,0.0,,0.0,0.0,1.0,0.0,0.0,0.0,1.0,1.0,0.0,0.0,2.777,0.0,0.0,0.0,7.315,-423.0,0.0,7.202,197.0,0.0,0.0,4.983,104.0,4.983,255.0,0.682,0.0,4.952,198.0,4.962,191.0,4.968,61.0,4.976,39.0,23.73012,23.78561,23.83573,23.48668,26.49209,24.3423,23.91807,24.31008,23.80888,23.5,24.5,23.5,23.5,23.5,0.0,910.25,,2.0,0.0,0.0,77.180115,77.180115,77.180115,77.180115,77.180115,77.180115,77.180115,77.180115,77.180115,77.180115,77.180115,77.180115,77.180115,77.180115,77.180115,77.180115,74.309649,74.309649,74.309649,74.309649,0.0,0.0,100.0,101.0,102.0,101.0,101.0,40.0,1418.794,518.232,980.496,194.064,True,False,
2026-03-12 11:19:17,5.0,0.0,0.0,0.0,,0.0,0.0,1.0,0.0,0.0,0.0,1.0,1.0,0.0,0.0,2.777,1.0,0.0,0.0,7.315,-423.0,0.0,7.201,411.0,0.0,0.0,4.982,106.0,4.982,252.0,0.682,0.0,4.952,202.0,4.962,191.0,4.968,60.0,4.976,39.0,23.72833,23.79635,23.83394,23.47773,26.54937,24.36915,23.91807,24.32977,23.81604,23.5,24.5,23.5,23.0,23.5,0.0,910.25,,2.0,0.0,0.0,77.180115,77.180115,77.180115,77.180115,77.180115,77.180115,77.180115,77.180115,77.180115,77.180115,77.180115,77.180115,77.180115,77.180115,77.180115,77.180115,74.309649,74.309649,74.309649,74.309649,0.0,0.0,100.0,101.0,102.0,101.0,101.0,41.0,2959.611,528.092,1000.304,194.064,True,False,
2026-03-12 11:19:18,5.0,0.0,0.0,0.0,30.0,0.0,0.0,2.0,0.0,0.0,0.0,1.0,1.0,0.0,0.0,2.777,0.0,0.0,0.0,7.315,-423.0,0.0,7.203,412.0,0.0,0.0,4.983,106.0,4.983,252.0,0.681,0.0,4.951,183.0,4.962,190.0,4.968,62.0,4.976,39.0,23.73549,23.79456,23.84468,23.49026,26.58338,24.40495,23.94313,24.34051,23.81962,23.5,24.5,23.5,23.5,23.5,0.0,910.25,,2.0,0.0,0.0,77.180115,77.180115,77.180115,77.180115,77.180115,77.180115,77.180115,77.180115,77.180115,77.180115,77.180115,77.180115,77.180115,77.180115,77.180115,77.180115,74.309649,74.309649,74.309649,74.309649,0.0,0.0,100.0,101.0,102.0,101.0,101.0,42.0,2967.636,528.198,906.0329999999999,194.064,True,False,
2026-03-12 11:19:19,5.0,0.0,0.0,0.0,31.0,0.0,0.0,3.0,0.0,0.0,0.0,1.0,1.0,0.0,0.0,2.777,0.0,0.0,0.0,7.315,-423.0,0.0,7.202,196.0,0.0,0.0,4.982,105.0,4.982,247.0,0.682,0.0,4.952,187.0,4.962,190.0,4.968,63.0,4.977,45.0,23.73191,23.81067,23.85005,23.4831,26.67467,24.45328,23.9485,24.35841,23.81425,23.5,25.0,23.5,23.5,23.5,0.0,910.25,,2.0,0.0,0.0,77.180115,77.180115,77.180115,77.180115,77.180115,77.180115,77.180115,77.180115,77.180115,77.180115,77.180115,77.180115,77.180115,77.180115,77.180115,77.180115,74.309649,74.309649,74.309649,74.309649,0.0,0.0,100.0,101.0,102.0,101.0,101.0,43.0,1411.592,523.11,926.024,223.965,True,False,
2026-03-12 11:19:20,5.0,0.0,0.0,0.0,32.0,0.0,0.0,4.0,0.0,0.0,0.0,1.0,1.0,0.0,0.0,2.777,0.0,0.0,0.0,7.315,-423.0,0.0,7.201,410.0,0.0,0.0,4.983,105.0,4.983,255.0,0.682,0.0,4.951,198.0,4.962,187.0,4.967,62.0,4.975,58.0,23.73728,23.81067,23.84468,23.47952,26.68899,24.48192,23.96103,24.36378,23.81246,23.5,25.0,23.5,23.5,23.5,0.0,910.25,,2.0,0.0,0.0,77.180115,77.180115,77.180115,77.180115,77.180115,77.180115,77.180115,77.180115,77.180115,77.180115,77.180115,77.180115,77.180115,77.180115,77.180115,77.180115,74.309649,74.309649,74.309649,74.309649,0.0,0.0,100.0,101.0,102.0,101.0,101.0,44.0,2952.41,523.2149999999999,980.2979999999999,288.54999999999995,True,False,
2026-03-12 11:19:21,5.0,0.0,0.0,0.0,33.0,0.0,0.0,4.0,0.0,0.0,0.0,1.0,1.0,0.0,0.0,2.777,0.0,0.0,0.0,7.315,-423.0,0.0,7.201,197.0,0.0,0.0,4.982,106.0,4.983,255.0,0.681,0.0,4.951,201.0,4.962,193.0,4.967,60.0,4.975,58.0,23.73012,23.81246,23.86795,23.48668,26.71047,24.53025,23.9664,24.37452,23.82857,23.5,25.0,23.5,23.5,23.5,0.0,910.25,,2.0,0.0,0.0,77.180115,77.180115,77.180115,77.180115,77.180115,77.180115,77.180115,77.180115,77.180115,77.180115,77.180115,77.180115,77.180115,77.180115,77.180115,77.180115,74.309649,74.309649,74.309649,74.309649,0.0,0.0,100.0,101.0,102.0,101.0,101.0,45.0,1418.597,528.092,995.151,288.54999999999995,True,False,
2026-03-12 11:19:22,5.0,0.0,0.0,0.0,34.0,0.0,0.0,4.0,0.0,0.0,0.0,1.0,1.0,0.0,0.0,2.777,0.0,0.0,0.0,7.315,-423.0,0.0,7.203,198.0,0.0,0.0,4.982,104.0,4.983,251.0,0.682,0.0,4.951,201.0,4.963,197.0,4.968,62.0,4.976,39.0,23.72833,23.81604,23.86437,23.48847,26.74269,24.55352,23.98072,24.38884,23.8232,23.5,25.0,23.5,23.0,23.5,0.0,910.25,,2.0,0.0,0.0,77.180115,77.180115,77.180115,77.180115,77.180115,77.180115,77.180115,77.180115,77.180115,77.180115,77.180115,77.180115,77.180115,77.180115,77.180115,77.180115,74.309649,74.309649,74.309649,74.309649,0.0,0.0,100.0,101.0,102.0,101.0,101.0,46.0,1426.194,518.128,995.151,194.064,True,False,
2026-03-12 11:19:23,5.0,0.0,0.0,0.0,35.0,0.0,0.0,4.0,0.0,0.0,0.0,1.0,1.0,0.0,0.0,2.777,0.0,0.0,0.0,7.315,-423.0,0.0,7.201,198.0,0.0,0.0,4.982,101.0,4.985,250.0,0.681,0.0,4.951,202.0,4.962,195.0,4.966,58.0,4.976,39.0,23.72833,23.82857,23.86795,23.49026,26.78923,24.60543,23.98967,24.396,23.8232,23.5,25.0,24.0,23.0,23.5,0.0,910.25,,2.0,0.0,0.0,77.180115,77.180115,77.180115,77.180115,77.180115,77.180115,77.180115,77.180115,77.180115,77.180115,77.180115,77.180115,77.180115,77.180115,77.180115,77.180115,74.309649,74.309649,74.309649,74.309649,0.0,0.0,100.0,101.0,102.0,101.0,101.0,47.0,1425.798,503.182,1000.102,194.064,True,False,
2026-03-12 11:19:24,5.0,0.0,0.0,0.0,36.0,0.0,0.0,4.0,0.0,0.0,0.0,1.0,1.0,0.0,0.0,2.777,0.0,0.0,0.0,7.315,-423.0,0.0,7.2,420.0,0.0,0.0,4.982,101.0,4.982,107.0,0.682,1.0,4.951,202.0,4.963,187.0,4.968,60.0,4.976,58.0,23.73012,23.83215,23.87869,23.48489,26.83577,24.62691,23.98967,24.40674,23.82141,23.5,25.0,24.0,23.5,23.5,0.0,910.25,,2.0,0.0,0.0,77.180115,77.180115,77.180115,77.180115,77.180115,77.180115,77.180115,77.180115,77.180115,77.180115,77.180115,77.180115,77.180115,77.180115,77.180115,77.180115,74.309649,74.309649,74.309649,74.309649,0.0,0.0,100.0,101.0,102.0,101.0,101.0,48.0,3024.0,503.182,1000.102,288.608,True,False,
2026-03-12 11:19:25,5.0,0.0,0.0,0.0,37.0,0.0,0.0,4.0,0.0,0.0,0.0,1.0,1.0,0.0,0.0,2.777,0.0,0.0,0.0,7.315,-423.0,0.0,7.2,415.0,0.0,0.0,4.982,100.0,4.982,109.0,0.682,0.0,4.951,201.0,4.962,191.0,4.97,60.0,4.976,58.0,23.73907,23.82857,23.88227,23.49563,26.88768,24.67345,23.99683,24.41927,23.82499,23.5,25.0,24.0,23.5,23.5,0.0,910.25,,2.0,0.0,0.0,77.180115,77.180115,77.180115,77.180115,77.180115,77.180115,77.180115,77.180115,77.180115,77.180115,77.180115,77.180115,77.180115,77.180115,77.180115,77.180115,74.309649,74.309649,74.309649,74.309649,0.0,0.0,100.0,101.0,102.0,101.0,101.0,49.0,2988.0,498.20000000000005,995.151,288.608,True,False,
2026-03-12 11:19:26,5.0,0.0,0.0,0.0,38.0,0.0,0.0,4.0,0.0,0.0,0.0,1.0,1.0,0.0,0.0,2.777,0.0,0.0,0.0,7.315,-423.0,0.0,7.198,416.0,0.0,0.0,4.983,101.0,4.982,109.0,0.682,0.0,4.95,183.0,4.962,190.0,4.968,61.0,4.976,58.0,23.74265,23.83036,23.87332,23.49205,26.88947,24.69135,24.00757,24.42285,23.8232,23.5,25.0,24.0,23.5,23.5,0.0,910.25,,2.0,0.0,0.0,77.180115,77.180115,77.180115,77.180115,77.180115,77.180115,77.180115,77.180115,77.180115,77.180115,77.180115,77.180115,77.180115,77.180115,77.180115,77.180115,74.309649,74.309649,74.309649,74.309649,0.0,0.0,100.0,101.0,102.0,101.0,101.0,50.0,2994.3680000000004,503.28299999999996,905.85,288.608,True,False,
2026-03-12 11:19:27,5.0,0.0,0.0,0.0,39.0,0.0,0.0,4.0,0.0,0.0,0.0,1.0,1.0,0.0,0.0,2.777,0.0,0.0,0.0,7.315,-423.0,0.0,7.197,416.0,0.0,0.0,4.982,104.0,4.982,107.0,0.681,0.0,4.951,202.0,4.962,197.0,4.968,61.0,4.975,60.0,23.74086,23.84647,23.88943,23.49026,26.95928,24.73252,24.00757,24.44075,23.8232,23.5,25.0,24.0,23.5,23.5,0.0,910.25,,2.0,0.0,0.0,77.180115,77.180115,77.180115,77.180115,77.180115,77.180115,77.180115,77.180115,77.180115,77.180115,77.180115,77.180115,77.180115,77.180115,77.180115,77.180115,74.309649,74.309649,74.309649,74.309649,0.0,0.0,100.0,101.0,102.0,101.0,101.0,51.0,2993.952,518.128,1000.102,298.5,True,False,
2026-03-12 11:19:28,5.0,0.0,0.0,0.0,,0.0,0.0,4.0,0.0,0.0,0.0,1.0,1.0,0.0,0.0,2.777,0.0,0.0,0.0,7.315,-423.0,0.0,7.198,420.0,0.0,0.0,4.982,105.0,4.981,107.0,0.682,0.0,4.952,186.0,4.962,190.0,4.968,61.0,4.975,60.0,23.72833,23.84468,23.88406,23.49205,26.98255,24.74684,24.02189,24.44433,23.8232,23.5,25.0,24.0,23.5,23.5,0.0,910.25,,2.0,0.0,0.0,77.180115,77.180115,77.180115,77.180115,77.180115,77.180115,77.180115,77.180115,77.180115,77.180115,77.180115,77.180115,77.180115,77.180115,77.180115,77.180115,74.309649,74.309649,74.309649,74.309649,0.0,0.0,100.0,101.0,102.0,101.0,101.0,52.0,3023.1600000000003,523.11,921.072,298.5,True,False,
2026-03-12 11:19:29,5.0,0.0,0.0,0.0,,0.0,0.0,4.0,0.0,0.0,0.0,1.0,1.0,0.0,0.0,2.777,0.0,0.0,0.0,7.315,-423.0,0.0,7.2,420.0,0.0,0.0,4.982,107.0,4.981,109.0,0.681,0.0,4.951,205.0,4.961,192.0,4.967,62.0,4.978,47.0,23.73728,23.85363,23.88406,23.49384,27.04699,24.80054,24.03263,24.46581,23.82499,23.5,25.0,24.0,23.5,23.5,0.0,910.25,,2.0,0.0,0.0,77.180115,77.180115,77.180115,77.180115,77.180115,77.180115,77.180115,77.180115,77.180115,77.180115,77.180115,77.180115,77.180115,77.180115,77.180115,77.180115,74.309649,74.309649,74.309649,74.309649,0.0,0.0,100.0,101.0,102.0,101.0,101.0,53.0,3024.0,533.0740000000001,1014.9549999999999,233.96599999999998,True,False,
2026-03-12 11:19:30,5.0,0.0,0.0,1.0,0.0,0.0,0.0,4.0,0.0,0.0,0.0,1.0,1.0,0.0,0.0,2.777,0.0,0.0,0.0,7.315,-423.0,0.0,7.201,195.0,0.0,0.0,4.982,106.0,4.981,266.0,0.681,0.0,4.951,203.0,4.962,192.0,4.968,61.0,4.978,46.0,23.73549,23.85363,23.90554,23.49205,27.07384,24.81844,24.04874,24.46939,23.82141,23.5,25.0,24.0,23.5,23.5,0.0,910.25,,2.0,0.0,0.0,77.180115,77.180115,77.180115,77.180115,77.180115,77.180115,77.180115,77.180115,77.180115,77.180115,77.180115,77.180115,77.180115,77.180115,77.180115,77.180115,74.309649,74.309649,74.309649,74.309649,0.0,0.0,100.0,101.0,102.0,101.0,101.0,54.0,1404.195,528.092,1005.0529999999999,228.988,True,False,
2026-03-12 11:19:31,5.0,0.0,0.0,1.0,1.0,0.0,0.0,4.0,0.0,0.0,0.0,1.0,1.0,0.0,0.0,2.777,0.0,0.0,0.0,7.315,-423.0,0.0,7.198,417.0,0.0,0.0,4.983,251.0,4.982,109.0,0.682,0.0,4.951,202.0,4.963,195.0,4.968,60.0,4.978,46.0,23.73728,23.85184,23.91091,23.49384,27.1168,24.87214,24.04516,24.47297,23.8232,24.0,25.0,24.0,23.5,23.5,0.0,910.25,,2.0,0.0,0.0,77.180115,77.180115,77.180115,77.180115,77.180115,77.180115,77.180115,77.180115,77.180115,77.180115,77.180115,77.180115,77.180115,77.180115,77.180115,77.180115,74.309649,74.309649,74.309649,74.309649,0.0,0.0,100.0,101.0,102.0,101.0,101.0,55.0,3001.5660000000003,1250.733,1000.102,228.988,True,False,
2026-03-12 11:19:32,5.0,0.0,0.0,1.0,2.0,0.0,0.0,4.0,0.0,0.0,0.0,1.0,1.0,0.0,0.0,2.777,0.0,0.0,0.0,7.315,-423.0,0.0,7.198,421.0,0.0,0.0,4.982,107.0,4.982,107.0,0.681,0.0,4.951,202.0,4.962,200.0,4.967,60.0,4.978,42.0,23.73549,23.86795,23.90017,23.501,27.13649,24.8972,24.06306,24.4855,23.81962,24.0,25.0,24.0,23.5,23.5,0.0,910.25,,2.0,0.0,0.0,77.180115,77.180115,77.180115,77.180115,77.180115,77.180115,77.180115,77.180115,77.180115,77.180115,77.180115,77.180115,77.180115,77.180115,77.180115,77.180115,74.309649,74.309649,74.309649,74.309649,0.0,0.0,100.0,101.0,102.0,101.0,101.0,56.0,3030.358,533.0740000000001,1000.102,209.076,True,False,
2026-03-12 11:19:33,5.0,0.0,0.0,1.0,3.0,0.0,0.0,4.0,0.0,0.0,0.0,1.0,1.0,0.0,0.0,2.777,1.0,0.0,0.0,7.315,-423.0,0.0,7.198,421.0,0.0,0.0,4.981,107.0,4.981,109.0,0.682,0.0,4.951,203.0,4.961,197.0,4.968,61.0,4.978,42.0,23.74086,23.86974,23.90912,23.49384,27.18124,24.93121,24.06306,24.49266,23.83215,24.0,25.0,24.0,23.5,23.5,0.0,910.25,,2.0,0.0,0.0,77.180115,77.180115,77.180115,77.180115,77.180115,77.180115,77.180115,77.180115,77.180115,77.180115,77.180115,77.180115,77.180115,77.180115,77.180115,77.180115,74.309649,74.309649,74.309649,74.309649,0.0,0.0,100.0,101.0,102.0,101.0,101.0,57.0,3030.358,532.967,1005.0529999999999,209.076,True,False,
2026-03-12 11:19:34,5.0,0.0,0.0,1.0,4.0,0.0,0.0,4.0,0.0,0.0,0.0,1.0,1.0,0.0,0.0,2.777,0.0,0.0,0.0,7.315,-423.0,0.0,7.2,415.0,0.0,0.0,4.982,109.0,4.982,106.0,0.681,0.0,4.951,202.0,4.961,191.0,4.966,61.0,4.98,43.0,23.74086,23.86974,23.91449,23.49384,27.20272,24.95985,24.05948,24.50161,23.83394,23.5,25.5,24.0,23.5,23.5,0.0,910.25,,2.0,0.0,0.0,77.180115,77.180115,77.180115,77.180115,77.180115,77.180115,77.180115,77.180115,77.180115,77.180115,77.180115,77.180115,77.180115,77.180115,77.180115,77.180115,74.309649,74.309649,74.309649,74.309649,0.0,0.0,100.0,101.0,102.0,101.0,101.0,58.0,2988.0,543.038,1000.102,214.14000000000001,True,False,
2026-03-12 11:19:35,5.0,0.0,0.0,1.0,5.0,0.0,0.0,4.0,0.0,0.0,0.0,1.0,1.0,0.0,0.0,2.777,0.0,0.0,0.0,7.315,-423.0,0.0,7.2,431.0,0.0,0.0,4.982,266.0,4.981,267.0,0.681,0.0,4.95,190.0,4.962,200.0,4.968,60.0,4.98,43.0,23.73549,23.88227,23.90912,23.49384,27.20809,24.97596,24.08096,24.5034,23.8232,24.0,25.5,24.0,23.5,23.5,0.0,910.25,,2.0,0.0,0.0,77.180115,77.180115,77.180115,77.180115,77.180115,77.180115,77.180115,77.180115,77.180115,77.180115,77.180115,77.180115,77.180115,77.180115,77.180115,77.180115,74.309649,74.309649,74.309649,74.309649,0.0,0.0,100.0,101.0,102.0,101.0,101.0,59.0,3103.2000000000003,1325.212,940.5,214.14000000000001,True,False,
2026-03-12 11:19:36,5.0,0.0,0.0,1.0,6.0,0.0,0.0,4.0,0.0,0.0,0.0,1.0,1.0,0.0,0.0,2.777,0.0,0.0,0.0,7.315,-423.0,0.0,7.195,416.0,0.0,0.0,4.983,110.0,4.981,266.0,0.682,1.0,4.951,202.0,4.962,197.0,4.968,62.0,4.976,61.0,23.73549,23.88943,23.9127,23.501,27.27074,25.0225,24.07917,24.53025,23.83394,23.5,25.5,24.0,23.5,23.5,0.0,910.25,,2.0,0.0,0.0,77.180115,77.180115,77.180115,77.180115,77.180115,77.180115,77.180115,77.180115,77.180115,77.180115,77.180115,77.180115,77.180115,77.180115,77.180115,77.180115,74.309649,74.309649,74.309649,74.309649,0.0,0.0,100.0,101.0,102.0,101.0,101.0,60.0,2993.12,548.13,1000.102,303.536,True,False,
2026-03-12 11:19:37,5.0,0.0,0.0,1.0,7.0,0.0,0.0,4.0,0.0,0.0,0.0,1.0,1.0,0.0,0.0,2.777,0.0,0.0,0.0,7.315,-423.0,0.0,7.2,418.0,0.0,0.0,4.983,110.0,4.982,109.0,0.682,0.0,4.951,203.0,4.963,191.0,4.968,60.0,4.976,61.0,23.73907,23.88406,23.91628,23.49384,27.30654,25.05472,24.10602,24.53562,23.82857,23.5,25.5,24.0,23.5,23.5,0.0,910.25,,2.0,0.0,0.0,77.180115,77.180115,77.180115,77.180115,77.180115,77.180115,77.180115,77.180115,77.180115,77.180115,77.180115,77.180115,77.180115,77.180115,77.180115,77.180115,74.309649,74.309649,74.309649,74.309649,0.0,0.0,100.0,101.0,102.0,101.0,101.0,61.0,3009.6,548.13,1005.0529999999999,303.536,True,False,
2026-03-12 11:19:38,5.0,0.0,0.0,1.0,8.0,0.0,0.0,4.0,0.0,0.0,0.0,1.0,1.0,0.0,0.0,2.777,0.0,0.0,0.0,7.315,-423.0,0.0,7.198,421.0,0.0,0.0,4.982,109.0,4.982,109.0,0.681,0.0,4.951,202.0,4.962,188.0,4.968,60.0,4.977,58.0,23.73728,23.88764,23.92881,23.49384,27.32265,25.07799,24.10065,24.54278,23.82857,24.0,25.5,24.0,23.5,23.5,0.0,910.25,,2.0,0.0,0.0,77.180115,77.180115,77.180115,77.180115,77.180115,77.180115,77.180115,77.180115,77.180115,77.180115,77.180115,77.180115,77.180115,77.180115,77.180115,77.180115,74.309649,74.309649,74.309649,74.309649,0.0,0.0,100.0,101.0,102.0,101.0,101.0,62.0,3030.358,543.038,1000.102,288.666,True,False,
2026-03-12 11:19:39,5.0,0.0,0.0,1.0,9.0,0.0,0.0,4.0,0.0,0.0,0.0,1.0,1.0,0.0,0.0,2.777,0.0,0.0,0.0,7.315,-423.0,0.0,7.195,421.0,0.0,0.0,4.982,105.0,4.982,109.0,0.682,0.0,4.952,186.0,4.961,190.0,4.97,60.0,4.977,58.0,23.73907,23.88943,23.93597,23.50995,27.38709,25.11916,24.10602,24.55352,23.8232,24.0,25.5,24.0,23.5,23.5,0.0,910.25,,2.0,0.0,0.0,77.180115,77.180115,77.180115,77.180115,77.180115,77.180115,77.180115,77.180115,77.180115,77.180115,77.180115,77.180115,77.180115,77.180115,77.180115,77.180115,74.309649,74.309649,74.309649,74.309649,0.0,0.0,100.0,101.0,102.0,101.0,101.0,63.0,3029.0950000000003,523.11,921.072,288.666,True,False,
2026-03-12 11:19:40,5.0,0.0,0.0,1.0,,0.0,0.0,4.0,0.0,0.0,0.0,1.0,1.0,0.0,0.0,2.777,0.0,0.0,0.0,7.315,-423.0,0.0,7.198,421.0,0.0,0.0,4.982,106.0,4.982,266.0,0.682,0.0,4.952,198.0,4.962,195.0,4.968,60.0,4.976,39.0,23.73728,23.89301,23.93418,23.50458,27.41931,25.14959,24.12034,24.56963,23.82678,24.0,25.5,24.0,23.5,23.5,0.0,910.25,,2.0,0.0,0.0,77.180115,77.180115,77.180115,77.180115,77.180115,77.180115,77.180115,77.180115,77.180115,77.180115,77.180115,77.180115,77.180115,77.180115,77.180115,77.180115,74.309649,74.309649,74.309649,74.309649,0.0,0.0,100.0,101.0,102.0,101.0,101.0,64.0,3030.358,528.092,980.496,194.064,True,False,
2026-03-12 11:19:41,5.0,0.0,0.0,1.0,,0.0,0.0,4.0,0.0,0.0,0.0,1.0,1.0,0.0,0.0,2.777,0.0,0.0,0.0,7.315,-423.0,0.0,7.198,417.0,0.0,0.0,4.982,106.0,4.982,107.0,0.681,0.0,4.955,197.0,4.965,196.0,4.967,62.0,4.976,39.0,23.74623,23.89122,23.94313,23.49921,27.42826,25.17644,24.12929,24.55889,23.83036,24.0,25.5,24.0,23.5,23.5,0.0,910.25,,2.0,0.0,0.0,77.180115,77.180115,77.180115,77.180115,77.180115,77.180115,77.180115,77.180115,77.180115,77.180115,77.180115,77.180115,77.180115,77.180115,77.180115,77.180115,74.309649,74.309649,74.309649,74.309649,0.0,0.0,100.0,101.0,102.0,101.0,101.0,65.0,3001.5660000000003,528.092,976.135,194.064,True,False,
2026-03-12 11:19:42,5.0,0.0,0.0,1.0,,0.0,0.0,4.0,0.0,0.0,0.0,1.0,1.0,0.0,0.0,2.777,0.0,0.0,0.0,7.315,-423.0,0.0,7.197,418.0,0.0,0.0,4.982,105.0,4.982,266.0,0.681,0.0,4.953,198.0,4.962,192.0,4.968,62.0,4.975,58.0,23.73728,23.89122,23.94492,23.50458,27.46406,25.20866,24.1275,24.59111,23.82857,24.0,25.5,24.0,23.5,24.0,0.0,910.25,,2.0,0.0,0.0,77.180115,77.180115,77.180115,77.180115,77.180115,77.180115,77.180115,77.180115,77.180115,77.180115,77.180115,77.180115,77.180115,77.180115,77.180115,77.180115,74.309649,74.309649,74.309649,74.309649,0.0,0.0,100.0,101.0,102.0,101.0,101.0,66.0,3008.346,523.11,980.6940000000001,288.54999999999995,True,False,
2026-03-12 11:19:43,5.0,0.0,0.0,1.0,,0.0,0.0,4.0,0.0,0.0,0.0,1.0,1.0,0.0,0.0,2.777,0.0,0.0,0.0,7.315,-423.0,0.0,7.198,421.0,0.0,0.0,4.983,106.0,4.982,109.0,0.682,0.0,4.953,200.0,4.963,192.0,4.967,62.0,4.975,58.0,23.73728,23.90733,23.93776,23.50279,27.4748,25.22298,24.13108,24.58753,23.83215,24.0,25.5,24.5,23.5,24.0,0.0,910.25,,2.0,0.0,0.0,77.180115,77.180115,77.180115,77.180115,77.180115,77.180115,77.180115,77.180115,77.180115,77.180115,77.180115,77.180115,77.180115,77.180115,77.180115,77.180115,74.309649,74.309649,74.309649,74.309649,0.0,0.0,100.0,101.0,102.0,101.0,101.0,67.0,3030.358,528.198,990.6,288.54999999999995,True,False,
2026-03-12 11:19:44,5.0,0.0,0.0,1.0,,0.0,0.0,4.0,0.0,0.0,0.0,1.0,1.0,0.0,0.0,2.777,1.0,0.0,0.0,7.315,-423.0,0.0,7.198,420.0,0.0,0.0,4.982,106.0,4.982,266.0,0.681,1.0,4.95,195.0,4.961,191.0,4.967,61.0,4.977,45.0,23.74265,23.9127,23.95566,23.50816,27.51776,25.26236,24.14361,24.59648,23.81604,24.0,25.5,24.5,23.5,24.0,0.0,910.25,,2.0,0.0,0.0,77.180115,77.180115,77.180115,77.180115,77.180115,77.180115,77.180115,77.180115,77.180115,77.180115,77.180115,77.180115,77.180115,77.180115,77.180115,77.180115,74.309649,74.309649,74.309649,74.309649,0.0,0.0,100.0,101.0,102.0,101.0,101.0,68.0,3023.1600000000003,528.092,965.25,223.965,True,False,
2026-03-12 11:19:45,5.0,0.0,0.0,1.0,,0.0,0.0,4.0,0.0,0.0,0.0,1.0,1.0,0.0,0.0,2.777,0.0,0.0,0.0,7.315,-423.0,0.0,7.198,420.0,0.0,0.0,4.982,106.0,4.981,107.0,0.681,0.0,4.952,196.0,4.962,195.0,4.968,58.0,4.977,45.0,23.74623,23.9127,23.95029,23.50995,27.57504,25.291,24.15256,24.60364,23.8232,24.0,25.5,24.5,23.5,24.0,0.0,910.25,,2.0,0.0,0.0,77.180115,77.180115,77.180115,77.180115,77.180115,77.180115,77.180115,77.180115,77.180115,77.180115,77.180115,77.180115,77.180115,77.180115,77.180115,77.180115,74.309649,74.309649,74.309649,74.309649,0.0,0.0,100.0,101.0,102.0,101.0,101.0,69.0,3023.1600000000003,528.092,970.592,223.965,True,False,
2026-03-12 11:19:46,5.0,0.0,0.0,1.0,10.0,0.0,0.0,4.0,0.0,0.0,0.0,1.0,1.0,0.0,0.0,2.777,0.0,0.0,0.0,7.315,-423.0,0.0,7.197,417.0,0.0,0.0,4.982,107.0,4.982,107.0,0.681,0.0,4.951,193.0,4.963,200.0,4.967,61.0,4.978,45.0,23.74623,23.91091,23.95566,23.50816,27.59652,25.32859,24.16151,24.62154,23.83036,24.0,25.5,24.5,23.5,24.0,0.0,910.25,,2.0,0.0,0.0,77.180115,77.180115,77.180115,77.180115,77.180115,77.180115,77.180115,77.180115,77.180115,77.180115,77.180115,77.180115,77.180115,77.180115,77.180115,77.180115,74.309649,74.309649,74.309649,74.309649,0.0,0.0,100.0,101.0,102.0,101.0,101.0,70.0,3001.149,533.0740000000001,955.5429999999999,224.01,True,False,
2026-03-12 11:19:47,5.0,0.0,0.0,1.0,11.0,0.0,0.0,4.0,0.0,0.0,0.0,1.0,1.0,0.0,0.0,2.777,0.0,0.0,0.0,7.315,-423.0,0.0,7.197,418.0,0.0,0.0,4.982,105.0,4.981,109.0,0.681,0.0,4.951,193.0,4.962,195.0,4.968,61.0,4.978,45.0,23.73728,23.91628,23.96461,23.51174,27.61084,25.31785,24.1633,24.62691,23.82678,24.0,25.5,24.5,23.5,24.0,0.0,910.25,,2.0,0.0,0.0,77.180115,77.180115,77.180115,77.180115,77.180115,77.180115,77.180115,77.180115,77.180115,77.180115,77.180115,77.180115,77.180115,77.180115,77.180115,77.180115,74.309649,74.309649,74.309649,74.309649,0.0,0.0,100.0,101.0,102.0,101.0,101.0,71.0,3008.346,523.11,955.5429999999999,224.01,True,False,
2026-03-12 11:19:48,5.0,0.0,0.0,1.0,12.0,0.0,0.0,4.0,0.0,0.0,0.0,1.0,1.0,0.0,0.0,2.777,0.0,0.0,0.0,7.315,-423.0,0.0,7.196,420.0,0.0,0.0,4.983,104.0,4.981,109.0,0.681,0.0,4.951,195.0,4.961,190.0,4.968,62.0,4.977,46.0,23.74265,23.91807,23.96819,23.50458,27.64485,25.37871,24.17404,24.63049,23.83394,24.0,25.5,24.5,23.5,24.0,0.0,910.25,,2.0,0.0,0.0,77.180115,77.180115,77.180115,77.180115,77.180115,77.180115,77.180115,77.180115,77.180115,77.180115,77.180115,77.180115,77.180115,77.180115,77.180115,77.180115,74.309649,74.309649,74.309649,74.309649,0.0,0.0,100.0,101.0,102.0,101.0,101.0,72.0,3022.3199999999997,518.232,965.4449999999999,228.942,True,False,
2026-03-12 11:19:49,5.0,0.0,0.0,1.0,13.0,0.0,0.0,4.0,0.0,0.0,0.0,1.0,1.0,0.0,0.0,2.777,1.0,0.0,0.0,7.315,-423.0,0.0,7.198,420.0,0.0,0.0,4.983,106.0,4.982,109.0,0.683,0.0,4.951,196.0,4.962,192.0,4.968,62.0,4.977,46.0,23.74086,23.9306,23.96461,23.50995,27.66812,25.3984,24.18299,24.64302,23.83036,24.0,25.5,24.5,23.5,24.0,0.0,910.25,,2.0,0.0,0.0,77.180115,77.180115,77.180115,77.180115,77.180115,77.180115,77.180115,77.180115,77.180115,77.180115,77.180115,77.180115,77.180115,77.180115,77.180115,77.180115,74.309649,74.309649,74.309649,74.309649,0.0,0.0,100.0,101.0,102.0,101.0,101.0,73.0,3023.1600000000003,528.198,970.396,228.942,True,False,
2026-03-12 11:19:50,5.0,0.0,0.0,1.0,14.0,0.0,0.0,4.0,0.0,0.0,0.0,1.0,1.0,0.0,0.0,2.777,0.0,0.0,0.0,7.315,-423.0,0.0,7.195,422.0,0.0,0.0,4.982,106.0,4.981,266.0,0.681,0.0,4.95,195.0,4.963,196.0,4.968,62.0,4.977,45.0,23.73728,23.93597,23.97356,23.52248,27.72898,25.44315,24.19373,24.65555,23.83036,24.0,25.5,24.5,23.5,24.0,0.0,910.25,,2.0,0.0,0.0,77.180115,77.180115,77.180115,77.180115,77.180115,77.180115,77.180115,77.180115,77.180115,77.180115,77.180115,77.180115,77.180115,77.180115,77.180115,77.180115,74.309649,74.309649,74.309649,74.309649,0.0,0.0,100.0,101.0,102.0,101.0,101.0,74.0,3036.29,528.092,965.25,223.965,True,False,
2026-03-12 11:19:51,5.0,0.0,0.0,1.0,15.0,0.0,0.0,4.0,0.0,0.0,0.0,1.0,1.0,0.0,0.0,2.777,0.0,0.0,0.0,7.315,-423.0,0.0,7.197,425.0,0.0,0.0,4.982,106.0,4.982,107.0,0.681,1.0,4.952,202.0,4.962,191.0,4.967,61.0,4.977,45.0,23.74444,23.93955,23.97177,23.51353,27.72003,25.44494,24.18657,24.65376,23.83573,24.0,25.5,24.5,23.5,24.0,0.0,910.25,,2.0,0.0,0.0,77.180115,77.180115,77.180115,77.180115,77.180115,77.180115,77.180115,77.180115,77.180115,77.180115,77.180115,77.180115,77.180115,77.180115,77.180115,77.180115,74.309649,74.309649,74.309649,74.309649,0.0,0.0,100.0,101.0,102.0,101.0,101.0,75.0,3058.725,528.092,1000.304,223.965,True,False,
2026-03-12 11:19:52,5.0,0.0,0.0,1.0,16.0,0.0,0.0,4.0,0.0,0.0,0.0,1.0,1.0,0.0,0.0,2.777,0.0,0.0,0.0,7.315,-423.0,0.0,7.192,420.0,0.0,0.0,4.981,105.0,4.982,107.0,0.682,0.0,4.951,197.0,4.963,198.0,4.967,60.0,4.975,58.0,23.74981,23.93418,23.98072,23.52427,27.75583,25.48432,24.19552,24.65913,23.82857,24.0,25.5,24.5,23.5,24.0,0.0,910.25,,2.0,0.0,0.0,77.180115,77.180115,77.180115,77.180115,77.180115,77.180115,77.180115,77.180115,77.180115,77.180115,77.180115,77.180115,77.180115,77.180115,77.180115,77.180115,74.309649,74.309649,74.309649,74.309649,0.0,0.0,100.0,101.0,102.0,101.0,101.0,76.0,3020.64,523.005,975.347,288.54999999999995,True,False,
2026-03-12 11:19:53,5.0,0.0,0.0,1.0,17.0,0.0,0.0,4.0,0.0,0.0,0.0,1.0,1.0,0.0,0.0,2.777,0.0,0.0,0.0,7.315,-423.0,0.0,7.196,418.0,0.0,0.0,4.981,105.0,4.981,109.0,0.681,0.0,4.951,196.0,4.961,192.0,4.967,61.0,4.975,58.0,23.74444,23.94492,23.98251,23.52427,27.797,25.5058,24.19552,24.68419,23.83394,24.0,26.0,24.5,23.5,24.0,0.0,910.25,,2.0,0.0,0.0,77.180115,77.180115,77.180115,77.180115,77.180115,77.180115,77.180115,77.180115,77.180115,77.180115,77.180115,77.180115,77.180115,77.180115,77.180115,77.180115,74.309649,74.309649,74.309649,74.309649,0.0,0.0,100.0,101.0,102.0,101.0,101.0,77.0,3007.928,523.005,970.396,288.54999999999995,True,False,
2026-03-12 11:19:54,5.0,0.0,0.0,1.0,18.0,0.0,0.0,4.0,0.0,0.0,0.0,1.0,1.0,0.0,0.0,2.777,0.0,0.0,0.0,7.315,-423.0,0.0,7.196,421.0,0.0,0.0,4.982,105.0,4.981,266.0,0.681,0.0,4.953,197.0,4.961,191.0,4.968,58.0,4.975,58.0,23.75339,23.9485,23.98967,23.51711,27.83459,25.53444,24.20805,24.67882,23.82857,24.0,26.0,24.5,23.5,24.0,0.0,910.25,,2.0,0.0,0.0,77.180115,77.180115,77.180115,77.180115,77.180115,77.180115,77.180115,77.180115,77.180115,77.180115,77.180115,77.180115,77.180115,77.180115,77.180115,77.180115,74.309649,74.309649,74.309649,74.309649,0.0,0.0,100.0,101.0,102.0,101.0,101.0,78.0,3029.516,523.11,975.7410000000001,288.54999999999995,True,False,
2026-03-12 11:19:55,5.0,0.0,0.0,1.0,19.0,0.0,0.0,4.0,0.0,0.0,0.0,1.0,1.0,0.0,0.0,2.777,0.0,0.0,0.0,7.315,-423.0,0.0,7.198,421.0,0.0,0.0,4.981,105.0,4.981,109.0,0.681,0.0,4.952,198.0,4.96,191.0,4.968,61.0,4.975,58.0,23.74265,23.9485,23.99504,23.51711,27.87039,25.56666,24.217,24.68777,23.83931,24.0,26.0,24.5,23.5,24.0,0.0,910.25,,2.0,0.0,0.0,77.180115,77.180115,77.180115,77.180115,77.180115,77.180115,77.180115,77.180115,77.180115,77.180115,77.180115,77.180115,77.180115,77.180115,77.180115,77.180115,74.309649,74.309649,74.309649,74.309649,0.0,0.0,100.0,101.0,102.0,101.0,101.0,79.0,3030.358,523.005,980.496,288.54999999999995,True,False,
2026-03-12 11:19:56,5.0,0.0,0.0,1.0,,0.0,0.0,4.0,0.0,0.0,0.0,1.0,1.0,0.0,0.0,2.777,0.0,0.0,0.0,7.315,-423.0,0.0,7.197,420.0,0.0,0.0,4.982,106.0,4.982,266.0,0.682,0.0,4.951,192.0,4.962,197.0,4.968,60.0,4.975,58.0,23.74086,23.9485,23.99504,23.50816,27.87218,25.58456,24.22416,24.69493,23.83394,24.0,26.0,24.5,23.5,24.0,0.0,910.25,,2.0,0.0,0.0,77.180115,77.180115,77.180115,77.180115,77.180115,77.180115,77.180115,77.180115,77.180115,77.180115,77.180115,77.180115,77.180115,77.180115,77.180115,77.180115,74.309649,74.309649,74.309649,74.309649,0.0,0.0,100.0,101.0,102.0,101.0,101.0,80.0,3022.7400000000002,528.092,950.5919999999999,288.54999999999995,True,False,
2026-03-12 11:19:57,5.0,0.0,0.0,1.0,,0.0,0.0,4.0,0.0,0.0,0.0,1.0,1.0,0.0,0.0,2.777,0.0,0.0,0.0,7.315,-423.0,0.0,7.197,417.0,0.0,0.0,4.982,106.0,4.982,107.0,0.681,0.0,4.952,190.0,4.963,198.0,4.967,62.0,4.975,58.0,23.74802,23.95745,23.99146,23.51711,27.9044,25.59172,24.20984,24.69672,23.8411,24.0,26.0,24.5,23.5,24.0,0.0,910.25,,2.0,0.0,0.0,77.180115,77.180115,77.180115,77.180115,77.180115,77.180115,77.180115,77.180115,77.180115,77.180115,77.180115,77.180115,77.180115,77.180115,77.180115,77.180115,74.309649,74.309649,74.309649,74.309649,0.0,0.0,100.0,101.0,102.0,101.0,101.0,81.0,3001.149,528.092,940.88,288.54999999999995,True,False,
2026-03-12 11:19:58,5.0,0.0,0.0,1.0,,0.0,0.0,4.0,0.0,0.0,0.0,1.0,1.0,0.0,0.0,2.777,0.0,0.0,0.0,7.315,-423.0,0.0,7.197,420.0,0.0,0.0,4.982,105.0,4.982,107.0,0.681,0.0,4.952,190.0,4.962,193.0,4.968,60.0,4.975,39.0,23.74623,23.96819,23.99504,23.52606,27.93841,25.62036,24.2349,24.71104,23.83752,24.0,26.0,24.5,23.5,24.0,0.0,910.25,,2.0,0.0,0.0,77.180115,77.180115,77.180115,77.180115,77.180115,77.180115,77.180115,77.180115,77.180115,77.180115,77.180115,77.180115,77.180115,77.180115,77.180115,77.180115,74.309649,74.309649,74.309649,74.309649,0.0,0.0,100.0,101.0,102.0,101.0,101.0,82.0,3022.7400000000002,523.11,940.88,194.02499999999998,True,False,
2026-03-12 11:19:59,5.0,0.0,0.0,1.0,,0.0,0.0,4.0,0.0,0.0,0.0,1.0,1.0,0.0,0.0,2.777,0.0,0.0,0.0,7.315,-423.0,0.0,7.197,421.0,0.0,0.0,4.982,107.0,4.982,267.0,0.681,0.0,4.95,190.0,4.961,190.0,4.967,61.0,4.975,39.0,23.74981,23.96461,24.01294,23.5189,27.96168,25.64184,24.24027,24.71462,23.83752,24.0,26.0,24.5,23.5,24.0,0.0,910.25,,2.0,0.0,0.0,77.180115,77.180115,77.180115,77.180115,77.180115,77.180115,77.180115,77.180115,77.180115,77.180115,77.180115,77.180115,77.180115,77.180115,77.180115,77.180115,74.309649,74.309649,74.309649,74.309649,0.0,0.0,100.0,101.0,102.0,101.0,101.0,83.0,3029.937,533.0740000000001,940.5,194.02499999999998,True,False,
2026-03-12 11:20:00,5.0,0.0,0.0,1.0,,0.0,0.0,4.0,0.0,0.0,0.0,1.0,1.0,0.0,0.0,2.777,0.0,0.0,0.0,7.315,-423.0,0.0,7.196,422.0,0.0,0.0,4.982,107.0,4.982,106.0,0.682,0.0,4.951,190.0,4.963,196.0,4.968,61.0,4.975,39.0,23.74802,23.96819,24.01115,23.52785,27.99927,25.66332,24.25459,24.71641,23.83036,24.0,26.0,24.5,23.5,24.0,0.0,910.25,,2.0,0.0,0.0,77.180115,77.180115,77.180115,77.180115,77.180115,77.180115,77.180115,77.180115,77.180115,77.180115,77.180115,77.180115,77.180115,77.180115,77.180115,77.180115,74.309649,74.309649,74.309649,74.309649,0.0,0.0,100.0,101.0,102.0,101.0,101.0,84.0,3036.712,533.0740000000001,940.6899999999999,194.02499999999998,True,False,
2026-03-12 11:20:01,5.0,0.0,0.0,1.0,,0.0,0.0,4.0,0.0,0.0,0.0,1.0,1.0,0.0,0.0,2.777,0.0,0.0,0.0,7.315,-423.0,0.0,7.197,418.0,0.0,0.0,4.982,107.0,4.982,109.0,0.682,0.0,4.951,202.0,4.962,200.0,4.968,62.0,4.975,61.0,23.73549,23.97714,24.01473,23.52964,28.02791,25.70091,24.24922,24.73252,23.83931,24.0,26.0,24.5,23.5,24.0,0.0,910.25,,2.0,0.0,0.0,77.180115,77.180115,77.180115,77.180115,77.180115,77.180115,77.180115,77.180115,77.180115,77.180115,77.180115,77.180115,77.180115,77.180115,77.180115,77.180115,74.309649,74.309649,74.309649,74.309649,0.0,0.0,100.0,101.0,102.0,101.0,101.0,85.0,3008.346,533.0740000000001,1000.102,303.47499999999997,True,False,
2026-03-12 11:20:02,5.0,0.0,0.0,1.0,20.0,0.0,0.0,4.0,0.0,0.0,0.0,1.0,1.0,0.0,0.0,2.777,0.0,0.0,0.0,7.315,-423.0,0.0,7.196,420.0,0.0,0.0,4.983,107.0,4.981,107.0,0.682,0.0,4.951,203.0,4.963,193.0,4.967,61.0,4.978,29.0,23.74981,23.97714,24.01831,23.52964,28.06013,25.71881,24.2528,24.74505,23.83752,24.0,26.0,24.5,23.5,24.0,0.0,910.25,,2.0,0.0,0.0,77.180115,77.180115,77.180115,77.180115,77.180115,77.180115,77.180115,77.180115,77.180115,77.180115,77.180115,77.180115,77.180115,77.180115,77.180115,77.180115,74.309649,74.309649,74.309649,74.309649,0.0,0.0,100.0,101.0,102.0,101.0,101.0,86.0,3022.3199999999997,533.1809999999999,1005.0529999999999,144.362,True,False,
2026-03-12 11:20:03,5.0,0.0,0.0,1.0,21.0,0.0,0.0,4.0,0.0,0.0,0.0,1.0,1.0,0.0,0.0,2.777,0.0,0.0,0.0,7.315,-423.0,0.0,7.196,418.0,0.0,0.0,4.982,106.0,4.982,109.0,0.682,0.0,4.948,202.0,4.962,193.0,4.967,61.0,4.978,29.0,23.74802,23.97356,24.02547,23.52785,28.09056,25.74208,24.26891,24.73968,23.84647,24.0,26.0,24.5,23.5,24.0,0.0,910.25,,2.0,0.0,0.0,77.180115,77.180115,77.180115,77.180115,77.180115,77.180115,77.180115,77.180115,77.180115,77.180115,77.180115,77.180115,77.180115,77.180115,77.180115,77.180115,74.309649,74.309649,74.309649,74.309649,0.0,0.0,100.0,101.0,102.0,101.0,101.0,87.0,3007.928,528.092,999.4960000000001,144.362,True,False,
2026-03-12 11:20:04,5.0,0.0,0.0,1.0,22.0,0.0,0.0,4.0,0.0,0.0,0.0,1.0,1.0,0.0,0.0,2.777,1.0,0.0,0.0,7.315,-423.0,0.0,7.197,421.0,0.0,0.0,4.982,107.0,4.982,109.0,0.681,0.0,4.951,205.0,4.962,188.0,4.967,61.0,4.977,42.0,23.73728,23.98072,24.0201,23.52248,28.09056,25.76714,24.27786,24.75579,23.83931,24.0,26.0,24.5,23.5,24.0,0.0,910.25,,2.0,0.0,0.0,77.180115,77.180115,77.180115,77.180115,77.180115,77.180115,77.180115,77.180115,77.180115,77.180115,77.180115,77.180115,77.180115,77.180115,77.180115,77.180115,74.309649,74.309649,74.309649,74.309649,0.0,0.0,100.0,101.0,102.0,101.0,101.0,88.0,3029.937,533.0740000000001,1014.9549999999999,209.03400000000002,True,False,
2026-03-12 11:20:05,5.0,0.0,0.0,1.0,23.0,0.0,0.0,4.0,0.0,0.0,0.0,1.0,1.0,0.0,0.0,2.777,0.0,0.0,0.0,7.315,-423.0,0.0,7.195,420.0,0.0,0.0,4.982,106.0,4.982,107.0,0.682,1.0,4.95,202.0,4.962,196.0,4.967,61.0,4.977,42.0,23.74444,23.98967,24.02368,23.53859,28.12994,25.80294,24.27786,24.754,23.84647,24.0,26.0,24.5,23.5,24.0,0.0,910.25,,2.0,0.0,0.0,77.180115,77.180115,77.180115,77.180115,77.180115,77.180115,77.180115,77.180115,77.180115,77.180115,77.180115,77.180115,77.180115,77.180115,77.180115,77.180115,74.309649,74.309649,74.309649,74.309649,0.0,0.0,100.0,101.0,102.0,101.0,101.0,89.0,3021.9,528.092,999.9000000000001,209.03400000000002,True,False,
2026-03-12 11:20:06,5.0,0.0,0.0,1.0,24.0,0.0,0.0,4.0,0.0,0.0,0.0,1.0,1.0,0.0,0.0,2.777,0.0,0.0,0.0,7.315,-423.0,0.0,7.197,420.0,0.0,0.0,4.981,106.0,4.981,107.0,0.682,0.0,4.95,205.0,4.963,196.0,4.968,62.0,4.977,45.0,23.74086,23.98072,24.02905,23.54038,28.15321,25.80652,24.28144,24.76474,23.85363,24.0,26.0,24.5,23.5,24.0,0.0,910.25,,2.0,0.0,0.0,77.180115,77.180115,77.180115,77.180115,77.180115,77.180115,77.180115,77.180115,77.180115,77.180115,77.180115,77.180115,77.180115,77.180115,77.180115,77.180115,74.309649,74.309649,74.309649,74.309649,0.0,0.0,100.0,101.0,102.0,101.0,101.0,90.0,3022.7400000000002,527.986,1014.75,223.965,True,False,
2026-03-12 11:20:07,5.0,0.0,0.0,1.0,25.0,0.0,0.0,4.0,0.0,0.0,0.0,1.0,1.0,0.0,0.0,2.777,0.0,0.0,0.0,7.315,-423.0,0.0,7.197,420.0,0.0,0.0,4.982,106.0,4.982,109.0,0.682,1.0,4.951,205.0,4.962,193.0,4.967,61.0,4.977,45.0,23.74444,23.99504,24.04158,23.53322,28.17648,25.8459,24.28144,24.77548,23.84468,24.0,26.0,25.0,23.5,24.0,0.0,910.25,,2.0,0.0,0.0,77.180115,77.180115,77.180115,77.180115,77.180115,77.180115,77.180115,77.180115,77.180115,77.180115,77.180115,77.180115,77.180115,77.180115,77.180115,77.180115,74.309649,74.309649,74.309649,74.309649,0.0,0.0,100.0,101.0,102.0,101.0,101.0,91.0,3022.7400000000002,528.092,1014.9549999999999,223.965,True,False,
2026-03-12 11:20:08,5.0,0.0,0.0,1.0,26.0,0.0,0.0,4.0,0.0,0.0,0.0,1.0,1.0,0.0,0.0,2.777,0.0,0.0,0.0,7.315,-423.0,0.0,7.195,421.0,0.0,0.0,4.982,109.0,4.981,107.0,0.682,0.0,4.95,193.0,4.962,195.0,4.967,61.0,4.977,45.0,23.7516,23.98788,24.03084,23.5368,28.18543,25.84232,24.29039,24.76832,23.85005,24.0,26.0,25.0,23.5,24.0,0.0,910.25,,2.0,0.0,0.0,77.180115,77.180115,77.180115,77.180115,77.180115,77.180115,77.180115,77.180115,77.180115,77.180115,77.180115,77.180115,77.180115,77.180115,77.180115,77.180115,74.309649,74.309649,74.309649,74.309649,0.0,0.0,100.0,101.0,102.0,101.0,101.0,92.0,3029.0950000000003,543.038,955.35,223.965,True,False,
2026-03-12 11:20:09,5.0,0.0,0.0,1.0,27.0,0.0,0.0,4.0,0.0,0.0,0.0,1.0,1.0,0.0,0.0,2.777,0.0,0.0,0.0,7.315,-423.0,0.0,7.195,422.0,0.0,0.0,4.981,266.0,4.981,266.0,0.682,0.0,4.953,203.0,4.962,192.0,4.97,61.0,4.975,39.0,23.75339,24.00041,24.04695,23.53501,28.21228,25.88707,24.29576,24.78264,23.8411,24.0,26.0,25.0,23.5,24.0,0.0,910.25,,2.0,0.0,0.0,77.180115,77.180115,77.180115,77.180115,77.180115,77.180115,77.180115,77.180115,77.180115,77.180115,77.180115,77.180115,77.180115,77.180115,77.180115,77.180115,74.309649,74.309649,74.309649,74.309649,0.0,0.0,100.0,101.0,102.0,101.0,101.0,93.0,3036.29,1324.946,1005.4590000000001,194.02499999999998,True,False,
2026-03-12 11:20:10,5.0,0.0,0.0,1.0,28.0,0.0,0.0,4.0,0.0,0.0,0.0,1.0,1.0,0.0,0.0,2.777,0.0,0.0,0.0,7.315,-423.0,0.0,7.196,418.0,0.0,0.0,4.982,106.0,4.981,107.0,0.681,0.0,4.953,201.0,4.962,196.0,4.967,62.0,4.975,58.0,23.75339,24.01115,24.03979,23.53859,28.2087,25.90855,24.30113,24.79696,23.85363,24.0,26.0,25.0,23.5,24.0,0.0,910.25,,2.0,0.0,0.0,77.180115,77.180115,77.180115,77.180115,77.180115,77.180115,77.180115,77.180115,77.180115,77.180115,77.180115,77.180115,77.180115,77.180115,77.180115,77.180115,74.309649,74.309649,74.309649,74.309649,0.0,0.0,100.0,101.0,102.0,101.0,101.0,94.0,3007.928,528.092,995.5530000000001,288.54999999999995,True,True,T1_obdh_ramp_accel
2026-03-12 11:20:11,5.0,0.0,0.0,1.0,29.0,0.0,0.0,4.0,0.0,0.0,0.0,1.0,1.0,0.0,0.0,2.777,0.0,0.0,0.0,7.315,-423.0,0.0,7.195,418.0,0.0,0.0,4.982,105.0,4.982,107.0,0.681,0.0,4.952,198.0,4.963,200.0,4.967,60.0,4.975,58.0,23.74802,24.0022,24.04158,23.53859,28.27314,25.92824,24.30829,24.80233,23.85542,24.0,26.0,25.0,23.5,24.0,0.0,910.25,,2.0,0.0,0.0,77.180115,77.180115,77.180115,77.180115,77.180115,77.180115,77.180115,77.180115,77.180115,77.180115,77.180115,77.180115,77.180115,77.180115,77.180115,77.180115,74.309649,74.309649,74.309649,74.309649,0.0,0.0,100.0,101.0,102.0,101.0,101.0,95.0,3007.51,523.11,980.496,288.54999999999995,True,True,T1_obdh_ramp_accel
2026-03-12 11:20:12,5.0,0.0,0.0,1.0,,0.0,0.0,4.0,0.0,0.0,0.0,1.0,1.0,0.0,0.0,2.777,0.0,0.0,0.0,7.315,-423.0,0.0,7.196,417.0,0.0,0.0,4.982,106.0,4.981,109.0,0.682,1.0,4.951,198.0,4.96,188.0,4.967,60.0,4.976,62.0,23.74444,24.00757,24.04695,23.54038,28.29641,25.95509,24.31008,24.80412,23.84647,24.0,26.0,25.0,23.5,24.0,0.0,910.25,,2.0,0.0,0.0,77.180115,77.180115,77.180115,77.180115,77.180115,77.180115,77.180115,77.180115,77.180115,77.180115,77.180115,77.180115,77.180115,77.180115,77.180115,77.180115,74.309649,74.309649,74.309649,74.309649,0.0,0.0,100.0,101.0,102.0,101.0,101.0,96.0,3000.732,528.092,980.2979999999999,308.512,True,True,T1_obdh_ramp_accel
2026-03-12 11:20:13,5.0,0.0,0.0,1.0,,0.0,0.0,5.0,0.0,0.0,0.0,1.0,1.0,0.0,0.0,2.777,0.0,0.0,0.0,7.315,-423.0,0.0,7.167,230.0,0.0,0.0,4.98,107.0,4.963,458.0,0.682,0.0,4.948,200.0,4.932,190.0,4.93,255.0,4.976,62.0,23.75518,24.00936,24.05232,23.5368,28.32505,25.97478,24.31008,24.82202,23.86079,24.0,26.0,25.0,23.5,24.0,0.0,910.25,,2.0,0.0,0.0,77.180115,77.180115,77.180115,77.180115,77.180115,77.180115,77.180115,77.180115,77.180115,77.180115,77.180115,77.180115,77.180115,77.180115,77.180115,77.180115,74.309649,74.309649,74.309649,74.309649,0.0,0.0,100.0,101.0,102.0,101.0,101.0,97.0,1648.4099999999999,532.86,989.6000000000001,308.512,True,True,T1_obdh_ramp_accel
2026-03-12 11:20:14,5.0,0.0,0.0,1.0,,0.0,0.0,5.0,0.0,0.0,0.0,1.0,1.0,0.0,0.0,2.777,0.0,0.0,0.0,7.315,-423.0,0.0,7.165,230.0,0.0,0.0,4.98,106.0,4.962,458.0,0.681,1.0,4.951,201.0,4.933,193.0,4.93,253.0,4.975,58.0,23.74444,24.01831,24.05411,23.5368,28.34832,25.99268,24.32619,24.8256,23.85005,24.0,26.0,25.0,23.5,24.0,0.0,910.25,,2.0,0.0,0.0,77.180115,77.180115,77.180115,77.180115,77.180115,77.180115,77.180115,77.180115,77.180115,77.180115,77.180115,77.180115,77.180115,77.180115,77.180115,77.180115,74.309649,74.309649,74.309649,74.309649,0.0,0.0,100.0,101.0,102.0,101.0,101.0,98.0,1647.95,527.88,995.151,288.54999999999995,True,True,T1_obdh_ramp_accel
2026-03-12 11:20:15,5.0,0.0,0.0,1.0,,0.0,0.0,5.0,0.0,0.0,0.0,1.0,1.0,0.0,0.0,2.777,1.0,0.0,0.0,7.315,-423.0,0.0,7.167,230.0,0.0,0.0,4.98,107.0,4.962,456.0,0.682,0.0,4.95,203.0,4.935,200.0,4.93,252.0,4.975,58.0,23.75339,24.01473,24.05232,23.54575,28.38591,26.01774,24.32082,24.82739,23.86258,24.0,26.0,25.0,23.5,24.0,0.0,910.25,,2.0,0.0,0.0,77.180115,77.180115,77.180115,77.180115,77.180115,77.180115,77.180115,77.180115,77.180115,77.180115,77.180115,77.180115,77.180115,77.180115,77.180115,77.180115,74.309649,74.309649,74.309649,74.309649,0.0,0.0,100.0,101.0,102.0,101.0,101.0,99.0,1648.4099999999999,532.86,1004.85,288.54999999999995,True,True,T1_obdh_ramp_accel
2026-03-12 11:20:16,5.0,0.0,0.0,1.0,,0.0,0.0,5.0,0.0,0.0,0.0,1.0,1.0,0.0,0.0,2.777,0.0,0.0,0.0,7.315,-423.0,0.0,7.167,232.0,0.0,0.0,4.98,107.0,4.963,458.0,0.682,0.0,4.948,190.0,4.932,185.0,4.93,253.0,4.975,58.0,23.74444,24.02368,24.05948,23.55112,28.3698,26.0249,24.3244,24.83634,23.84826,24.0,26.0,25.0,23.5,24.0,0.0,910.25,,2.0,0.0,0.0,77.180115,77.180115,77.180115,77.180115,77.180115,77.180115,77.180115,77.180115,77.180115,77.180115,77.180115,77.180115,77.180115,77.180115,77.180115,77.180115,74.309649,74.309649,74.309649,74.309649,0.0,0.0,100.0,101.0,102.0,101.0,101.0,100.0,1662.744,532.86,940.1200000000001,288.54999999999995,True,True,T1_obdh_ramp_accel
2026-03-12 11:20:17,5.0,0.0,0.0,1.0,,0.0,0.0,5.0,0.0,0.0,0.0,1.0,1.0,0.0,0.0,2.777,0.0,0.0,0.0,7.315,-423.0,0.0,7.166,233.0,0.0,0.0,4.98,105.0,4.962,460.0,0.682,0.0,4.948,191.0,4.933,196.0,4.93,253.0,4.975,39.0,23.74802,24.02726,24.06306,23.54575,28.39486,26.04101,24.33156,24.84529,23.85721,24.0,26.5,25.0,23.5,24.0,0.0,910.25,,2.0,0.0,0.0,77.180115,77.180115,77.180115,77.180115,77.180115,77.180115,77.180115,77.180115,77.180115,77.180115,77.180115,77.180115,77.180115,77.180115,77.180115,77.180115,74.309649,74.309649,74.309649,74.309649,0.0,0.0,100.0,101.0,102.0,101.0,101.0,101.0,1669.678,522.9000000000001,945.0680000000001,194.02499999999998,True,True,T1_obdh_ramp_accel
2026-03-12 11:20:18,5.0,0.0,0.0,1.0,30.0,0.0,0.0,5.0,0.0,0.0,0.0,1.0,1.0,0.0,0.0,2.777,0.0,0.0,0.0,7.315,-423.0,0.0,7.166,558.0,0.0,0.0,4.98,107.0,4.963,458.0,0.682,0.0,4.948,203.0,4.931,191.0,4.93,252.0,4.976,43.0,23.74981,24.02368,24.06306,23.55291,28.42887,26.21464,24.33872,24.83992,23.859,24.0,26.5,25.0,23.5,24.0,0.0,910.25,,2.0,0.0,0.0,77.180115,77.180115,77.180115,77.180115,77.180115,77.180115,77.180115,77.180115,77.180115,77.180115,77.180115,77.180115,77.180115,77.180115,77.180115,77.180115,74.309649,74.309649,74.309649,74.309649,0.0,0.0,100.0,101.0,102.0,101.0,101.0,102.0,3998.628,532.86,1004.4440000000001,213.968,True,True,T1_obdh_ramp_accel
2026-03-12 11:20:19,5.0,0.0,0.0,1.0,31.0,0.0,0.0,5.0,0.0,0.0,0.0,1.0,1.0,0.0,0.0,2.777,0.0,0.0,0.0,7.315,-423.0,0.0,7.166,558.0,0.0,0.0,4.98,107.0,4.962,457.0,0.682,0.0,4.948,202.0,4.933,193.0,4.93,251.0,4.976,43.0,23.75876,24.02368,24.06664,23.55828,28.47541,26.23433,24.35125,24.85245,23.85721,24.0,26.5,25.0,23.5,24.0,0.0,910.25,,2.0,0.0,0.0,77.180115,77.180115,77.180115,77.180115,77.180115,77.180115,77.180115,77.180115,77.180115,77.180115,77.180115,77.180115,77.180115,77.180115,77.180115,77.180115,74.309649,74.309649,74.309649,74.309649,0.0,0.0,100.0,101.0,102.0,101.0,101.0,103.0,3998.628,532.86,999.4960000000001,213.968,True,True,T1_obdh_ramp_accel
2026-03-12 11:20:20,5.0,0.0,0.0,1.0,32.0,0.0,0.0,5.0,0.0,0.0,0.0,1.0,1.0,0.0,0.0,2.777,0.0,0.0,0.0,7.315,-423.0,0.0,7.167,231.0,0.0,0.0,4.98,106.0,4.962,457.0,0.683,0.0,4.948,202.0,4.935,202.0,4.93,253.0,4.976,47.0,23.7516,24.03979,24.07559,23.55112,28.49331,26.26297,24.35304,24.86498,23.86795,24.0,26.5,25.0,23.5,24.0,0.0,910.25,,2.0,0.0,0.0,77.180115,77.180115,77.180115,77.180115,77.180115,77.180115,77.180115,77.180115,77.180115,77.180115,77.180115,77.180115,77.180115,77.180115,77.180115,77.180115,74.309649,74.309649,74.309649,74.309649,0.0,0.0,100.0,101.0,102.0,101.0,101.0,104.0,1655.577,527.88,999.4960000000001,233.87199999999999,True,True,T1_obdh_ramp_accel
2026-03-12 11:20:21,5.0,0.0,0.0,1.0,33.0,0.0,0.0,5.0,0.0,0.0,0.0,1.0,1.0,0.0,0.0,2.777,0.0,0.0,0.0,7.315,-423.0,0.0,7.165,231.0,0.0,0.0,4.98,106.0,4.963,460.0,0.682,0.0,4.948,201.0,4.933,193.0,4.93,251.0,4.976,47.0,23.75697,24.04337,24.07917,23.55112,28.48973,26.27729,24.36736,24.86498,23.85184,24.0,26.5,25.0,23.5,24.0,0.0,910.25,,2.0,0.0,0.0,77.180115,77.180115,77.180115,77.180115,77.180115,77.180115,77.180115,77.180115,77.180115,77.180115,77.180115,77.180115,77.180115,77.180115,77.180115,77.180115,74.309649,74.309649,74.309649,74.309649,0.0,0.0,100.0,101.0,102.0,101.0,101.0,105.0,1655.115,527.88,994.5480000000001,233.87199999999999,True,True,T1_obdh_ramp_accel
2026-03-12 11:20:22,5.0,0.0,0.0,1.0,34.0,0.0,0.0,5.0,0.0,0.0,0.0,1.0,1.0,0.0,0.0,2.777,0.0,0.0,0.0,7.315,-423.0,0.0,7.165,231.0,0.0,0.0,4.98,109.0,4.963,458.0,0.682,0.0,4.948,205.0,4.932,191.0,4.93,253.0,4.973,62.0,23.75518,24.038,24.08096,23.55112,28.52732,26.2934,24.37452,24.87751,23.86258,24.0,26.5,25.0,23.5,24.0,0.0,910.25,,2.0,0.0,0.0,77.180115,77.180115,77.180115,77.180115,77.180115,77.180115,77.180115,77.180115,77.180115,77.180115,77.180115,77.180115,77.180115,77.180115,77.180115,77.180115,74.309649,74.309649,74.309649,74.309649,0.0,0.0,100.0,101.0,102.0,101.0,101.0,106.0,1655.115,542.82,1014.34,308.32599999999996,True,True,T1_obdh_ramp_accel
2026-03-12 11:20:23,5.0,0.0,0.0,1.0,35.0,0.0,0.0,5.0,0.0,0.0,0.0,1.0,1.0,0.0,0.0,2.777,0.0,0.0,0.0,7.315,-423.0,0.0,7.161,558.0,0.0,0.0,4.98,107.0,4.962,456.0,0.683,0.0,4.948,205.0,4.933,195.0,4.93,253.0,4.973,62.0,23.74802,24.04695,24.08812,23.55828,28.58281,26.31309,24.38168,24.88109,23.859,24.0,26.5,25.0,23.5,24.0,0.0,910.25,,2.0,0.0,0.0,77.180115,77.180115,77.180115,77.180115,77.180115,77.180115,77.180115,77.180115,77.180115,77.180115,77.180115,77.180115,77.180115,77.180115,77.180115,77.180115,74.309649,74.309649,74.309649,74.309649,0.0,0.0,100.0,101.0,102.0,101.0,101.0,107.0,3995.8379999999997,532.86,1014.34,308.32599999999996,True,True,T1_obdh_ramp_accel
2026-03-12 11:20:24,5.0,0.0,0.0,1.0,36.0,0.0,0.0,5.0,0.0,0.0,0.0,1.0,1.0,0.0,0.0,2.777,0.0,0.0,0.0,7.315,-423.0,0.0,7.166,558.0,0.0,0.0,4.98,106.0,4.963,457.0,0.683,0.0,4.948,201.0,4.933,197.0,4.928,252.0,4.972,60.0,23.7516,24.04337,24.08991,23.54933,28.57744,26.33099,24.39242,24.87393,23.85363,24.0,26.5,25.0,23.5,24.0,0.0,910.25,,2.0,0.0,0.0,77.180115,77.180115,77.180115,77.180115,77.180115,77.180115,77.180115,77.180115,77.180115,77.180115,77.180115,77.180115,77.180115,77.180115,77.180115,77.180115,74.309649,74.309649,74.309649,74.309649,0.0,0.0,100.0,101.0,102.0,101.0,101.0,108.0,3998.628,527.88,994.5480000000001,298.32000000000005,True,True,T1_obdh_ramp_accel
2026-03-12 11:20:25,5.0,0.0,0.0,1.0,37.0,0.0,0.0,5.0,0.0,0.0,0.0,1.0,1.0,0.0,0.0,2.777,0.0,0.0,0.0,7.315,-423.0,0.0,7.165,235.0,0.0,0.0,4.98,109.0,4.963,457.0,0.682,0.0,4.948,192.0,4.933,187.0,4.93,252.0,4.972,60.0,23.75518,24.04337,24.08454,23.55649,28.57386,26.35605,24.396,24.88825,23.86795,24.0,26.5,25.0,23.5,24.0,0.0,910.25,,2.0,0.0,0.0,77.180115,77.180115,77.180115,77.180115,77.180115,77.180115,77.180115,77.180115,77.180115,77.180115,77.180115,77.180115,77.180115,77.180115,77.180115,77.180115,74.309649,74.309649,74.309649,74.309649,0.0,0.0,100.0,101.0,102.0,101.0,101.0,109.0,1683.775,542.82,950.0160000000001,298.32000000000005,True,True,T1_obdh_ramp_accel
2026-03-12 11:20:26,5.0,0.0,0.0,1.0,38.0,0.0,0.0,5.0,0.0,0.0,0.0,1.0,1.0,0.0,0.0,2.777,0.0,0.0,0.0,7.315,-423.0,0.0,7.165,231.0,0.0,0.0,4.98,106.0,4.965,457.0,0.682,1.0,4.95,192.0,4.932,196.0,4.93,253.0,4.973,60.0,23.75697,24.0559,24.0917,23.55828,28.60787,26.37932,24.40316,24.89004,23.85542,24.0,26.5,25.0,23.5,24.0,0.0,910.25,,2.0,0.0,0.0,77.180115,77.180115,77.180115,77.180115,77.180115,77.180115,77.180115,77.180115,77.180115,77.180115,77.180115,77.180115,77.180115,77.180115,77.180115,77.180115,74.309649,74.309649,74.309649,74.309649,0.0,0.0,100.0,101.0,102.0,101.0,101.0,110.0,1655.115,527.88,950.4000000000001,298.38,True,True,T1_obdh_ramp_accel
2026-03-12 11:20:27,5.0,0.0,0.0,1.0,39.0,0.0,0.0,5.0,0.0,0.0,0.0,1.0,1.0,0.0,0.0,2.777,1.0,0.0,0.0,7.315,-423.0,0.0,7.163,233.0,0.0,0.0,4.98,109.0,4.962,457.0,0.681,0.0,4.95,188.0,4.932,188.0,4.93,252.0,4.973,60.0,23.75876,24.05232,24.08812,23.56186,28.62398,26.40438,24.41748,24.90615,23.86616,24.0,26.5,25.0,23.5,24.0,0.0,910.25,,2.0,0.0,0.0,77.180115,77.180115,77.180115,77.180115,77.180115,77.180115,77.180115,77.180115,77.180115,77.180115,77.180115,77.180115,77.180115,77.180115,77.180115,77.180115,74.309649,74.309649,74.309649,74.309649,0.0,0.0,100.0,101.0,102.0,101.0,101.0,111.0,1668.979,542.82,930.6,298.38,True,True,T1_obdh_ramp_accel
2026-03-12 11:20:28,5.0,0.0,0.0,1.0,,0.0,0.0,5.0,0.0,0.0,0.0,1.0,1.0,0.0,0.0,2.777,0.0,0.0,0.0,7.315,-423.0,0.0,7.161,231.0,0.0,0.0,4.981,266.0,4.962,456.0,0.681,0.0,4.95,186.0,4.933,193.0,4.93,252.0,4.972,61.0,23.75697,24.04516,24.08812,23.55649,28.67589,26.4187,24.43001,24.9151,23.86974,24.0,26.5,25.0,23.5,24.0,0.0,910.25,,2.0,0.0,0.0,77.180115,77.180115,77.180115,77.180115,77.180115,77.180115,77.180115,77.180115,77.180115,77.180115,77.180115,77.180115,77.180115,77.180115,77.180115,77.180115,74.309649,74.309649,74.309649,74.309649,0.0,0.0,100.0,101.0,102.0,101.0,101.0,112.0,1654.1909999999998,1324.946,920.7,303.29200000000003,True,True,T1_obdh_ramp_accel
2026-03-12 11:20:29,5.0,0.0,0.0,1.0,,0.0,0.0,5.0,0.0,0.0,0.0,1.0,1.0,0.0,0.0,2.777,0.0,0.0,0.0,7.315,-423.0,0.0,7.165,232.0,0.0,0.0,4.981,109.0,4.962,457.0,0.681,0.0,4.95,201.0,4.935,198.0,4.93,251.0,4.972,61.0,23.75518,24.05232,24.10244,23.56544,28.69558,26.44018,24.4318,24.90794,23.86258,24.0,26.5,25.0,23.5,24.0,0.0,910.25,,2.0,0.0,0.0,77.180115,77.180115,77.180115,77.180115,77.180115,77.180115,77.180115,77.180115,77.180115,77.180115,77.180115,77.180115,77.180115,77.180115,77.180115,77.180115,74.309649,74.309649,74.309649,74.309649,0.0,0.0,100.0,101.0,102.0,101.0,101.0,113.0,1662.28,542.929,994.95,303.29200000000003,True,True,T1_obdh_ramp_accel
2026-03-12 11:20:30,5.0,0.0,0.0,2.0,0.0,0.0,0.0,5.0,0.0,0.0,0.0,1.0,1.0,0.0,0.0,2.777,0.0,0.0,0.0,7.315,-423.0,0.0,7.165,232.0,0.0,0.0,4.978,109.0,4.963,457.0,0.681,0.0,4.948,187.0,4.933,197.0,4.93,252.0,4.973,58.0,23.75876,24.06843,24.09528,23.56365,28.69737,26.45987,24.44254,24.92226,23.87332,24.0,26.5,25.0,23.5,24.0,0.0,910.25,,2.0,0.0,0.0,77.180115,77.180115,77.180115,77.180115,77.180115,77.180115,77.180115,77.180115,77.180115,77.180115,77.180115,77.180115,77.180115,77.180115,77.180115,77.180115,74.309649,74.309649,74.309649,74.309649,0.0,0.0,100.0,101.0,102.0,101.0,101.0,114.0,1662.28,542.602,925.2760000000001,288.43399999999997,True,True,T1_obdh_ramp_accel
2026-03-12 11:20:31,5.0,0.0,0.0,2.0,1.0,0.0,0.0,5.0,0.0,0.0,0.0,1.0,1.0,0.0,0.0,2.777,0.0,0.0,0.0,7.315,-423.0,0.0,7.165,231.0,0.0,0.0,4.98,107.0,4.963,457.0,0.682,0.0,4.947,203.0,4.932,192.0,4.93,253.0,4.973,58.0,23.7516,24.07738,24.10244,23.56544,28.70811,26.47598,24.45686,24.93837,23.86437,24.0,26.5,25.0,23.5,24.0,0.0,910.25,,2.0,0.0,0.0,77.180115,77.180115,77.180115,77.180115,77.180115,77.180115,77.180115,77.180115,77.180115,77.180115,77.180115,77.180115,77.180115,77.180115,77.180115,77.180115,74.309649,74.309649,74.309649,74.309649,0.0,0.0,100.0,101.0,102.0,101.0,101.0,115.0,1655.115,532.86,1004.241,288.43399999999997,True,True,T1_obdh_ramp_accel
2026-03-12 11:20:32,5.0,0.0,0.0,2.0,2.0,0.0,0.0,5.0,0.0,0.0,0.0,1.0,1.0,0.0,0.0,2.777,0.0,0.0,0.0,7.315,-423.0,0.0,7.163,235.0,0.0,0.0,4.978,267.0,4.962,457.0,0.681,1.0,4.948,202.0,4.933,201.0,4.93,250.0,4.973,58.0,23.76413,24.07559,24.10423,23.56365,28.71348,26.49567,24.45865,24.93479,23.86616,24.0,26.5,25.0,23.5,24.0,0.0,910.25,,2.0,0.0,0.0,77.180115,77.180115,77.180115,77.180115,77.180115,77.180115,77.180115,77.180115,77.180115,77.180115,77.180115,77.180115,77.180115,77.180115,77.180115,77.180115,74.309649,74.309649,74.309649,74.309649,0.0,0.0,100.0,101.0,102.0,101.0,101.0,116.0,1683.305,1329.126,999.4960000000001,288.43399999999997,True,True,T1_obdh_ramp_accel
2026-03-12 11:20:33,5.0,0.0,0.0,2.0,3.0,0.0,0.0,5.0,0.0,0.0,0.0,1.0,1.0,0.0,0.0,2.777,0.0,0.0,0.0,7.315,-423.0,0.0,7.162,233.0,0.0,0.0,4.978,109.0,4.963,456.0,0.682,0.0,4.948,201.0,4.932,195.0,4.93,250.0,4.975,45.0,23.75518,24.07201,24.11676,23.57439,28.76539,26.50462,24.47118,24.93121,23.88227,24.0,26.5,25.0,23.5,24.0,0.0,910.25,,2.0,0.0,0.0,77.180115,77.180115,77.180115,77.180115,77.180115,77.180115,77.180115,77.180115,77.180115,77.180115,77.180115,77.180115,77.180115,77.180115,77.180115,77.180115,74.309649,74.309649,74.309649,74.309649,0.0,0.0,100.0,101.0,102.0,101.0,101.0,117.0,1668.746,542.602,994.5480000000001,223.87499999999997,True,True,T1_obdh_ramp_accel
2026-03-12 11:20:34,5.0,0.0,0.0,2.0,4.0,0.0,0.0,5.0,0.0,0.0,0.0,1.0,1.0,0.0,0.0,2.777,0.0,0.0,0.0,7.315,-423.0,0.0,7.162,558.0,0.0,0.0,4.98,109.0,4.963,457.0,0.682,0.0,4.948,205.0,4.935,200.0,4.931,255.0,4.977,43.0,23.75876,24.07559,24.11676,23.57081,28.79045,26.53326,24.48371,24.93837,23.86795,24.0,26.5,25.0,23.5,24.0,0.0,910.25,,2.0,0.0,0.0,77.180115,77.180115,77.180115,77.180115,77.180115,77.180115,77.180115,77.180115,77.180115,77.180115,77.180115,77.180115,77.180115,77.180115,77.180115,77.180115,74.309649,74.309649,74.309649,74.309649,0.0,0.0,100.0,101.0,102.0,101.0,101.0,118.0,3996.3959999999997,542.82,1014.34,214.01100000000002,True,True,T1_obdh_ramp_accel
2026-03-12 11:20:35,5.0,0.0,0.0,2.0,5.0,0.0,0.0,5.0,0.0,0.0,0.0,1.0,1.0,0.0,0.0,2.777,0.0,0.0,0.0,7.315,-423.0,0.0,7.163,232.0,0.0,0.0,4.978,266.0,4.962,455.0,0.681,0.0,4.95,203.0,4.933,195.0,4.93,252.0,4.977,43.0,23.75339,24.0917,24.1275,23.58334,28.82088,26.55116,24.49266,24.94732,23.8769,24.0,26.5,25.0,23.5,24.0,0.0,910.25,,2.0,0.0,0.0,77.180115,77.180115,77.180115,77.180115,77.180115,77.180115,77.180115,77.180115,77.180115,77.180115,77.180115,77.180115,77.180115,77.180115,77.180115,77.180115,74.309649,74.309649,74.309649,74.309649,0.0,0.0,100.0,101.0,102.0,101.0,101.0,119.0,1661.816,1324.148,1004.85,214.01100000000002,True,True,T1_obdh_ramp_accel
2026-03-12 11:20:36,5.0,0.0,0.0,2.0,6.0,0.0,0.0,5.0,0.0,0.0,0.0,1.0,1.0,0.0,0.0,2.777,0.0,0.0,0.0,7.315,-423.0,0.0,7.16,235.0,0.0,0.0,4.978,109.0,4.962,461.0,0.682,0.0,4.948,203.0,4.932,188.0,4.928,252.0,4.975,43.0,23.76413,24.08633,24.12034,23.5726,28.82088,26.56727,24.49445,24.96701,23.87869,24.0,26.5,25.0,23.5,24.0,0.0,910.25,,2.0,0.0,0.0,77.180115,77.180115,77.180115,77.180115,77.180115,77.180115,77.180115,77.180115,77.180115,77.180115,77.180115,77.180115,77.180115,77.180115,77.180115,77.180115,74.309649,74.309649,74.309649,74.309649,0.0,0.0,100.0,101.0,102.0,101.0,101.0,120.0,1682.6000000000001,542.602,1004.4440000000001,213.92499999999998,True,True,T1_obdh_ramp_accel
2026-03-12 11:20:37,5.0,0.0,0.0,2.0,7.0,0.0,0.0,5.0,0.0,0.0,0.0,1.0,1.0,0.0,0.0,2.777,1.0,0.0,0.0,7.315,-423.0,0.0,7.162,236.0,0.0,0.0,4.98,109.0,4.963,463.0,0.682,0.0,4.95,203.0,4.933,193.0,4.93,252.0,4.975,43.0,23.75876,24.08991,24.12571,23.5726,28.8352,26.59591,24.5034,24.96343,23.87869,24.0,26.5,25.5,23.5,24.0,0.0,910.25,,2.0,0.0,0.0,77.180115,77.180115,77.180115,77.180115,77.180115,77.180115,77.180115,77.180115,77.180115,77.180115,77.180115,77.180115,77.180115,77.180115,77.180115,77.180115,74.309649,74.309649,74.309649,74.309649,0.0,0.0,100.0,101.0,102.0,101.0,101.0,121.0,1690.232,542.82,1004.85,213.92499999999998,True,True,T1_obdh_ramp_accel
2026-03-12 11:20:38,5.0,0.0,0.0,2.0,8.0,0.0,0.0,5.0,0.0,0.0,0.0,1.0,1.0,0.0,0.0,2.777,0.0,0.0,0.0,7.315,-423.0,0.0,7.16,237.0,0.0,0.0,4.98,109.0,4.963,465.0,0.682,0.0,4.948,205.0,4.933,197.0,4.93,251.0,4.972,58.0,23.75876,24.09349,24.12213,23.57797,28.88711,26.60128,24.51235,24.96522,23.88227,24.0,26.5,25.0,23.5,24.0,0.0,910.25,,2.0,0.0,0.0,77.180115,77.180115,77.180115,77.180115,77.180115,77.180115,77.180115,77.180115,77.180115,77.180115,77.180115,77.180115,77.180115,77.180115,77.180115,77.180115,74.309649,74.309649,74.309649,74.309649,0.0,0.0,100.0,101.0,102.0,101.0,101.0,122.0,1696.92,542.82,1014.34,288.37600000000003,True,True,T1_obdh_ramp_accel
2026-03-12 11:20:39,5.0,0.0,0.0,2.0,9.0,0.0,0.0,5.0,0.0,0.0,0.0,1.0,1.0,0.0,0.0,2.777,0.0,0.0,0.0,7.315,-423.0,0.0,7.162,233.0,0.0,0.0,4.977,109.0,4.963,461.0,0.682,0.0,4.947,203.0,4.933,200.0,4.931,251.0,4.972,58.0,23.76413,24.09528,24.13108,23.58513,28.871,26.62276,24.51951,24.97954,23.87153,24.0,26.5,25.5,23.5,24.0,0.0,910.25,,2.0,0.0,0.0,77.180115,77.180115,77.180115,77.180115,77.180115,77.180115,77.180115,77.180115,77.180115,77.180115,77.180115,77.180115,77.180115,77.180115,77.180115,77.180115,74.309649,74.309649,74.309649,74.309649,0.0,0.0,100.0,101.0,102.0,101.0,101.0,123.0,1668.746,542.493,1004.241,288.37600000000003,True,True,T1_obdh_ramp_accel
2026-03-12 11:20:40,5.0,0.0,0.0,2.0,,0.0,0.0,5.0,0.0,0.0,0.0,1.0,1.0,0.0,0.0,2.777,0.0,0.0,0.0,7.315,-423.0,0.0,7.162,236.0,0.0,0.0,4.98,107.0,4.962,462.0,0.681,0.0,4.947,200.0,4.933,195.0,4.931,251.0,4.972,58.0,23.75876,24.09349,24.14003,23.58155,28.91754,26.64066,24.53383,24.97596,23.88406,24.0,26.5,25.5,23.5,24.0,0.0,910.25,,2.0,0.0,0.0,77.180115,77.180115,77.180115,77.180115,77.180115,77.180115,77.180115,77.180115,77.180115,77.180115,77.180115,77.180115,77.180115,77.180115,77.180115,77.180115,74.309649,74.309649,74.309649,74.309649,0.0,0.0,100.0,101.0,102.0,101.0,101.0,124.0,1690.232,532.86,989.4,288.37600000000003,True,True,T1_obdh_ramp_accel
2026-03-12 11:20:41,5.0,0.0,0.0,2.0,,0.0,0.0,5.0,0.0,0.0,0.0,1.0,1.0,0.0,0.0,2.777,0.0,0.0,0.0,7.315,-423.0,0.0,7.163,237.0,0.0,0.0,4.98,109.0,4.962,463.0,0.681,0.0,4.95,200.0,4.933,200.0,4.931,252.0,4.972,58.0,23.76055,24.09528,24.13645,23.59229,28.91217,26.6514,24.52846,24.98849,23.88227,24.0,26.5,25.5,23.5,24.0,0.0,910.25,,2.0,0.0,0.0,77.180115,77.180115,77.180115,77.180115,77.180115,77.180115,77.180115,77.180115,77.180115,77.180115,77.180115,77.180115,77.180115,77.180115,77.180115,77.180115,74.309649,74.309649,74.309649,74.309649,0.0,0.0,100.0,101.0,102.0,101.0,101.0,125.0,1697.631,542.82,990.0,288.37600000000003,True,True,T1_obdh_ramp_accel
2026-03-12 11:20:42,5.0,0.0,0.0,2.0,,0.0,0.0,5.0,0.0,0.0,0.0,1.0,1.0,0.0,0.0,2.777,0.0,0.0,0.0,7.315,-423.0,0.0,7.162,236.0,0.0,0.0,4.98,107.0,4.962,463.0,0.681,1.0,4.948,197.0,4.933,193.0,4.93,251.0,4.973,60.0,23.75697,24.09528,24.14003,23.58871,28.93007,26.68183,24.5392,24.99565,23.88227,24.0,27.0,25.5,23.5,24.0,0.0,910.25,,2.0,0.0,0.0,77.180115,77.180115,77.180115,77.180115,77.180115,77.180115,77.180115,77.180115,77.180115,77.180115,77.180115,77.180115,77.180115,77.180115,77.180115,77.180115,74.309649,74.309649,74.309649,74.309649,0.0,0.0,100.0,101.0,102.0,101.0,101.0,126.0,1690.232,532.86,974.7560000000001,298.38,True,True,T1_obdh_ramp_accel
2026-03-12 11:20:43,5.0,0.0,0.0,2.0,,0.0,0.0,5.0,0.0,0.0,0.0,1.0,1.0,0.0,0.0,2.777,0.0,0.0,0.0,7.315,-423.0,0.0,7.162,236.0,0.0,0.0,4.98,109.0,4.962,465.0,0.682,0.0,4.95,195.0,4.932,198.0,4.93,251.0,4.973,60.0,23.76592,24.11318,24.13824,23.59587,28.96229,26.69436,24.56426,24.99386,23.87332,24.0,26.5,25.5,23.5,24.0,0.0,910.25,,2.0,0.0,0.0,77.180115,77.180115,77.180115,77.180115,77.180115,77.180115,77.180115,77.180115,77.180115,77.180115,77.180115,77.180115,77.180115,77.180115,77.180115,77.180115,74.309649,74.309649,74.309649,74.309649,0.0,0.0,100.0,101.0,102.0,101.0,101.0,127.0,1690.232,542.82,965.25,298.38,True,True,T1_obdh_ramp_accel
2026-03-12 11:20:44,5.0,0.0,0.0,2.0,,0.0,0.0,5.0,0.0,0.0,0.0,1.0,1.0,0.0,0.0,2.777,0.0,0.0,0.0,7.315,-423.0,0.0,7.161,232.0,0.0,0.0,4.978,266.0,4.962,462.0,0.682,0.0,4.948,193.0,4.932,198.0,4.93,251.0,4.973,58.0,23.76771,24.10781,24.15077,23.58692,29.03031,26.71763,24.56247,24.99923,23.88585,24.0,27.0,25.5,23.5,24.0,0.0,910.25,,2.0,0.0,0.0,77.180115,77.180115,77.180115,77.180115,77.180115,77.180115,77.180115,77.180115,77.180115,77.180115,77.180115,77.180115,77.180115,77.180115,77.180115,77.180115,74.309649,74.309649,74.309649,74.309649,0.0,0.0,100.0,101.0,102.0,101.0,101.0,128.0,1661.3519999999999,1324.148,954.964,288.43399999999997,True,True,T1_obdh_ramp_accel
2026-03-12 11:20:45,5.0,0.0,0.0,2.0,,0.0,0.0,5.0,0.0,0.0,0.0,1.0,1.0,0.0,0.0,2.777,0.0,0.0,0.0,7.315,-423.0,0.0,7.158,233.0,0.0,0.0,4.98,107.0,4.962,463.0,0.681,0.0,4.948,193.0,4.933,192.0,4.93,252.0,4.973,58.0,23.75876,24.11139,24.14898,23.5905,29.00346,26.74627,24.56605,25.00102,23.88048,24.0,27.0,25.5,23.5,24.0,0.0,910.25,,2.0,0.0,0.0,77.180115,77.180115,77.180115,77.180115,77.180115,77.180115,77.180115,77.180115,77.180115,77.180115,77.180115,77.180115,77.180115,77.180115,77.180115,77.180115,74.309649,74.309649,74.309649,74.309649,0.0,0.0,100.0,101.0,102.0,101.0,101.0,129.0,1667.814,532.86,954.964,288.43399999999997,True,True,T1_obdh_ramp_accel
2026-03-12 11:20:46,5.0,0.0,0.0,2.0,10.0,0.0,0.0,5.0,0.0,0.0,0.0,1.0,1.0,0.0,0.0,2.777,0.0,0.0,0.0,7.315,-423.0,0.0,7.162,236.0,0.0,0.0,4.98,109.0,4.963,461.0,0.682,0.0,4.948,193.0,4.932,191.0,4.93,251.0,4.975,60.0,23.76413,24.10781,24.13466,23.58692,29.04284,26.74448,24.57858,25.01355,23.88406,24.0,27.0,25.5,23.5,24.0,0.0,910.25,,2.0,0.0,0.0,77.180115,77.180115,77.180115,77.180115,77.180115,77.180115,77.180115,77.180115,77.180115,77.180115,77.180115,77.180115,77.180115,77.180115,77.180115,77.180115,74.309649,74.309649,74.309649,74.309649,0.0,0.0,100.0,101.0,102.0,101.0,101.0,130.0,1690.232,542.82,954.964,298.5,True,True,T1_obdh_ramp_accel
2026-03-12 11:20:47,5.0,0.0,0.0,2.0,11.0,0.0,0.0,5.0,0.0,0.0,0.0,1.0,1.0,0.0,0.0,2.777,0.0,0.0,0.0,7.315,-423.0,0.0,7.162,236.0,0.0,0.0,4.98,109.0,4.962,461.0,0.682,0.0,4.947,193.0,4.935,196.0,4.931,252.0,4.975,60.0,23.76592,24.11497,24.15614,23.59229,29.06432,26.76775,24.58574,25.01176,23.88227,24.0,27.0,25.5,23.5,24.0,0.0,910.25,,2.0,0.0,0.0,77.180115,77.180115,77.180115,77.180115,77.180115,77.180115,77.180115,77.180115,77.180115,77.180115,77.180115,77.180115,77.180115,77.180115,77.180115,77.180115,74.309649,74.309649,74.309649,74.309649,0.0,0.0,100.0,101.0,102.0,101.0,101.0,131.0,1690.232,542.82,954.771,298.5,True,True,T1_obdh_ramp_accel
2026-03-12 11:20:48,5.0,0.0,0.0,2.0,12.0,0.0,0.0,5.0,0.0,0.0,0.0,1.0,1.0,0.0,0.0,2.777,1.0,0.0,0.0,7.315,-423.0,0.0,7.163,232.0,0.0,0.0,4.98,267.0,4.963,461.0,0.68,0.0,4.948,192.0,4.935,200.0,4.931,253.0,4.975,45.0,23.76413,24.11497,24.15793,23.59766,29.08043,26.78923,24.59648,25.02966,23.88764,24.0,27.0,25.5,23.5,24.0,0.0,910.25,,2.0,0.0,0.0,77.180115,77.180115,77.180115,77.180115,77.180115,77.180115,77.180115,77.180115,77.180115,77.180115,77.180115,77.180115,77.180115,77.180115,77.180115,77.180115,74.309649,74.309649,74.309649,74.309649,0.0,0.0,100.0,101.0,102.0,101.0,101.0,132.0,1661.816,1329.66,950.0160000000001,223.87499999999997,True,True,T1_obdh_ramp_accel
2026-03-12 11:20:49,5.0,0.0,0.0,2.0,13.0,0.0,0.0,5.0,0.0,0.0,0.0,1.0,1.0,0.0,0.0,2.777,0.0,0.0,0.0,7.315,-423.0,0.0,7.162,229.0,0.0,0.0,4.977,109.0,4.963,465.0,0.682,0.0,4.951,205.0,4.932,195.0,4.93,251.0,4.975,45.0,23.7695,24.13287,24.17046,23.60124,29.09654,26.79281,24.60364,25.03861,23.88406,24.0,27.0,25.5,23.5,24.0,0.0,910.25,,2.0,0.0,0.0,77.180115,77.180115,77.180115,77.180115,77.180115,77.180115,77.180115,77.180115,77.180115,77.180115,77.180115,77.180115,77.180115,77.180115,77.180115,77.180115,74.309649,74.309649,74.309649,74.309649,0.0,0.0,100.0,101.0,102.0,101.0,101.0,133.0,1640.098,542.493,1014.9549999999999,223.87499999999997,True,True,T1_obdh_ramp_accel
2026-03-12 11:20:50,5.0,0.0,0.0,2.0,14.0,0.0,0.0,5.0,0.0,0.0,0.0,1.0,1.0,0.0,0.0,2.777,0.0,0.0,0.0,7.315,-423.0,0.0,7.161,232.0,0.0,0.0,4.98,109.0,4.962,443.0,0.682,0.0,4.951,203.0,4.933,197.0,4.93,252.0,4.975,45.0,23.76771,24.12929,24.16509,23.59766,29.10012,26.8125,24.60722,25.03682,23.8948,24.0,27.0,25.5,23.5,24.0,0.0,910.25,,2.0,0.0,0.0,77.180115,77.180115,77.180115,77.180115,77.180115,77.180115,77.180115,77.180115,77.180115,77.180115,77.180115,77.180115,77.180115,77.180115,77.180115,77.180115,74.309649,74.309649,74.309649,74.309649,0.0,0.0,100.0,101.0,102.0,101.0,101.0,134.0,1661.3519999999999,542.82,1005.0529999999999,223.87499999999997,True,True,T1_obdh_ramp_accel
2026-03-12 11:20:51,5.0,0.0,0.0,2.0,15.0,0.0,0.0,5.0,0.0,0.0,0.0,1.0,1.0,0.0,0.0,2.777,0.0,0.0,0.0,7.315,-423.0,0.0,7.162,557.0,0.0,0.0,4.98,109.0,4.963,455.0,0.682,0.0,4.948,195.0,4.933,192.0,4.93,251.0,4.975,47.0,23.77129,24.12929,24.17046,23.61019,29.10012,26.83398,24.63049,25.04219,23.88764,24.0,27.0,25.5,23.5,24.5,0.0,910.25,,2.0,0.0,0.0,77.180115,77.180115,77.180115,77.180115,77.180115,77.180115,77.180115,77.180115,77.180115,77.180115,77.180115,77.180115,77.180115,77.180115,77.180115,77.180115,74.309649,74.309649,74.309649,74.309649,0.0,0.0,100.0,101.0,102.0,101.0,101.0,135.0,3989.234,542.82,964.8600000000001,233.825,True,True,T1_obdh_ramp_accel
2026-03-12 11:20:52,5.0,0.0,0.0,2.0,16.0,0.0,0.0,5.0,0.0,0.0,0.0,1.0,1.0,0.0,0.0,2.777,0.0,0.0,0.0,7.315,-423.0,0.0,7.162,558.0,0.0,0.0,4.978,109.0,4.963,453.0,0.682,0.0,4.947,193.0,4.933,202.0,4.93,251.0,4.976,45.0,23.76055,24.13108,24.16867,23.61198,29.14308,26.8483,24.62512,25.03861,23.88764,24.0,27.0,25.5,23.5,24.0,0.0,910.25,,2.0,0.0,0.0,77.180115,77.180115,77.180115,77.180115,77.180115,77.180115,77.180115,77.180115,77.180115,77.180115,77.180115,77.180115,77.180115,77.180115,77.180115,77.180115,74.309649,74.309649,74.309649,74.309649,0.0,0.0,100.0,101.0,102.0,101.0,101.0,136.0,3996.3959999999997,542.602,954.771,223.92,True,True,T1_obdh_ramp_accel
2026-03-12 11:20:53,5.0,0.0,0.0,2.0,17.0,0.0,0.0,5.0,0.0,0.0,0.0,1.0,1.0,0.0,0.0,2.777,0.0,0.0,0.0,7.315,-423.0,0.0,7.162,230.0,0.0,0.0,4.98,109.0,4.962,452.0,0.681,0.0,4.948,192.0,4.933,196.0,4.931,251.0,4.976,45.0,23.76234,24.13466,24.17046,23.61198,29.16456,26.86083,24.64481,25.04935,23.89122,24.0,27.0,25.5,23.5,24.0,0.0,910.25,,2.0,0.0,0.0,77.180115,77.180115,77.180115,77.180115,77.180115,77.180115,77.180115,77.180115,77.180115,77.180115,77.180115,77.180115,77.180115,77.180115,77.180115,77.180115,74.309649,74.309649,74.309649,74.309649,0.0,0.0,100.0,101.0,102.0,101.0,101.0,137.0,1647.26,542.82,950.0160000000001,223.92,True,True,T1_obdh_ramp_accel
2026-03-12 11:20:54,5.0,0.0,0.0,2.0,18.0,0.0,0.0,5.0,0.0,0.0,0.0,1.0,1.0,0.0,0.0,2.777,0.0,0.0,0.0,7.315,-423.0,0.0,7.162,557.0,0.0,0.0,4.98,109.0,4.962,451.0,0.681,0.0,4.948,195.0,4.931,190.0,4.93,250.0,4.972,60.0,23.75876,24.13466,24.17404,23.60661,29.16635,26.88947,24.65555,25.06009,23.8948,24.0,27.0,25.5,24.0,24.5,0.0,910.25,,2.0,0.0,0.0,77.180115,77.180115,77.180115,77.180115,77.180115,77.180115,77.180115,77.180115,77.180115,77.180115,77.180115,77.180115,77.180115,77.180115,77.180115,77.180115,74.309649,74.309649,74.309649,74.309649,0.0,0.0,100.0,101.0,102.0,101.0,101.0,138.0,3989.234,542.82,964.8600000000001,298.32000000000005,True,True,T1_obdh_ramp_accel
2026-03-12 11:20:55,5.0,0.0,0.0,2.0,19.0,0.0,0.0,5.0,0.0,0.0,0.0,1.0,1.0,0.0,0.0,2.777,0.0,0.0,0.0,7.315,-423.0,0.0,7.161,232.0,0.0,0.0,4.98,109.0,4.962,455.0,0.682,0.0,4.951,203.0,4.935,198.0,4.931,251.0,4.972,60.0,23.7695,24.13645,24.17404,23.61377,29.17709,26.89663,24.66092,25.05651,23.89301,24.0,27.0,25.5,24.0,24.5,0.0,910.25,,2.0,0.0,0.0,77.180115,77.180115,77.180115,77.180115,77.180115,77.180115,77.180115,77.180115,77.180115,77.180115,77.180115,77.180115,77.180115,77.180115,77.180115,77.180115,74.309649,74.309649,74.309649,74.309649,0.0,0.0,100.0,101.0,102.0,101.0,101.0,139.0,1661.3519999999999,542.82,1005.0529999999999,298.32000000000005,True,True,T1_obdh_ramp_accel
2026-03-12 11:20:56,5.0,0.0,0.0,2.0,,0.0,0.0,5.0,0.0,0.0,0.0,1.0,1.0,0.0,0.0,2.777,0.0,0.0,0.0,7.315,-423.0,0.0,7.161,558.0,0.0,0.0,4.98,109.0,4.962,453.0,0.682,0.0,4.948,193.0,4.932,188.0,4.93,250.0,4.973,61.0,23.76592,24.13824,24.17404,23.6084,29.229,26.91453,24.66629,25.06188,23.88764,24.0,27.0,25.5,23.5,24.5,0.0,910.25,,2.0,0.0,0.0,77.180115,77.180115,77.180115,77.180115,77.180115,77.180115,77.180115,77.180115,77.180115,77.180115,77.180115,77.180115,77.180115,77.180115,77.180115,77.180115,74.309649,74.309649,74.309649,74.309649,0.0,0.0,100.0,101.0,102.0,101.0,101.0,140.0,3995.8379999999997,542.82,954.964,303.353,True,True,T1_obdh_ramp_accel
2026-03-12 11:20:57,5.0,0.0,0.0,2.0,,0.0,0.0,5.0,0.0,0.0,0.0,1.0,1.0,0.0,0.0,2.777,0.0,0.0,0.0,7.315,-423.0,0.0,7.162,233.0,0.0,0.0,4.98,266.0,4.962,457.0,0.681,0.0,4.95,200.0,4.933,196.0,4.93,250.0,4.973,61.0,23.77129,24.14182,24.1812,23.60661,29.23258,26.93959,24.67345,25.06725,23.90017,24.0,27.0,25.5,24.0,24.5,0.0,910.25,,2.0,0.0,0.0,77.180115,77.180115,77.180115,77.180115,77.180115,77.180115,77.180115,77.180115,77.180115,77.180115,77.180115,77.180115,77.180115,77.180115,77.180115,77.180115,74.309649,74.309649,74.309649,74.309649,0.0,0.0,100.0,101.0,102.0,101.0,101.0,141.0,1668.746,1324.68,990.0,303.353,True,True,T1_obdh_ramp_accel
2026-03-12 11:20:58,5.0,0.0,0.0,2.0,,0.0,0.0,5.0,0.0,0.0,0.0,1.0,1.0,0.0,0.0,2.777,0.0,0.0,0.0,7.315,-423.0,0.0,7.163,231.0,0.0,0.0,4.978,109.0,4.963,457.0,0.682,0.0,4.951,201.0,4.935,196.0,4.93,252.0,4.971,60.0,23.75876,24.15614,24.17941,23.61377,29.2469,26.94854,24.67345,25.08157,23.90375,24.0,27.0,25.5,24.0,24.5,0.0,910.25,,2.0,0.0,0.0,77.180115,77.180115,77.180115,77.180115,77.180115,77.180115,77.180115,77.180115,77.180115,77.180115,77.180115,77.180115,77.180115,77.180115,77.180115,77.180115,74.309649,74.309649,74.309649,74.309649,0.0,0.0,100.0,101.0,102.0,101.0,101.0,142.0,1654.653,542.602,995.151,298.26,True,True,P1_sysv_sag
2026-03-12 11:20:59,5.0,0.0,0.0,2.0,,0.0,0.0,5.0,0.0,0.0,0.0,1.0,1.0,0.0,0.0,2.777,0.0,0.0,0.0,7.315,-423.0,0.0,7.158,235.0,0.0,0.0,4.978,266.0,4.962,453.0,0.682,0.0,4.951,200.0,4.932,193.0,4.93,252.0,4.971,60.0,23.77666,24.15435,24.19194,23.62093,29.25227,26.95928,24.69493,25.0762,23.89838,24.0,27.0,25.5,24.0,24.5,0.0,910.25,,2.0,0.0,0.0,77.180115,77.180115,77.180115,77.180115,77.180115,77.180115,77.180115,77.180115,77.180115,77.180115,77.180115,77.180115,77.180115,77.180115,77.180115,77.180115,74.309649,74.309649,74.309649,74.309649,0.0,0.0,100.0,101.0,102.0,101.0,101.0,143.0,1682.13,1324.148,990.1999999999999,298.26,True,True,P1_sysv_sag
2026-03-12 11:21:00,5.0,0.0,0.0,2.0,,0.0,0.0,5.0,0.0,0.0,0.0,1.0,1.0,0.0,0.0,2.777,0.0,0.0,0.0,7.315,-423.0,0.0,7.161,231.0,0.0,0.0,4.98,109.0,4.963,455.0,0.682,0.0,4.948,198.0,4.932,195.0,4.93,250.0,4.972,58.0,23.76413,24.15256,24.16688,23.6263,29.26122,26.98434,24.70209,25.08336,23.90196,24.0,27.0,25.5,24.0,24.5,0.0,910.25,,2.0,0.0,0.0,77.180115,77.180115,77.180115,77.180115,77.180115,77.180115,77.180115,77.180115,77.180115,77.180115,77.180115,77.180115,77.180115,77.180115,77.180115,77.180115,74.309649,74.309649,74.309649,74.309649,0.0,0.0,100.0,101.0,102.0,101.0,101.0,144.0,1654.1909999999998,542.82,979.7040000000001,288.37600000000003,True,True,P1_sysv_sag
2026-03-12 11:21:01,5.0,0.0,0.0,2.0,,0.0,0.0,5.0,0.0,0.0,0.0,1.0,1.0,0.0,0.0,2.777,0.0,0.0,0.0,7.315,-423.0,0.0,7.161,230.0,0.0,0.0,4.98,109.0,4.963,456.0,0.681,0.0,4.948,200.0,4.931,192.0,4.93,250.0,4.972,58.0,23.76234,24.15614,24.20089,23.62809,29.29344,27.00045,24.70746,25.0941,23.90196,24.0,27.0,25.5,24.0,24.5,0.0,910.25,,2.0,0.0,0.0,77.180115,77.180115,77.180115,77.180115,77.180115,77.180115,77.180115,77.180115,77.180115,77.180115,77.180115,77.180115,77.180115,77.180115,77.180115,77.180115,74.309649,74.309649,74.309649,74.309649,0.0,0.0,100.0,101.0,102.0,101.0,101.0,145.0,1647.03,542.82,989.6000000000001,288.37600000000003,True,True,P1_sysv_sag
2026-03-12 11:21:02,5.0,0.0,0.0,2.0,20.0,0.0,0.0,5.0,0.0,0.0,0.0,1.0,1.0,0.0,0.0,2.777,0.0,0.0,0.0,7.315,-423.0,0.0,7.162,231.0,0.0,0.0,4.98,109.0,4.962,456.0,0.682,0.0,4.948,201.0,4.933,197.0,4.93,253.0,4.972,62.0,23.76771,24.1633,24.19194,23.62272,29.31313,27.01835,24.71104,25.09589,23.90912,24.0,27.0,25.5,24.0,24.5,0.0,910.25,,2.0,0.0,0.0,77.180115,77.180115,77.180115,77.180115,77.180115,77.180115,77.180115,77.180115,77.180115,77.180115,77.180115,77.180115,77.180115,77.180115,77.180115,77.180115,74.309649,74.309649,74.309649,74.309649,0.0,0.0,100.0,101.0,102.0,101.0,101.0,146.0,1654.422,542.82,994.5480000000001,308.264,True,True,P1_sysv_sag
2026-03-12 11:21:03,5.0,0.0,0.0,2.0,21.0,0.0,0.0,5.0,0.0,0.0,0.0,1.0,1.0,0.0,0.0,2.777,1.0,0.0,0.0,7.315,-423.0,0.0,7.162,230.0,0.0,0.0,4.978,107.0,4.962,456.0,0.682,0.0,4.947,205.0,4.933,201.0,4.93,251.0,4.972,62.0,23.76771,24.16688,24.19373,23.62988,29.35072,27.03625,24.72178,25.09768,23.91091,24.0,27.0,25.5,24.0,24.5,0.0,910.25,,2.0,0.0,0.0,77.180115,77.180115,77.180115,77.180115,77.180115,77.180115,77.180115,77.180115,77.180115,77.180115,77.180115,77.180115,77.180115,77.180115,77.180115,77.180115,74.309649,74.309649,74.309649,74.309649,0.0,0.0,100.0,101.0,102.0,101.0,101.0,147.0,1647.26,532.646,1014.135,308.264,True,True,P1_sysv_sag
2026-03-12 11:21:04,5.0,0.0,0.0,2.0,22.0,0.0,0.0,5.0,0.0,0.0,0.0,1.0,1.0,0.0,0.0,2.777,0.0,0.0,0.0,7.315,-423.0,0.0,7.161,233.0,0.0,0.0,4.98,266.0,4.962,453.0,0.682,1.0,4.947,206.0,4.933,195.0,4.93,251.0,4.975,43.0,23.78203,24.16688,24.20626,23.63346,29.35609,27.04341,24.72894,25.10663,23.90196,24.0,27.0,25.5,24.0,24.5,0.0,910.25,,2.0,0.0,0.0,77.180115,77.180115,77.180115,77.180115,77.180115,77.180115,77.180115,77.180115,77.180115,77.180115,77.180115,77.180115,77.180115,77.180115,77.180115,77.180115,74.309649,74.309649,74.309649,74.309649,0.0,0.0,100.0,101.0,102.0,101.0,101.0,148.0,1668.513,1324.68,1019.082,213.92499999999998,True,True,P1_sysv_sag
2026-03-12 11:21:05,5.0,0.0,0.0,2.0,23.0,0.0,0.0,5.0,0.0,0.0,0.0,1.0,1.0,0.0,0.0,2.777,0.0,0.0,0.0,7.315,-423.0,0.0,7.161,556.0,0.0,0.0,4.978,267.0,4.962,453.0,0.682,1.0,4.947,205.0,4.932,185.0,4.93,253.0,4.975,43.0,23.7695,24.17046,24.20805,23.62451,29.36504,27.0631,24.74505,25.10484,23.90912,24.0,27.0,25.5,24.0,24.5,0.0,910.25,,2.0,0.0,0.0,77.180115,77.180115,77.180115,77.180115,77.180115,77.180115,77.180115,77.180115,77.180115,77.180115,77.180115,77.180115,77.180115,77.180115,77.180115,77.180115,74.309649,74.309649,74.309649,74.309649,0.0,0.0,100.0,101.0,102.0,101.0,101.0,149.0,3981.5159999999996,1329.126,1014.135,213.92499999999998,True,True,P1_sysv_sag
2026-03-12 11:21:06,5.0,0.0,0.0,2.0,24.0,0.0,0.0,5.0,0.0,0.0,0.0,1.0,1.0,0.0,0.0,2.777,0.0,0.0,0.0,7.315,-423.0,0.0,7.16,556.0,0.0,0.0,4.978,267.0,4.963,453.0,0.682,0.0,4.947,202.0,4.935,195.0,4.93,251.0,4.976,43.0,23.77308,24.16688,24.20984,23.62988,29.37936,27.08995,24.74505,25.10484,23.91807,24.0,27.5,25.5,24.0,24.5,0.0,910.25,,2.0,0.0,0.0,77.180115,77.180115,77.180115,77.180115,77.180115,77.180115,77.180115,77.180115,77.180115,77.180115,77.180115,77.180115,77.180115,77.180115,77.180115,77.180115,74.309649,74.309649,74.309649,74.309649,0.0,0.0,100.0,101.0,102.0,101.0,101.0,150.0,3980.96,1329.126,999.294,213.968,True,True,P1_sysv_sag
2026-03-12 11:21:07,5.0,0.0,0.0,2.0,25.0,0.0,0.0,5.0,0.0,0.0,0.0,1.0,1.0,0.0,0.0,2.777,0.0,0.0,0.0,7.315,-423.0,0.0,7.162,228.0,0.0,0.0,4.98,109.0,4.962,453.0,0.681,0.0,4.947,188.0,4.931,192.0,4.93,250.0,4.976,43.0,23.77666,24.17404,24.20984,23.64241,29.38831,27.081,24.73968,25.11379,23.90733,24.0,27.0,25.5,24.0,24.5,0.0,910.25,,2.0,0.0,0.0,77.180115,77.180115,77.180115,77.180115,77.180115,77.180115,77.180115,77.180115,77.180115,77.180115,77.180115,77.180115,77.180115,77.180115,77.180115,77.180115,74.309649,74.309649,74.309649,74.309649,0.0,0.0,100.0,101.0,102.0,101.0,101.0,151.0,1632.936,542.82,930.0360000000001,213.968,True,True,P1_sysv_sag
2026-03-12 11:21:08,5.0,0.0,0.0,2.0,26.0,0.0,0.0,5.0,0.0,0.0,0.0,1.0,1.0,0.0,0.0,2.777,0.0,0.0,0.0,7.315,-423.0,0.0,7.161,556.0,0.0,0.0,4.98,102.0,4.962,453.0,0.681,0.0,4.947,206.0,4.935,196.0,4.931,253.0,4.975,47.0,23.7695,24.1812,24.20984,23.63525,29.43127,27.10964,24.76116,25.12274,23.8948,24.0,27.5,25.5,24.0,24.5,0.0,910.25,,2.0,0.0,0.0,77.180115,77.180115,77.180115,77.180115,77.180115,77.180115,77.180115,77.180115,77.180115,77.180115,77.180115,77.180115,77.180115,77.180115,77.180115,77.180115,74.309649,74.309649,74.309649,74.309649,0.0,0.0,100.0,101.0,102.0,101.0,101.0,152.0,3981.5159999999996,507.96000000000004,1019.082,233.825,True,True,P1_sysv_sag
2026-03-12 11:21:09,5.0,0.0,0.0,2.0,27.0,0.0,0.0,5.0,0.0,0.0,0.0,1.0,1.0,0.0,0.0,2.777,0.0,0.0,0.0,7.315,-423.0,0.0,7.161999999999999,556.0,0.0,0.0,4.98,101.0,4.962,452.0,0.682,0.0,4.947,203.0,4.932,191.0,4.93,250.0,4.975,47.0,23.77845,24.17404,24.20626,23.63525,29.43127,27.12754,24.7719,25.12811,23.91628,24.0,27.5,26.0,24.0,24.5,0.0,910.25,,2.0,0.0,0.0,77.180115,77.180115,77.180115,77.180115,77.180115,77.180115,77.180115,77.180115,77.180115,77.180115,77.180115,77.180115,77.180115,77.180115,77.180115,77.180115,74.309649,74.309649,74.309649,74.309649,0.0,0.0,100.0,101.0,102.0,101.0,101.0,153.0,3982.072,502.98,1004.241,233.825,True,True,P1_sysv_sag
2026-03-12 11:21:10,5.0,0.0,0.0,2.0,28.0,0.0,0.0,5.0,0.0,0.0,0.0,1.0,1.0,0.0,0.0,2.777,0.0,0.0,0.0,7.315,-423.0,0.0,7.161999999999999,226.0,0.0,0.0,4.98,253.0,4.963,452.0,0.682,0.0,4.947,203.0,4.932,191.0,4.93,251.0,4.972,60.0,23.77487,24.17404,24.20984,23.63167,29.45633,27.14723,24.78264,25.12632,23.9127,24.0,27.5,25.5,24.0,24.5,0.0,910.25,,2.0,0.0,0.0,77.180115,77.180115,77.180115,77.180115,77.180115,77.180115,77.180115,77.180115,77.180115,77.180115,77.180115,77.180115,77.180115,77.180115,77.180115,77.180115,74.309649,74.309649,74.309649,74.309649,0.0,0.0,100.0,101.0,102.0,101.0,101.0,154.0,1618.612,1259.94,1004.241,298.32000000000005,True,True,P1_sysv_sag
2026-03-12 11:21:11,5.0,0.0,0.0,2.0,29.0,0.0,0.0,5.0,0.0,0.0,0.0,1.0,1.0,0.0,0.0,2.777,0.0,0.0,0.0,7.315,-423.0,0.0,7.162999999999999,227.0,0.0,0.0,4.981,255.0,4.962,456.0,0.682,0.0,4.947,205.0,4.933,196.0,4.93,252.0,4.972,60.0,23.77845,24.18478,24.20984,23.6442,29.50824,27.15797,24.78801,25.13885,23.91628,24.0,27.5,26.0,24.0,24.5,0.0,910.25,,2.0,0.0,0.0,77.180115,77.180115,77.180115,77.180115,77.180115,77.180115,77.180115,77.180115,77.180115,77.180115,77.180115,77.180115,77.180115,77.180115,77.180115,77.180115,74.309649,74.309649,74.309649,74.309649,0.0,0.0,100.0,101.0,102.0,101.0,101.0,155.0,1626.001,1270.155,1014.135,298.32000000000005,True,True,P1_sysv_sag
2026-03-12 11:21:12,5.0,0.0,0.0,2.0,,0.0,0.0,5.0,0.0,0.0,0.0,1.0,1.0,0.0,0.0,2.777,0.0,0.0,0.0,7.3149999999999995,-423.0,0.0,7.159999999999998,557.0,0.0,0.0,4.98,255.0,4.962,455.0,0.681,1.0,4.948,203.0,4.933,201.0,4.93,252.0,4.972,60.0,23.77308,24.19373,24.20984,23.65315,29.48497,27.1705,24.80412,25.14422,23.92702,24.0,27.5,26.0,24.0,24.5,0.0,910.25,,2.0,0.0,0.0,77.180115,77.180115,77.180115,77.180115,77.180115,77.180115,77.180115,77.180115,77.180115,77.180115,77.180115,77.180115,77.180115,77.180115,77.180115,77.180115,74.309649,74.309649,74.309649,74.309649,0.0,0.0,100.0,101.0,102.0,101.0,101.0,156.0,3988.12,1269.9,1004.4440000000001,298.32000000000005,True,True,P1_sysv_sag
2026-03-12 11:21:13,5.0,0.0,0.0,2.0,,0.0,0.0,5.0,0.0,0.0,0.0,1.0,1.0,0.0,0.0,2.777,0.0,0.0,0.0,7.3149999999999995,-423.0,0.0,7.186999999999998,417.0,0.0,0.0,4.982,255.0,4.981,105.0,0.681,0.0,4.95,186.0,4.958,191.0,4.967,60.0,4.972,60.0,23.77666,24.19015,24.2349,23.65315,29.5154,27.1884,24.80054,25.14601,23.92344,24.0,27.5,26.0,24.0,24.5,0.0,910.25,,2.0,0.0,0.0,77.180115,77.180115,77.180115,77.180115,77.180115,77.180115,77.180115,77.180115,77.180115,77.180115,77.180115,77.180115,77.180115,77.180115,77.180115,77.180115,74.309649,74.309649,74.309649,74.309649,0.0,0.0,100.0,101.0,102.0,101.0,101.0,157.0,2996.9790000000003,1270.41,920.7,298.32000000000005,True,True,P1_sysv_sag
2026-03-12 11:21:14,5.0,0.0,0.0,2.0,,0.0,0.0,5.0,0.0,0.0,0.0,1.0,1.0,0.0,0.0,2.777,1.0,0.0,0.0,7.314999999999999,-423.0,0.0,7.189999999999996,415.0,0.0,0.0,4.982,252.0,4.982,266.0,0.681,0.0,4.951,187.0,4.961,192.0,4.967,63.0,4.975,39.0,23.77666,24.19373,24.22595,23.65136,29.52614,27.20272,24.81128,25.15138,23.92165,24.0,27.5,26.0,24.0,24.5,0.0,910.25,,2.0,0.0,0.0,77.180115,77.180115,77.180115,77.180115,77.180115,77.180115,77.180115,77.180115,77.180115,77.180115,77.180115,77.180115,77.180115,77.180115,77.180115,77.180115,74.309649,74.309649,74.309649,74.309649,0.0,0.0,100.0,101.0,102.0,101.0,101.0,158.0,2983.8500000000004,1255.464,925.8369999999999,194.02499999999998,True,True,P1_sysv_sag
2026-03-12 11:21:15,5.0,0.0,0.0,2.0,,0.0,0.0,5.0,0.0,0.0,0.0,1.0,1.0,0.0,0.0,2.777,1.0,0.0,0.0,7.314999999999999,-423.0,0.0,7.190999999999993,416.0,0.0,0.0,4.981,253.0,4.981,106.0,0.681,0.0,4.951,201.0,4.962,197.0,4.967,61.0,4.975,39.0,23.78203,24.19552,24.22774,23.65494,29.52435,27.20809,24.81665,25.1478,23.91449,24.0,27.5,26.0,24.0,24.5,0.0,910.25,,2.0,0.0,0.0,77.180115,77.180115,77.180115,77.180115,77.180115,77.180115,77.180115,77.180115,77.180115,77.180115,77.180115,77.180115,77.180115,77.180115,77.180115,77.180115,74.309649,74.309649,74.309649,74.309649,0.0,0.0,100.0,101.0,102.0,101.0,101.0,159.0,2991.456,1260.193,995.151,194.02499999999998,True,True,P1_sysv_sag
2026-03-12 11:21:16,5.0,0.0,0.0,2.0,,0.0,0.0,5.0,0.0,0.0,0.0,1.0,1.0,0.0,0.0,2.777,0.0,0.0,0.0,7.314999999999998,-423.0,0.0,7.19099999999999,422.0,0.0,0.0,4.982,255.0,4.981,106.0,0.681,0.0,4.952,197.0,4.961,198.0,4.966,60.0,4.975,60.0,23.77487,24.19731,24.23132,23.65494,29.55299,27.23673,24.83455,25.1657,23.9306,24.0,27.5,26.0,24.0,24.5,0.0,910.25,,2.0,0.0,0.0,77.180115,77.180115,77.180115,77.180115,77.180115,77.180115,77.180115,77.180115,77.180115,77.180115,77.180115,77.180115,77.180115,77.180115,77.180115,77.180115,74.309649,74.309649,74.309649,74.309649,0.0,0.0,100.0,101.0,102.0,101.0,101.0,160.0,3034.602,1270.41,975.544,298.5,True,True,P1_sysv_sag
2026-03-12 11:21:17,5.0,0.0,0.0,2.0,,0.0,0.0,5.0,0.0,0.0,0.0,1.0,1.0,0.0,0.0,2.777,0.0,0.0,0.0,7.314999999999996,-423.0,0.0,7.1849999999999845,422.0,0.0,0.0,4.982,100.0,4.982,107.0,0.681,0.0,4.952,200.0,4.962,196.0,4.966,62.0,4.975,60.0,23.77308,24.19731,24.24027,23.65852,29.58163,27.24568,24.83634,25.1657,23.92165,24.0,27.5,26.0,24.0,24.5,0.0,910.25,,2.0,0.0,0.0,77.180115,77.180115,77.180115,77.180115,77.180115,77.180115,77.180115,77.180115,77.180115,77.180115,77.180115,77.180115,77.180115,77.180115,77.180115,77.180115,74.309649,74.309649,74.309649,74.309649,0.0,0.0,100.0,101.0,102.0,101.0,101.0,161.0,3032.0699999999997,498.20000000000005,990.4,298.5,True,True,P1_sysv_sag
2026-03-12 11:21:18,5.0,0.0,0.0,2.0,30.0,0.0,0.0,5.0,0.0,0.0,0.0,1.0,1.0,0.0,0.0,2.777,0.0,0.0,0.0,7.314999999999993,-423.0,0.0,7.189999999999978,421.0,0.0,0.0,4.981,106.0,4.981,107.0,0.683,0.0,4.952,201.0,4.96,190.0,4.967,61.0,4.975,58.0,23.76592,24.20268,24.23669,23.65852,29.58879,27.26537,24.84529,25.16928,23.92344,24.0,27.5,26.0,24.0,24.5,0.0,910.25,,2.0,0.0,0.0,77.180115,77.180115,77.180115,77.180115,77.180115,77.180115,77.180115,77.180115,77.180115,77.180115,77.180115,77.180115,77.180115,77.180115,77.180115,77.180115,74.309649,74.309649,74.309649,74.309649,0.0,0.0,100.0,101.0,102.0,101.0,101.0,162.0,3026.9900000000002,527.986,995.352,288.54999999999995,True,True,P1_sysv_sag
2026-03-12 11:21:19,5.0,0.0,0.0,2.0,31.0,0.0,0.0,5.0,0.0,0.0,0.0,1.0,1.0,0.0,0.0,2.777,0.0,0.0,0.0,7.314999999999991,-423.0,0.0,7.187999999999966,422.0,0.0,0.0,4.981,109.0,4.981,107.0,0.681,0.0,4.952,205.0,4.962,190.0,4.967,61.0,4.975,58.0,23.78203,24.20268,24.24564,23.65852,29.61743,27.27611,24.85424,25.18002,23.9306,24.0,27.5,26.0,24.0,24.5,0.0,910.25,,2.0,0.0,0.0,77.180115,77.180115,77.180115,77.180115,77.180115,77.180115,77.180115,77.180115,77.180115,77.180115,77.180115,77.180115,77.180115,77.180115,77.180115,77.180115,74.309649,74.309649,74.309649,74.309649,0.0,0.0,100.0,101.0,102.0,101.0,101.0,163.0,3033.336,542.929,1015.16,288.54999999999995,True,True,P1_sysv_sag
2026-03-12 11:21:20,5.0,0.0,0.0,2.0,32.0,0.0,0.0,5.0,0.0,0.0,0.0,1.0,1.0,0.0,0.0,2.777,0.0,0.0,0.0,7.314999999999985,-423.0,0.0,7.189999999999951,412.0,0.0,0.0,4.981,107.0,4.983,106.0,0.681,0.0,4.951,205.0,4.962,197.0,4.967,61.0,4.978,30.0,23.77845,24.20984,24.23848,23.66031,29.62996,27.28864,24.85424,25.18539,23.92881,24.0,27.5,26.0,24.0,24.5,0.0,910.25,,2.0,0.0,0.0,77.180115,77.180115,77.180115,77.180115,77.180115,77.180115,77.180115,77.180115,77.180115,77.180115,77.180115,77.180115,77.180115,77.180115,77.180115,77.180115,74.309649,74.309649,74.309649,74.309649,0.0,0.0,100.0,101.0,102.0,101.0,101.0,164.0,2962.28,532.967,1014.9549999999999,149.34,True,True,P1_sysv_sag
2026-03-12 11:21:21,5.0,0.0,0.0,2.0,33.0,0.0,0.0,5.0,0.0,0.0,0.0,1.0,1.0,0.0,0.0,2.777,0.0,0.0,0.0,7.314999999999978,-423.0,0.0,7.189999999999927,415.0,0.0,0.0,4.981,107.0,4.981,100.0,0.682,0.0,4.952,202.0,4.963,196.0,4.966,62.0,4.978,30.0,23.78024,24.20984,24.24206,23.65673,29.64607,27.31549,24.86319,25.18181,23.93418,24.0,27.5,26.0,24.0,24.5,0.0,910.25,,2.0,0.0,0.0,77.180115,77.180115,77.180115,77.180115,77.180115,77.180115,77.180115,77.180115,77.180115,77.180115,77.180115,77.180115,77.180115,77.180115,77.180115,77.180115,74.309649,74.309649,74.309649,74.309649,0.0,0.0,100.0,101.0,102.0,101.0,101.0,165.0,2983.8500000000004,532.967,1000.304,149.34,True,True,P1_sysv_sag
2026-03-12 11:21:22,5.0,0.0,0.0,2.0,34.0,0.0,0.0,5.0,0.0,0.0,0.0,1.0,1.0,0.0,0.0,2.777,0.0,0.0,0.0,7.3149999999999675,-423.0,0.0,7.190999999999891,415.0,0.0,0.0,4.981,107.0,4.982,255.0,0.682,0.0,4.95,193.0,4.96,192.0,4.966,60.0,4.978,30.0,23.78024,24.20984,24.24922,23.66747,29.64428,27.30654,24.85066,25.1836,23.93955,24.0,27.5,26.0,24.0,24.5,0.0,910.25,,2.0,0.0,0.0,77.180115,77.180115,77.180115,77.180115,77.180115,77.180115,77.180115,77.180115,77.180115,77.180115,77.180115,77.180115,77.180115,77.180115,77.180115,77.180115,74.309649,74.309649,74.309649,74.309649,0.0,0.0,100.0,101.0,102.0,101.0,101.0,166.0,2984.265,532.967,955.35,149.34,True,True,P1_sysv_sag
2026-03-12 11:21:23,5.0,0.0,0.0,2.0,35.0,0.0,0.0,5.0,0.0,0.0,0.0,1.0,1.0,0.0,0.0,2.777,0.0,0.0,0.0,7.314999999999952,-423.0,0.0,7.19099999999984,413.0,0.0,0.0,4.982,106.0,4.982,255.0,0.681,0.0,4.948,197.0,4.961,197.0,4.966,60.0,4.977,45.0,23.78561,24.20984,24.24743,23.67284,29.66934,27.32444,24.86677,25.19255,23.9306,24.0,27.5,26.0,24.0,24.5,0.0,910.25,,2.0,0.0,0.0,77.180115,77.180115,77.180115,77.180115,77.180115,77.180115,77.180115,77.180115,77.180115,77.180115,77.180115,77.180115,77.180115,77.180115,77.180115,77.180115,74.309649,74.309649,74.309649,74.309649,0.0,0.0,100.0,101.0,102.0,101.0,101.0,167.0,2969.883,528.092,974.7560000000001,223.965,True,True,P1_sysv_sag
2026-03-12 11:21:24,5.0,0.0,0.0,2.0,36.0,0.0,0.0,5.0,0.0,0.0,0.0,1.0,1.0,0.0,0.0,2.777,0.0,0.0,0.0,7.31499999999993,-423.0,0.0,7.189999999999765,420.0,0.0,0.0,4.981,106.0,4.981,255.0,0.681,0.0,4.952,203.0,4.961,191.0,4.966,58.0,4.977,43.0,23.78203,24.20984,24.25459,23.67821,29.69798,27.34592,24.87393,25.19076,23.93418,24.0,27.5,26.0,24.0,24.5,0.0,910.25,,2.0,0.0,0.0,77.180115,77.180115,77.180115,77.180115,77.180115,77.180115,77.180115,77.180115,77.180115,77.180115,77.180115,77.180115,77.180115,77.180115,77.180115,77.180115,74.309649,74.309649,74.309649,74.309649,0.0,0.0,100.0,101.0,102.0,101.0,101.0,168.0,3019.8,527.986,1005.256,214.01100000000002,True,True,P1_sysv_sag
2026-03-12 11:21:25,5.0,0.0,0.0,2.0,37.0,0.0,0.0,5.0,0.0,0.0,0.0,1.0,1.0,0.0,0.0,2.777,0.0,0.0,0.0,7.314999999999897,-423.0,0.0,7.189999999999657,415.0,0.0,0.0,4.981,109.0,4.982,101.0,0.681,0.0,4.952,205.0,4.963,200.0,4.966,61.0,4.977,43.0,23.78024,24.20984,24.25996,23.66926,29.70693,27.37098,24.88288,25.20329,23.94492,24.0,27.5,26.0,24.0,24.5,0.0,910.25,,2.0,0.0,0.0,77.180115,77.180115,77.180115,77.180115,77.180115,77.180115,77.180115,77.180115,77.180115,77.180115,77.180115,77.180115,77.180115,77.180115,77.180115,77.180115,74.309649,74.309649,74.309649,74.309649,0.0,0.0,100.0,101.0,102.0,101.0,101.0,169.0,2983.8500000000004,542.929,1015.16,214.01100000000002,True,True,P1_sysv_sag
2026-03-12 11:21:26,5.0,0.0,0.0,2.0,38.0,0.0,0.0,5.0,0.0,0.0,0.0,1.0,1.0,0.0,0.0,2.777,0.0,0.0,0.0,7.314999999999849,-423.0,0.0,7.190999999999497,412.0,0.0,0.0,4.982,106.0,4.983,253.0,0.681,0.0,4.951,205.0,4.961,196.0,4.966,61.0,4.973,60.0,23.77845,24.22416,24.2528,23.67642,29.72304,27.3853,24.8793,25.21224,23.94313,24.0,27.5,26.0,24.0,24.5,0.0,910.25,,2.0,0.0,0.0,77.180115,77.180115,77.180115,77.180115,77.180115,77.180115,77.180115,77.180115,77.180115,77.180115,77.180115,77.180115,77.180115,77.180115,77.180115,77.180115,74.309649,74.309649,74.309649,74.309649,0.0,0.0,100.0,101.0,102.0,101.0,101.0,170.0,2962.692,528.092,1014.9549999999999,298.38,True,True,P1_sysv_sag
2026-03-12 11:21:27,5.0,0.0,0.0,2.0,39.0,0.0,0.0,5.0,0.0,0.0,0.0,1.0,1.0,0.0,0.0,2.777,0.0,0.0,0.0,7.314999999999781,-423.0,0.0,7.191999999999268,412.0,0.0,0.0,4.981,106.0,4.982,251.0,0.681,0.0,4.952,206.0,4.961,193.0,4.967,61.0,4.973,60.0,23.78203,24.20984,24.27249,23.68179,29.70872,27.39604,24.89183,25.21224,23.94671,24.0,27.5,26.0,24.0,24.5,0.0,910.25,,2.0,0.0,0.0,77.180115,77.180115,77.180115,77.180115,77.180115,77.180115,77.180115,77.180115,77.180115,77.180115,77.180115,77.180115,77.180115,77.180115,77.180115,77.180115,74.309649,74.309649,74.309649,74.309649,0.0,0.0,100.0,101.0,102.0,101.0,101.0,171.0,2963.1040000000003,527.986,1020.112,298.38,True,True,P1_sysv_sag
2026-03-12 11:21:28,5.0,0.0,0.0,2.0,,0.0,0.0,5.0,0.0,0.0,0.0,1.0,1.0,0.0,0.0,2.777,0.0,0.0,0.0,7.3149999999996815,-423.0,0.0,7.189999999998936,413.0,0.0,0.0,4.981,106.0,4.982,255.0,0.682,0.0,4.952,200.0,4.96,191.0,4.967,62.0,4.973,61.0,23.77845,24.20984,24.2707,23.68179,29.76421,27.40857,24.89362,25.2194,23.94134,24.0,27.5,26.0,24.0,24.5,0.0,910.25,,2.0,0.0,0.0,77.180115,77.180115,77.180115,77.180115,77.180115,77.180115,77.180115,77.180115,77.180115,77.180115,77.180115,77.180115,77.180115,77.180115,77.180115,77.180115,74.309649,74.309649,74.309649,74.309649,0.0,0.0,100.0,101.0,102.0,101.0,101.0,172.0,2969.4700000000003,527.986,990.4,303.353,True,True,P1_sysv_sag
2026-03-12 11:21:29,5.0,0.0,0.0,2.0,,0.0,0.0,5.0,0.0,0.0,0.0,1.0,1.0,0.0,0.0,2.777,0.0,0.0,0.0,7.314999999999538,-423.0,0.0,7.187999999998457,415.0,0.0,0.0,4.981,109.0,4.981,251.0,0.681,1.0,4.951,193.0,4.961,197.0,4.966,62.0,4.973,61.0,23.78024,24.23848,24.27249,23.68,29.76779,27.42826,24.89004,25.2194,23.96282,24.0,27.5,26.0,24.0,24.5,0.0,910.25,,2.0,0.0,0.0,77.180115,77.180115,77.180115,77.180115,77.180115,77.180115,77.180115,77.180115,77.180115,77.180115,77.180115,77.180115,77.180115,77.180115,77.180115,77.180115,74.309649,74.309649,74.309649,74.309649,0.0,0.0,100.0,101.0,102.0,101.0,101.0,173.0,2983.02,542.929,955.5429999999999,303.353,True,True,P1_sysv_sag
2026-03-12 11:21:30,5.0,0.0,0.0,3.0,0.0,0.0,0.0,5.0,0.0,0.0,0.0,1.0,1.0,0.0,0.0,2.777,1.0,0.0,0.0,7.314999999999332,-423.0,0.0,7.18999999999777,413.0,0.0,0.0,4.982,106.0,4.982,255.0,0.682,0.0,4.951,193.0,4.962,196.0,4.967,61.0,4.975,58.0,23.77308,24.2349,24.27607,23.68358,29.75884,27.44258,24.91331,25.22656,23.94492,24.0,27.5,26.0,24.0,24.5,0.0,910.25,,2.0,0.0,0.0,77.180115,77.180115,77.180115,77.180115,77.180115,77.180115,77.180115,77.180115,77.180115,77.180115,77.180115,77.180115,77.180115,77.180115,77.180115,77.180115,74.309649,74.309649,74.309649,74.309649,0.0,0.0,100.0,101.0,102.0,101.0,101.0,174.0,2969.4700000000003,528.092,955.5429999999999,288.54999999999995,True,True,P1_sysv_sag
2026-03-12 11:21:31,5.0,0.0,0.0,3.0,1.0,0.0,0.0,5.0,0.0,0.0,0.0,1.0,1.0,0.0,0.0,2.777,0.0,0.0,0.0,7.314999999999036,-423.0,0.0,7.189999999996783,411.0,0.0,0.0,4.981,109.0,4.983,251.0,0.682,0.0,4.951,193.0,4.96,192.0,4.967,61.0,4.975,58.0,23.78919,24.24206,24.27249,23.68,29.77674,27.44079,24.90973,25.2194,23.94134,24.0,27.5,26.0,24.0,24.5,0.0,910.25,,2.0,0.0,0.0,77.180115,77.180115,77.180115,77.180115,77.180115,77.180115,77.180115,77.180115,77.180115,77.180115,77.180115,77.180115,77.180115,77.180115,77.180115,77.180115,74.309649,74.309649,74.309649,74.309649,0.0,0.0,100.0,101.0,102.0,101.0,101.0,175.0,2955.09,542.929,955.5429999999999,288.54999999999995,True,True,P1_sysv_sag
2026-03-12 11:21:32,5.0,0.0,0.0,3.0,2.0,0.0,0.0,6.0,0.0,0.0,0.0,1.0,1.0,0.0,0.0,2.777,0.0,0.0,0.0,7.314999999998612,-423.0,0.0,7.159999999995373,233.0,0.0,0.0,4.978,266.0,4.962,448.0,0.681,0.0,4.948,193.0,4.931,186.0,4.93,251.0,4.972,60.0,23.78024,24.24564,24.27786,23.68895,29.81433,27.45869,24.91331,25.24088,23.94492,24.0,27.5,26.0,24.0,24.5,0.0,910.25,,2.0,0.0,0.0,77.180115,77.180115,77.180115,77.180115,77.180115,77.180115,77.180115,77.180115,77.180115,77.180115,77.180115,77.180115,77.180115,77.180115,77.180115,77.180115,74.309649,74.309649,74.309649,74.309649,0.0,0.0,100.0,101.0,102.0,101.0,101.0,176.0,1668.28,1324.148,954.964,298.32000000000005,True,True,P1_sysv_sag
2026-03-12 11:21:33,5.0,0.0,0.0,3.0,3.0,0.0,0.0,6.0,0.0,0.0,0.0,1.0,1.0,0.0,0.0,2.777,0.0,0.0,0.0,7.314999999998008,-423.0,0.0,7.159999999993358,230.0,0.0,0.0,4.98,105.0,4.962,456.0,0.681,0.0,4.947,206.0,4.931,196.0,4.93,250.0,4.972,60.0,23.78024,24.24206,24.27965,23.68537,29.84118,27.47659,24.91689,25.24088,23.95745,24.0,27.5,26.0,24.0,24.5,0.0,910.25,,2.0,0.0,0.0,77.180115,77.180115,77.180115,77.180115,77.180115,77.180115,77.180115,77.180115,77.180115,77.180115,77.180115,77.180115,77.180115,77.180115,77.180115,77.180115,74.309649,74.309649,74.309649,74.309649,0.0,0.0,100.0,101.0,102.0,101.0,101.0,177.0,1646.8,522.9000000000001,1019.082,298.32000000000005,True,True,P1_sysv_sag
2026-03-12 11:21:34,5.0,0.0,0.0,3.0,4.0,0.0,0.0,6.0,0.0,0.0,0.0,1.0,1.0,0.0,0.0,2.777,0.0,0.0,0.0,7.3149999999971484,-423.0,0.0,7.160999999990492,236.0,0.0,0.0,4.978,107.0,4.962,455.0,0.681,0.0,4.947,203.0,4.933,201.0,4.93,252.0,4.972,62.0,23.78203,24.25459,24.2886,23.69611,29.83223,27.4927,24.92047,25.24267,23.95745,24.0,27.5,26.0,24.0,24.5,0.0,910.25,,2.0,0.0,0.0,77.180115,77.180115,77.180115,77.180115,77.180115,77.180115,77.180115,77.180115,77.180115,77.180115,77.180115,77.180115,77.180115,77.180115,77.180115,77.180115,74.309649,74.309649,74.309649,74.309649,0.0,0.0,100.0,101.0,102.0,101.0,101.0,178.0,1689.9959999999999,532.646,1004.241,308.264,True,True,P1_sysv_sag
2026-03-12 11:21:35,5.0,0.0,0.0,3.0,5.0,0.0,0.0,6.0,0.0,0.0,0.0,1.0,1.0,0.0,0.0,2.777,0.0,0.0,0.0,7.314999999995927,-423.0,0.0,7.1599999999864234,235.0,0.0,0.0,4.98,105.0,4.962,457.0,0.682,0.0,4.947,203.0,4.933,197.0,4.931,252.0,4.972,62.0,23.78382,24.2528,24.28502,23.69611,29.83402,27.51418,24.91152,25.24983,23.95745,24.0,27.5,26.0,24.0,24.5,0.0,910.25,,2.0,0.0,0.0,77.180115,77.180115,77.180115,77.180115,77.180115,77.180115,77.180115,77.180115,77.180115,77.180115,77.180115,77.180115,77.180115,77.180115,77.180115,77.180115,74.309649,74.309649,74.309649,74.309649,0.0,0.0,100.0,101.0,102.0,101.0,101.0,179.0,1682.6000000000001,522.9000000000001,1004.241,308.264,True,True,P1_sysv_sag
2026-03-12 11:21:36,5.0,0.0,0.0,3.0,6.0,0.0,0.0,6.0,0.0,0.0,0.0,1.0,1.0,0.0,0.0,2.777,0.0,0.0,0.0,7.314999999994199,-423.0,0.0,7.159999999980662,233.0,0.0,0.0,4.98,109.0,4.962,456.0,0.682,0.0,4.946,206.0,4.931,192.0,4.93,251.0,4.975,43.0,23.78561,24.24206,24.28502,23.69074,29.87877,27.53566,24.93479,25.25162,23.95924,24.0,27.5,26.0,24.0,24.5,0.0,910.25,,2.0,0.0,0.0,77.180115,77.180115,77.180115,77.180115,77.180115,77.180115,77.180115,77.180115,77.180115,77.180115,77.180115,77.180115,77.180115,77.180115,77.180115,77.180115,74.309649,74.309649,74.309649,74.309649,0.0,0.0,100.0,101.0,102.0,101.0,101.0,180.0,1668.28,542.82,1018.876,213.92499999999998,True,True,P1_sysv_sag
2026-03-12 11:21:37,5.0,0.0,0.0,3.0,7.0,0.0,0.0,6.0,0.0,0.0,0.0,1.0,1.0,0.0,0.0,2.777,0.0,0.0,0.0,7.314999999991757,-423.0,0.0,7.1599999999725235,232.0,0.0,0.0,4.98,109.0,4.962,456.0,0.681,0.0,4.946,205.0,4.932,190.0,4.93,250.0,4.975,43.0,23.78919,24.24922,24.29397,23.70327,29.89488,27.53745,24.94016,25.2552,23.96282,24.0,27.5,26.0,24.0,24.5,0.0,910.25,,2.0,0.0,0.0,77.180115,77.180115,77.180115,77.180115,77.180115,77.180115,77.180115,77.180115,77.180115,77.180115,77.180115,77.180115,77.180115,77.180115,77.180115,77.180115,74.309649,74.309649,74.309649,74.309649,0.0,0.0,100.0,101.0,102.0,101.0,101.0,181.0,1661.1200000000001,542.82,1013.93,213.92499999999998,True,True,P1_sysv_sag
2026-03-12 11:21:38,5.0,0.0,0.0,3.0,8.0,0.0,0.0,6.0,0.0,0.0,0.0,1.0,1.0,0.0,0.0,2.777,0.0,0.0,0.0,7.314999999988317,-423.0,0.0,7.156999999961057,556.0,0.0,0.0,4.98,100.0,4.962,457.0,0.681,1.0,4.947,203.0,4.932,198.0,4.931,252.0,4.975,43.0,23.79098,24.25817,24.29755,23.69969,29.90562,27.55535,24.94195,25.25162,23.96461,24.0,27.5,26.0,24.0,24.5,0.0,910.25,,2.0,0.0,0.0,77.180115,77.180115,77.180115,77.180115,77.180115,77.180115,77.180115,77.180115,77.180115,77.180115,77.180115,77.180115,77.180115,77.180115,77.180115,77.180115,74.309649,74.309649,74.309649,74.309649,0.0,0.0,100.0,101.0,102.0,101.0,101.0,182.0,3979.292,498.00000000000006,1004.241,213.92499999999998,True,True,T1_obdh_ramp_accel
2026-03-12 11:21:39,5.0,0.0,0.0,3.0,9.0,0.0,0.0,6.0,0.0,0.0,0.0,1.0,1.0,0.0,0.0,2.777,0.0,0.0,0.0,7.314999999983484,-423.0,0.0,7.160999999944944,229.0,0.0,0.0,4.98,255.0,4.962,457.0,0.682,0.0,4.947,193.0,4.931,193.0,4.93,252.0,4.975,43.0,23.78024,24.25996,24.30113,23.6979,29.89667,27.55893,24.94016,25.26773,23.96282,24.0,27.5,26.0,24.0,24.5,0.0,910.25,,2.0,0.0,0.0,77.180115,77.180115,77.180115,77.180115,77.180115,77.180115,77.180115,77.180115,77.180115,77.180115,77.180115,77.180115,77.180115,77.180115,77.180115,77.180115,74.309649,74.309649,74.309649,74.309649,0.0,0.0,100.0,101.0,102.0,101.0,101.0,183.0,1639.869,1269.9,954.771,213.92499999999998,True,True,T1_obdh_ramp_accel
2026-03-12 11:21:40,5.0,0.0,0.0,3.0,,0.0,0.0,6.0,0.0,0.0,0.0,1.0,1.0,0.0,0.0,2.777,0.0,0.0,0.0,7.314999999976708,-423.0,0.0,7.160999999922359,557.0,0.0,0.0,4.98,253.0,4.962,453.0,0.682,0.0,4.947,203.0,4.933,192.0,4.93,248.0,4.976,43.0,23.78024,24.27249,24.30113,23.70327,29.945,27.57504,24.96343,25.26952,23.97177,24.0,28.0,26.0,24.0,24.5,0.0,910.25,,2.0,0.0,0.0,77.180115,77.180115,77.180115,77.180115,77.180115,77.180115,77.180115,77.180115,77.180115,77.180115,77.180115,77.180115,77.180115,77.180115,77.180115,77.180115,74.309649,74.309649,74.309649,74.309649,0.0,0.0,100.0,101.0,102.0,101.0,101.0,184.0,3988.6769999999997,1259.94,1004.241,213.968,True,True,T1_obdh_ramp_accel
2026-03-12 11:21:41,5.0,0.0,0.0,3.0,,0.0,0.0,6.0,0.0,0.0,0.0,1.0,1.0,0.0,0.0,2.777,0.0,0.0,0.0,7.3149999999672355,-423.0,0.0,7.160999999890782,558.0,0.0,0.0,4.981,248.0,4.962,456.0,0.681,0.0,4.948,205.0,4.931,190.0,4.928,251.0,4.976,43.0,23.7874,24.26533,24.29218,23.71043,30.06410378143361,27.60189,24.96164,25.26952,23.96282,24.0,28.0,26.0,24.0,24.5,0.0,910.25,,2.0,0.0,0.0,77.180115,77.180115,77.180115,77.180115,77.180115,77.180115,77.180115,77.180115,77.180115,77.180115,77.180115,77.180115,77.180115,77.180115,77.180115,77.180115,74.309649,74.309649,74.309649,74.309649,0.0,0.0,100.0,101.0,102.0,101.0,101.0,185.0,3995.8379999999997,1235.288,1014.34,213.968,True,True,T1_obdh_ramp_accel
2026-03-12 11:21:42,5.0,0.0,0.0,3.0,,0.0,0.0,6.0,0.0,0.0,0.0,1.0,1.0,0.0,0.0,2.777,0.0,0.0,0.0,7.314999999954025,-423.0,0.0,7.160999999846746,556.0,0.0,0.0,4.98,100.0,4.962,455.0,0.682,0.0,4.948,203.0,4.933,196.0,4.93,250.0,4.972,39.0,23.78024,24.25996,24.30829,23.70864,30.183207562867217,27.61621,24.96522,25.27847,23.96461,24.0,28.0,26.0,24.0,24.5,0.0,910.25,,2.0,0.0,0.0,77.180115,77.180115,77.180115,77.180115,77.180115,77.180115,77.180115,77.180115,77.180115,77.180115,77.180115,77.180115,77.180115,77.180115,77.180115,77.180115,74.309649,74.309649,74.309649,74.309649,0.0,0.0,100.0,101.0,102.0,101.0,101.0,186.0,3981.5159999999996,498.00000000000006,1004.4440000000001,193.90800000000002,True,True,T1_obdh_ramp_accel
2026-03-12 11:21:43,5.0,0.0,0.0,3.0,,0.0,0.0,6.0,0.0,0.0,0.0,1.0,1.0,0.0,0.0,2.777,0.0,0.0,0.0,7.314999999935648,-423.0,0.0,7.157999999785494,557.0,0.0,0.0,4.978,252.0,4.963,455.0,0.682,0.0,4.948,201.0,4.933,200.0,4.928,250.0,4.972,39.0,23.78203,24.2707,24.29576,23.70506,30.302311344300822,27.618,24.97954,25.2731,23.97356,24.0,28.0,26.0,24.0,24.5,0.0,910.25,,2.0,0.0,0.0,77.180115,77.180115,77.180115,77.180115,77.180115,77.180115,77.180115,77.180115,77.180115,77.180115,77.180115,77.180115,77.180115,77.180115,77.180115,77.180115,74.309649,74.309649,74.309649,74.309649,0.0,0.0,100.0,101.0,102.0,101.0,101.0,187.0,3987.0060000000003,1254.456,994.5480000000001,193.90800000000002,True,True,T1_obdh_ramp_accel
2026-03-12 11:21:44,5.0,0.0,0.0,3.0,,0.0,0.0,6.0,0.0,0.0,0.0,1.0,1.0,0.0,0.0,2.777,0.0,0.0,0.0,7.314999999910152,-423.0,0.0,7.159999999700506,558.0,0.0,0.0,4.98,107.0,4.962,453.0,0.681,0.0,4.948,201.0,4.932,197.0,4.928,250.0,4.972,62.0,23.79277,24.26533,24.30292,23.70506,30.42141512573443,27.63232,24.9867,25.27668,23.9664,24.0,28.0,26.0,24.0,24.5,0.0,910.25,,2.0,0.0,0.0,77.180115,77.180115,77.180115,77.180115,77.180115,77.180115,77.180115,77.180115,77.180115,77.180115,77.180115,77.180115,77.180115,77.180115,77.180115,77.180115,74.309649,74.309649,74.309649,74.309649,0.0,0.0,100.0,101.0,102.0,101.0,101.0,188.0,3995.28,532.86,994.5480000000001,308.264,True,True,T1_obdh_ramp_accel
2026-03-12 11:21:45,5.0,0.0,0.0,3.0,,0.0,0.0,6.0,0.0,0.0,0.0,1.0,1.0,0.0,0.0,2.777,0.0,0.0,0.0,7.3149999998748685,-423.0,0.0,7.160999999582892,558.0,0.0,0.0,4.98,105.0,4.962,455.0,0.682,0.0,4.948,200.0,4.931,190.0,4.93,250.0,4.972,62.0,23.78382,24.27786,24.31008,23.71938,30.54051890716804,27.65201,24.99386,25.29279,23.96998,24.0,28.0,26.0,24.0,24.5,0.0,910.25,,2.0,0.0,0.0,77.180115,77.180115,77.180115,77.180115,77.180115,77.180115,77.180115,77.180115,77.180115,77.180115,77.180115,77.180115,77.180115,77.180115,77.180115,77.180115,74.309649,74.309649,74.309649,74.309649,0.0,0.0,100.0,101.0,102.0,101.0,101.0,189.0,3995.8379999999997,522.9000000000001,989.6000000000001,308.264,True,True,T1_obdh_ramp_accel
2026-03-12 11:21:46,5.0,0.0,0.0,3.0,10.0,0.0,0.0,6.0,0.0,0.0,0.0,1.0,1.0,0.0,0.0,2.777,1.0,0.0,0.0,7.3149999998261634,-423.0,0.0,7.159999999420543,230.0,0.0,0.0,4.978,105.0,4.963,458.0,0.682,0.0,4.947,197.0,4.932,192.0,4.93,250.0,4.972,39.0,23.78919,24.2707,24.31724,23.71222,30.659622688601647,27.65917,24.99565,25.28742,23.97714,24.0,28.0,26.0,24.0,24.5,0.0,910.25,,2.0,0.0,0.0,77.180115,77.180115,77.180115,77.180115,77.180115,77.180115,77.180115,77.180115,77.180115,77.180115,77.180115,77.180115,77.180115,77.180115,77.180115,77.180115,74.309649,74.309649,74.309649,74.309649,0.0,0.0,100.0,101.0,102.0,101.0,101.0,190.0,1646.8,522.6899999999999,974.559,193.90800000000002,True,True,T1_obdh_ramp_accel
2026-03-12 11:21:47,5.0,0.0,0.0,3.0,11.0,0.0,0.0,6.0,0.0,0.0,0.0,1.0,1.0,0.0,0.0,2.777,0.0,0.0,0.0,7.314999999759103,-423.0,0.0,7.160999999197009,555.0,0.0,0.0,4.98,106.0,4.963,457.0,0.682,0.0,4.948,197.0,4.933,191.0,4.93,252.0,4.972,39.0,23.78382,24.28144,24.31366,23.71401,30.778726470035252,27.66275,25.0046,25.291,23.97177,24.0,28.0,26.0,24.0,24.5,0.0,910.25,,2.0,0.0,0.0,77.180115,77.180115,77.180115,77.180115,77.180115,77.180115,77.180115,77.180115,77.180115,77.180115,77.180115,77.180115,77.180115,77.180115,77.180115,77.180115,74.309649,74.309649,74.309649,74.309649,0.0,0.0,100.0,101.0,102.0,101.0,101.0,191.0,3974.3549999999996,527.88,974.7560000000001,193.90800000000002,True,True,T1_obdh_ramp_accel
2026-03-12 11:21:48,5.0,0.0,0.0,3.0,12.0,0.0,0.0,6.0,0.0,0.0,0.0,1.0,1.0,0.0,0.0,2.777,0.0,0.0,0.0,7.314999999667008,-423.0,0.0,7.159999998890025,230.0,0.0,0.0,4.98,106.0,4.962,453.0,0.682,0.0,4.948,198.0,4.933,201.0,4.928,251.0,4.971,58.0,23.77845,24.28323,24.3244,23.71222,30.89783025146886,27.69139,25.02429,25.30353,23.98072,24.0,28.0,26.0,24.0,24.5,0.0,910.25,,2.0,0.0,0.0,77.180115,77.180115,77.180115,77.180115,77.180115,77.180115,77.180115,77.180115,77.180115,77.180115,77.180115,77.180115,77.180115,77.180115,77.180115,77.180115,74.309649,74.309649,74.309649,74.309649,0.0,0.0,100.0,101.0,102.0,101.0,101.0,192.0,1646.8,527.88,979.7040000000001,288.318,True,True,T1_obdh_ramp_accel
2026-03-12 11:21:49,5.0,0.0,0.0,3.0,13.0,0.0,0.0,6.0,0.0,0.0,0.0,1.0,1.0,0.0,0.0,2.777,0.0,0.0,0.0,7.314999999540854,-423.0,0.0,7.157999998469511,231.0,0.0,0.0,4.98,106.0,4.962,453.0,0.682,0.0,4.948,201.0,4.932,193.0,4.93,250.0,4.971,58.0,23.7874,24.29039,24.31903,23.71222,31.01693403290247,27.69855,25.02608,25.29816,23.97177,24.0,28.0,26.0,24.0,24.5,0.0,910.25,,2.0,0.0,0.0,77.180115,77.180115,77.180115,77.180115,77.180115,77.180115,77.180115,77.180115,77.180115,77.180115,77.180115,77.180115,77.180115,77.180115,77.180115,77.180115,74.309649,74.309649,74.309649,74.309649,0.0,0.0,100.0,101.0,102.0,101.0,101.0,193.0,1653.498,527.88,994.5480000000001,288.318,True,True,T1_obdh_ramp_accel
2026-03-12 11:21:50,5.0,0.0,0.0,3.0,14.0,0.0,0.0,6.0,0.0,0.0,0.0,1.0,1.0,0.0,0.0,2.777,0.0,0.0,0.0,7.314999999368487,-423.0,0.0,7.1579999978949544,233.0,0.0,0.0,4.978,107.0,4.962,456.0,0.682,0.0,4.948,205.0,4.932,191.0,4.928,248.0,4.975,47.0,23.78919,24.28681,24.32261,23.7158,31.136037814336078,27.72182,25.02787,25.291,23.97356,24.0,28.0,26.0,24.5,24.5,0.0,910.25,,2.0,0.0,0.0,77.180115,77.180115,77.180115,77.180115,77.180115,77.180115,77.180115,77.180115,77.180115,77.180115,77.180115,77.180115,77.180115,77.180115,77.180115,77.180115,74.309649,74.309649,74.309649,74.309649,0.0,0.0,100.0,101.0,102.0,101.0,101.0,194.0,1667.814,532.646,1014.34,233.825,True,True,T1_obdh_ramp_accel
2026-03-12 11:21:51,5.0,0.0,0.0,3.0,15.0,0.0,0.0,6.0,0.0,0.0,0.0,1.0,1.0,0.0,0.0,2.777,0.0,0.0,0.0,7.314999999133581,-423.0,0.0,7.157999997111934,232.0,0.0,0.0,4.98,107.0,4.962,456.0,0.682,0.0,4.948,206.0,4.933,195.0,4.93,250.0,4.975,47.0,23.78919,24.29755,24.31903,23.72117,31.255141595769683,27.7254,25.04756,25.31964,23.98072,24.0,28.0,26.5,24.0,24.5,0.0,910.25,,2.0,0.0,0.0,77.180115,77.180115,77.180115,77.180115,77.180115,77.180115,77.180115,77.180115,77.180115,77.180115,77.180115,77.180115,77.180115,77.180115,77.180115,77.180115,74.309649,74.309649,74.309649,74.309649,0.0,0.0,100.0,101.0,102.0,101.0,101.0,195.0,1660.6560000000002,532.86,1019.2880000000001,233.825,True,True,T1_obdh_ramp_accel
2026-03-12 11:21:52,5.0,0.0,0.0,3.0,16.0,0.0,0.0,6.0,0.0,0.0,0.0,1.0,1.0,0.0,0.0,2.777,0.0,0.0,0.0,7.3149999988142635,-423.0,0.0,7.157999996047543,231.0,0.0,0.0,4.978,106.0,4.962,455.0,0.682,0.0,4.95,205.0,4.932,200.0,4.931,251.0,4.973,45.0,23.78561,24.29039,24.32977,23.7337,31.37424537720329,27.72898,25.03861,25.3089,23.98072,24.0,28.0,26.5,24.5,24.5,0.0,910.25,,2.0,0.0,0.0,77.180115,77.180115,77.180115,77.180115,77.180115,77.180115,77.180115,77.180115,77.180115,77.180115,77.180115,77.180115,77.180115,77.180115,77.180115,77.180115,74.309649,74.309649,74.309649,74.309649,0.0,0.0,100.0,101.0,102.0,101.0,101.0,196.0,1653.498,527.668,1014.75,223.785,True,True,T1_obdh_ramp_accel
2026-03-12 11:21:53,5.0,0.0,0.0,3.0,17.0,0.0,0.0,6.0,0.0,0.0,0.0,1.0,1.0,0.0,0.0,2.777,0.0,0.0,0.0,7.314999998381315,-423.0,0.0,7.159999994604381,556.0,0.0,0.0,4.978,107.0,4.962,455.0,0.682,0.0,4.948,203.0,4.931,196.0,4.93,250.0,4.973,45.0,23.78382,24.30113,24.33335,23.73191,31.4933491586369,27.75583,25.05472,25.31248,23.98967,24.0,28.0,26.0,24.5,24.5,0.0,910.25,,2.0,0.0,0.0,77.180115,77.180115,77.180115,77.180115,77.180115,77.180115,77.180115,77.180115,77.180115,77.180115,77.180115,77.180115,77.180115,77.180115,77.180115,77.180115,74.309649,74.309649,74.309649,74.309649,0.0,0.0,100.0,101.0,102.0,101.0,101.0,197.0,3980.96,532.646,1004.4440000000001,223.785,True,True,T1_obdh_ramp_accel
2026-03-12 11:21:54,5.0,0.0,0.0,3.0,18.0,0.0,0.0,6.0,0.0,0.0,0.0,1.0,1.0,0.0,0.0,2.777,1.0,0.0,0.0,7.314999997795801,-423.0,0.0,7.156999992652667,231.0,0.0,0.0,4.98,105.0,4.963,453.0,0.682,0.0,4.948,203.0,4.933,193.0,4.93,250.0,4.975,43.0,23.79993,24.29576,24.33693,23.73728,31.612452940070508,27.75762,25.05472,25.31069,23.98788,24.0,28.0,26.5,24.5,24.5,0.0,910.25,,2.0,0.0,0.0,77.180115,77.180115,77.180115,77.180115,77.180115,77.180115,77.180115,77.180115,77.180115,77.180115,77.180115,77.180115,77.180115,77.180115,77.180115,77.180115,74.309649,74.309649,74.309649,74.309649,0.0,0.0,100.0,101.0,102.0,101.0,101.0,198.0,1653.267,522.9000000000001,1004.4440000000001,213.92499999999998,True,True,T1_obdh_ramp_accel
2026-03-12 11:21:55,5.0,0.0,0.0,3.0,19.0,0.0,0.0,6.0,0.0,0.0,0.0,1.0,1.0,0.0,0.0,2.777,0.0,0.0,0.0,7.314999997005987,-423.0,0.0,7.157999990019958,232.0,0.0,0.0,4.98,107.0,4.962,455.0,0.682,0.0,4.948,205.0,4.931,193.0,4.93,251.0,4.975,43.0,23.79098,24.30292,24.32798,23.74623,31.731556721504113,27.77194,25.06904,25.32322,23.99683,24.0,28.0,26.5,24.5,24.5,0.0,910.25,,2.0,0.0,0.0,77.180115,77.180115,77.180115,77.180115,77.180115,77.180115,77.180115,77.180115,77.180115,77.180115,77.180115,77.180115,77.180115,77.180115,77.180115,77.180115,74.309649,74.309649,74.309649,74.309649,0.0,0.0,100.0,101.0,102.0,101.0,101.0,199.0,1660.6560000000002,532.86,1014.34,213.92499999999998,True,True,T1_obdh_ramp_accel
2026-03-12 11:21:56,5.0,0.0,0.0,3.0,,0.0,0.0,6.0,0.0,0.0,0.0,1.0,1.0,0.0,0.0,2.777,0.0,0.0,0.0,7.314999995943322,-423.0,0.0,7.156999986477738,230.0,0.0,0.0,4.98,107.0,4.963,453.0,0.681,0.0,4.948,200.0,4.932,196.0,4.928,251.0,4.975,43.0,23.79635,24.3065,24.3423,23.73728,31.85066050293772,27.79521,25.07262,25.33396,23.99862,24.0,28.0,26.5,24.5,24.5,0.0,910.25,,2.0,0.0,0.0,77.180115,77.180115,77.180115,77.180115,77.180115,77.180115,77.180115,77.180115,77.180115,77.180115,77.180115,77.180115,77.180115,77.180115,77.180115,77.180115,74.309649,74.309649,74.309649,74.309649,0.0,0.0,100.0,101.0,102.0,101.0,101.0,200.0,1646.11,532.86,989.6000000000001,213.92499999999998,True,True,T1_obdh_ramp_accel
2026-03-12 11:21:57,5.0,0.0,0.0,3.0,,0.0,0.0,6.0,0.0,0.0,0.0,1.0,1.0,0.0,0.0,2.777,1.0,0.0,0.0,7.3149999945172075,-423.0,0.0,7.157999981724025,232.0,0.0,0.0,4.978,106.0,4.962,453.0,0.681,0.0,4.948,203.0,4.933,196.0,4.93,250.0,4.975,46.0,23.7874,24.3065,24.3423,23.74265,31.96976428437133,27.797,25.08873,25.33038,23.98967,24.0,28.0,26.5,24.5,24.5,0.0,910.25,,2.0,0.0,0.0,77.180115,77.180115,77.180115,77.180115,77.180115,77.180115,77.180115,77.180115,77.180115,77.180115,77.180115,77.180115,77.180115,77.180115,77.180115,77.180115,74.309649,74.309649,74.309649,74.309649,0.0,0.0,100.0,101.0,102.0,101.0,101.0,201.0,1660.6560000000002,527.668,1004.4440000000001,228.85,True,True,T1_obdh_ramp_accel
2026-03-12 11:21:58,5.0,0.0,0.0,3.0,,0.0,0.0,6.0,0.0,0.0,0.0,1.0,1.0,0.0,0.0,2.777,0.0,0.0,0.0,7.31499999260825,-423.0,0.0,7.157999975360831,231.0,0.0,0.0,4.98,109.0,4.962,455.0,0.682,0.0,4.948,202.0,4.931,192.0,4.93,250.0,4.973,60.0,23.79277,24.30829,24.33872,23.74086,32.08886806580494,27.81311,25.09589,25.33933,23.99504,24.0,28.0,26.5,24.5,24.5,0.0,910.25,,2.0,0.0,0.0,77.180115,77.180115,77.180115,77.180115,77.180115,77.180115,77.180115,77.180115,77.180115,77.180115,77.180115,77.180115,77.180115,77.180115,77.180115,77.180115,74.309649,74.309649,74.309649,74.309649,0.0,0.0,100.0,101.0,102.0,101.0,101.0,202.0,1653.498,542.82,999.4960000000001,298.38,True,True,T1_obdh_ramp_accel
2026-03-12 11:21:59,5.0,0.0,0.0,3.0,,0.0,0.0,6.0,0.0,0.0,0.0,1.0,1.0,0.0,0.0,2.777,0.0,0.0,0.0,7.314999990059528,-423.0,0.0,7.156999966865091,231.0,0.0,0.0,4.98,107.0,4.962,455.0,0.683,0.0,4.947,200.0,4.932,188.0,4.928,251.0,4.973,60.0,23.7874,24.30829,24.34767,23.74086,32.20797184723855,27.82743,25.10305,25.34291,23.99325,24.0,28.0,26.5,24.5,24.5,0.0,910.25,,2.0,0.0,0.0,77.180115,77.180115,77.180115,77.180115,77.180115,77.180115,77.180115,77.180115,77.180115,77.180115,77.180115,77.180115,77.180115,77.180115,77.180115,77.180115,74.309649,74.309649,74.309649,74.309649,0.0,0.0,100.0,101.0,102.0,101.0,101.0,203.0,1653.267,532.86,989.4,298.38,True,True,T1_obdh_ramp_accel
2026-03-12 11:22:00,5.0,0.0,0.0,3.0,,0.0,0.0,6.0,0.0,0.0,0.0,1.0,1.0,0.0,0.0,2.777,0.0,0.0,0.0,7.314999986665368,-423.0,0.0,7.157999955551226,232.0,0.0,0.0,4.978,107.0,4.962,455.0,0.682,0.0,4.95,197.0,4.933,196.0,4.93,250.0,4.972,58.0,23.78919,24.31008,24.35304,23.74444,32.327075628672155,27.83638,25.10484,25.34112,23.98072,24.5,28.0,26.5,24.5,24.5,0.0,910.25,,2.0,0.0,0.0,77.180115,77.180115,77.180115,77.180115,77.180115,77.180115,77.180115,77.180115,77.180115,77.180115,77.180115,77.180115,77.180115,77.180115,77.180115,77.180115,74.309649,74.309649,74.309649,74.309649,0.0,0.0,100.0,101.0,102.0,101.0,101.0,204.0,1660.6560000000002,532.646,975.1500000000001,288.37600000000003,True,True,T1_obdh_ramp_accel
2026-03-12 11:22:01,5.0,0.0,0.0,3.0,,0.0,0.0,6.0,0.0,0.0,0.0,1.0,1.0,0.0,0.0,2.777,0.0,0.0,0.0,7.314999982156941,-423.0,0.0,7.157999940523137,231.0,0.0,0.0,4.98,106.0,4.962,455.0,0.681,0.0,4.948,200.0,4.933,192.0,4.93,248.0,4.972,58.0,23.79098,24.31724,24.36378,23.74444,32.446179410105756,27.84712,25.112,25.36081,23.99862,24.0,28.0,26.5,24.5,24.5,0.0,910.25,,2.0,0.0,0.0,77.180115,77.180115,77.180115,77.180115,77.180115,77.180115,77.180115,77.180115,77.180115,77.180115,77.180115,77.180115,77.180115,77.180115,77.180115,77.180115,74.309649,74.309649,74.309649,74.309649,0.0,0.0,100.0,101.0,102.0,101.0,101.0,205.0,1653.498,527.88,989.6000000000001,288.37600000000003,True,True,T1_obdh_ramp_accel
2026-03-12 11:22:02,5.0,0.0,0.0,3.0,20.0,0.0,0.0,6.0,0.0,0.0,0.0,1.0,1.0,0.0,0.0,2.777,0.0,0.0,0.0,7.3149999761838345,-423.0,0.0,7.157999920612781,232.0,0.0,0.0,4.98,107.0,4.962,456.0,0.682,0.0,4.948,201.0,4.933,200.0,4.93,251.0,4.971,39.0,23.79635,24.31366,24.35662,23.75339,32.565283191539365,27.86144,25.11916,25.36081,23.99146,24.0,28.0,26.5,24.5,24.5,0.0,910.25,,2.0,0.0,0.0,77.180115,77.180115,77.180115,77.180115,77.180115,77.180115,77.180115,77.180115,77.180115,77.180115,77.180115,77.180115,77.180115,77.180115,77.180115,77.180115,74.309649,74.309649,74.309649,74.309649,0.0,0.0,100.0,101.0,102.0,101.0,101.0,206.0,1660.6560000000002,532.86,994.5480000000001,193.869,True,True,T1_obdh_ramp_accel
2026-03-12 11:22:03,5.0,0.0,0.0,3.0,21.0,0.0,0.0,6.0,0.0,0.0,0.0,1.0,1.0,0.0,0.0,2.777,0.0,0.0,0.0,7.3149999682905555,-423.0,0.0,7.156999894301849,231.0,0.0,0.0,4.978,109.0,4.961,455.0,0.681,0.0,4.948,198.0,4.933,193.0,4.93,251.0,4.971,39.0,23.79277,24.32082,24.35304,23.75518,32.68438697297297,27.8686,25.12274,25.36081,24.00578,24.5,28.0,26.5,24.5,24.5,0.0,910.25,,2.0,0.0,0.0,77.180115,77.180115,77.180115,77.180115,77.180115,77.180115,77.180115,77.180115,77.180115,77.180115,77.180115,77.180115,77.180115,77.180115,77.180115,77.180115,74.309649,74.309649,74.309649,74.309649,0.0,0.0,100.0,101.0,102.0,101.0,101.0,207.0,1653.267,542.602,979.7040000000001,193.869,True,True,T1_obdh_ramp_accel
2026-03-12 11:22:04,5.0,0.0,0.0,3.0,22.0,0.0,0.0,6.0,0.0,0.0,0.0,1.0,1.0,0.0,0.0,2.777,0.0,0.0,0.0,7.314999957886659,-423.0,0.0,7.155999859622195,230.0,0.0,0.0,4.98,106.0,4.962,456.0,0.681,0.0,4.948,200.0,4.933,198.0,4.931,247.0,4.971,39.0,23.79456,24.32261,24.36199,23.75518,32.80349075440658,27.87576,25.12632,25.36439,23.99862,24.0,28.0,26.5,24.5,24.5,0.0,910.25,,2.0,0.0,0.0,77.180115,77.180115,77.180115,77.180115,77.180115,77.180115,77.180115,77.180115,77.180115,77.180115,77.180115,77.180115,77.180115,77.180115,77.180115,77.180115,74.309649,74.309649,74.309649,74.309649,0.0,0.0,100.0,101.0,102.0,101.0,101.0,208.0,1645.8799999999999,527.88,989.6000000000001,193.869,True,True,T1_obdh_ramp_accel
2026-03-12 11:22:05,5.0,0.0,0.0,3.0,23.0,0.0,0.0,6.0,0.0,0.0,0.0,1.0,1.0,0.0,0.0,2.777,0.0,0.0,0.0,7.314999944208887,-423.0,0.0,7.154999814029624,232.0,0.0,0.0,4.98,105.0,4.963,455.0,0.682,0.0,4.948,190.0,4.931,191.0,4.93,250.0,4.973,61.0,23.79456,24.32977,24.37452,23.75518,32.92259453584019,27.90619,25.13706,25.35544,24.01115,24.0,28.0,26.5,24.5,24.5,0.0,910.25,,2.0,0.0,0.0,77.180115,77.180115,77.180115,77.180115,77.180115,77.180115,77.180115,77.180115,77.180115,77.180115,77.180115,77.180115,77.180115,77.180115,77.180115,77.180115,74.309649,74.309649,74.309649,74.309649,0.0,0.0,100.0,101.0,102.0,101.0,101.0,209.0,1659.96,522.9000000000001,940.1200000000001,303.353,True,True,T1_obdh_ramp_accel
2026-03-12 11:22:06,5.0,0.0,0.0,3.0,24.0,0.0,0.0,6.0,0.0,0.0,0.0,1.0,1.0,0.0,0.0,2.777,0.0,0.0,0.0,7.314999926273332,-423.0,0.0,7.1569997542444375,235.0,0.0,0.0,4.978,106.0,4.962,452.0,0.682,0.0,4.947,185.0,4.932,200.0,4.93,250.0,4.975,45.0,23.79456,24.32798,24.36378,23.76234,33.0416983172738,27.90977,25.14959,25.35902,24.0022,24.0,28.0,26.5,24.5,24.5,0.0,910.25,,2.0,0.0,0.0,77.180115,77.180115,77.180115,77.180115,77.180115,77.180115,77.180115,77.180115,77.180115,77.180115,77.180115,77.180115,77.180115,77.180115,77.180115,77.180115,74.309649,74.309649,74.309649,74.309649,0.0,0.0,100.0,101.0,102.0,101.0,101.0,210.0,1681.895,527.668,915.195,223.87499999999997,True,True,T1_obdh_ramp_accel
2026-03-12 11:22:07,5.0,0.0,0.0,3.0,25.0,0.0,0.0,6.0,0.0,0.0,0.0,1.0,1.0,0.0,0.0,2.777,0.0,0.0,0.0,7.314999902815174,-423.0,0.0,7.15499967605058,232.0,0.0,0.0,4.978,106.0,4.962,453.0,0.682,0.0,4.947,182.0,4.933,195.0,4.93,247.0,4.975,45.0,23.84468,24.33514,24.36915,23.75697,33.16080209870741,27.9223,25.15496,25.36797,24.01294,24.0,28.0,26.5,24.5,24.5,0.0,910.25,,2.0,0.0,0.0,77.180115,77.180115,77.180115,77.180115,77.180115,77.180115,77.180115,77.180115,77.180115,77.180115,77.180115,77.180115,77.180115,77.180115,77.180115,77.180115,74.309649,74.309649,74.309649,74.309649,0.0,0.0,100.0,101.0,102.0,101.0,101.0,211.0,1659.96,527.668,900.354,223.87499999999997,True,True,T1_obdh_ramp_accel
2026-03-12 11:22:08,5.0,0.0,0.0,3.0,26.0,0.0,0.0,6.0,0.0,0.0,0.0,1.0,1.0,0.0,0.0,2.777,0.0,0.0,0.0,7.314999872213029,-423.0,0.0,7.15699957404343,230.0,0.0,0.0,4.978,106.0,4.962,455.0,0.681,0.0,4.948,188.0,4.931,197.0,4.931,248.0,4.975,45.0,23.79993,24.33872,24.37452,23.76771,33.279905880141015,27.93125,25.15675,25.36976,24.01473,24.5,28.0,26.5,24.5,24.5,0.0,910.25,,2.0,0.0,0.0,77.180115,77.180115,77.180115,77.180115,77.180115,77.180115,77.180115,77.180115,77.180115,77.180115,77.180115,77.180115,77.180115,77.180115,77.180115,77.180115,74.309649,74.309649,74.309649,74.309649,0.0,0.0,100.0,101.0,102.0,101.0,101.0,212.0,1646.11,527.668,930.224,223.87499999999997,True,True,T1_obdh_ramp_accel
2026-03-12 11:22:09,5.0,0.0,0.0,3.0,27.0,0.0,0.0,6.0,0.0,0.0,0.0,1.0,1.0,0.0,0.0,2.777,0.0,0.0,0.0,7.314999832394235,-423.0,0.0,7.156999441314114,231.0,0.0,0.0,4.978,106.0,4.962,455.0,0.681,0.0,4.947,187.0,4.932,191.0,4.931,251.0,4.975,45.0,23.79814,24.34051,24.37452,23.76413,33.399009661574624,27.95273,25.17465,25.37871,24.01831,24.5,28.0,26.5,24.5,24.5,0.0,910.25,,2.0,0.0,0.0,77.180115,77.180115,77.180115,77.180115,77.180115,77.180115,77.180115,77.180115,77.180115,77.180115,77.180115,77.180115,77.180115,77.180115,77.180115,77.180115,74.309649,74.309649,74.309649,74.309649,0.0,0.0,100.0,101.0,102.0,101.0,101.0,213.0,1653.267,527.668,925.089,223.87499999999997,True,True,T1_obdh_ramp_accel
2026-03-12 11:22:10,5.0,0.0,0.0,3.0,28.0,0.0,0.0,6.0,0.0,0.0,0.0,1.0,1.0,0.0,0.0,2.777,0.0,0.0,0.0,7.314999780716681,-423.0,0.0,7.154999269055603,235.0,0.0,0.0,4.977,106.0,4.962,455.0,0.682,0.0,4.947,190.0,4.933,195.0,4.93,250.0,4.975,43.0,23.79456,24.3423,24.38526,23.76771,33.518113443008225,27.9581,25.16749,25.37692,24.00936,24.0,28.0,26.5,24.5,24.5,0.0,910.25,,2.0,0.0,0.0,77.180115,77.180115,77.180115,77.180115,77.180115,77.180115,77.180115,77.180115,77.180115,77.180115,77.180115,77.180115,77.180115,77.180115,77.180115,77.180115,74.309649,74.309649,74.309649,74.309649,0.0,0.0,100.0,101.0,102.0,101.0,101.0,214.0,1681.425,527.562,939.9300000000001,213.92499999999998,True,True,T1_obdh_ramp_accel
2026-03-12 11:22:11,5.0,0.0,0.0,3.0,29.0,0.0,0.0,6.0,0.0,0.0,0.0,1.0,1.0,0.0,0.0,2.777,0.0,0.0,0.0,7.31499971382183,-423.0,0.0,7.157999046072766,233.0,0.0,0.0,4.98,107.0,4.963,452.0,0.683,0.0,4.947,187.0,4.933,200.0,4.93,250.0,4.975,43.0,23.80172,24.34767,24.37094,23.76413,33.637217224441834,27.98495,25.18897,25.38766,24.01294,24.5,28.0,26.5,24.5,24.5,0.0,910.25,,2.0,0.0,0.0,77.180115,77.180115,77.180115,77.180115,77.180115,77.180115,77.180115,77.180115,77.180115,77.180115,77.180115,77.180115,77.180115,77.180115,77.180115,77.180115,74.309649,74.309649,74.309649,74.309649,0.0,0.0,100.0,101.0,102.0,101.0,101.0,215.0,1667.814,532.86,925.089,213.92499999999998,True,True,T1_obdh_ramp_accel
2026-03-12 11:22:12,5.0,0.0,0.0,3.0,,0.0,0.0,6.0,0.0,0.0,0.0,1.0,1.0,0.0,0.0,2.777,0.0,0.0,0.0,7.314999627452484,-423.0,0.0,7.156998758174947,233.0,0.0,0.0,4.98,109.0,4.962,453.0,0.682,0.0,4.947,188.0,4.935,195.0,4.928,250.0,4.975,43.0,23.79635,24.34767,24.38168,23.7695,33.75632100587544,27.99569,25.19792,25.38766,24.01831,24.5,28.0,26.5,24.5,24.5,0.0,910.25,,2.0,0.0,0.0,77.180115,77.180115,77.180115,77.180115,77.180115,77.180115,77.180115,77.180115,77.180115,77.180115,77.180115,77.180115,77.180115,77.180115,77.180115,77.180115,74.309649,74.309649,74.309649,74.309649,0.0,0.0,100.0,101.0,102.0,101.0,101.0,216.0,1667.581,542.82,930.0360000000001,213.92499999999998,True,True,T1_obdh_ramp_accel
2026-03-12 11:22:13,5.0,0.0,0.0,3.0,,0.0,0.0,6.0,0.0,0.0,0.0,1.0,1.0,0.0,0.0,2.777,0.0,0.0,0.0,7.31499951622758,-423.0,0.0,7.156998387425267,231.0,0.0,0.0,4.978,109.0,4.962,455.0,0.681,0.0,4.947,205.0,4.932,197.0,4.93,250.0,4.975,43.0,23.79098,24.34946,24.38705,23.77487,33.87542478730905,28.00822,25.2015,25.39303,24.02189,24.5,28.0,26.5,24.5,24.5,0.0,910.25,,2.0,0.0,0.0,77.180115,77.180115,77.180115,77.180115,77.180115,77.180115,77.180115,77.180115,77.180115,77.180115,77.180115,77.180115,77.180115,77.180115,77.180115,77.180115,74.309649,74.309649,74.309649,74.309649,0.0,0.0,100.0,101.0,102.0,101.0,101.0,217.0,1653.267,542.602,1014.135,213.92499999999998,True,True,T1_obdh_ramp_accel
2026-03-12 11:22:14,5.0,0.0,0.0,3.0,,0.0,0.0,6.0,0.0,0.0,0.0,1.0,1.0,0.0,0.0,2.777,0.0,0.0,0.0,7.314999373364778,-423.0,0.0,7.154997911215925,230.0,0.0,0.0,4.978,107.0,4.962,455.0,0.681,0.0,4.947,187.0,4.932,192.0,4.93,247.0,4.972,58.0,23.79456,24.33872,24.38526,23.77666,33.99452856874266,28.0118,25.20866,25.39482,24.01652,24.5,28.0,26.5,24.5,24.5,0.0,910.25,,2.0,0.0,0.0,77.180115,77.180115,77.180115,77.180115,77.180115,77.180115,77.180115,77.180115,77.180115,77.180115,77.180115,77.180115,77.180115,77.180115,77.180115,77.180115,74.309649,74.309649,74.309649,74.309649,0.0,0.0,100.0,101.0,102.0,101.0,101.0,218.0,1645.65,532.646,925.089,288.37600000000003,True,True,T1_obdh_ramp_accel
2026-03-12 11:22:15,5.0,0.0,0.0,3.0,,0.0,0.0,6.0,0.0,0.0,0.0,1.0,1.0,0.0,0.0,2.777,0.0,0.0,0.0,7.314999190339853,-423.0,0.0,7.156997301132839,555.0,0.0,0.0,4.978,107.0,4.962,457.0,0.681,0.0,4.947,191.0,4.933,197.0,4.928,248.0,4.972,58.0,23.79635,24.35483,24.39242,23.77487,34.11363235017627,28.03686,25.2194,25.40556,24.02189,24.5,28.0,26.5,24.5,24.5,0.0,910.25,,2.0,0.0,0.0,77.180115,77.180115,77.180115,77.180115,77.180115,77.180115,77.180115,77.180115,77.180115,77.180115,77.180115,77.180115,77.180115,77.180115,77.180115,77.180115,74.309649,74.309649,74.309649,74.309649,0.0,0.0,100.0,101.0,102.0,101.0,101.0,219.0,3972.135,532.646,944.8770000000001,288.37600000000003,True,True,T1_obdh_ramp_accel
2026-03-12 11:22:16,5.0,0.0,0.0,3.0,,0.0,0.0,6.0,0.0,0.0,0.0,1.0,1.0,0.0,0.0,2.777,0.0,0.0,0.0,7.314998956469881,-423.0,0.0,7.1569965215662705,232.0,0.0,0.0,4.978,107.0,4.963,455.0,0.681,0.0,4.948,191.0,4.933,195.0,4.93,250.0,4.972,61.0,23.78382,24.35841,24.39063,23.78382,34.232736131609876,28.0476,25.22835,25.39661,24.03263,24.5,28.0,26.5,24.5,24.5,0.0,910.25,,2.0,0.0,0.0,77.180115,77.180115,77.180115,77.180115,77.180115,77.180115,77.180115,77.180115,77.180115,77.180115,77.180115,77.180115,77.180115,77.180115,77.180115,77.180115,74.309649,74.309649,74.309649,74.309649,0.0,0.0,100.0,101.0,102.0,101.0,101.0,220.0,1660.424,532.646,945.0680000000001,303.29200000000003,True,True,T1_obdh_ramp_accel
2026-03-12 11:22:17,5.0,0.0,0.0,3.0,,0.0,0.0,6.0,0.0,0.0,0.0,1.0,1.0,0.0,0.0,2.777,0.0,0.0,0.0,7.314998658404859,-423.0,0.0,7.155995528016193,232.0,0.0,0.0,4.978,109.0,4.961,455.0,0.682,0.0,4.948,200.0,4.933,195.0,4.928,248.0,4.972,61.0,23.80888,24.34588,24.39779,23.7874,34.351839913043484,28.04939,25.23014,25.41809,24.00936,24.5,28.0,26.5,24.5,24.5,0.0,910.25,,2.0,0.0,0.0,77.180115,77.180115,77.180115,77.180115,77.180115,77.180115,77.180115,77.180115,77.180115,77.180115,77.180115,77.180115,77.180115,77.180115,77.180115,77.180115,74.309649,74.309649,74.309649,74.309649,0.0,0.0,100.0,101.0,102.0,101.0,101.0,221.0,1660.192,542.602,989.6000000000001,303.29200000000003,True,True,T1_obdh_ramp_accel
2026-03-12 11:22:18,5.0,0.0,0.0,3.0,30.0,0.0,0.0,6.0,0.0,0.0,0.0,1.0,1.0,0.0,0.0,2.777,0.0,0.0,0.0,7.314998279509696,-423.0,0.0,7.154994265032322,232.0,0.0,0.0,4.98,107.0,4.963,455.0,0.682,0.0,4.948,200.0,4.932,192.0,4.928,247.0,4.972,60.0,23.79098,24.35662,24.42106,23.78203,34.470943694477086,28.06013,25.24267,25.40198,23.99862,24.5,28.0,26.5,24.5,24.5,0.0,910.25,,2.0,0.0,0.0,77.180115,77.180115,77.180115,77.180115,77.180115,77.180115,77.180115,77.180115,77.180115,77.180115,77.180115,77.180115,77.180115,77.180115,77.180115,77.180115,74.309649,74.309649,74.309649,74.309649,0.0,0.0,100.0,101.0,102.0,101.0,101.0,222.0,1659.96,532.86,989.6000000000001,298.32000000000005,True,True,T1_obdh_ramp_accel
2026-03-12 11:22:19,5.0,0.0,0.0,3.0,31.0,0.0,0.0,6.0,0.0,0.0,0.0,1.0,1.0,0.0,0.0,2.777,0.0,0.0,0.0,7.314997799115533,-423.0,0.0,7.15699266371844,231.0,0.0,0.0,4.978,107.0,4.962,453.0,0.681,0.0,4.95,201.0,4.932,196.0,4.93,248.0,4.972,60.0,23.79635,24.36736,24.39779,23.78919,34.590047475910694,28.07624,25.2552,25.40914,24.03263,24.5,28.0,26.5,24.5,24.5,0.0,910.25,,2.0,0.0,0.0,77.180115,77.180115,77.180115,77.180115,77.180115,77.180115,77.180115,77.180115,77.180115,77.180115,77.180115,77.180115,77.180115,77.180115,77.180115,77.180115,74.309649,74.309649,74.309649,74.309649,0.0,0.0,100.0,101.0,102.0,101.0,101.0,223.0,1653.267,532.646,994.95,298.32000000000005,True,True,T1_obdh_ramp_accel
2026-03-12 11:22:20,5.0,0.0,0.0,3.0,32.0,0.0,0.0,6.0,0.0,0.0,0.0,1.0,1.0,0.0,0.0,2.777,1.0,0.0,0.0,7.314997191615771,-423.0,0.0,7.156990638719237,232.0,0.0,0.0,4.98,107.0,4.961,453.0,0.682,0.0,4.95,203.0,4.933,202.0,4.93,248.0,4.972,58.0,23.79993,24.36915,24.39421,23.7874,34.7091512573443,28.0834,25.26057,25.41272,24.02368,24.5,28.0,26.5,24.5,24.5,0.0,910.25,,2.0,0.0,0.0,77.180115,77.180115,77.180115,77.180115,77.180115,77.180115,77.180115,77.180115,77.180115,77.180115,77.180115,77.180115,77.180115,77.180115,77.180115,77.180115,74.309649,74.309649,74.309649,74.309649,0.0,0.0,100.0,101.0,102.0,101.0,101.0,224.0,1660.424,532.86,1004.85,288.37600000000003,True,True,T1_obdh_ramp_accel
2026-03-12 11:22:21,5.0,0.0,0.0,3.0,33.0,0.0,0.0,6.0,0.0,0.0,0.0,1.0,1.0,0.0,0.0,2.777,0.0,0.0,0.0,7.3149964253784505,-423.0,0.0,7.156988084594833,230.0,0.0,0.0,4.978,107.0,4.962,456.0,0.681,1.0,4.95,202.0,4.932,191.0,4.93,250.0,4.972,58.0,23.77308,24.36736,24.40316,23.79277,34.82825503877791,28.09414,25.26594,25.41809,24.03442,24.5,28.5,26.5,24.5,24.5,0.0,910.25,,2.0,0.0,0.0,77.180115,77.180115,77.180115,77.180115,77.180115,77.180115,77.180115,77.180115,77.180115,77.180115,77.180115,77.180115,77.180115,77.180115,77.180115,77.180115,74.309649,74.309649,74.309649,74.309649,0.0,0.0,100.0,101.0,102.0,101.0,101.0,225.0,1646.11,532.646,999.9000000000001,288.37600000000003,True,True,T1_obdh_ramp_accel
2026-03-12 11:22:22,5.0,0.0,0.0,3.0,34.0,0.0,0.0,6.0,0.0,0.0,0.0,1.0,1.0,0.0,0.0,2.777,0.0,0.0,0.0,7.314995461442137,-423.0,0.0,7.152984871473787,233.0,0.0,0.0,4.978,106.0,4.963,453.0,0.682,0.0,4.947,193.0,4.931,188.0,4.928,248.0,4.971,60.0,23.78919,24.37452,24.396,23.80351,34.94735882021152,28.11383,25.26594,25.41988,24.04516,24.5,28.5,26.5,24.5,24.5,0.0,910.25,,2.0,0.0,0.0,77.180115,77.180115,77.180115,77.180115,77.180115,77.180115,77.180115,77.180115,77.180115,77.180115,77.180115,77.180115,77.180115,77.180115,77.180115,77.180115,74.309649,74.309649,74.309649,74.309649,0.0,0.0,100.0,101.0,102.0,101.0,101.0,226.0,1666.649,527.668,954.771,298.26,True,True,T1_obdh_ramp_accel
2026-03-12 11:22:23,5.0,0.0,0.0,3.0,35.0,0.0,0.0,6.0,0.0,0.0,0.0,1.0,1.0,0.0,0.0,2.777,0.0,0.0,0.0,7.314994251957797,-423.0,0.0,7.155980839859322,232.0,0.0,0.0,4.978,107.0,4.963,455.0,0.682,0.0,4.947,192.0,4.932,193.0,4.93,246.0,4.971,60.0,23.79277,24.37273,24.39958,23.79456,35.06646260164513,28.12099,25.28026,25.42704,24.04695,24.5,28.5,26.5,24.5,24.5,0.0,910.25,,2.0,0.0,0.0,77.180115,77.180115,77.180115,77.180115,77.180115,77.180115,77.180115,77.180115,77.180115,77.180115,77.180115,77.180115,77.180115,77.180115,77.180115,77.180115,74.309649,74.309649,74.309649,74.309649,0.0,0.0,100.0,101.0,102.0,101.0,101.0,227.0,1660.192,532.646,949.8240000000001,298.26,True,True,T1_obdh_ramp_accel
2026-03-12 11:22:24,5.0,0.0,0.0,3.0,36.0,0.0,0.0,6.0,0.0,0.0,0.0,1.0,1.0,0.0,0.0,2.777,0.0,0.0,0.0,7.314992738333773,-423.0,0.0,7.1549757944459085,231.0,0.0,0.0,4.978,106.0,4.963,456.0,0.681,2.0,4.948,193.0,4.933,200.0,4.93,248.0,4.976,43.0,23.80351,24.36915,24.4139,23.80351,35.185566383078736,28.13352,25.28921,25.42883,24.038,24.5,28.5,26.5,24.5,24.5,0.0,910.25,,2.0,0.0,0.0,77.180115,77.180115,77.180115,77.180115,77.180115,77.180115,77.180115,77.180115,77.180115,77.180115,77.180115,77.180115,77.180115,77.180115,77.180115,77.180115,74.309649,74.309649,74.309649,74.309649,0.0,0.0,100.0,101.0,102.0,101.0,101.0,228.0,1652.805,527.668,954.964,213.968,True,True,T1_obdh_ramp_accel
2026-03-12 11:22:25,5.0,0.0,0.0,3.0,37.0,0.0,0.0,6.0,0.0,0.0,0.0,1.0,1.0,0.0,0.0,2.777,0.0,0.0,0.0,7.314990849035254,-423.0,0.0,7.15696949678418,232.0,0.0,0.0,4.98,105.0,4.962,456.0,0.681,0.0,4.946,193.0,4.933,196.0,4.93,248.0,4.976,43.0,23.79993,24.38168,24.41032,23.79993,35.304670164512345,28.14784,25.29816,25.43599,24.04516,24.5,28.5,26.5,24.5,24.5,0.0,910.25,,2.0,0.0,0.0,77.180115,77.180115,77.180115,77.180115,77.180115,77.180115,77.180115,77.180115,77.180115,77.180115,77.180115,77.180115,77.180115,77.180115,77.180115,77.180115,74.309649,74.309649,74.309649,74.309649,0.0,0.0,100.0,101.0,102.0,101.0,101.0,229.0,1660.424,522.9000000000001,954.578,213.968,True,True,T1_obdh_ramp_accel
2026-03-12 11:22:26,5.0,0.0,0.0,3.0,38.0,0.0,0.0,6.0,0.0,0.0,0.0,1.0,1.0,0.0,0.0,2.777,0.0,0.0,0.0,7.314988496983442,-423.0,0.0,7.1559616566114705,232.0,0.0,0.0,4.978,107.0,4.962,452.0,0.682,0.0,4.946,196.0,4.932,192.0,4.93,247.0,4.972,45.0,23.79277,24.38347,24.40674,23.80888,35.42377394594595,28.15321,25.31785,25.43062,24.05232,24.0,28.5,26.5,24.5,24.5,0.0,910.25,,2.0,0.0,0.0,77.180115,77.180115,77.180115,77.180115,77.180115,77.180115,77.180115,77.180115,77.180115,77.180115,77.180115,77.180115,77.180115,77.180115,77.180115,77.180115,74.309649,74.309649,74.309649,74.309649,0.0,0.0,100.0,101.0,102.0,101.0,101.0,230.0,1660.192,532.646,969.4159999999999,223.74,True,True,T1_obdh_ramp_accel
2026-03-12 11:22:27,5.0,0.0,0.0,3.0,39.0,0.0,0.0,6.0,0.0,0.0,0.0,1.0,1.0,0.0,0.0,2.777,0.0,0.0,0.0,7.314985576492939,-423.0,0.0,7.155951921643128,232.0,0.0,0.0,4.98,266.0,4.962,452.0,0.682,0.0,4.947,195.0,4.931,191.0,4.93,251.0,4.972,45.0,23.79814,24.38705,24.42285,23.80888,35.542877727379555,28.155,25.3089,25.44136,24.04516,24.5,28.5,26.5,24.5,24.5,0.0,910.25,,2.0,0.0,0.0,77.180115,77.180115,77.180115,77.180115,77.180115,77.180115,77.180115,77.180115,77.180115,77.180115,77.180115,77.180115,77.180115,77.180115,77.180115,77.180115,74.309649,74.309649,74.309649,74.309649,0.0,0.0,100.0,101.0,102.0,101.0,101.0,231.0,1660.192,1324.68,964.665,223.74,True,True,T1_obdh_ramp_accel
2026-03-12 11:22:28,5.0,0.0,0.0,3.0,,0.0,0.0,6.0,0.0,0.0,0.0,1.0,1.0,0.0,0.0,2.777,1.0,0.0,0.0,7.314981959678962,-423.0,0.0,7.156939865596536,233.0,0.0,0.0,4.978,107.0,4.962,452.0,0.681,0.0,4.947,193.0,4.932,198.0,4.928,247.0,4.973,42.0,23.79456,24.38347,24.42464,23.81067,35.66198150881316,28.17648,25.31606,25.44315,24.05232,24.5,28.5,26.5,24.5,24.5,0.0,910.25,,2.0,0.0,0.0,77.180115,77.180115,77.180115,77.180115,77.180115,77.180115,77.180115,77.180115,77.180115,77.180115,77.180115,77.180115,77.180115,77.180115,77.180115,77.180115,74.309649,74.309649,74.309649,74.309649,0.0,0.0,100.0,101.0,102.0,101.0,101.0,232.0,1667.581,532.646,954.771,208.86599999999999,True,True,T1_obdh_ramp_accel
2026-03-12 11:22:29,5.0,0.0,0.0,3.0,,0.0,0.0,6.0,0.0,0.0,0.0,1.0,1.0,0.0,0.0,2.777,0.0,0.0,0.0,7.314977492258642,-423.0,0.0,7.15692497419547,230.0,0.0,0.0,4.978,266.0,4.962,453.0,0.681,0.0,4.946,205.0,4.931,190.0,4.93,246.0,4.973,42.0,23.81067,24.396,24.42106,23.80888,35.78108529024677,28.18364,25.32322,25.44673,24.05769,24.5,28.5,26.5,24.5,24.5,0.0,910.25,,2.0,0.0,0.0,77.180115,77.180115,77.180115,77.180115,77.180115,77.180115,77.180115,77.180115,77.180115,77.180115,77.180115,77.180115,77.180115,77.180115,77.180115,77.180115,74.309649,74.309649,74.309649,74.309649,0.0,0.0,100.0,101.0,102.0,101.0,101.0,233.0,1646.11,1324.148,1013.93,208.86599999999999,True,True,T1_obdh_ramp_accel
2026-03-12 11:22:30,5.0,0.0,0.0,4.0,0.0,0.0,0.0,6.0,0.0,0.0,0.0,1.0,1.0,0.0,0.0,2.777,0.0,0.0,0.0,7.314971988663299,-423.0,0.0,7.156906628877661,558.0,0.0,0.0,4.978,109.0,4.962,455.0,0.682,0.0,4.947,205.0,4.931,193.0,4.93,248.0,4.973,42.0,23.80351,24.38168,24.42464,23.81246,35.90018907168038,28.19975,25.33933,25.4521,24.05948,24.5,28.5,26.5,24.5,24.5,0.0,910.25,,2.0,0.0,0.0,77.180115,77.180115,77.180115,77.180115,77.180115,77.180115,77.180115,77.180115,77.180115,77.180115,77.180115,77.180115,77.180115,77.180115,77.180115,77.180115,74.309649,74.309649,74.309649,74.309649,0.0,0.0,100.0,101.0,102.0,101.0,101.0,234.0,3993.606,542.602,1014.135,208.86599999999999,True,True,T1_obdh_ramp_accel
2026-03-12 11:22:31,5.0,0.0,0.0,4.0,1.0,0.0,0.0,6.0,0.0,0.0,0.0,1.0,1.0,0.0,0.0,2.777,0.0,0.0,0.0,7.3149652263710605,-423.0,0.0,7.155884087903533,232.0,0.0,0.0,4.978,109.0,4.963,455.0,0.681,0.0,4.95,195.0,4.96,188.0,4.966,62.0,4.971,58.0,23.80709,24.39779,24.42464,23.81604,36.01929285311399,28.2087,25.33933,25.45389,24.05232,24.5,28.5,26.5,24.5,24.5,0.0,910.25,,2.0,0.0,0.0,77.180115,77.180115,77.180115,77.180115,77.180115,77.180115,77.180115,77.180115,77.180115,77.180115,77.180115,77.180115,77.180115,77.180115,77.180115,77.180115,74.309649,74.309649,74.309649,74.309649,0.0,0.0,100.0,101.0,102.0,101.0,101.0,235.0,1660.192,542.602,965.25,288.318,True,True,T1_obdh_ramp_accel
2026-03-12 11:22:32,5.0,0.0,0.0,4.0,2.0,0.0,0.0,6.0,0.0,0.0,0.0,1.0,1.0,0.0,0.0,2.777,0.0,0.0,0.0,7.314956939361911,-423.0,0.0,7.184856464539703,425.0,0.0,0.0,4.981,106.0,4.982,266.0,0.682,0.0,4.951,191.0,4.961,193.0,4.966,58.0,4.975,60.0,23.81246,24.396,24.42464,23.80888,36.1383966345476,28.21944,25.34112,25.45568,24.06127,24.5,28.5,26.5,24.5,24.5,0.0,910.25,,2.0,0.0,0.0,77.180115,77.180115,77.180115,77.180115,77.180115,77.180115,77.180115,77.180115,77.180115,77.180115,77.180115,77.180115,77.180115,77.180115,77.180115,77.180115,74.309649,74.309649,74.309649,74.309649,0.0,0.0,100.0,101.0,102.0,101.0,101.0,236.0,3053.625,527.986,945.641,298.5,True,True,T1_obdh_ramp_accel
2026-03-12 11:22:33,5.0,0.0,0.0,4.0,3.0,0.0,0.0,6.0,0.0,0.0,0.0,1.0,1.0,0.0,0.0,2.777,0.0,0.0,0.0,7.314946810590317,-423.0,0.0,7.182822701967721,425.0,0.0,0.0,4.98,109.0,4.981,109.0,0.682,0.0,4.95,188.0,4.961,200.0,4.967,60.0,4.975,60.0,23.80709,24.396,24.4318,23.8232,36.257500415981205,28.23376,25.35902,25.45747,24.0559,24.5,28.5,26.5,24.5,24.5,0.0,910.25,,2.0,0.0,0.0,77.180115,77.180115,77.180115,77.180115,77.180115,77.180115,77.180115,77.180115,77.180115,77.180115,77.180115,77.180115,77.180115,77.180115,77.180115,77.180115,74.309649,74.309649,74.309649,74.309649,0.0,0.0,100.0,101.0,102.0,101.0,101.0,237.0,3052.775,542.82,930.6,298.5,True,True,T1_obdh_ramp_accel
2026-03-12 11:22:34,5.0,0.0,0.0,4.0,4.0,0.0,0.0,6.0,0.0,0.0,0.0,1.0,1.0,0.0,0.0,2.777,0.0,0.0,0.0,7.314934463364268,-423.0,0.0,7.18178154454756,423.0,0.0,0.0,4.98,109.0,4.981,267.0,0.682,0.0,4.951,187.0,4.96,193.0,4.966,61.0,4.973,60.0,23.80888,24.40674,24.43717,23.8232,36.376604197414814,28.24092,25.37155,25.46642,24.06664,24.5,28.5,26.5,24.5,24.5,0.0,910.25,,2.0,0.0,0.0,77.180115,77.180115,77.180115,77.180115,77.180115,77.180115,77.180115,77.180115,77.180115,77.180115,77.180115,77.180115,77.180115,77.180115,77.180115,77.180115,74.309649,74.309649,74.309649,74.309649,0.0,0.0,100.0,101.0,102.0,101.0,101.0,238.0,3037.9860000000003,542.82,925.8369999999999,298.38,True,True,T1_obdh_ramp_accel
2026-03-12 11:22:35,5.0,0.0,0.0,4.0,5.0,0.0,0.0,6.0,0.0,0.0,0.0,1.0,1.0,0.0,0.0,2.777,0.0,0.0,0.0,7.314919451514261,-423.0,0.0,7.182731505047535,423.0,0.0,0.0,4.98,107.0,4.98,266.0,0.681,0.0,4.951,201.0,4.96,191.0,4.966,63.0,4.973,60.0,23.80172,24.40495,24.44075,23.81604,36.495707978848415,28.25524,25.36797,25.47537,24.06664,24.5,28.5,26.5,24.5,24.5,0.0,910.25,,2.0,0.0,0.0,77.180115,77.180115,77.180115,77.180115,77.180115,77.180115,77.180115,77.180115,77.180115,77.180115,77.180115,77.180115,77.180115,77.180115,77.180115,77.180115,74.309649,74.309649,74.309649,74.309649,0.0,0.0,100.0,101.0,102.0,101.0,101.0,239.0,3038.409,532.86,995.151,298.38,True,True,T1_obdh_ramp_accel
2026-03-12 11:22:36,5.0,0.0,0.0,4.0,6.0,0.0,0.0,6.0,0.0,0.0,0.0,1.0,1.0,0.0,0.0,2.777,0.0,0.0,0.0,7.314901248231703,-423.0,0.0,7.181670827439008,422.0,0.0,0.0,4.982,255.0,4.981,266.0,0.681,0.0,4.95,201.0,4.96,193.0,4.965,62.0,4.973,60.0,23.80709,24.40674,24.44075,23.83573,36.614811760282024,28.27135,25.37871,25.47537,24.05948,24.5,28.5,26.5,24.5,24.5,0.0,910.25,,2.0,0.0,0.0,77.180115,77.180115,77.180115,77.180115,77.180115,77.180115,77.180115,77.180115,77.180115,77.180115,77.180115,77.180115,77.180115,77.180115,77.180115,77.180115,74.309649,74.309649,74.309649,74.309649,0.0,0.0,100.0,101.0,102.0,101.0,101.0,240.0,3030.804,1270.41,994.95,298.38,True,True,T1_obdh_ramp_accel
2026-03-12 11:22:37,5.0,0.0,0.0,4.0,7.0,0.0,0.0,6.0,0.0,0.0,0.0,1.0,1.0,0.0,0.0,2.448,0.0,0.0,0.0,7.301879233453954,-405.0,0.0,7.186597444846517,418.0,0.0,0.0,4.98,100.0,4.98,268.0,0.681,0.0,4.95,202.0,4.963,200.0,4.966,61.0,4.973,60.0,23.80351,24.4139,24.44612,23.83036,36.73391554171563,28.28209,25.3805,25.47537,24.07559,24.5,28.5,26.5,24.5,24.5,0.0,910.25,,2.0,0.0,0.0,77.180115,77.180115,77.180115,77.180115,77.180115,77.180115,77.180115,77.180115,77.180115,77.180115,77.180115,77.180115,77.180115,77.180115,77.180115,77.180115,74.309649,74.309649,74.309649,74.309649,0.0,0.0,100.0,101.0,102.0,101.0,101.0,241.0,3004.166,498.00000000000006,999.9000000000001,298.38,True,True,T1_obdh_ramp_accel
2026-03-12 11:22:38,5.0,0.0,0.0,4.0,8.0,0.0,0.0,6.0,0.0,0.0,0.0,1.0,1.0,0.0,0.0,3.257,0.0,0.0,0.0,7.301852679673117,-414.0,0.0,7.1865089322437266,416.0,0.0,0.0,4.982,255.0,4.981,266.0,0.681,0.0,4.951,205.0,4.958,190.0,4.965,61.0,4.973,60.0,23.80888,24.41748,24.44612,23.8232,36.85301932314924,28.29462,25.39124,25.47,24.06664,24.5,28.5,26.5,24.5,24.5,0.0,910.25,,2.0,0.0,0.0,77.180115,77.180115,77.180115,77.180115,77.180115,77.180115,77.180115,77.180115,77.180115,77.180115,77.180115,77.180115,77.180115,77.180115,77.180115,77.180115,74.309649,74.309649,74.309649,74.309649,0.0,0.0,100.0,101.0,102.0,101.0,101.0,242.0,2989.792,1270.41,1014.9549999999999,298.38,True,True,T1_obdh_ramp_accel
2026-03-12 11:22:39,5.0,0.0,0.0,4.0,9.0,0.0,0.0,6.0,0.0,0.0,0.0,1.0,1.0,0.0,0.0,2.605,0.0,0.0,0.0,7.301820736048258,-412.0,0.0,7.186402453494196,413.0,0.0,0.0,4.982,100.0,4.981,266.0,0.681,0.0,4.95,206.0,4.96,193.0,4.965,62.0,4.977,46.0,23.8053,24.40674,24.44612,23.83036,36.97212310458285,28.29283,25.40019,25.47537,24.0738,24.5,28.5,26.5,24.5,24.5,0.0,910.25,,2.0,0.0,0.0,77.180115,77.180115,77.180115,77.180115,77.180115,77.180115,77.180115,77.180115,77.180115,77.180115,77.180115,77.180115,77.180115,77.180115,77.180115,77.180115,74.309649,74.309649,74.309649,74.309649,0.0,0.0,100.0,101.0,102.0,101.0,101.0,243.0,2968.231,498.20000000000005,1019.7,228.942,True,True,T1_obdh_ramp_accel
2026-03-12 11:22:40,5.0,0.0,0.0,4.0,,0.0,0.0,6.0,0.0,0.0,0.0,1.0,1.0,0.0,0.0,2.638,0.0,0.0,0.0,7.301782410706646,-409.0,0.0,7.185274702355488,420.0,0.0,0.0,4.981,100.0,4.981,109.0,0.682,0.0,4.95,200.0,4.961,188.0,4.966,61.0,4.976,43.0,23.82499,24.41032,24.45507,23.8411,37.09122688601646,28.31968,25.40735,25.48432,24.07022,24.5,28.5,26.5,24.5,24.5,0.0,910.25,,2.0,0.0,0.0,77.180115,77.180115,77.180115,77.180115,77.180115,77.180115,77.180115,77.180115,77.180115,77.180115,77.180115,77.180115,77.180115,77.180115,77.180115,77.180115,74.309649,74.309649,74.309649,74.309649,0.0,0.0,100.0,101.0,102.0,101.0,101.0,244.0,3018.12,498.09999999999997,990.0,213.968,True,True,T1_obdh_ramp_accel
2026-03-12 11:22:41,5.0,0.0,0.0,4.0,,0.0,0.0,6.0,0.0,0.0,0.0,1.0,1.0,0.0,0.0,2.71,0.0,0.0,0.0,7.301736551129203,-406.0,0.0,7.184121837097343,417.0,0.0,0.0,4.981,255.0,4.98,267.0,0.681,0.0,4.95,198.0,4.962,195.0,4.967,62.0,4.976,43.0,23.83036,24.42106,24.45865,23.83573,37.210330667450066,28.33221,25.40556,25.49148,24.07201,24.5,28.5,26.5,24.5,24.5,0.0,910.25,,2.0,0.0,0.0,77.180115,77.180115,77.180115,77.180115,77.180115,77.180115,77.180115,77.180115,77.180115,77.180115,77.180115,77.180115,77.180115,77.180115,77.180115,77.180115,74.309649,74.309649,74.309649,74.309649,0.0,0.0,100.0,101.0,102.0,101.0,101.0,245.0,2996.145,1270.155,980.1,213.968,True,True,T1_obdh_ramp_accel
2026-03-12 11:22:42,5.0,0.0,0.0,4.0,,0.0,0.0,6.0,0.0,0.0,0.0,1.0,1.0,0.0,0.0,2.719,0.0,0.0,0.0,7.302681822529503,-426.0,0.0,7.183939408431677,413.0,0.0,0.0,4.98,253.0,4.98,109.0,0.681,0.0,4.95,200.0,4.962,198.0,4.967,61.0,4.977,43.0,23.83036,24.41748,24.45328,23.84289,37.329434448883674,28.34295,25.40556,25.49327,24.07917,24.5,28.5,26.5,24.5,24.5,0.0,910.25,,2.0,0.0,0.0,77.180115,77.180115,77.180115,77.180115,77.180115,77.180115,77.180115,77.180115,77.180115,77.180115,77.180115,77.180115,77.180115,77.180115,77.180115,77.180115,74.309649,74.309649,74.309649,74.309649,0.0,0.0,100.0,101.0,102.0,101.0,101.0,246.0,2967.4049999999997,1259.94,990.0,214.01100000000002,True,True,T1_obdh_ramp_accel
2026-03-12 11:22:43,5.0,0.0,0.0,4.0,,0.0,0.0,6.0,0.0,0.0,0.0,1.0,1.0,0.0,0.0,2.892,0.0,0.0,0.0,7.3026166841548,-432.0,0.0,7.184722280515999,420.0,0.0,0.0,4.981,101.0,4.981,268.0,0.681,0.0,4.948,197.0,4.96,193.0,4.967,61.0,4.977,43.0,23.83931,24.43001,24.45686,23.84647,37.44853823031728,28.34295,25.42167,25.49148,24.08991,24.5,28.5,26.5,24.5,24.5,0.0,910.25,,2.0,0.0,0.0,77.180115,77.180115,77.180115,77.180115,77.180115,77.180115,77.180115,77.180115,77.180115,77.180115,77.180115,77.180115,77.180115,77.180115,77.180115,77.180115,74.309649,74.309649,74.309649,74.309649,0.0,0.0,100.0,101.0,102.0,101.0,101.0,247.0,3018.12,503.08099999999996,974.7560000000001,214.01100000000002,True,True,T1_obdh_ramp_accel
2026-03-12 11:22:44,5.0,0.0,0.0,4.0,,0.0,0.0,6.0,0.0,0.0,0.0,1.0,1.0,0.0,0.0,2.911,0.0,0.0,0.0,7.301539363462355,-429.0,0.0,7.18446454487452,423.0,0.0,0.0,4.981,252.0,4.98,266.0,0.681,0.0,4.948,201.0,4.961,192.0,4.967,60.0,4.978,46.0,23.83036,24.41748,24.45328,23.84468,37.567642011750884,28.36085,25.42167,25.49685,24.07917,24.5,28.5,26.5,24.5,24.5,0.0,910.25,,2.0,0.0,0.0,77.180115,77.180115,77.180115,77.180115,77.180115,77.180115,77.180115,77.180115,77.180115,77.180115,77.180115,77.180115,77.180115,77.180115,77.180115,77.180115,74.309649,74.309649,74.309649,74.309649,0.0,0.0,100.0,101.0,102.0,101.0,101.0,248.0,3039.678,1255.212,994.5480000000001,228.988,True,True,T1_obdh_ramp_accel
2026-03-12 11:22:45,5.0,0.0,0.0,4.0,,0.0,0.0,6.0,0.0,0.0,0.0,1.0,1.0,0.0,0.0,2.917,0.0,0.0,0.0,7.3014478281554425,-426.0,0.0,7.18315942718481,421.0,0.0,0.0,4.982,107.0,4.981,266.0,0.681,0.0,4.948,200.0,4.96,193.0,4.965,62.0,4.978,46.0,23.82499,24.4318,24.46402,23.83752,37.68674579318449,28.37159,25.42346,25.50222,24.08812,24.5,28.5,27.0,24.5,24.5,0.0,910.25,,2.0,0.0,0.0,77.180115,77.180115,77.180115,77.180115,77.180115,77.180115,77.180115,77.180115,77.180115,77.180115,77.180115,77.180115,77.180115,77.180115,77.180115,77.180115,74.309649,74.309649,74.309649,74.309649,0.0,0.0,100.0,101.0,102.0,101.0,101.0,249.0,3024.8849999999998,533.0740000000001,989.6000000000001,228.988,True,True,T1_obdh_ramp_accel
2026-03-12 11:22:46,5.0,0.0,0.0,4.0,10.0,0.0,0.0,6.0,0.0,0.0,0.0,1.0,1.0,0.0,0.0,2.919,0.0,0.0,0.0,7.301339756101173,-418.0,0.0,7.180799187003912,423.0,0.0,0.0,4.981,109.0,4.98,271.0,0.682,0.0,4.952,205.0,4.961,191.0,4.966,60.0,4.978,46.0,23.82857,24.42464,24.46402,23.84826,37.8058495746181,28.38054,25.42883,25.49864,24.08633,24.5,28.5,27.0,24.5,24.5,0.0,910.25,,2.0,0.0,0.0,77.180115,77.180115,77.180115,77.180115,77.180115,77.180115,77.180115,77.180115,77.180115,77.180115,77.180115,77.180115,77.180115,77.180115,77.180115,77.180115,74.309649,74.309649,74.309649,74.309649,0.0,0.0,100.0,101.0,102.0,101.0,101.0,250.0,3038.409,542.929,1015.16,228.988,True,True,T1_obdh_ramp_accel
2026-03-12 11:22:47,5.0,0.0,0.0,4.0,11.0,0.0,0.0,6.0,0.0,0.0,0.0,1.0,1.0,0.0,0.0,2.92,0.0,0.0,0.0,7.301212503197454,-411.0,0.0,7.183375010658181,425.0,0.0,0.0,4.98,106.0,4.98,110.0,0.681,0.0,4.951,200.0,4.958,191.0,4.966,61.0,4.975,58.0,23.83573,24.42822,24.46939,23.84468,37.92495335605171,28.38412,25.42704,25.51475,24.08991,24.5,28.5,27.0,24.5,24.5,0.0,910.25,,2.0,0.0,0.0,77.180115,77.180115,77.180115,77.180115,77.180115,77.180115,77.180115,77.180115,77.180115,77.180115,77.180115,77.180115,77.180115,77.180115,77.180115,77.180115,74.309649,74.309649,74.309649,74.309649,0.0,0.0,100.0,101.0,102.0,101.0,101.0,251.0,3054.05,527.88,990.1999999999999,288.54999999999995,True,True,T1_obdh_ramp_accel
2026-03-12 11:22:48,5.0,0.0,0.0,4.0,12.0,0.0,0.0,6.0,0.0,0.0,0.0,1.0,1.0,0.0,0.0,2.874,0.0,0.0,0.0,7.3020630693090185,-411.0,0.0,7.181876897696729,430.0,0.0,0.0,4.98,101.0,4.98,110.0,0.682,0.0,4.95,196.0,4.96,193.0,4.965,62.0,4.975,60.0,23.8232,24.44254,24.47297,23.84468,38.04405713748532,28.42529,25.44494,25.5058,24.08812,24.5,28.5,27.0,24.5,24.5,0.0,910.25,,2.0,0.0,0.0,77.180115,77.180115,77.180115,77.180115,77.180115,77.180115,77.180115,77.180115,77.180115,77.180115,77.180115,77.180115,77.180115,77.180115,77.180115,77.180115,74.309649,74.309649,74.309649,74.309649,0.0,0.0,100.0,101.0,102.0,101.0,101.0,252.0,3089.5499999999997,502.98,970.2,298.5,True,True,T1_obdh_ramp_accel
2026-03-12 11:22:49,5.0,0.0,0.0,4.0,13.0,0.0,0.0,6.0,0.0,0.0,0.0,1.0,1.0,0.0,0.0,2.86,0.0,0.0,0.0,7.300888062453034,-408.0,0.0,7.179293541510115,432.0,0.0,0.0,4.981,255.0,4.98,110.0,0.682,0.0,4.951,193.0,4.96,190.0,4.967,60.0,4.975,60.0,23.8232,24.43896,24.47118,23.85184,38.163160918918926,28.41455,25.43241,25.51296,24.09707,24.5,28.5,27.0,24.5,24.5,0.0,910.25,,2.0,0.0,0.0,77.180115,77.180115,77.180115,77.180115,77.180115,77.180115,77.180115,77.180115,77.180115,77.180115,77.180115,77.180115,77.180115,77.180115,77.180115,77.180115,74.309649,74.309649,74.309649,74.309649,0.0,0.0,100.0,101.0,102.0,101.0,101.0,253.0,3103.056,1270.155,955.5429999999999,298.5,True,True,T1_obdh_ramp_accel
2026-03-12 11:22:50,5.0,0.0,0.0,4.0,14.0,0.0,0.0,6.0,0.0,0.0,0.0,1.0,1.0,0.0,0.0,2.95,0.0,0.0,0.0,7.301683661483181,-405.0,0.0,7.178612204943937,430.0,0.0,0.0,4.978,266.0,4.98,110.0,0.681,0.0,4.95,188.0,4.961,198.0,4.967,60.0,4.973,58.0,23.83394,24.44075,24.47834,23.85184,38.282264700352535,28.43245,25.43957,25.51475,24.0917,24.5,28.5,27.0,24.5,24.5,0.0,910.25,,2.0,0.0,0.0,77.180115,77.180115,77.180115,77.180115,77.180115,77.180115,77.180115,77.180115,77.180115,77.180115,77.180115,77.180115,77.180115,77.180115,77.180115,77.180115,74.309649,74.309649,74.309649,74.309649,0.0,0.0,100.0,101.0,102.0,101.0,101.0,254.0,3088.69,1324.148,930.6,288.43399999999997,True,True,T1_obdh_ramp_accel
2026-03-12 11:22:51,5.0,0.0,0.0,4.0,15.0,0.0,0.0,6.0,0.0,0.0,0.0,1.0,1.0,0.0,0.0,3.014,0.0,0.0,0.0,7.299445577597252,-404.0,0.0,7.17781859199084,431.0,0.0,0.0,4.98,268.0,4.981,271.0,0.682,0.0,4.951,187.0,4.961,202.0,4.966,61.0,4.973,58.0,23.83573,24.44254,24.47834,23.86079,38.401368481786136,28.44319,25.44315,25.51117,24.09707,24.5,28.5,27.0,25.0,24.5,0.0,910.25,,2.0,0.0,0.0,77.180115,77.180115,77.180115,77.180115,77.180115,77.180115,77.180115,77.180115,77.180115,77.180115,77.180115,77.180115,77.180115,77.180115,77.180115,77.180115,74.309649,74.309649,74.309649,74.309649,0.0,0.0,100.0,101.0,102.0,101.0,101.0,255.0,3095.873,1334.64,925.8369999999999,288.43399999999997,True,True,T1_obdh_ramp_accel
2026-03-12 11:22:52,5.0,0.0,0.0,4.0,16.0,0.0,0.0,6.0,0.0,0.0,0.0,1.0,1.0,0.0,0.0,3.008,0.0,0.0,0.0,7.300169015076835,-421.0,0.0,7.176896716922784,431.0,0.0,0.0,4.98,268.0,4.981,111.0,0.681,0.0,4.951,188.0,4.96,196.0,4.967,61.0,4.976,60.0,23.8411,24.4497,24.4676,23.86258,38.520472263219744,28.45035,25.44315,25.52907,24.09349,24.5,28.5,27.0,25.0,24.5,0.0,910.25,,2.0,0.0,0.0,77.180115,77.180115,77.180115,77.180115,77.180115,77.180115,77.180115,77.180115,77.180115,77.180115,77.180115,77.180115,77.180115,77.180115,77.180115,77.180115,74.309649,74.309649,74.309649,74.309649,0.0,0.0,100.0,101.0,102.0,101.0,101.0,256.0,3095.873,1334.64,930.7879999999999,298.56,True,True,T1_obdh_ramp_accel
2026-03-12 11:22:53,5.0,0.0,0.0,4.0,17.0,0.0,0.0,6.0,0.0,0.0,0.0,1.0,1.0,0.0,0.0,3.006,0.0,0.0,0.0,7.300848631757797,-428.0,0.0,7.175828772525993,431.0,0.0,0.0,4.98,268.0,4.98,110.0,0.681,0.0,4.948,203.0,4.961,190.0,4.966,60.0,4.976,60.0,23.83036,24.44433,24.48013,23.86079,38.63957604465335,28.46109,25.4521,25.52907,24.10602,24.5,28.5,27.0,25.0,24.5,0.0,910.25,,2.0,0.0,0.0,77.180115,77.180115,77.180115,77.180115,77.180115,77.180115,77.180115,77.180115,77.180115,77.180115,77.180115,77.180115,77.180115,77.180115,77.180115,77.180115,74.309649,74.309649,74.309649,74.309649,0.0,0.0,100.0,101.0,102.0,101.0,101.0,257.0,3095.873,1334.64,1004.4440000000001,298.56,True,True,T1_obdh_ramp_accel
2026-03-12 11:22:54,5.0,0.0,0.0,4.0,18.0,0.0,0.0,6.0,0.0,0.0,0.0,1.0,1.0,0.0,0.0,2.932,0.0,0.0,0.0,7.299478499826229,-425.0,0.0,7.173594999420765,433.0,0.0,0.0,4.98,267.0,4.981,111.0,0.681,0.0,4.948,206.0,4.96,195.0,4.965,60.0,4.973,60.0,23.84289,24.44612,24.47834,23.859,38.75867982608696,28.47541,25.45747,25.54339,24.10065,24.5,28.5,27.0,25.0,24.5,0.0,910.25,,2.0,0.0,0.0,77.180115,77.180115,77.180115,77.180115,77.180115,77.180115,77.180115,77.180115,77.180115,77.180115,77.180115,77.180115,77.180115,77.180115,77.180115,77.180115,74.309649,74.309649,74.309649,74.309649,0.0,0.0,100.0,101.0,102.0,101.0,101.0,258.0,3109.806,1329.66,1019.2880000000001,298.38,True,True,T1_obdh_ramp_accel
2026-03-12 11:22:55,5.0,0.0,0.0,4.0,19.0,0.0,0.0,6.0,0.0,0.0,0.0,1.0,1.0,0.0,0.0,2.978,0.0,0.0,0.0,7.300052067634825,-419.0,0.0,7.1721735587827515,428.0,0.0,0.0,4.98,255.0,4.98,110.0,0.682,1.0,4.95,188.0,4.961,193.0,4.966,62.0,4.973,60.0,23.83036,24.45507,24.48192,23.86795,38.87778360752057,28.48257,25.45568,25.53086,24.10781,24.5,28.5,27.0,25.0,24.5,0.0,910.25,,2.0,0.0,0.0,77.180115,77.180115,77.180115,77.180115,77.180115,77.180115,77.180115,77.180115,77.180115,77.180115,77.180115,77.180115,77.180115,77.180115,77.180115,77.180115,74.309649,74.309649,74.309649,74.309649,0.0,0.0,100.0,101.0,102.0,101.0,101.0,259.0,3073.896,1269.9,930.6,298.38,True,True,T1_obdh_ramp_accel
2026-03-12 11:22:56,5.0,0.0,0.0,4.0,,0.0,0.0,6.0,0.0,0.0,0.0,1.0,1.0,0.0,0.0,3.008,0.0,0.0,0.0,7.2975621233377925,-416.0,0.0,7.171540411125975,413.0,0.0,0.0,4.98,100.0,4.98,111.0,0.681,0.0,4.948,205.0,4.961,195.0,4.966,60.0,4.976,43.0,23.83573,24.45686,24.4855,23.87332,38.99688738895418,28.49689,25.45568,25.53265,24.11318,24.5,28.5,27.0,25.0,24.5,0.0,910.25,,2.0,0.0,0.0,77.180115,77.180115,77.180115,77.180115,77.180115,77.180115,77.180115,77.180115,77.180115,77.180115,77.180115,77.180115,77.180115,77.180115,77.180115,77.180115,74.309649,74.309649,74.309649,74.309649,0.0,0.0,100.0,101.0,102.0,101.0,101.0,260.0,2966.5789999999997,498.00000000000006,1014.34,213.968,True,True,T1_obdh_ramp_accel
2026-03-12 11:22:57,5.0,0.0,0.0,4.0,,0.0,0.0,6.0,0.0,0.0,0.0,1.0,1.0,0.0,0.0,2.838,0.0,0.0,0.0,7.297000761246233,-411.0,0.0,7.17266920415411,417.0,0.0,0.0,4.982,255.0,4.981,253.0,0.681,0.0,4.948,201.0,4.961,186.0,4.966,61.0,4.976,43.0,23.83752,24.46939,24.49445,23.86974,39.11599117038779,28.50405,25.47179,25.53444,24.10244,24.5,28.5,27.0,25.0,24.5,0.0,910.25,,2.0,0.0,0.0,77.180115,77.180115,77.180115,77.180115,77.180115,77.180115,77.180115,77.180115,77.180115,77.180115,77.180115,77.180115,77.180115,77.180115,77.180115,77.180115,74.309649,74.309649,74.309649,74.309649,0.0,0.0,100.0,101.0,102.0,101.0,101.0,261.0,2996.562,1270.41,994.5480000000001,213.968,True,True,T1_obdh_ramp_accel
2026-03-12 11:22:58,5.0,0.0,0.0,4.0,,0.0,0.0,6.0,0.0,0.0,0.0,1.0,1.0,0.0,0.0,2.825,0.0,0.0,0.0,7.297359351908159,-408.0,0.0,7.170531173027198,423.0,0.0,0.0,4.982,101.0,4.981,107.0,0.681,0.0,4.948,203.0,4.961,193.0,4.966,62.0,4.976,42.0,23.84468,24.46402,24.49445,23.86795,39.235094951821395,28.50942,25.46821,25.54339,24.12034,24.5,28.5,27.0,25.0,24.5,0.0,910.25,,2.0,0.0,0.0,77.180115,77.180115,77.180115,77.180115,77.180115,77.180115,77.180115,77.180115,77.180115,77.180115,77.180115,77.180115,77.180115,77.180115,77.180115,77.180115,74.309649,74.309649,74.309649,74.309649,0.0,0.0,100.0,101.0,102.0,101.0,101.0,262.0,3039.678,503.182,1004.4440000000001,208.992,True,True,T1_obdh_ramp_accel
2026-03-12 11:22:59,5.0,0.0,0.0,4.0,,0.0,0.0,6.0,0.0,0.0,0.0,1.0,1.0,0.0,0.0,2.844,0.0,0.0,0.0,7.296628517015135,-403.0,0.0,7.168095056717118,415.0,0.0,0.0,4.981,255.0,4.982,109.0,0.682,0.0,4.948,203.0,4.962,200.0,4.966,62.0,4.976,42.0,23.85363,24.4676,24.49624,23.8769,39.354198733255004,28.52732,25.46821,25.54697,24.11497,24.5,28.5,27.0,25.0,24.5,0.0,910.25,,2.0,0.0,0.0,77.180115,77.180115,77.180115,77.180115,77.180115,77.180115,77.180115,77.180115,77.180115,77.180115,77.180115,77.180115,77.180115,77.180115,77.180115,77.180115,74.309649,74.309649,74.309649,74.309649,0.0,0.0,100.0,101.0,102.0,101.0,101.0,263.0,2982.19,1270.155,1004.4440000000001,208.992,True,True,T1_obdh_ramp_accel
2026-03-12 11:23:00,5.0,0.0,0.0,4.0,,0.0,0.0,6.0,0.0,0.0,0.0,1.0,1.0,0.0,0.0,2.848,0.0,0.0,0.0,7.296798110327812,-402.0,0.0,7.166327034426038,413.0,0.0,0.0,4.981,255.0,4.98,107.0,0.682,0.0,4.95,203.0,4.96,195.0,4.967,61.0,4.977,43.0,23.84468,24.47118,24.49982,23.87332,39.47330251468861,28.53448,25.47537,25.54697,24.11139,24.5,29.0,27.0,25.0,24.5,0.0,910.25,,2.0,0.0,0.0,77.180115,77.180115,77.180115,77.180115,77.180115,77.180115,77.180115,77.180115,77.180115,77.180115,77.180115,77.180115,77.180115,77.180115,77.180115,77.180115,74.309649,74.309649,74.309649,74.309649,0.0,0.0,100.0,101.0,102.0,101.0,101.0,264.0,2968.231,1270.155,1004.85,214.01100000000002,True,True,T1_obdh_ramp_accel
2026-03-12 11:23:01,5.0,0.0,0.0,4.0,,0.0,0.0,6.0,0.0,0.0,0.0,1.0,1.0,0.0,0.0,2.851,0.0,0.0,0.0,7.2948572058920265,-400.0,0.0,7.161190686306755,417.0,0.0,0.0,4.982,100.0,4.981,104.0,0.682,0.0,4.948,202.0,4.961,193.0,4.967,61.0,4.977,43.0,23.85184,24.47118,24.5034,23.87153,39.59240629612221,28.55417,25.48611,25.55055,24.11676,24.5,29.0,27.0,25.0,24.5,0.0,910.25,,2.0,0.0,0.0,77.180115,77.180115,77.180115,77.180115,77.180115,77.180115,77.180115,77.180115,77.180115,77.180115,77.180115,77.180115,77.180115,77.180115,77.180115,77.180115,74.309649,74.309649,74.309649,74.309649,0.0,0.0,100.0,101.0,102.0,101.0,101.0,265.0,2996.145,498.20000000000005,999.4960000000001,214.01100000000002,True,True,T1_obdh_ramp_accel
2026-03-12 11:23:02,5.0,0.0,0.0,4.0,20.0,0.0,0.0,6.0,0.0,0.0,0.0,1.0,1.0,0.0,0.0,2.852,0.0,0.0,0.0,7.294794094881899,-419.0,0.0,7.1576469829396645,417.0,0.0,0.0,4.981,100.0,4.98,105.0,0.682,0.0,4.948,201.0,4.961,192.0,4.966,62.0,4.975,60.0,23.85184,24.46939,24.49982,23.88227,39.71151007755582,28.56133,25.48432,25.54876,24.12392,24.5,29.0,27.0,25.0,24.5,0.0,910.25,,2.0,0.0,0.0,77.180115,77.180115,77.180115,77.180115,77.180115,77.180115,77.180115,77.180115,77.180115,77.180115,77.180115,77.180115,77.180115,77.180115,77.180115,77.180115,74.309649,74.309649,74.309649,74.309649,0.0,0.0,100.0,101.0,102.0,101.0,101.0,266.0,2996.145,498.09999999999997,994.5480000000001,298.5,True,True,T1_obdh_ramp_accel
2026-03-12 11:23:03,5.0,0.0,0.0,4.0,21.0,0.0,0.0,6.0,0.0,0.0,0.0,1.0,1.0,0.0,0.0,2.853,0.0,0.0,0.0,7.293596292452589,-427.0,0.0,7.1546543081752985,428.0,0.0,0.0,4.98,255.0,4.981,107.0,0.681,0.0,4.95,198.0,4.961,197.0,4.966,61.0,4.975,60.0,23.86079,24.47297,24.50161,23.87511,39.83061385898943,28.56312,25.4879,25.55771,24.12213,24.5,29.0,27.0,25.0,24.5,0.0,910.25,,2.0,0.0,0.0,77.180115,77.180115,77.180115,77.180115,77.180115,77.180115,77.180115,77.180115,77.180115,77.180115,77.180115,77.180115,77.180115,77.180115,77.180115,77.180115,74.309649,74.309649,74.309649,74.309649,0.0,0.0,100.0,101.0,102.0,101.0,101.0,267.0,3075.608,1269.9,980.1,298.5,True,True,T1_obdh_ramp_accel
2026-03-12 11:23:04,5.0,0.0,0.0,4.0,22.0,0.0,0.0,6.0,0.0,0.0,0.0,1.0,1.0,0.0,0.0,2.855,0.0,0.0,0.0,7.292250556009198,-420.0,0.0,7.150168520030661,431.0,0.0,0.0,4.981,113.0,4.981,109.0,0.681,1.0,4.95,200.0,4.961,191.0,4.966,61.0,4.975,60.0,23.83752,24.47476,24.51235,23.87511,39.94971764042304,28.56849,25.48611,25.56487,24.13108,24.5,29.0,27.0,25.0,24.5,0.0,910.25,,2.0,0.0,0.0,77.180115,77.180115,77.180115,77.180115,77.180115,77.180115,77.180115,77.180115,77.180115,77.180115,77.180115,77.180115,77.180115,77.180115,77.180115,77.180115,74.309649,74.309649,74.309649,74.309649,0.0,0.0,100.0,101.0,102.0,101.0,101.0,268.0,3097.166,562.853,990.0,298.5,True,True,T1_obdh_ramp_accel
2026-03-12 11:23:05,5.0,0.0,0.0,4.0,23.0,0.0,0.0,6.0,0.0,0.0,0.0,1.0,1.0,0.0,0.0,2.845,0.0,0.0,0.0,7.289742916295544,-419.0,0.0,7.14214305431848,421.0,0.0,0.0,4.98,110.0,4.98,109.0,0.681,0.0,4.95,197.0,4.958,191.0,4.966,61.0,4.975,61.0,23.85542,24.47476,24.51951,23.87332,40.06882142185665,28.58639,25.49148,25.56487,24.12929,24.5,29.0,27.0,25.0,24.5,0.0,910.25,,2.0,0.0,0.0,77.180115,77.180115,77.180115,77.180115,77.180115,77.180115,77.180115,77.180115,77.180115,77.180115,77.180115,77.180115,77.180115,77.180115,77.180115,77.180115,74.309649,74.309649,74.309649,74.309649,0.0,0.0,100.0,101.0,102.0,101.0,101.0,269.0,3024.043,547.8000000000001,975.1500000000001,303.47499999999997,True,True,T1_obdh_ramp_accel
2026-03-12 11:23:06,5.0,0.0,0.0,4.0,24.0,0.0,0.0,6.0,0.0,0.0,0.0,1.0,1.0,0.0,0.0,2.842,0.0,0.0,0.0,7.289058722673401,-418.0,0.0,7.136529075578003,423.0,0.0,0.0,4.98,114.0,4.98,109.0,0.682,0.0,4.95,195.0,4.961,197.0,4.967,60.0,4.973,39.0,23.85184,24.48371,24.51951,23.88943,40.187925203290256,28.59534,25.49685,25.5595,24.12929,24.5,29.0,27.0,25.0,24.5,0.0,910.25,,2.0,0.0,0.0,77.180115,77.180115,77.180115,77.180115,77.180115,77.180115,77.180115,77.180115,77.180115,77.180115,77.180115,77.180115,77.180115,77.180115,77.180115,77.180115,74.309649,74.309649,74.309649,74.309649,0.0,0.0,100.0,101.0,102.0,101.0,101.0,270.0,3038.409,567.72,965.25,193.947,True,False,
2026-03-12 11:23:07,5.0,0.0,0.0,4.0,25.0,0.0,0.0,6.0,0.0,0.0,0.0,1.0,1.0,0.0,0.0,2.841,0.0,0.0,0.0,7.286182703895573,-415.0,0.0,7.130275679651911,423.0,0.0,0.0,4.98,109.0,4.981,109.0,0.682,0.0,4.948,191.0,4.96,188.0,4.966,62.0,4.973,39.0,23.85721,24.48013,24.51056,23.88943,40.307028984723864,28.6204,25.48432,25.56308,24.12929,24.5,29.0,27.0,25.0,24.5,0.0,910.25,,2.0,0.0,0.0,77.180115,77.180115,77.180115,77.180115,77.180115,77.180115,77.180115,77.180115,77.180115,77.180115,77.180115,77.180115,77.180115,77.180115,77.180115,77.180115,74.309649,74.309649,74.309649,74.309649,0.0,0.0,100.0,101.0,102.0,101.0,101.0,271.0,3038.409,542.82,945.0680000000001,193.947,True,False,
2026-03-12 11:23:08,5.0,0.0,0.0,4.0,26.0,0.0,0.0,6.0,0.0,0.0,0.0,1.0,1.0,0.0,0.0,2.838,0.0,0.0,0.0,7.284099045571554,-413.0,0.0,7.12533015190518,423.0,0.0,0.0,4.98,109.0,4.98,266.0,0.682,2.0,4.95,191.0,4.961,195.0,4.967,60.0,4.973,39.0,23.85184,24.49445,24.51593,23.88943,40.426132766157465,28.62756,25.50222,25.56129,24.13466,24.5,29.0,27.0,25.0,25.0,0.0,910.25,,2.0,0.0,0.0,77.180115,77.180115,77.180115,77.180115,77.180115,77.180115,77.180115,77.180115,77.180115,77.180115,77.180115,77.180115,77.180115,77.180115,77.180115,77.180115,74.309649,74.309649,74.309649,74.309649,0.0,0.0,100.0,101.0,102.0,101.0,101.0,272.0,3039.2549999999997,542.82,945.45,193.947,True,False,
2026-03-12 11:23:09,5.0,0.0,0.0,4.0,27.0,0.0,0.0,7.0,0.0,0.0,0.0,1.0,1.0,0.0,0.0,2.837,0.0,0.0,0.0,7.280791485379712,-410.0,0.0,7.117638284599039,426.0,0.0,0.0,4.98,104.0,4.981,267.0,0.682,0.0,4.948,205.0,4.962,200.0,4.965,61.0,4.973,39.0,23.86258,24.48908,24.51772,23.89301,40.545236547591074,28.63293,25.51475,25.57382,24.13645,24.5,29.0,27.0,25.0,25.0,0.0,910.25,,2.0,0.0,0.0,77.180115,77.180115,77.180115,77.180115,77.180115,77.180115,77.180115,77.180115,77.180115,77.180115,77.180115,77.180115,77.180115,77.180115,77.180115,77.180115,74.309649,74.309649,74.309649,74.309649,0.0,0.0,100.0,101.0,102.0,101.0,101.0,273.0,3060.81,517.9200000000001,1014.34,193.947,True,False,
2026-03-12 11:23:10,5.0,0.0,0.0,4.0,28.0,0.0,0.0,7.0,0.0,0.0,0.0,1.0,1.0,0.0,0.0,2.84,0.0,0.0,0.0,7.278243426892896,-407.0,0.0,7.109144756309653,423.0,0.0,0.0,4.98,109.0,4.981,266.0,0.682,1.0,4.948,205.0,4.961,195.0,4.966,62.0,4.977,30.0,23.86437,24.4855,24.52667,23.89301,40.66434032902468,28.64188,25.50759,25.58098,24.14182,24.5,29.0,27.0,25.0,24.5,0.0,910.25,,2.0,0.0,0.0,77.180115,77.180115,77.180115,77.180115,77.180115,77.180115,77.180115,77.180115,77.180115,77.180115,77.180115,77.180115,77.180115,77.180115,77.180115,77.180115,74.309649,74.309649,74.309649,74.309649,0.0,0.0,100.0,101.0,102.0,101.0,101.0,274.0,3039.2549999999997,542.82,1014.34,149.31,True,False,
2026-03-12 11:23:11,5.0,0.0,0.0,4.0,29.0,0.0,0.0,7.0,0.0,0.0,0.0,1.0,1.0,0.0,0.0,2.84,0.0,0.0,0.0,7.27643807265373,-410.0,0.0,7.099793575512435,421.0,0.0,0.0,4.98,107.0,4.98,266.0,0.682,0.0,4.948,206.0,4.96,190.0,4.965,62.0,4.977,30.0,23.86258,24.49266,24.52846,23.88585,40.78344411045829,28.65441,25.51833,25.58098,24.15435,24.5,29.0,27.0,25.0,24.5,0.0,910.25,,2.0,0.0,0.0,77.180115,77.180115,77.180115,77.180115,77.180115,77.180115,77.180115,77.180115,77.180115,77.180115,77.180115,77.180115,77.180115,77.180115,77.180115,77.180115,74.309649,74.309649,74.309649,74.309649,0.0,0.0,100.0,101.0,102.0,101.0,101.0,275.0,3024.8849999999998,532.86,1019.2880000000001,149.31,True,False,
2026-03-12 11:23:12,5.0,0.0,0.0,4.0,,0.0,0.0,7.0,0.0,0.0,0.0,1.0,1.0,0.0,0.0,2.841,0.0,0.0,0.0,7.271358576861438,-418.0,0.0,7.087528589538127,421.0,0.0,0.0,4.981,109.0,4.981,109.0,0.682,0.0,4.948,190.0,4.962,197.0,4.966,61.0,4.977,30.0,23.86258,24.49087,24.53025,23.8948,40.9025478918919,28.65799,25.51296,25.58456,24.1454,24.5,29.0,27.0,25.0,24.5,0.0,910.25,,2.0,0.0,0.0,77.180115,77.180115,77.180115,77.180115,77.180115,77.180115,77.180115,77.180115,77.180115,77.180115,77.180115,77.180115,77.180115,77.180115,77.180115,77.180115,74.309649,74.309649,74.309649,74.309649,0.0,0.0,100.0,101.0,102.0,101.0,101.0,276.0,3024.043,542.929,940.1200000000001,149.31,True,False,
2026-03-12 11:23:13,5.0,0.0,0.0,4.0,,0.0,0.0,7.0,0.0,0.0,0.0,1.0,1.0,0.0,0.0,2.845,0.0,0.0,0.0,7.26998821771462,-430.0,0.0,7.076294059048736,422.0,0.0,0.0,4.981,109.0,4.981,107.0,0.681,0.0,4.948,205.0,4.962,198.0,4.965,61.0,4.976,43.0,23.86437,24.5034,24.53383,23.90017,41.02165167332551,28.66873,25.51833,25.58814,24.15077,24.5,29.0,27.0,25.0,25.0,0.0,910.25,,2.0,0.0,0.0,77.180115,77.180115,77.180115,77.180115,77.180115,77.180115,77.180115,77.180115,77.180115,77.180115,77.180115,77.180115,77.180115,77.180115,77.180115,77.180115,74.309649,74.309649,74.309649,74.309649,0.0,0.0,100.0,101.0,102.0,101.0,101.0,277.0,3031.226,542.929,1014.34,213.968,True,False,
2026-03-12 11:23:14,5.0,0.0,0.0,4.0,,0.0,0.0,7.0,0.0,0.0,0.0,1.0,1.0,0.0,0.0,2.842,0.0,0.0,0.0,7.265310589096131,-428.0,0.0,7.066035296987103,426.0,0.0,0.0,4.98,266.0,4.981,109.0,0.682,0.0,4.948,205.0,4.961,196.0,4.967,61.0,4.977,43.0,23.87511,24.49624,24.58574,23.90554,41.140755454759116,28.67947,25.52012,25.58993,24.15256,24.5,29.0,27.0,25.0,25.0,0.0,910.25,,2.0,0.0,0.0,77.180115,77.180115,77.180115,77.180115,77.180115,77.180115,77.180115,77.180115,77.180115,77.180115,77.180115,77.180115,77.180115,77.180115,77.180115,77.180115,74.309649,74.309649,74.309649,74.309649,0.0,0.0,100.0,101.0,102.0,101.0,101.0,278.0,3060.81,1324.68,1014.34,214.01100000000002,True,False,
2026-03-12 11:23:15,5.0,0.0,0.0,4.0,,0.0,0.0,7.0,0.0,0.0,0.0,1.0,1.0,0.0,0.0,2.844,0.0,0.0,0.0,7.261309810890386,-420.0,0.0,7.052699369634618,426.0,0.0,0.0,4.982,266.0,4.981,109.0,0.682,0.0,4.948,205.0,4.96,196.0,4.966,61.0,4.977,43.0,23.86258,24.50161,24.53025,23.90554,41.259859236192725,28.68842,25.53265,25.59172,24.15793,24.5,29.0,27.0,25.0,25.0,0.0,910.25,,2.0,0.0,0.0,77.180115,77.180115,77.180115,77.180115,77.180115,77.180115,77.180115,77.180115,77.180115,77.180115,77.180115,77.180115,77.180115,77.180115,77.180115,77.180115,74.309649,74.309649,74.309649,74.309649,0.0,0.0,100.0,101.0,102.0,101.0,101.0,279.0,3060.81,1325.212,1014.34,214.01100000000002,True,False,
2026-03-12 11:23:16,5.0,0.0,0.0,4.0,,0.0,0.0,7.0,0.0,0.0,0.0,1.0,1.0,0.0,0.0,2.843,0.0,0.0,0.0,7.256970756795116,-417.0,0.0,7.036235855983719,421.0,0.0,0.0,4.98,111.0,4.981,109.0,0.681,0.0,4.948,206.0,4.96,192.0,4.966,60.0,4.975,58.0,23.86437,24.51235,24.5392,23.90733,41.37896301762633,28.69916,25.52728,25.60425,24.14898,24.5,29.0,27.0,25.0,25.0,0.0,910.25,,2.0,0.0,0.0,77.180115,77.180115,77.180115,77.180115,77.180115,77.180115,77.180115,77.180115,77.180115,77.180115,77.180115,77.180115,77.180115,77.180115,77.180115,77.180115,74.309649,74.309649,74.309649,74.309649,0.0,0.0,100.0,101.0,102.0,101.0,101.0,280.0,3024.043,552.7800000000001,1019.2880000000001,288.54999999999995,True,False,
2026-03-12 11:23:17,5.0,0.0,0.0,4.0,,0.0,0.0,7.0,0.0,0.0,0.0,1.0,1.0,0.0,0.0,2.843,0.0,0.0,0.0,7.253279298034819,-411.0,0.0,7.022597660116064,422.0,0.0,0.0,4.981,107.0,4.981,107.0,0.681,0.0,4.948,205.0,4.961,196.0,4.966,60.0,4.975,58.0,23.87153,24.51235,24.54099,23.91449,41.49806679905994,28.72243,25.52728,25.60067,24.15256,24.5,29.0,27.0,25.0,25.0,0.0,910.25,,2.0,0.0,0.0,77.180115,77.180115,77.180115,77.180115,77.180115,77.180115,77.180115,77.180115,77.180115,77.180115,77.180115,77.180115,77.180115,77.180115,77.180115,77.180115,74.309649,74.309649,74.309649,74.309649,0.0,0.0,100.0,101.0,102.0,101.0,101.0,281.0,3032.0699999999997,532.967,1014.34,288.54999999999995,True,False,
2026-03-12 11:23:18,5.0,0.0,0.0,4.0,30.0,0.0,0.0,7.0,0.0,0.0,0.0,1.0,1.0,0.0,0.0,2.846,0.0,0.0,0.0,7.24622256090985,-406.0,0.0,7.006741869699498,420.0,0.0,0.0,4.981,107.0,4.981,105.0,0.682,0.0,4.951,202.0,4.961,201.0,4.966,60.0,4.973,60.0,23.87869,24.50519,24.5392,23.91091,41.61717058049354,28.71706,25.5416,25.60425,24.15256,24.5,29.0,27.0,25.0,25.0,0.0,910.25,,2.0,0.0,0.0,77.180115,77.180115,77.180115,77.180115,77.180115,77.180115,77.180115,77.180115,77.180115,77.180115,77.180115,77.180115,77.180115,77.180115,77.180115,77.180115,74.309649,74.309649,74.309649,74.309649,0.0,0.0,100.0,101.0,102.0,101.0,101.0,282.0,3018.12,532.967,1000.102,298.38,True,False,
2026-03-12 11:23:19,5.0,0.0,0.0,4.0,31.0,0.0,0.0,7.0,0.0,0.0,0.0,1.0,1.0,0.0,0.0,2.844,0.0,0.0,0.0,7.239789195632224,-401.0,0.0,6.988630652107414,422.0,0.0,0.0,4.982,109.0,4.981,106.0,0.682,0.0,4.951,200.0,4.96,193.0,4.967,62.0,4.973,60.0,23.87332,24.51235,24.54815,23.90912,41.73627436192715,28.73317,25.53981,25.60246,24.14719,24.5,29.0,27.0,25.0,25.0,0.0,910.25,,2.0,0.0,0.0,77.180115,77.180115,77.180115,77.180115,77.180115,77.180115,77.180115,77.180115,77.180115,77.180115,77.180115,77.180115,77.180115,77.180115,77.180115,77.180115,74.309649,74.309649,74.309649,74.309649,0.0,0.0,100.0,101.0,102.0,101.0,101.0,283.0,3032.492,543.038,990.1999999999999,298.38,True,False,
2026-03-12 11:23:20,5.0,0.0,0.0,4.0,32.0,0.0,0.0,7.0,0.0,0.0,0.0,1.0,1.0,0.0,0.0,2.843,0.0,0.0,0.0,7.236969653417198,-397.0,0.0,6.969232178057327,417.0,0.0,0.0,4.981,104.0,4.981,266.0,0.681,0.0,4.951,201.0,4.96,200.0,4.966,61.0,4.973,60.0,23.87332,24.50698,24.54636,23.90912,41.85537814336076,28.74391,25.54339,25.60604,24.1633,24.5,29.0,27.0,25.0,25.0,0.0,910.25,,2.0,0.0,0.0,77.180115,77.180115,77.180115,77.180115,77.180115,77.180115,77.180115,77.180115,77.180115,77.180115,77.180115,77.180115,77.180115,77.180115,77.180115,77.180115,74.309649,74.309649,74.309649,74.309649,0.0,0.0,100.0,101.0,102.0,101.0,101.0,284.0,2996.562,518.024,995.151,298.38,True,False,
2026-03-12 11:23:21,5.0,0.0,0.0,4.0,33.0,0.0,0.0,8.0,0.0,0.0,0.0,1.0,1.0,0.0,0.0,2.848,0.0,0.0,0.0,7.228756468329898,-401.0,0.0,6.919521561099662,231.0,0.0,0.0,4.978,104.0,4.962,456.0,0.683,0.0,4.947,200.0,4.931,195.0,4.928,255.0,4.972,63.0,23.88048,24.51951,24.5392,23.91628,41.97448192479437,28.75644,25.55592,25.6132,24.16867,24.5,29.0,27.0,25.0,25.0,0.0,910.25,,2.0,0.0,0.0,77.180115,77.180115,77.180115,77.180115,77.180115,77.180115,77.180115,77.180115,77.180115,77.180115,77.180115,77.180115,77.180115,77.180115,77.180115,77.180115,74.309649,74.309649,74.309649,74.309649,0.0,0.0,100.0,101.0,102.0,101.0,101.0,285.0,1653.267,517.712,989.4,313.23600000000005,True,False,
2026-03-12 11:23:22,5.0,0.0,0.0,4.0,34.0,0.0,0.0,8.0,0.0,0.0,0.0,1.0,1.0,0.0,0.0,2.859,0.0,0.0,0.0,7.19814453994124,-561.0,0.0,6.896481799804135,232.0,0.0,0.0,4.978,104.0,4.962,456.0,0.682,0.0,4.946,192.0,4.933,200.0,4.928,255.0,4.972,58.0,23.8769,24.51772,24.5571,23.91628,42.09358570622798,28.76002,25.55055,25.61141,24.1633,24.5,29.0,27.0,25.0,25.0,0.0,910.25,,2.0,0.0,0.0,77.180115,77.180115,77.180115,77.180115,77.180115,77.180115,77.180115,77.180115,77.180115,77.180115,77.180115,77.180115,77.180115,77.180115,77.180115,77.180115,74.309649,74.309649,74.309649,74.309649,0.0,0.0,100.0,101.0,102.0,101.0,101.0,286.0,1660.192,517.712,949.632,288.37600000000003,True,False,
2026-03-12 11:23:23,5.0,0.0,0.0,4.0,35.0,0.0,0.0,8.0,0.0,0.0,0.0,1.0,1.0,0.0,0.0,2.932,0.0,0.0,0.0,7.192131412439889,-568.0,0.0,6.8731047081329635,232.0,0.0,0.0,4.977,104.0,4.961,455.0,0.681,1.0,4.948,190.0,4.932,196.0,4.93,252.0,4.972,58.0,23.88406,24.5213,24.56247,23.92165,42.212689487661585,28.77971,25.57024,25.62036,24.17583,24.5,29.0,27.0,25.0,25.0,0.0,910.25,,2.0,0.0,0.0,77.180115,77.180115,77.180115,77.180115,77.180115,77.180115,77.180115,77.180115,77.180115,77.180115,77.180115,77.180115,77.180115,77.180115,77.180115,77.180115,74.309649,74.309649,74.309649,74.309649,0.0,0.0,100.0,101.0,102.0,101.0,101.0,287.0,1660.192,517.6080000000001,940.1200000000001,288.37600000000003,True,False,
2026-03-12 11:23:24,5.0,0.0,0.0,4.0,36.0,0.0,0.0,8.0,0.0,0.0,0.0,1.0,1.0,0.0,0.0,2.952,0.0,0.0,0.0,7.183717545490573,-561.0,0.0,6.848391818301911,230.0,0.0,0.0,4.98,104.0,4.963,452.0,0.682,1.0,4.947,190.0,4.931,195.0,4.93,100.0,4.975,42.0,23.88585,24.52667,24.55173,23.92702,42.331793269095186,28.77792,25.5774,25.62036,24.17762,24.5,29.0,27.0,25.0,25.0,0.0,910.25,,2.0,0.0,0.0,77.180115,77.180115,77.180115,77.180115,77.180115,77.180115,77.180115,77.180115,77.180115,77.180115,77.180115,77.180115,77.180115,77.180115,77.180115,77.180115,74.309649,74.309649,74.309649,74.309649,0.0,0.0,100.0,101.0,102.0,101.0,101.0,288.0,1645.8799999999999,517.9200000000001,939.9300000000001,208.95,True,False,
2026-03-12 11:23:25,5.0,0.0,0.0,4.0,37.0,0.0,0.0,8.0,0.0,0.0,0.0,1.0,1.0,0.0,0.0,2.932,0.0,0.0,0.0,7.1769065718368505,-557.0,0.0,6.822355239456167,230.0,0.0,0.0,4.978,105.0,4.963,455.0,0.682,0.0,4.947,188.0,4.93,193.0,4.928,253.0,4.975,42.0,23.88764,24.52309,24.56247,23.91628,42.450897050528795,28.79224,25.58635,25.62931,24.17762,24.5,29.0,27.0,25.0,25.0,0.0,910.25,,2.0,0.0,0.0,77.180115,77.180115,77.180115,77.180115,77.180115,77.180115,77.180115,77.180115,77.180115,77.180115,77.180115,77.180115,77.180115,77.180115,77.180115,77.180115,74.309649,74.309649,74.309649,74.309649,0.0,0.0,100.0,101.0,102.0,101.0,101.0,289.0,1645.8799999999999,522.6899999999999,930.0360000000001,208.95,True,False,
2026-03-12 11:23:26,5.0,0.0,0.0,4.0,38.0,0.0,0.0,8.0,0.0,0.0,0.0,1.0,1.0,0.0,0.0,2.93,0.0,0.0,0.0,7.167705536431381,-553.0,0.0,6.795018454771269,231.0,0.0,0.0,4.98,105.0,4.962,456.0,0.682,0.0,4.946,186.0,4.931,200.0,4.93,253.0,4.975,45.0,23.90017,24.53204,24.55531,23.92344,42.5700008319624,28.79045,25.58635,25.62573,24.17404,24.5,29.0,27.0,25.0,25.0,0.0,910.25,,2.0,0.0,0.0,77.180115,77.180115,77.180115,77.180115,77.180115,77.180115,77.180115,77.180115,77.180115,77.180115,77.180115,77.180115,77.180115,77.180115,77.180115,77.180115,74.309649,74.309649,74.309649,74.309649,0.0,0.0,100.0,101.0,102.0,101.0,101.0,290.0,1653.0359999999998,522.9000000000001,919.9559999999999,223.87499999999997,True,False,
2026-03-12 11:23:27,5.0,0.0,0.0,4.0,39.0,0.0,0.0,8.0,0.0,0.0,0.0,1.0,1.0,0.0,0.0,2.934,0.0,0.0,0.0,7.160125111750994,-547.0,0.0,6.76641703916998,230.0,0.0,0.0,4.98,104.0,4.962,458.0,0.681,0.0,4.946,185.0,4.932,196.0,4.93,253.0,4.975,45.0,23.89659,24.53025,24.57142,23.92165,42.68910461339601,28.8173,25.59888,25.63468,24.17941,24.5,29.0,27.0,25.0,25.0,0.0,910.25,,2.0,0.0,0.0,77.180115,77.180115,77.180115,77.180115,77.180115,77.180115,77.180115,77.180115,77.180115,77.180115,77.180115,77.180115,77.180115,77.180115,77.180115,77.180115,74.309649,74.309649,74.309649,74.309649,0.0,0.0,100.0,101.0,102.0,101.0,101.0,291.0,1645.8799999999999,517.9200000000001,915.01,223.87499999999997,True,False,
2026-03-12 11:23:28,5.0,0.0,0.0,4.0,,0.0,0.0,8.0,0.0,0.0,0.0,1.0,1.0,0.0,0.0,2.936,0.0,0.0,0.0,7.151179783928088,-542.0,0.0,6.737599279760293,229.0,0.0,0.0,4.98,105.0,4.963,456.0,0.681,0.0,4.947,205.0,4.932,196.0,4.928,253.0,4.975,45.0,23.88943,24.53562,24.56068,23.92702,42.80820839482962,28.81551,25.59888,25.62931,24.17762,24.5,29.0,27.0,25.0,25.0,0.0,910.25,,2.0,0.0,0.0,77.180115,77.180115,77.180115,77.180115,77.180115,77.180115,77.180115,77.180115,77.180115,77.180115,77.180115,77.180115,77.180115,77.180115,77.180115,77.180115,74.309649,74.309649,74.309649,74.309649,0.0,0.0,100.0,101.0,102.0,101.0,101.0,292.0,1638.953,522.9000000000001,1014.135,223.87499999999997,True,False,
2026-03-12 11:23:29,5.0,0.0,0.0,4.0,,0.0,0.0,8.0,0.0,0.0,0.0,1.0,1.0,0.0,0.0,2.938,0.0,0.0,0.0,7.141888004413496,-541.0,0.0,6.7056266813783205,555.0,0.0,0.0,4.978,104.0,4.962,450.0,0.682,0.0,4.946,187.0,4.932,192.0,4.928,252.0,4.975,43.0,23.89122,24.53741,24.56963,23.9306,42.92731217626323,28.82804,25.61141,25.63826,24.17762,24.5,29.0,27.0,25.0,25.0,0.0,910.25,,2.0,0.0,0.0,77.180115,77.180115,77.180115,77.180115,77.180115,77.180115,77.180115,77.180115,77.180115,77.180115,77.180115,77.180115,77.180115,77.180115,77.180115,77.180115,74.309649,74.309649,74.309649,74.309649,0.0,0.0,100.0,101.0,102.0,101.0,101.0,293.0,3971.58,517.712,924.9019999999999,213.92499999999998,True,False,
2026-03-12 11:23:30,5.0,0.0,0.0,5.0,0.0,0.0,0.0,8.0,0.0,0.0,0.0,1.0,1.0,0.0,0.0,2.94,0.0,0.0,0.0,7.133272302085924,-535.0,0.0,6.674574340286414,229.0,0.0,0.0,4.98,104.0,4.962,447.0,0.683,0.0,4.946,188.0,4.933,197.0,4.928,253.0,4.971,62.0,23.89122,24.54099,24.57858,23.93776,43.04641595769684,28.8352,25.61678,25.63289,24.18657,24.5,29.0,27.5,25.0,25.0,0.0,910.25,,2.0,0.0,0.0,77.180115,77.180115,77.180115,77.180115,77.180115,77.180115,77.180115,77.180115,77.180115,77.180115,77.180115,77.180115,77.180115,77.180115,77.180115,77.180115,74.309649,74.309649,74.309649,74.309649,0.0,0.0,100.0,101.0,102.0,101.0,101.0,294.0,1638.953,517.9200000000001,929.848,308.202,True,False,
2026-03-12 11:23:31,5.0,0.0,0.0,5.0,1.0,0.0,0.0,8.0,0.0,0.0,0.0,1.0,1.0,0.0,0.0,2.933,0.0,0.0,0.0,7.122359351044134,-537.0,0.0,6.641531170147113,229.0,0.0,0.0,4.978,104.0,4.962,441.0,0.682,0.0,4.946,187.0,4.932,200.0,4.93,252.0,4.971,62.0,23.90375,24.54099,24.56426,23.93776,43.165519739130445,28.84773,25.63289,25.63468,24.19194,24.5,29.0,27.0,25.0,25.0,0.0,910.25,,2.0,0.0,0.0,77.180115,77.180115,77.180115,77.180115,77.180115,77.180115,77.180115,77.180115,77.180115,77.180115,77.180115,77.180115,77.180115,77.180115,77.180115,77.180115,74.309649,74.309649,74.309649,74.309649,0.0,0.0,100.0,101.0,102.0,101.0,101.0,295.0,1638.953,517.712,924.9019999999999,308.202,True,False,
2026-03-12 11:23:32,5.0,0.0,0.0,5.0,2.0,0.0,0.0,8.0,0.0,0.0,0.0,1.0,1.0,0.0,0.0,2.931,0.0,0.0,0.0,7.112179989762219,-565.0,0.0,6.606599965874063,226.0,0.0,0.0,4.98,101.0,4.962,446.0,0.682,0.0,4.948,188.0,4.931,193.0,4.928,252.0,4.972,58.0,23.90912,24.54457,24.57858,23.93776,43.284623520564054,28.85847,25.64005,25.64184,24.19015,24.5,29.0,27.5,25.0,25.0,0.0,910.25,,2.0,0.0,0.0,77.180115,77.180115,77.180115,77.180115,77.180115,77.180115,77.180115,77.180115,77.180115,77.180115,77.180115,77.180115,77.180115,77.180115,77.180115,77.180115,74.309649,74.309649,74.309649,74.309649,0.0,0.0,100.0,101.0,102.0,101.0,101.0,296.0,1617.2559999999999,502.98,930.224,288.37600000000003,True,False,
2026-03-12 11:23:33,5.0,0.0,0.0,5.0,3.0,0.0,0.0,8.0,0.0,0.0,0.0,1.0,1.0,0.0,0.0,2.929,0.0,0.0,0.0,7.10176918785441,-567.0,0.0,6.571897292848034,555.0,0.0,0.0,4.978,104.0,4.963,446.0,0.681,0.0,4.948,190.0,4.931,192.0,4.927,252.0,4.972,58.0,23.90196,24.54994,24.58216,23.93955,43.40372730199766,28.86921,25.649,25.63468,24.19373,24.5,29.0,27.0,25.0,25.0,0.0,910.25,,2.0,0.0,0.0,77.180115,77.180115,77.180115,77.180115,77.180115,77.180115,77.180115,77.180115,77.180115,77.180115,77.180115,77.180115,77.180115,77.180115,77.180115,77.180115,74.309649,74.309649,74.309649,74.309649,0.0,0.0,100.0,101.0,102.0,101.0,101.0,297.0,3971.58,517.712,940.1200000000001,288.37600000000003,True,False,
2026-03-12 11:23:34,5.0,0.0,0.0,5.0,4.0,0.0,0.0,8.0,0.0,0.0,0.0,1.0,1.0,0.0,0.0,2.926,0.0,0.0,0.0,7.091165957379621,-562.0,0.0,6.536553191265404,555.0,0.0,0.0,4.978,104.0,4.965,443.0,0.682,0.0,4.948,200.0,4.931,195.0,4.93,253.0,4.971,58.0,23.90375,24.54815,24.57858,23.93597,43.52283108343127,28.871,25.649,25.64542,24.19194,24.5,29.0,27.0,25.0,25.0,0.0,910.25,,2.0,0.0,0.0,77.180115,77.180115,77.180115,77.180115,77.180115,77.180115,77.180115,77.180115,77.180115,77.180115,77.180115,77.180115,77.180115,77.180115,77.180115,77.180115,74.309649,74.309649,74.309649,74.309649,0.0,0.0,100.0,101.0,102.0,101.0,101.0,298.0,3971.58,517.712,989.6000000000001,288.318,True,False,
2026-03-12 11:23:35,5.0,0.0,0.0,5.0,5.0,0.0,0.0,8.0,0.0,0.0,0.0,1.0,1.0,0.0,0.0,2.92,0.0,0.0,0.0,7.0804132064097045,-559.0,0.0,6.500710688032348,229.0,0.0,0.0,4.978,104.0,4.962,445.0,0.682,0.0,4.948,198.0,4.932,201.0,4.928,252.0,4.971,58.0,23.90733,24.54636,24.58216,23.95566,43.64193486486487,28.88532,25.65974,25.65974,24.1991,24.5,29.0,27.5,25.0,25.0,0.0,910.25,,2.0,0.0,0.0,77.180115,77.180115,77.180115,77.180115,77.180115,77.180115,77.180115,77.180115,77.180115,77.180115,77.180115,77.180115,77.180115,77.180115,77.180115,77.180115,74.309649,74.309649,74.309649,74.309649,0.0,0.0,100.0,101.0,102.0,101.0,101.0,299.0,1638.724,517.712,979.7040000000001,288.318,True,False,
2026-03-12 11:23:36,5.0,0.0,0.0,5.0,6.0,0.0,0.0,8.0,0.0,0.0,0.0,1.0,1.0,0.0,0.0,2.785,0.0,0.0,0.0,7.070557533478151,-553.0,0.0,6.46552511159384,226.0,0.0,0.0,4.977,104.0,4.963,442.0,0.682,0.0,4.951,201.0,4.931,192.0,4.928,252.0,4.971,58.0,23.91628,24.56247,24.5929,23.9485,43.76103864629848,28.8889,25.66511,25.65258,24.1991,24.5,29.0,27.5,25.0,25.0,0.0,910.25,,2.0,0.0,0.0,77.180115,77.180115,77.180115,77.180115,77.180115,77.180115,77.180115,77.180115,77.180115,77.180115,77.180115,77.180115,77.180115,77.180115,77.180115,77.180115,74.309649,74.309649,74.309649,74.309649,0.0,0.0,100.0,101.0,102.0,101.0,101.0,300.0,1617.482,517.6080000000001,995.151,288.318,True,False,
2026-03-12 11:23:37,5.0,0.0,0.0,5.0,7.0,0.0,0.0,8.0,0.0,0.0,0.0,1.0,1.0,0.0,0.0,2.873,0.0,0.0,0.0,7.058648962503452,-551.0,0.0,6.42816320834484,229.0,0.0,0.0,4.98,105.0,4.962,446.0,0.682,0.0,4.947,201.0,4.932,197.0,4.93,253.0,4.972,60.0,23.89659,24.56068,24.59827,23.94671,43.88014242773209,28.89964,25.67048,25.65437,24.19194,24.5,29.0,27.0,25.0,25.0,0.0,910.25,,2.0,0.0,0.0,77.180115,77.180115,77.180115,77.180115,77.180115,77.180115,77.180115,77.180115,77.180115,77.180115,77.180115,77.180115,77.180115,77.180115,77.180115,77.180115,74.309649,74.309649,74.309649,74.309649,0.0,0.0,100.0,101.0,102.0,101.0,101.0,301.0,1638.724,522.9000000000001,994.347,298.32000000000005,True,False,
2026-03-12 11:23:38,5.0,0.0,0.0,5.0,8.0,0.0,0.0,8.0,0.0,0.0,0.0,1.0,1.0,0.0,0.0,2.871,0.0,0.0,0.0,7.046740618826172,-546.0,0.0,6.3878020627539085,232.0,0.0,0.0,4.978,107.0,4.963,441.0,0.681,0.0,4.947,193.0,4.932,193.0,4.927,253.0,4.973,43.0,23.90733,24.55352,24.59111,23.95566,43.9992462091657,28.9068,25.68659,25.66153,24.20805,24.5,29.0,27.5,25.0,25.0,0.0,910.25,,2.0,0.0,0.0,77.180115,77.180115,77.180115,77.180115,77.180115,77.180115,77.180115,77.180115,77.180115,77.180115,77.180115,77.180115,77.180115,77.180115,77.180115,77.180115,74.309649,74.309649,74.309649,74.309649,0.0,0.0,100.0,101.0,102.0,101.0,101.0,302.0,1659.2640000000001,532.646,954.771,213.839,True,False,
2026-03-12 11:23:39,5.0,0.0,0.0,5.0,9.0,0.0,0.0,8.0,0.0,0.0,0.0,1.0,1.0,0.0,0.0,2.874,0.0,0.0,0.0,7.036888348090949,-542.0,0.0,6.35262782696983,236.0,0.0,0.0,4.978,109.0,4.961,450.0,0.681,0.0,4.946,191.0,4.933,201.0,4.928,252.0,4.973,43.0,23.91449,24.56068,24.60006,23.95924,44.118349990599306,28.91754,25.67406,25.65616,24.20984,24.5,29.0,27.5,25.0,25.0,0.0,910.25,,2.0,0.0,0.0,77.180115,77.180115,77.180115,77.180115,77.180115,77.180115,77.180115,77.180115,77.180115,77.180115,77.180115,77.180115,77.180115,77.180115,77.180115,77.180115,74.309649,74.309649,74.309649,74.309649,0.0,0.0,100.0,101.0,102.0,101.0,101.0,303.0,1688.108,542.602,944.6859999999999,213.839,True,False,
2026-03-12 11:23:40,5.0,0.0,0.0,5.0,,0.0,0.0,8.0,0.0,0.0,0.0,1.0,1.0,0.0,0.0,2.871,0.0,0.0,0.0,7.0251502808214275,-537.0,0.0,6.315834269404759,237.0,0.0,0.0,4.98,109.0,4.962,456.0,0.681,0.0,4.946,190.0,4.933,198.0,4.93,252.0,4.975,46.0,23.91449,24.56426,24.5929,23.95745,44.237453772032914,28.93186,25.70091,25.66869,24.20089,24.5,29.0,27.5,25.0,25.0,0.0,910.25,,2.0,0.0,0.0,77.180115,77.180115,77.180115,77.180115,77.180115,77.180115,77.180115,77.180115,77.180115,77.180115,77.180115,77.180115,77.180115,77.180115,77.180115,77.180115,74.309649,74.309649,74.309649,74.309649,0.0,0.0,100.0,101.0,102.0,101.0,101.0,304.0,1695.0240000000001,542.82,939.7399999999999,228.85,True,False,
2026-03-12 11:23:41,5.0,0.0,0.0,5.0,,0.0,0.0,8.0,0.0,0.0,0.0,1.0,1.0,0.0,0.0,2.87,0.0,0.0,0.0,7.015586346653471,-551.0,0.0,6.281621155511571,235.0,0.0,0.0,4.978,107.0,4.962,457.0,0.681,0.0,4.946,190.0,4.931,196.0,4.93,253.0,4.975,46.0,23.91449,24.56068,24.59648,23.96461,44.356557553466516,28.93902,25.70807,25.66332,24.20984,24.5,29.0,27.5,25.0,25.0,0.0,910.25,,2.0,0.0,0.0,77.180115,77.180115,77.180115,77.180115,77.180115,77.180115,77.180115,77.180115,77.180115,77.180115,77.180115,77.180115,77.180115,77.180115,77.180115,77.180115,74.309649,74.309649,74.309649,74.309649,0.0,0.0,100.0,101.0,102.0,101.0,101.0,305.0,1680.955,532.646,939.7399999999999,228.85,True,False,
2026-03-12 11:23:42,5.0,0.0,0.0,5.0,,0.0,0.0,8.0,0.0,0.0,0.0,1.0,1.0,0.0,0.0,2.868,0.0,0.0,0.0,7.004257743283957,-547.0,0.0,6.246192477613191,237.0,0.0,0.0,4.978,109.0,4.962,457.0,0.682,0.0,4.947,190.0,4.93,191.0,4.93,252.0,4.975,43.0,23.92523,24.56784,24.60364,23.96461,44.475661334900124,28.9426,25.70986,25.66869,24.20984,24.5,29.0,27.5,25.0,25.0,0.0,910.25,,2.0,0.0,0.0,77.180115,77.180115,77.180115,77.180115,77.180115,77.180115,77.180115,77.180115,77.180115,77.180115,77.180115,77.180115,77.180115,77.180115,77.180115,77.180115,74.309649,74.309649,74.309649,74.309649,0.0,0.0,100.0,101.0,102.0,101.0,101.0,306.0,1695.0240000000001,542.602,939.9300000000001,213.92499999999998,True,False,
2026-03-12 11:23:43,5.0,0.0,0.0,5.0,,0.0,0.0,8.0,0.0,0.0,0.0,1.0,1.0,0.0,0.0,2.865,0.0,0.0,0.0,6.994226366232927,-541.0,0.0,6.212754554109758,235.0,0.0,0.0,4.978,109.0,4.961,458.0,0.682,0.0,4.946,190.0,4.932,197.0,4.928,252.0,4.975,43.0,23.92702,24.56426,24.60006,23.97177,44.59476511633373,28.96229,25.71344,25.67406,24.20805,24.5,29.0,27.5,25.0,25.0,0.0,910.25,,2.0,0.0,0.0,77.180115,77.180115,77.180115,77.180115,77.180115,77.180115,77.180115,77.180115,77.180115,77.180115,77.180115,77.180115,77.180115,77.180115,77.180115,77.180115,74.309649,74.309649,74.309649,74.309649,0.0,0.0,100.0,101.0,102.0,101.0,101.0,307.0,1680.72,542.602,939.7399999999999,213.92499999999998,True,False,
2026-03-12 11:23:44,5.0,0.0,0.0,5.0,,0.0,0.0,8.0,0.0,0.0,0.0,1.0,1.0,0.0,0.0,2.863,0.0,0.0,0.0,6.984554206479561,-537.0,0.0,6.180514021598536,233.0,0.0,0.0,4.978,107.0,4.962,457.0,0.681,0.0,4.946,190.0,4.932,198.0,4.928,252.0,4.972,43.0,23.92881,24.57858,24.60364,23.96282,44.71386889776734,28.98019,25.7206,25.68659,24.20984,24.5,29.0,27.5,25.0,25.0,0.0,910.25,,2.0,0.0,0.0,77.180115,77.180115,77.180115,77.180115,77.180115,77.180115,77.180115,77.180115,77.180115,77.180115,77.180115,77.180115,77.180115,77.180115,77.180115,77.180115,74.309649,74.309649,74.309649,74.309649,0.0,0.0,100.0,101.0,102.0,101.0,101.0,308.0,1666.416,532.646,939.7399999999999,213.79600000000002,True,False,
2026-03-12 11:23:45,5.0,0.0,0.0,5.0,,0.0,0.0,8.0,0.0,0.0,0.0,1.0,1.0,0.0,0.0,2.861,0.0,0.0,0.0,6.976302723891942,-532.0,0.0,6.150675746306473,232.0,0.0,0.0,4.978,107.0,4.961,458.0,0.682,0.0,4.947,203.0,4.932,190.0,4.928,253.0,4.972,43.0,23.91628,24.56426,24.60185,23.96282,44.83297267920095,28.97482,25.71523,25.68659,24.20984,24.5,29.0,27.5,25.0,25.0,0.0,910.25,,2.0,0.0,0.0,77.180115,77.180115,77.180115,77.180115,77.180115,77.180115,77.180115,77.180115,77.180115,77.180115,77.180115,77.180115,77.180115,77.180115,77.180115,77.180115,74.309649,74.309649,74.309649,74.309649,0.0,0.0,100.0,101.0,102.0,101.0,101.0,309.0,1659.4959999999999,532.646,1004.241,213.79600000000002,True,False,
2026-03-12 11:23:46,5.0,0.0,0.0,5.0,10.0,0.0,0.0,8.0,0.0,0.0,0.0,1.0,1.0,0.0,0.0,2.86,0.0,0.0,0.0,6.965532205103085,-543.0,0.0,6.12044068367695,238.0,0.0,0.0,4.978,100.0,4.961,458.0,0.682,0.0,4.946,191.0,4.931,187.0,4.928,251.0,4.972,39.0,23.92344,24.58216,24.60543,23.9664,44.95207646063456,28.98377,25.73492,25.67585,24.20984,24.5,29.0,27.5,25.0,25.0,0.0,910.25,,2.0,0.0,0.0,77.180115,77.180115,77.180115,77.180115,77.180115,77.180115,77.180115,77.180115,77.180115,77.180115,77.180115,77.180115,77.180115,77.180115,77.180115,77.180115,74.309649,74.309649,74.309649,74.309649,0.0,0.0,100.0,101.0,102.0,101.0,101.0,310.0,1702.176,497.79999999999995,944.6859999999999,193.90800000000002,True,False,
2026-03-12 11:23:47,5.0,0.0,0.0,5.0,11.0,0.0,0.0,8.0,0.0,0.0,0.0,1.0,1.0,0.0,0.0,2.861,0.0,0.0,0.0,6.959301115069546,-564.0,0.0,6.093003716898486,236.0,0.0,0.0,4.978,107.0,4.962,458.0,0.682,0.0,4.948,190.0,4.931,196.0,4.928,251.0,4.972,39.0,23.91628,24.58037,24.61617,23.97893,45.071180242068166,29.00883,25.73492,25.68122,24.20984,24.5,29.0,27.5,25.0,25.0,0.0,910.25,,2.0,0.0,0.0,77.180115,77.180115,77.180115,77.180115,77.180115,77.180115,77.180115,77.180115,77.180115,77.180115,77.180115,77.180115,77.180115,77.180115,77.180115,77.180115,74.309649,74.309649,74.309649,74.309649,0.0,0.0,100.0,101.0,102.0,101.0,101.0,311.0,1687.872,532.646,940.1200000000001,193.90800000000002,True,False,
2026-03-12 11:23:48,5.0,0.0,0.0,5.0,12.0,0.0,0.0,8.0,0.0,0.0,0.0,1.0,1.0,0.0,0.0,2.863,0.0,0.0,0.0,6.94966545196565,-564.0,0.0,6.0675515065521655,236.0,0.0,0.0,4.978,109.0,4.961,457.0,0.681,0.0,4.947,191.0,4.933,201.0,4.928,252.0,4.972,60.0,23.92702,24.57679,24.6108,23.9664,45.190284023501775,29.01778,25.74387,25.70091,24.22774,24.5,29.5,27.5,25.0,25.0,0.0,910.25,,2.0,0.0,0.0,77.180115,77.180115,77.180115,77.180115,77.180115,77.180115,77.180115,77.180115,77.180115,77.180115,77.180115,77.180115,77.180115,77.180115,77.180115,77.180115,74.309649,74.309649,74.309649,74.309649,0.0,0.0,100.0,101.0,102.0,101.0,101.0,312.0,1687.872,542.602,944.8770000000001,298.32000000000005,True,False,
2026-03-12 11:23:49,5.0,0.0,0.0,5.0,13.0,0.0,0.0,8.0,0.0,0.0,0.0,1.0,1.0,0.0,0.0,2.867,0.0,0.0,0.0,6.943678115300811,-557.0,0.0,6.043260384336037,233.0,0.0,0.0,4.98,255.0,4.962,455.0,0.682,0.0,4.947,188.0,4.932,196.0,4.928,251.0,4.972,60.0,23.92523,24.59111,24.60722,23.98072,45.30938780493538,29.00167,25.7564,25.69196,24.22416,24.5,29.5,27.5,25.0,25.0,0.0,910.25,,2.0,0.0,0.0,77.180115,77.180115,77.180115,77.180115,77.180115,77.180115,77.180115,77.180115,77.180115,77.180115,77.180115,77.180115,77.180115,77.180115,77.180115,77.180115,74.309649,74.309649,74.309649,74.309649,0.0,0.0,100.0,101.0,102.0,101.0,101.0,313.0,1666.183,1269.9,930.0360000000001,298.32000000000005,True,False,
2026-03-12 11:23:50,5.0,0.0,0.0,5.0,14.0,0.0,0.0,8.0,0.0,0.0,0.0,1.0,1.0,0.0,0.0,2.865,0.0,0.0,0.0,6.9373882971888365,-550.0,0.0,6.02629432396279,235.0,0.0,0.0,4.978,102.0,4.962,456.0,0.681,1.0,4.947,202.0,4.931,192.0,4.93,251.0,4.971,39.0,23.93597,24.58753,24.6287,23.97177,45.42849158636899,29.02136,25.76177,25.69733,24.23311,24.5,29.5,27.5,25.0,25.0,0.0,910.25,,2.0,0.0,0.0,77.180115,77.180115,77.180115,77.180115,77.180115,77.180115,77.180115,77.180115,77.180115,77.180115,77.180115,77.180115,77.180115,77.180115,77.180115,77.180115,74.309649,74.309649,74.309649,74.309649,0.0,0.0,100.0,101.0,102.0,101.0,101.0,314.0,1681.425,507.756,999.294,193.869,True,False,
2026-03-12 11:23:51,5.0,0.0,0.0,5.0,15.0,0.0,0.0,8.0,0.0,0.0,0.0,1.0,1.0,0.0,0.0,2.869,0.0,0.0,0.0,6.931840906540084,-542.0,0.0,6.00780302180028,233.0,0.0,0.0,4.98,104.0,4.961,458.0,0.682,0.0,4.948,200.0,4.931,195.0,4.928,252.0,4.971,39.0,23.93776,24.58753,24.65555,23.97893,45.5475953678026,29.03389,25.7564,25.69375,24.23132,24.5,29.5,27.5,25.0,25.0,0.0,910.25,,2.0,0.0,0.0,77.180115,77.180115,77.180115,77.180115,77.180115,77.180115,77.180115,77.180115,77.180115,77.180115,77.180115,77.180115,77.180115,77.180115,77.180115,77.180115,74.309649,74.309649,74.309649,74.309649,0.0,0.0,100.0,101.0,102.0,101.0,101.0,315.0,1667.115,517.9200000000001,989.6000000000001,193.869,True,False,
2026-03-12 11:23:52,5.0,0.0,0.0,5.0,16.0,0.0,0.0,8.0,0.0,0.0,0.0,1.0,1.0,0.0,0.0,2.868,0.0,0.0,0.0,6.927076035588516,-535.0,0.0,5.989920118628387,233.0,0.0,0.0,4.978,102.0,4.962,456.0,0.682,0.0,4.951,201.0,4.933,200.0,4.93,251.0,4.971,60.0,23.93418,24.58753,24.62691,23.9843,45.6666991492362,29.04284,25.76177,25.69554,24.23311,24.5,29.5,27.5,25.0,25.0,0.0,910.25,,2.0,0.0,0.0,77.180115,77.180115,77.180115,77.180115,77.180115,77.180115,77.180115,77.180115,77.180115,77.180115,77.180115,77.180115,77.180115,77.180115,77.180115,77.180115,74.309649,74.309649,74.309649,74.309649,0.0,0.0,100.0,101.0,102.0,101.0,101.0,316.0,1666.649,507.756,995.151,298.26,True,False,
2026-03-12 11:23:53,5.0,0.0,0.0,5.0,17.0,0.0,0.0,8.0,0.0,0.0,0.0,1.0,1.0,0.0,0.0,2.872,0.0,0.0,0.0,6.924128477609568,-531.0,0.0,5.9767615920318935,231.0,0.0,0.0,4.978,106.0,4.961,456.0,0.681,0.0,4.948,203.0,4.93,191.0,4.928,251.0,4.971,60.0,23.93239,24.59827,24.62512,23.99146,45.78580293066981,29.03926,25.77609,25.6848,24.23669,24.5,29.5,27.5,25.0,25.0,0.0,910.25,,2.0,0.0,0.0,77.180115,77.180115,77.180115,77.180115,77.180115,77.180115,77.180115,77.180115,77.180115,77.180115,77.180115,77.180115,77.180115,77.180115,77.180115,77.180115,74.309649,74.309649,74.309649,74.309649,0.0,0.0,100.0,101.0,102.0,101.0,101.0,317.0,1652.3429999999998,527.668,1004.4440000000001,298.26,True,False,
2026-03-12 11:23:54,5.0,0.0,0.0,5.0,18.0,0.0,0.0,8.0,0.0,0.0,0.0,1.0,1.0,0.0,0.0,2.867,0.0,0.0,0.0,6.921027303939956,-526.0,0.0,5.966424346466519,233.0,0.0,0.0,4.978,266.0,4.962,457.0,0.682,0.0,4.946,196.0,4.932,195.0,4.928,252.0,4.971,39.0,23.93955,24.59827,24.63407,23.98072,45.90490671210342,29.06074,25.78683,25.69912,24.23848,24.5,29.5,27.5,25.0,25.0,0.0,910.25,,2.0,0.0,0.0,77.180115,77.180115,77.180115,77.180115,77.180115,77.180115,77.180115,77.180115,77.180115,77.180115,77.180115,77.180115,77.180115,77.180115,77.180115,77.180115,74.309649,74.309649,74.309649,74.309649,0.0,0.0,100.0,101.0,102.0,101.0,101.0,318.0,1666.649,1324.148,969.4159999999999,193.869,True,False,
2026-03-12 11:23:55,5.0,0.0,0.0,5.0,19.0,0.0,0.0,8.0,0.0,0.0,0.0,1.0,1.0,0.0,0.0,2.872,0.0,0.0,0.0,6.917795507490634,-525.0,0.0,5.957985024968782,235.0,0.0,0.0,4.978,267.0,4.962,456.0,0.681,0.0,4.947,193.0,4.93,192.0,4.928,251.0,4.971,39.0,23.93597,24.60006,24.6287,23.98967,46.02401049353703,29.06432,25.79399,25.7027,24.2349,24.5,29.5,27.5,25.0,25.0,0.0,910.25,,2.0,0.0,0.0,77.180115,77.180115,77.180115,77.180115,77.180115,77.180115,77.180115,77.180115,77.180115,77.180115,77.180115,77.180115,77.180115,77.180115,77.180115,77.180115,74.309649,74.309649,74.309649,74.309649,0.0,0.0,100.0,101.0,102.0,101.0,101.0,319.0,1680.72,1329.126,954.771,193.869,True,False,
2026-03-12 11:23:56,5.0,0.0,0.0,5.0,,0.0,0.0,8.0,0.0,0.0,0.0,1.0,1.0,0.0,0.0,2.873,0.0,0.0,0.0,6.916449718867151,-551.0,0.0,5.953499062890503,570.0,0.0,0.0,4.978,267.0,4.961,456.0,0.681,0.0,4.946,195.0,4.932,196.0,4.928,251.0,4.973,45.0,23.93776,24.61259,24.6287,23.98609,46.143114274970635,29.08222,25.80473,25.71523,24.24743,24.5,29.5,27.5,25.0,25.0,0.0,910.25,,2.0,0.0,0.0,77.180115,77.180115,77.180115,77.180115,77.180115,77.180115,77.180115,77.180115,77.180115,77.180115,77.180115,77.180115,77.180115,77.180115,77.180115,77.180115,74.309649,74.309649,74.309649,74.309649,0.0,0.0,100.0,101.0,102.0,101.0,101.0,320.0,4076.64,1329.126,964.4699999999999,223.785,True,False,
2026-03-12 11:23:57,5.0,0.0,0.0,5.0,,0.0,0.0,8.0,0.0,0.0,0.0,1.0,1.0,0.0,0.0,2.874,0.0,0.0,0.0,6.915,-557.0,0.0,5.951,235.0,0.0,0.0,4.978,266.0,4.961,457.0,0.681,0.0,4.947,193.0,4.933,200.0,4.928,251.0,4.973,45.0,23.94671,24.5929,24.63228,23.98967,46.26221805640424,29.09117,25.80294,25.71523,24.24743,24.5,29.5,27.5,25.0,25.0,0.0,910.25,,2.0,0.0,0.0,77.180115,77.180115,77.180115,77.180115,77.180115,77.180115,77.180115,77.180115,77.180115,77.180115,77.180115,77.180115,77.180115,77.180115,77.180115,77.180115,74.309649,74.309649,74.309649,74.309649,0.0,0.0,100.0,101.0,102.0,101.0,101.0,321.0,1680.485,1324.148,954.771,223.785,True,False,
2026-03-12 11:23:58,5.0,0.0,0.0,5.0,,0.0,0.0,8.0,0.0,0.0,0.0,1.0,1.0,0.0,0.0,2.876,0.0,0.0,0.0,6.916449718867151,-554.0,0.0,5.953499062890503,233.0,0.0,0.0,4.977,266.0,4.962,457.0,0.682,0.0,4.946,191.0,4.932,195.0,4.931,251.0,4.973,45.0,23.95387,24.61617,24.64123,24.0022,46.381321837837845,29.09117,25.8101,25.70986,24.25638,24.5,29.5,27.5,25.0,25.0,0.0,910.25,,2.0,0.0,0.0,77.180115,77.180115,77.180115,77.180115,77.180115,77.180115,77.180115,77.180115,77.180115,77.180115,77.180115,77.180115,77.180115,77.180115,77.180115,77.180115,74.309649,74.309649,74.309649,74.309649,0.0,0.0,100.0,101.0,102.0,101.0,101.0,322.0,1666.416,1323.882,944.6859999999999,223.785,True,False,
2026-03-12 11:23:59,5.0,0.0,0.0,5.0,,0.0,0.0,8.0,0.0,0.0,0.0,1.0,1.0,0.0,0.0,2.871,0.0,0.0,0.0,6.916795507490635,-549.0,0.0,5.957985024968782,571.0,0.0,0.0,4.978,267.0,4.962,455.0,0.682,0.0,4.946,192.0,4.931,192.0,4.928,251.0,4.973,45.0,23.94492,24.60722,24.65018,24.01115,46.500425619271454,29.10012,25.81905,25.71702,24.2528,24.5,29.5,27.5,25.0,25.0,0.0,910.25,,2.0,0.0,0.0,77.180115,77.180115,77.180115,77.180115,77.180115,77.180115,77.180115,77.180115,77.180115,77.180115,77.180115,77.180115,77.180115,77.180115,77.180115,77.180115,74.309649,74.309649,74.309649,74.309649,0.0,0.0,100.0,101.0,102.0,101.0,101.0,323.0,4083.792,1329.126,949.632,223.785,True,False,
2026-03-12 11:24:00,5.0,0.0,0.0,5.0,,0.0,0.0,8.0,0.0,0.0,0.0,1.0,1.0,0.0,0.0,2.869,0.0,0.0,0.0,6.919027303939957,-549.0,0.0,5.9644243464665205,235.0,0.0,0.0,4.978,107.0,4.962,457.0,0.681,0.0,4.946,191.0,4.932,196.0,4.928,252.0,4.973,45.0,23.95745,24.60722,24.64481,23.99683,46.61952940070506,29.11802,25.81905,25.7206,24.2528,24.5,29.5,27.5,25.0,25.0,0.0,910.25,,2.0,0.0,0.0,77.180115,77.180115,77.180115,77.180115,77.180115,77.180115,77.180115,77.180115,77.180115,77.180115,77.180115,77.180115,77.180115,77.180115,77.180115,77.180115,74.309649,74.309649,74.309649,74.309649,0.0,0.0,100.0,101.0,102.0,101.0,101.0,324.0,1680.485,532.646,944.6859999999999,223.785,True,False,
2026-03-12 11:24:01,5.0,0.0,0.0,5.0,,0.0,0.0,8.0,0.0,0.0,0.0,1.0,1.0,0.0,0.0,2.875,0.0,0.0,0.0,6.923128477609568,-545.0,0.0,5.974761592031894,557.0,0.0,0.0,4.977,109.0,4.962,458.0,0.681,0.0,4.947,205.0,4.931,192.0,4.93,251.0,4.973,45.0,23.95208,24.59648,24.63944,24.0022,46.73863318213867,29.10728,25.81726,25.72597,24.26354,24.5,29.5,27.5,25.0,25.0,0.0,910.25,,2.0,0.0,0.0,77.180115,77.180115,77.180115,77.180115,77.180115,77.180115,77.180115,77.180115,77.180115,77.180115,77.180115,77.180115,77.180115,77.180115,77.180115,77.180115,74.309649,74.309649,74.309649,74.309649,0.0,0.0,100.0,101.0,102.0,101.0,101.0,325.0,3983.107,542.493,1014.135,223.785,True,False,
2026-03-12 11:24:02,5.0,0.0,0.0,5.0,20.0,0.0,0.0,8.0,0.0,0.0,0.0,1.0,1.0,0.0,0.0,2.877,0.0,0.0,0.0,6.926076035588516,-542.0,0.0,5.988920118628387,237.0,0.0,0.0,4.978,107.0,4.961,457.0,0.682,0.0,4.947,192.0,4.932,197.0,4.928,251.0,4.971,60.0,23.9485,24.61796,24.65197,23.99325,46.85773696357228,29.1216,25.83874,25.72597,24.25817,24.5,29.5,27.5,25.0,25.0,0.0,910.25,,2.0,0.0,0.0,77.180115,77.180115,77.180115,77.180115,77.180115,77.180115,77.180115,77.180115,77.180115,77.180115,77.180115,77.180115,77.180115,77.180115,77.180115,77.180115,74.309649,74.309649,74.309649,74.309649,0.0,0.0,100.0,101.0,102.0,101.0,101.0,326.0,1695.0240000000001,532.646,949.8240000000001,298.26,True,False,
2026-03-12 11:24:03,5.0,0.0,0.0,5.0,21.0,0.0,0.0,8.0,0.0,0.0,0.0,1.0,1.0,0.0,0.0,2.878,0.0,0.0,0.0,6.930840906540085,-538.0,0.0,6.00480302180028,235.0,0.0,0.0,4.977,109.0,4.962,457.0,0.682,0.0,4.946,192.0,4.931,190.0,4.928,250.0,4.971,60.0,23.95924,24.60901,24.65555,24.01294,46.97684074500589,29.13771,25.83874,25.72597,24.26891,24.5,29.5,27.5,25.0,25.0,0.0,910.25,,2.0,0.0,0.0,77.180115,77.180115,77.180115,77.180115,77.180115,77.180115,77.180115,77.180115,77.180115,77.180115,77.180115,77.180115,77.180115,77.180115,77.180115,77.180115,74.309649,74.309649,74.309649,74.309649,0.0,0.0,100.0,101.0,102.0,101.0,101.0,327.0,1680.72,542.493,949.632,298.26,True,False,
2026-03-12 11:24:04,5.0,0.0,0.0,5.0,22.0,0.0,0.0,8.0,0.0,0.0,0.0,1.0,1.0,0.0,0.0,2.878,0.0,0.0,0.0,6.9373882971888365,-534.0,0.0,6.02329432396279,232.0,0.0,0.0,4.977,268.0,4.961,457.0,0.681,0.0,4.948,193.0,4.931,193.0,4.93,250.0,4.972,58.0,23.95745,24.6108,24.65555,24.00041,47.095944526439496,29.15203,25.85843,25.72776,24.25996,24.5,29.5,27.5,25.0,25.0,0.0,910.25,,2.0,0.0,0.0,77.180115,77.180115,77.180115,77.180115,77.180115,77.180115,77.180115,77.180115,77.180115,77.180115,77.180115,77.180115,77.180115,77.180115,77.180115,77.180115,74.309649,74.309649,74.309649,74.309649,0.0,0.0,100.0,101.0,102.0,101.0,101.0,328.0,1659.2640000000001,1333.836,954.964,288.37600000000003,True,False,
2026-03-12 11:24:05,5.0,0.0,0.0,5.0,23.0,0.0,0.0,8.0,0.0,0.0,0.0,1.0,1.0,0.0,0.0,2.881,0.0,0.0,0.0,6.943678115300811,-541.0,0.0,6.044260384336037,233.0,0.0,0.0,4.978,107.0,4.961,457.0,0.681,0.0,4.947,192.0,4.933,201.0,4.93,251.0,4.972,58.0,23.96819,24.61438,24.65018,24.01294,47.215048307873104,29.14666,25.85664,25.72955,24.26891,24.5,29.5,27.5,25.0,25.0,0.0,910.25,,2.0,0.0,0.0,77.180115,77.180115,77.180115,77.180115,77.180115,77.180115,77.180115,77.180115,77.180115,77.180115,77.180115,77.180115,77.180115,77.180115,77.180115,77.180115,74.309649,74.309649,74.309649,74.309649,0.0,0.0,100.0,101.0,102.0,101.0,101.0,329.0,1666.416,532.646,949.8240000000001,288.37600000000003,True,False,
2026-03-12 11:24:06,5.0,0.0,0.0,5.0,24.0,0.0,0.0,8.0,0.0,0.0,0.0,1.0,1.0,0.0,0.0,2.879,0.0,0.0,0.0,6.95066545196565,-566.0,0.0,6.0675515065521655,235.0,0.0,0.0,4.978,109.0,4.962,456.0,0.682,0.0,4.948,190.0,4.932,197.0,4.93,252.0,4.971,58.0,23.97177,24.62691,24.66271,24.00399,47.33415208930671,29.17351,25.86201,25.73492,24.26175,24.5,29.5,27.5,25.0,25.0,0.0,910.25,,2.0,0.0,0.0,77.180115,77.180115,77.180115,77.180115,77.180115,77.180115,77.180115,77.180115,77.180115,77.180115,77.180115,77.180115,77.180115,77.180115,77.180115,77.180115,74.309649,74.309649,74.309649,74.309649,0.0,0.0,100.0,101.0,102.0,101.0,101.0,330.0,1680.72,542.602,940.1200000000001,288.318,True,False,
2026-03-12 11:24:07,5.0,0.0,0.0,5.0,25.0,0.0,0.0,8.0,0.0,0.0,0.0,1.0,1.0,0.0,0.0,2.878,0.0,0.0,0.0,6.959301115069546,-565.0,0.0,6.093003716898486,235.0,0.0,0.0,4.978,107.0,4.962,456.0,0.682,0.0,4.95,201.0,4.931,191.0,4.93,250.0,4.971,58.0,23.95924,24.61617,24.65376,24.00757,47.45325587074032,29.17351,25.86201,25.7385,24.27428,24.5,29.5,27.5,25.0,25.0,0.0,910.25,,2.0,0.0,0.0,77.180115,77.180115,77.180115,77.180115,77.180115,77.180115,77.180115,77.180115,77.180115,77.180115,77.180115,77.180115,77.180115,77.180115,77.180115,77.180115,74.309649,74.309649,74.309649,74.309649,0.0,0.0,100.0,101.0,102.0,101.0,101.0,331.0,1680.72,532.646,994.95,288.318,True,False,
2026-03-12 11:24:08,5.0,0.0,0.0,5.0,26.0,0.0,0.0,8.0,0.0,0.0,0.0,1.0,1.0,0.0,0.0,2.877,0.0,0.0,0.0,6.967532205103085,-560.0,0.0,6.12044068367695,235.0,0.0,0.0,4.978,107.0,4.961,456.0,0.682,0.0,4.948,200.0,4.93,196.0,4.93,252.0,4.972,60.0,23.97535,24.6287,24.66092,24.01831,47.57235965217393,29.18246,25.87991,25.74208,24.28323,24.5,29.5,27.5,25.0,25.0,0.0,910.25,,2.0,0.0,0.0,77.180115,77.180115,77.180115,77.180115,77.180115,77.180115,77.180115,77.180115,77.180115,77.180115,77.180115,77.180115,77.180115,77.180115,77.180115,77.180115,74.309649,74.309649,74.309649,74.309649,0.0,0.0,100.0,101.0,102.0,101.0,101.0,332.0,1680.72,532.646,989.6000000000001,298.32000000000005,True,False,
2026-03-12 11:24:09,5.0,0.0,0.0,5.0,27.0,0.0,0.0,8.0,0.0,0.0,0.0,1.0,1.0,0.0,0.0,2.876,0.0,0.0,0.0,6.976302723891942,-556.0,0.0,6.149675746306474,237.0,0.0,0.0,4.98,106.0,4.962,456.0,0.681,1.0,4.948,202.0,4.933,197.0,4.93,250.0,4.972,60.0,23.97535,24.6287,24.66987,24.01831,47.69146343360753,29.19499,25.87812,25.75103,24.27607,24.5,29.5,27.5,25.0,25.0,0.0,910.25,,2.0,0.0,0.0,77.180115,77.180115,77.180115,77.180115,77.180115,77.180115,77.180115,77.180115,77.180115,77.180115,77.180115,77.180115,77.180115,77.180115,77.180115,77.180115,74.309649,74.309649,74.309649,74.309649,0.0,0.0,100.0,101.0,102.0,101.0,101.0,333.0,1695.0240000000001,527.88,999.4960000000001,298.32000000000005,True,False,
2026-03-12 11:24:10,5.0,0.0,0.0,5.0,28.0,0.0,0.0,8.0,0.0,0.0,0.0,1.0,1.0,0.0,0.0,2.875,0.0,0.0,0.0,6.985554206479561,-551.0,0.0,6.181514021598535,232.0,0.0,0.0,4.978,109.0,4.961,455.0,0.681,0.0,4.948,201.0,4.932,188.0,4.928,250.0,4.972,60.0,23.97535,24.63049,24.66629,24.0201,47.81056721504114,29.19678,25.88886,25.74029,24.28144,24.5,29.5,27.5,25.0,25.0,0.0,910.25,,2.0,0.0,0.0,77.180115,77.180115,77.180115,77.180115,77.180115,77.180115,77.180115,77.180115,77.180115,77.180115,77.180115,77.180115,77.180115,77.180115,77.180115,77.180115,74.309649,74.309649,74.309649,74.309649,0.0,0.0,100.0,101.0,102.0,101.0,101.0,334.0,1659.4959999999999,542.602,994.5480000000001,298.32000000000005,True,False,
2026-03-12 11:24:11,5.0,0.0,0.0,5.0,29.0,0.0,0.0,8.0,0.0,0.0,0.0,1.0,1.0,0.0,0.0,2.877,0.0,0.0,0.0,6.994226366232927,-546.0,0.0,6.212754554109758,233.0,0.0,0.0,4.978,109.0,4.962,457.0,0.682,0.0,4.946,198.0,4.932,202.0,4.928,250.0,4.972,58.0,23.96998,24.63407,24.66808,24.02726,47.92967099647475,29.21289,25.89781,25.75819,24.28323,24.5,29.5,27.5,25.0,25.0,0.0,910.25,,2.0,0.0,0.0,77.180115,77.180115,77.180115,77.180115,77.180115,77.180115,77.180115,77.180115,77.180115,77.180115,77.180115,77.180115,77.180115,77.180115,77.180115,77.180115,74.309649,74.309649,74.309649,74.309649,0.0,0.0,100.0,101.0,102.0,101.0,101.0,335.0,1666.416,542.602,979.308,288.37600000000003,True,False,
2026-03-12 11:24:12,5.0,0.0,0.0,5.0,,0.0,0.0,8.0,0.0,0.0,0.0,1.0,1.0,0.0,0.0,2.883,0.0,0.0,0.0,7.003257743283958,-541.0,0.0,6.245192477613191,236.0,0.0,0.0,4.978,106.0,4.962,455.0,0.682,0.0,4.946,195.0,4.93,191.0,4.93,250.0,4.973,45.0,23.97177,24.63049,24.6645,24.02368,48.048774777908356,29.21289,25.90139,25.75103,24.28681,24.5,29.5,27.5,25.0,25.0,0.0,910.25,,2.0,0.0,0.0,77.180115,77.180115,77.180115,77.180115,77.180115,77.180115,77.180115,77.180115,77.180115,77.180115,77.180115,77.180115,77.180115,77.180115,77.180115,77.180115,74.309649,74.309649,74.309649,74.309649,0.0,0.0,100.0,101.0,102.0,101.0,101.0,336.0,1687.636,527.668,964.4699999999999,223.785,True,False,
2026-03-12 11:24:13,5.0,0.0,0.0,5.0,,0.0,0.0,8.0,0.0,0.0,0.0,1.0,1.0,0.0,0.0,2.888,0.0,0.0,0.0,7.013586346653471,-537.0,0.0,6.27962115551157,236.0,0.0,0.0,4.978,109.0,4.962,455.0,0.681,0.0,4.946,196.0,4.931,192.0,4.93,250.0,4.973,45.0,23.97893,24.64302,24.68061,24.03621,48.167878559341965,29.23079,25.90676,25.75103,24.28681,24.5,29.5,27.5,25.0,25.0,0.0,910.25,,2.0,0.0,0.0,77.180115,77.180115,77.180115,77.180115,77.180115,77.180115,77.180115,77.180115,77.180115,77.180115,77.180115,77.180115,77.180115,77.180115,77.180115,77.180115,74.309649,74.309649,74.309649,74.309649,0.0,0.0,100.0,101.0,102.0,101.0,101.0,337.0,1687.636,542.602,969.4159999999999,223.785,True,False,
2026-03-12 11:24:14,5.0,0.0,0.0,5.0,,0.0,0.0,8.0,0.0,0.0,0.0,1.0,1.0,0.0,0.0,2.888,0.0,0.0,0.0,7.023150280821428,-534.0,0.0,6.314834269404758,237.0,0.0,0.0,4.978,107.0,4.961,455.0,0.682,0.0,4.946,195.0,4.931,198.0,4.93,251.0,4.973,43.0,23.97535,24.64839,24.67703,24.03084,48.286982340775566,29.23079,25.91929,25.75282,24.28681,24.5,29.5,27.5,25.0,25.0,0.0,910.25,,2.0,0.0,0.0,77.180115,77.180115,77.180115,77.180115,77.180115,77.180115,77.180115,77.180115,77.180115,77.180115,77.180115,77.180115,77.180115,77.180115,77.180115,77.180115,74.309649,74.309649,74.309649,74.309649,0.0,0.0,100.0,101.0,102.0,101.0,101.0,338.0,1694.787,532.646,964.4699999999999,213.839,True,False,
2026-03-12 11:24:15,5.0,0.0,0.0,5.0,,0.0,0.0,8.0,0.0,0.0,0.0,1.0,1.0,0.0,0.0,2.889,0.0,0.0,0.0,7.034888348090949,-554.0,0.0,6.350627826969831,235.0,0.0,0.0,4.978,107.0,4.962,457.0,0.681,0.0,4.946,195.0,4.932,201.0,4.93,250.0,4.973,43.0,23.97714,24.64839,24.67703,24.03263,48.406086122209175,29.24153,25.92287,25.75461,24.28144,24.5,29.5,27.5,25.0,25.0,0.0,910.25,,2.0,0.0,0.0,77.180115,77.180115,77.180115,77.180115,77.180115,77.180115,77.180115,77.180115,77.180115,77.180115,77.180115,77.180115,77.180115,77.180115,77.180115,77.180115,74.309649,74.309649,74.309649,74.309649,0.0,0.0,100.0,101.0,102.0,101.0,101.0,339.0,1680.485,532.646,964.4699999999999,213.839,True,False,
2026-03-12 11:24:16,5.0,0.0,0.0,5.0,,0.0,0.0,8.0,0.0,0.0,0.0,1.0,1.0,0.0,0.0,2.887,0.0,0.0,0.0,7.045740618826173,-568.0,0.0,6.386802062753908,232.0,0.0,0.0,4.977,107.0,4.962,458.0,0.682,0.0,4.946,195.0,4.932,196.0,4.93,252.0,4.975,46.0,23.98251,24.64481,24.6824,24.03621,48.52518990364278,29.24332,25.93182,25.76356,24.29934,24.5,29.5,27.5,25.0,25.0,0.0,910.25,,2.0,0.0,0.0,77.180115,77.180115,77.180115,77.180115,77.180115,77.180115,77.180115,77.180115,77.180115,77.180115,77.180115,77.180115,77.180115,77.180115,77.180115,77.180115,74.309649,74.309649,74.309649,74.309649,0.0,0.0,100.0,101.0,102.0,101.0,101.0,340.0,1659.032,532.539,964.4699999999999,228.85,True,False,
2026-03-12 11:24:17,5.0,0.0,0.0,5.0,,0.0,0.0,8.0,0.0,0.0,0.0,1.0,1.0,0.0,0.0,2.888,0.0,0.0,0.0,7.056648962503452,-563.0,0.0,6.42316320834484,235.0,0.0,0.0,4.98,109.0,4.963,456.0,0.681,0.0,4.946,193.0,4.932,193.0,4.928,251.0,4.975,46.0,23.99146,24.64481,24.67524,24.04874,48.64429368507639,29.26301,25.92824,25.7564,24.29934,24.5,29.5,27.5,25.0,25.0,0.0,910.25,,2.0,0.0,0.0,77.180115,77.180115,77.180115,77.180115,77.180115,77.180115,77.180115,77.180115,77.180115,77.180115,77.180115,77.180115,77.180115,77.180115,77.180115,77.180115,74.309649,74.309649,74.309649,74.309649,0.0,0.0,100.0,101.0,102.0,101.0,101.0,341.0,1680.485,542.82,954.578,228.85,True,False,
2026-03-12 11:24:18,5.0,0.0,0.0,5.0,30.0,0.0,0.0,8.0,0.0,0.0,0.0,1.0,1.0,0.0,0.0,2.888,0.0,0.0,0.0,7.067557533478152,-560.0,0.0,6.45952511159384,232.0,0.0,0.0,4.978,107.0,4.963,456.0,0.68,0.0,4.946,206.0,4.933,201.0,4.928,250.0,4.975,46.0,23.98788,24.65018,24.67882,24.04874,48.76339746651,29.26122,25.94077,25.76893,24.30471,24.5,29.5,27.5,25.0,25.0,0.0,910.25,,2.0,0.0,0.0,77.180115,77.180115,77.180115,77.180115,77.180115,77.180115,77.180115,77.180115,77.180115,77.180115,77.180115,77.180115,77.180115,77.180115,77.180115,77.180115,74.309649,74.309649,74.309649,74.309649,0.0,0.0,100.0,101.0,102.0,101.0,101.0,342.0,1659.032,532.646,1018.876,228.85,True,False,
2026-03-12 11:24:19,5.0,0.0,0.0,5.0,31.0,0.0,0.0,8.0,0.0,0.0,0.0,1.0,1.0,0.0,0.0,2.886,0.0,0.0,0.0,7.077413206409704,-557.0,0.0,6.494710688032349,235.0,0.0,0.0,4.978,266.0,4.962,456.0,0.682,0.0,4.947,192.0,4.932,197.0,4.928,250.0,4.971,61.0,23.99325,24.65018,24.68777,24.04695,48.88250124794361,29.27912,25.94793,25.77609,24.30113,24.5,29.5,27.5,25.0,25.0,0.0,910.25,,2.0,0.0,0.0,77.180115,77.180115,77.180115,77.180115,77.180115,77.180115,77.180115,77.180115,77.180115,77.180115,77.180115,77.180115,77.180115,77.180115,77.180115,77.180115,74.309649,74.309649,74.309649,74.309649,0.0,0.0,100.0,101.0,102.0,101.0,101.0,343.0,1680.25,1324.148,949.8240000000001,303.231,True,False,
2026-03-12 11:24:20,5.0,0.0,0.0,5.0,32.0,0.0,0.0,8.0,0.0,0.0,0.0,1.0,1.0,0.0,0.0,2.885,0.0,0.0,0.0,7.089165957379621,-550.0,0.0,6.530553191265405,232.0,0.0,0.0,4.978,109.0,4.962,456.0,0.682,0.0,4.948,195.0,4.932,198.0,4.93,250.0,4.971,58.0,23.99504,24.6466,24.67882,24.04158,49.00160502937722,29.27912,25.95151,25.76535,24.30113,24.5,29.5,27.5,25.0,25.0,0.0,910.25,,2.0,0.0,0.0,77.180115,77.180115,77.180115,77.180115,77.180115,77.180115,77.180115,77.180115,77.180115,77.180115,77.180115,77.180115,77.180115,77.180115,77.180115,77.180115,74.309649,74.309649,74.309649,74.309649,0.0,0.0,100.0,101.0,102.0,101.0,101.0,344.0,1658.8000000000002,542.602,964.8600000000001,288.318,True,False,
2026-03-12 11:24:21,5.0,0.0,0.0,5.0,33.0,0.0,0.0,8.0,0.0,0.0,0.0,1.0,1.0,0.0,0.0,2.884,0.0,0.0,0.0,7.0997691878544105,-546.0,0.0,6.593897292848034,426.0,0.0,0.0,4.98,109.0,4.981,267.0,0.681,0.0,4.95,191.0,4.958,190.0,4.965,62.0,4.971,58.0,23.99504,24.65376,24.6824,24.04874,49.120708810810825,29.29702,25.96225,25.7743,24.3065,24.5,29.5,27.5,25.0,25.0,0.0,910.25,,2.0,0.0,0.0,77.180115,77.180115,77.180115,77.180115,77.180115,77.180115,77.180115,77.180115,77.180115,77.180115,77.180115,77.180115,77.180115,77.180115,77.180115,77.180115,74.309649,74.309649,74.309649,74.309649,0.0,0.0,100.0,101.0,102.0,101.0,101.0,345.0,3057.828,542.82,945.45,288.318,True,False,
2026-03-12 11:24:22,5.0,0.0,0.0,5.0,34.0,0.0,0.0,8.0,0.0,0.0,0.0,1.0,1.0,0.0,0.0,2.883,0.0,0.0,0.0,7.132179989762219,-411.0,0.0,6.628599965874063,426.0,0.0,0.0,4.982,266.0,4.98,266.0,0.681,0.0,4.951,186.0,4.96,191.0,4.966,60.0,4.973,58.0,23.99146,24.66987,24.69135,24.04516,49.239812592244434,29.31313,25.96046,25.78325,24.29934,24.5,29.5,27.5,25.0,25.0,0.0,910.25,,2.0,0.0,0.0,77.180115,77.180115,77.180115,77.180115,77.180115,77.180115,77.180115,77.180115,77.180115,77.180115,77.180115,77.180115,77.180115,77.180115,77.180115,77.180115,74.309649,74.309649,74.309649,74.309649,0.0,0.0,100.0,101.0,102.0,101.0,101.0,346.0,3057.828,1325.212,920.886,288.43399999999997,True,False,
2026-03-12 11:24:23,5.0,0.0,0.0,5.0,35.0,0.0,0.0,8.0,0.0,0.0,0.0,1.0,1.0,0.0,0.0,2.879,0.0,0.0,0.0,7.1433593510441336,-405.0,0.0,6.664531170147113,426.0,0.0,0.0,4.98,109.0,4.98,266.0,0.681,0.0,4.951,201.0,4.96,198.0,4.966,61.0,4.973,58.0,24.00578,24.65376,24.68777,24.05948,49.35891637367804,29.31134,25.96583,25.77788,24.30471,24.5,29.5,27.5,25.0,25.0,0.0,910.25,,2.0,0.0,0.0,77.180115,77.180115,77.180115,77.180115,77.180115,77.180115,77.180115,77.180115,77.180115,77.180115,77.180115,77.180115,77.180115,77.180115,77.180115,77.180115,74.309649,74.309649,74.309649,74.309649,0.0,0.0,100.0,101.0,102.0,101.0,101.0,347.0,3058.68,542.82,995.151,288.43399999999997,True,False,
2026-03-12 11:24:24,5.0,0.0,0.0,5.0,36.0,0.0,0.0,8.0,0.0,0.0,0.0,1.0,1.0,0.0,0.0,2.874,0.0,0.0,0.0,7.152272302085924,-404.0,0.0,6.695574340286414,427.0,0.0,0.0,4.98,266.0,4.981,268.0,0.681,0.0,4.95,200.0,4.961,200.0,4.966,62.0,4.975,62.0,24.00578,24.66987,24.69135,24.05948,49.47802015511165,29.32566,25.96762,25.77967,24.31545,24.5,29.5,27.5,25.0,25.0,0.0,910.25,,2.0,0.0,0.0,77.180115,77.180115,77.180115,77.180115,77.180115,77.180115,77.180115,77.180115,77.180115,77.180115,77.180115,77.180115,77.180115,77.180115,77.180115,77.180115,74.309649,74.309649,74.309649,74.309649,0.0,0.0,100.0,101.0,102.0,101.0,101.0,348.0,3065.006,1324.68,990.0,308.45,True,False,
2026-03-12 11:24:25,5.0,0.0,0.0,5.0,37.0,0.0,0.0,8.0,0.0,0.0,0.0,1.0,1.0,0.0,0.0,2.877,0.0,0.0,0.0,7.160888004413496,-424.0,0.0,6.727626681378321,427.0,0.0,0.0,4.981,107.0,4.98,268.0,0.681,0.0,4.952,202.0,4.958,197.0,4.967,61.0,4.975,62.0,24.01473,24.6645,24.70567,24.05948,49.59712393654526,29.32566,25.94972,25.78325,24.31724,24.5,29.5,27.5,25.0,25.0,0.0,910.25,,2.0,0.0,0.0,77.180115,77.180115,77.180115,77.180115,77.180115,77.180115,77.180115,77.180115,77.180115,77.180115,77.180115,77.180115,77.180115,77.180115,77.180115,77.180115,74.309649,74.309649,74.309649,74.309649,0.0,0.0,100.0,101.0,102.0,101.0,101.0,349.0,3065.006,532.967,1000.304,308.45,True,False,
2026-03-12 11:24:26,5.0,0.0,0.0,5.0,38.0,0.0,0.0,8.0,0.0,0.0,0.0,1.0,1.0,0.0,0.0,2.878,0.0,0.0,0.0,7.171179783928087,-426.0,0.0,6.760599279760292,422.0,0.0,0.0,4.981,266.0,4.981,268.0,0.682,0.0,4.951,201.0,4.961,196.0,4.966,61.0,4.975,62.0,24.00757,24.6645,24.70746,24.06127,49.71622771797886,29.34177,25.95867,25.78146,24.30829,24.5,29.5,27.5,25.0,25.0,0.0,910.25,,2.0,0.0,0.0,77.180115,77.180115,77.180115,77.180115,77.180115,77.180115,77.180115,77.180115,77.180115,77.180115,77.180115,77.180115,77.180115,77.180115,77.180115,77.180115,74.309649,74.309649,74.309649,74.309649,0.0,0.0,100.0,101.0,102.0,101.0,101.0,350.0,3029.96,1324.946,995.151,308.45,True,False,
2026-03-12 11:24:27,5.0,0.0,0.0,5.0,39.0,0.0,0.0,8.0,0.0,0.0,0.0,1.0,1.0,0.0,0.0,2.871,0.0,0.0,0.0,7.179125111750994,-426.0,0.0,6.79041703916998,425.0,0.0,0.0,4.98,109.0,4.98,267.0,0.682,0.0,4.948,197.0,4.958,196.0,4.965,63.0,4.976,42.0,24.01473,24.66987,24.70567,24.06306,49.83533149941247,29.35251,25.96583,25.78862,24.32619,24.5,29.5,27.5,25.0,25.0,0.0,910.25,,2.0,0.0,0.0,77.180115,77.180115,77.180115,77.180115,77.180115,77.180115,77.180115,77.180115,77.180115,77.180115,77.180115,77.180115,77.180115,77.180115,77.180115,77.180115,74.309649,74.309649,74.309649,74.309649,0.0,0.0,100.0,101.0,102.0,101.0,101.0,351.0,3051.5,542.82,974.7560000000001,208.992,True,False,
2026-03-12 11:24:28,5.0,0.0,0.0,5.0,,0.0,0.0,8.0,0.0,0.0,0.0,1.0,1.0,0.0,0.0,2.866,0.0,0.0,0.0,7.188705536431381,-422.0,0.0,6.819018454771269,427.0,0.0,0.0,4.98,107.0,4.98,268.0,0.681,0.0,4.947,196.0,4.961,201.0,4.966,61.0,4.976,47.0,24.00936,24.67703,24.69851,24.08454,49.95443528084608,29.35788,25.95688,25.77788,24.32261,24.5,29.5,27.5,25.0,25.0,0.0,910.25,,2.0,0.0,0.0,77.180115,77.180115,77.180115,77.180115,77.180115,77.180115,77.180115,77.180115,77.180115,77.180115,77.180115,77.180115,77.180115,77.180115,77.180115,77.180115,74.309649,74.309649,74.309649,74.309649,0.0,0.0,100.0,101.0,102.0,101.0,101.0,352.0,3065.8599999999997,532.86,969.612,233.87199999999999,True,False,
2026-03-12 11:24:29,5.0,0.0,0.0,5.0,,0.0,0.0,8.0,0.0,0.0,0.0,1.0,1.0,0.0,0.0,2.864,0.0,0.0,0.0,7.19690657183685,-421.0,0.0,6.844355239456167,425.0,0.0,0.0,4.98,107.0,4.98,267.0,0.681,0.0,4.95,196.0,4.96,196.0,4.967,62.0,4.976,47.0,24.0022,24.67166,24.71283,24.07917,50.073539062279686,29.36325,25.96225,25.7922,24.32082,24.5,29.5,27.5,25.0,25.0,0.0,910.25,,2.0,0.0,0.0,77.180115,77.180115,77.180115,77.180115,77.180115,77.180115,77.180115,77.180115,77.180115,77.180115,77.180115,77.180115,77.180115,77.180115,77.180115,77.180115,74.309649,74.309649,74.309649,74.309649,0.0,0.0,100.0,101.0,102.0,101.0,101.0,353.0,3050.65,532.86,970.2,233.87199999999999,True,False,
2026-03-12 11:24:30,5.0,0.0,0.0,6.0,0.0,0.0,0.0,9.0,0.0,0.0,0.0,1.0,1.0,0.0,0.0,2.865,0.0,0.0,0.0,7.203717545490574,-417.0,0.0,6.843391818301911,236.0,0.0,0.0,4.978,107.0,4.962,456.0,0.682,0.0,4.947,197.0,4.931,191.0,4.928,250.0,4.973,42.0,24.01294,24.66808,24.71104,24.0738,50.19264284371329,29.36504,25.96046,25.79936,24.31903,24.5,29.5,28.0,25.0,25.0,0.0,910.25,,2.0,0.0,0.0,77.180115,77.180115,77.180115,77.180115,77.180115,77.180115,77.180115,77.180115,77.180115,77.180115,77.180115,77.180115,77.180115,77.180115,77.180115,77.180115,74.309649,74.309649,74.309649,74.309649,0.0,0.0,100.0,101.0,102.0,101.0,101.0,354.0,1687.636,532.646,974.559,208.86599999999999,True,False,
2026-03-12 11:24:31,5.0,0.0,0.0,6.0,1.0,0.0,0.0,9.0,0.0,0.0,0.0,1.0,1.0,0.0,0.0,2.861,0.0,0.0,0.0,7.189131412439889,-546.0,0.0,6.868104708132964,233.0,0.0,0.0,4.977,107.0,4.961,456.0,0.683,1.0,4.947,198.0,4.932,195.0,4.93,251.0,4.973,42.0,24.02547,24.68061,24.70388,24.07738,50.311746625146895,29.37578,25.96046,25.79936,24.33514,24.5,29.5,28.0,25.0,25.0,0.0,910.25,,2.0,0.0,0.0,77.180115,77.180115,77.180115,77.180115,77.180115,77.180115,77.180115,77.180115,77.180115,77.180115,77.180115,77.180115,77.180115,77.180115,77.180115,77.180115,74.309649,74.309649,74.309649,74.309649,0.0,0.0,100.0,101.0,102.0,101.0,101.0,355.0,1666.183,532.539,979.506,208.86599999999999,True,False,
2026-03-12 11:24:32,5.0,0.0,0.0,6.0,2.0,0.0,0.0,9.0,0.0,0.0,0.0,1.0,1.0,0.0,0.0,2.861,0.0,0.0,0.0,7.197144539941241,-541.0,0.0,6.890481799804135,235.0,0.0,0.0,4.978,267.0,4.962,458.0,0.681,1.0,4.946,195.0,4.932,203.0,4.927,251.0,4.972,58.0,24.02726,24.6824,24.72715,24.08275,50.430850406580504,29.38652,25.96762,25.81547,24.32798,24.5,29.5,28.0,25.0,25.0,0.0,910.25,,2.0,0.0,0.0,77.180115,77.180115,77.180115,77.180115,77.180115,77.180115,77.180115,77.180115,77.180115,77.180115,77.180115,77.180115,77.180115,77.180115,77.180115,77.180115,74.309649,74.309649,74.309649,74.309649,0.0,0.0,100.0,101.0,102.0,101.0,101.0,356.0,1680.25,1329.126,964.4699999999999,288.37600000000003,True,False,
2026-03-12 11:24:33,5.0,0.0,0.0,6.0,3.0,0.0,0.0,9.0,0.0,0.0,0.0,1.0,1.0,0.0,0.0,2.867,0.0,0.0,0.0,7.203756468329899,-539.0,0.0,6.912521561099663,238.0,0.0,0.0,4.977,268.0,4.961,455.0,0.682,0.0,4.946,195.0,4.931,200.0,4.928,250.0,4.972,58.0,24.0201,24.68061,24.73431,24.08633,50.54995418801411,29.40084,25.98552,25.80115,24.3244,24.5,29.5,28.0,25.0,25.0,0.0,910.25,,2.0,0.0,0.0,77.180115,77.180115,77.180115,77.180115,77.180115,77.180115,77.180115,77.180115,77.180115,77.180115,77.180115,77.180115,77.180115,77.180115,77.180115,77.180115,74.309649,74.309649,74.309649,74.309649,0.0,0.0,100.0,101.0,102.0,101.0,101.0,357.0,1701.7,1333.836,964.4699999999999,288.37600000000003,True,False,
2026-03-12 11:24:34,5.0,0.0,0.0,6.0,4.0,0.0,0.0,9.0,0.0,0.0,0.0,1.0,1.0,0.0,0.0,2.865,0.0,0.0,0.0,7.210969653417198,-534.0,0.0,6.934232178057327,233.0,0.0,0.0,4.978,268.0,4.962,457.0,0.682,0.0,4.946,205.0,4.932,196.0,4.928,251.0,4.972,58.0,24.02726,24.68419,24.71104,24.08454,50.66905796944772,29.40084,25.98552,25.79936,24.33693,24.5,29.5,28.0,25.0,25.0,0.0,910.25,,2.0,0.0,0.0,77.180115,77.180115,77.180115,77.180115,77.180115,77.180115,77.180115,77.180115,77.180115,77.180115,77.180115,77.180115,77.180115,77.180115,77.180115,77.180115,74.309649,74.309649,74.309649,74.309649,0.0,0.0,100.0,101.0,102.0,101.0,101.0,358.0,1666.183,1334.104,1013.93,288.37600000000003,True,False,
2026-03-12 11:24:35,5.0,0.0,0.0,6.0,5.0,0.0,0.0,9.0,0.0,0.0,0.0,1.0,1.0,0.0,0.0,2.861,0.0,0.0,0.0,7.214789195632224,-556.0,0.0,6.953630652107414,237.0,0.0,0.0,4.978,109.0,4.962,457.0,0.681,0.0,4.948,200.0,4.931,195.0,4.928,248.0,4.972,62.0,24.02189,24.68956,24.71999,24.08812,50.78816175088133,29.40621,26.00879,25.81368,24.33335,24.5,29.5,28.0,25.0,25.0,0.0,910.25,,2.0,0.0,0.0,77.180115,77.180115,77.180115,77.180115,77.180115,77.180115,77.180115,77.180115,77.180115,77.180115,77.180115,77.180115,77.180115,77.180115,77.180115,77.180115,74.309649,74.309649,74.309649,74.309649,0.0,0.0,100.0,101.0,102.0,101.0,101.0,359.0,1694.787,542.602,989.6000000000001,308.264,True,False,
2026-03-12 11:24:36,5.0,0.0,0.0,6.0,6.0,0.0,0.0,9.0,0.0,0.0,0.0,1.0,1.0,0.0,0.0,2.865,0.0,0.0,0.0,7.22022256090985,-570.0,0.0,6.971741869699498,235.0,0.0,0.0,4.978,109.0,4.961,456.0,0.682,0.0,4.948,197.0,4.932,201.0,4.93,251.0,4.972,58.0,24.03621,24.68956,24.72357,24.08454,50.90726553231494,29.41516,26.01058,25.80652,24.34409,24.5,29.5,28.0,25.0,25.0,0.0,910.25,,2.0,0.0,0.0,77.180115,77.180115,77.180115,77.180115,77.180115,77.180115,77.180115,77.180115,77.180115,77.180115,77.180115,77.180115,77.180115,77.180115,77.180115,77.180115,74.309649,74.309649,74.309649,74.309649,0.0,0.0,100.0,101.0,102.0,101.0,101.0,360.0,1680.485,542.602,974.7560000000001,288.37600000000003,True,False,
2026-03-12 11:24:37,5.0,0.0,0.0,6.0,7.0,0.0,0.0,9.0,0.0,0.0,0.0,1.0,1.0,0.0,0.0,2.868,0.0,0.0,0.0,7.2252792980348195,-566.0,0.0,6.988597660116064,235.0,0.0,0.0,4.978,106.0,4.962,457.0,0.682,1.0,4.947,193.0,4.932,200.0,4.93,252.0,4.972,58.0,24.038,24.68598,24.73431,24.09707,51.026369313748546,29.42948,26.01595,25.79936,24.34588,24.5,29.5,28.0,25.0,25.0,0.0,910.25,,2.0,0.0,0.0,77.180115,77.180115,77.180115,77.180115,77.180115,77.180115,77.180115,77.180115,77.180115,77.180115,77.180115,77.180115,77.180115,77.180115,77.180115,77.180115,74.309649,74.309649,74.309649,74.309649,0.0,0.0,100.0,101.0,102.0,101.0,101.0,361.0,1680.485,527.668,954.771,288.37600000000003,True,False,
2026-03-12 11:24:38,5.0,0.0,0.0,6.0,8.0,0.0,0.0,9.0,0.0,0.0,0.0,1.0,1.0,0.0,0.0,2.868,0.0,0.0,0.0,7.229970756795116,-561.0,0.0,7.00323585598372,235.0,0.0,0.0,4.978,266.0,4.962,456.0,0.681,0.0,4.947,190.0,4.932,191.0,4.93,250.0,4.97,39.0,24.05053,24.68956,24.7182,24.0917,51.145473095182155,29.43485,26.02669,25.81726,24.33872,24.5,29.5,28.0,25.5,25.0,0.0,910.25,,2.0,0.0,0.0,77.180115,77.180115,77.180115,77.180115,77.180115,77.180115,77.180115,77.180115,77.180115,77.180115,77.180115,77.180115,77.180115,77.180115,77.180115,77.180115,74.309649,74.309649,74.309649,74.309649,0.0,0.0,100.0,101.0,102.0,101.0,101.0,362.0,1680.25,1324.148,939.9300000000001,193.82999999999998,True,False,
2026-03-12 11:24:39,5.0,0.0,0.0,6.0,9.0,0.0,0.0,9.0,0.0,0.0,0.0,1.0,1.0,0.0,0.0,2.872,0.0,0.0,0.0,7.233309810890385,-559.0,0.0,7.018699369634618,235.0,0.0,0.0,4.978,109.0,4.961,456.0,0.681,0.0,4.946,187.0,4.931,191.0,4.928,251.0,4.97,39.0,24.038,24.69851,24.72536,24.10244,51.26457687661576,29.44201,26.03564,25.82263,24.34409,24.5,29.5,28.0,25.0,25.0,0.0,910.25,,2.0,0.0,0.0,77.180115,77.180115,77.180115,77.180115,77.180115,77.180115,77.180115,77.180115,77.180115,77.180115,77.180115,77.180115,77.180115,77.180115,77.180115,77.180115,74.309649,74.309649,74.309649,74.309649,0.0,0.0,100.0,101.0,102.0,101.0,101.0,363.0,1680.485,542.602,924.9019999999999,193.82999999999998,True,False,
2026-03-12 11:24:40,5.0,0.0,0.0,6.0,,0.0,0.0,9.0,0.0,0.0,0.0,1.0,1.0,0.0,0.0,2.872,0.0,0.0,0.0,7.237310589096131,-552.0,0.0,7.033035296987103,235.0,0.0,0.0,4.977,107.0,4.962,456.0,0.681,0.0,4.948,191.0,4.932,200.0,4.93,251.0,4.971,60.0,24.05232,24.68956,24.73252,24.0917,51.38368065804937,29.45454,26.03564,25.82979,24.35483,24.5,29.5,28.0,25.0,25.0,0.0,910.25,,2.0,0.0,0.0,77.180115,77.180115,77.180115,77.180115,77.180115,77.180115,77.180115,77.180115,77.180115,77.180115,77.180115,77.180115,77.180115,77.180115,77.180115,77.180115,74.309649,74.309649,74.309649,74.309649,0.0,0.0,100.0,101.0,102.0,101.0,101.0,364.0,1680.72,532.539,945.0680000000001,298.26,True,False,
2026-03-12 11:24:41,5.0,0.0,0.0,6.0,,0.0,0.0,9.0,0.0,0.0,0.0,1.0,1.0,0.0,0.0,2.87,0.0,0.0,0.0,7.241988217714621,-549.0,0.0,7.043294059048737,236.0,0.0,0.0,4.978,109.0,4.962,455.0,0.681,0.0,4.947,186.0,4.932,202.0,4.93,250.0,4.971,60.0,24.05948,24.69672,24.74147,24.10602,51.50278443948298,29.4617,26.19495,25.83695,24.35304,24.5,29.5,28.0,25.0,25.0,0.0,910.25,,2.0,0.0,0.0,77.180115,77.180115,77.180115,77.180115,77.180115,77.180115,77.180115,77.180115,77.180115,77.180115,77.180115,77.180115,77.180115,77.180115,77.180115,77.180115,74.309649,74.309649,74.309649,74.309649,0.0,0.0,100.0,101.0,102.0,101.0,101.0,365.0,1687.4,542.602,920.142,298.26,True,False,
2026-03-12 11:24:42,5.0,0.0,0.0,6.0,,0.0,0.0,9.0,0.0,0.0,0.0,1.0,1.0,0.0,0.0,2.869,0.0,0.0,0.0,7.245358576861438,-543.0,0.0,7.054528589538127,231.0,0.0,0.0,4.978,109.0,4.962,456.0,0.681,0.0,4.946,203.0,4.931,195.0,4.928,251.0,4.971,60.0,24.038,24.69672,24.74147,24.11139,51.62188822091659,29.46349,26.20211,25.82621,24.34946,24.5,29.5,28.0,25.0,25.0,0.0,910.25,,2.0,0.0,0.0,77.180115,77.180115,77.180115,77.180115,77.180115,77.180115,77.180115,77.180115,77.180115,77.180115,77.180115,77.180115,77.180115,77.180115,77.180115,77.180115,74.309649,74.309649,74.309649,74.309649,0.0,0.0,100.0,101.0,102.0,101.0,101.0,366.0,1651.65,542.602,1004.0379999999999,298.26,True,False,
2026-03-12 11:24:43,5.0,0.0,0.0,6.0,,0.0,0.0,9.0,0.0,0.0,0.0,1.0,1.0,0.0,0.0,2.873,0.0,0.0,0.0,7.24843807265373,-539.0,0.0,7.065793575512435,232.0,0.0,0.0,4.98,109.0,4.962,456.0,0.681,0.0,4.947,206.0,4.932,203.0,4.928,251.0,4.971,38.0,24.04874,24.70388,24.73073,24.10602,51.74099200235019,29.47781,26.20748,25.83158,24.35304,24.5,29.5,28.0,25.5,25.0,0.0,910.25,,2.0,0.0,0.0,77.180115,77.180115,77.180115,77.180115,77.180115,77.180115,77.180115,77.180115,77.180115,77.180115,77.180115,77.180115,77.180115,77.180115,77.180115,77.180115,74.309649,74.309649,74.309649,74.309649,0.0,0.0,100.0,101.0,102.0,101.0,101.0,367.0,1659.032,542.82,1019.082,188.898,True,False,
2026-03-12 11:24:44,5.0,0.0,0.0,6.0,,0.0,0.0,9.0,0.0,0.0,0.0,1.0,1.0,0.0,0.0,2.875,0.0,0.0,0.0,7.2502434268928955,-534.0,0.0,7.074144756309654,237.0,0.0,0.0,4.978,266.0,4.962,456.0,0.681,0.0,4.947,207.0,4.932,197.0,4.928,251.0,4.975,43.0,24.05411,24.7182,24.74863,24.1096,51.8600957837838,29.48318,26.20748,25.83874,24.36378,24.5,29.5,28.0,25.5,25.0,0.0,910.25,,2.0,0.0,0.0,77.180115,77.180115,77.180115,77.180115,77.180115,77.180115,77.180115,77.180115,77.180115,77.180115,77.180115,77.180115,77.180115,77.180115,77.180115,77.180115,74.309649,74.309649,74.309649,74.309649,0.0,0.0,100.0,101.0,102.0,101.0,101.0,368.0,1694.5500000000002,1324.148,1024.029,213.92499999999998,True,False,
2026-03-12 11:24:45,5.0,0.0,0.0,6.0,,0.0,0.0,9.0,0.0,0.0,0.0,1.0,1.0,0.0,0.0,2.877,0.0,0.0,0.0,7.252791485379712,-549.0,0.0,7.080638284599039,235.0,0.0,0.0,4.978,107.0,4.962,456.0,0.681,0.0,4.947,205.0,4.932,203.0,4.928,250.0,4.975,43.0,24.05769,24.70746,24.74863,24.11676,51.97919956521741,29.4975,26.21464,25.83695,24.36378,24.5,29.5,28.0,25.5,25.0,0.0,910.25,,2.0,0.0,0.0,77.180115,77.180115,77.180115,77.180115,77.180115,77.180115,77.180115,77.180115,77.180115,77.180115,77.180115,77.180115,77.180115,77.180115,77.180115,77.180115,74.309649,74.309649,74.309649,74.309649,0.0,0.0,100.0,101.0,102.0,101.0,101.0,369.0,1679.78,532.646,1014.135,213.92499999999998,True,False,
2026-03-12 11:24:46,5.0,0.0,0.0,6.0,10.0,0.0,0.0,9.0,0.0,0.0,0.0,1.0,1.0,0.0,0.0,2.873,0.0,0.0,0.0,7.255099045571554,-548.0,0.0,7.090330151905181,236.0,0.0,0.0,4.978,109.0,4.962,458.0,0.681,0.0,4.947,205.0,4.932,196.0,4.93,250.0,4.976,43.0,24.06127,24.71641,24.75579,24.10781,52.098303346651015,29.49034,26.21464,25.83516,24.35304,24.5,29.5,28.0,25.5,25.0,0.0,910.25,,2.0,0.0,0.0,77.180115,77.180115,77.180115,77.180115,77.180115,77.180115,77.180115,77.180115,77.180115,77.180115,77.180115,77.180115,77.180115,77.180115,77.180115,77.180115,74.309649,74.309649,74.309649,74.309649,0.0,0.0,100.0,101.0,102.0,101.0,101.0,370.0,1687.4,542.602,1014.135,213.968,True,False,
2026-03-12 11:24:47,5.0,0.0,0.0,6.0,11.0,0.0,0.0,9.0,0.0,0.0,0.0,1.0,1.0,0.0,0.0,2.824,0.0,0.0,0.0,7.257182703895573,-542.0,0.0,7.095275679651911,232.0,0.0,0.0,4.977,109.0,4.961,455.0,0.682,1.0,4.947,205.0,4.931,190.0,4.93,251.0,4.976,43.0,24.06306,24.7182,24.75042,24.1275,52.217407128084616,29.50108,26.23791,25.83695,24.37273,24.5,30.0,28.0,25.0,25.0,0.0,910.25,,2.0,0.0,0.0,77.180115,77.180115,77.180115,77.180115,77.180115,77.180115,77.180115,77.180115,77.180115,77.180115,77.180115,77.180115,77.180115,77.180115,77.180115,77.180115,74.309649,74.309649,74.309649,74.309649,0.0,0.0,100.0,101.0,102.0,101.0,101.0,371.0,1658.336,542.493,1014.135,213.968,True,False,
2026-03-12 11:24:48,5.0,0.0,0.0,6.0,12.0,0.0,0.0,9.0,0.0,0.0,0.0,1.0,1.0,0.0,0.0,2.796,0.0,0.0,0.0,7.259058722673401,-540.0,0.0,7.101529075578003,236.0,0.0,0.0,4.978,267.0,4.962,453.0,0.681,0.0,4.947,205.0,4.931,195.0,4.928,250.0,4.971,58.0,24.05948,24.72536,24.75579,24.12392,52.336510909518225,29.51361,26.23433,25.828,24.36736,24.5,30.0,28.0,25.0,25.0,0.0,910.25,,2.0,0.0,0.0,77.180115,77.180115,77.180115,77.180115,77.180115,77.180115,77.180115,77.180115,77.180115,77.180115,77.180115,77.180115,77.180115,77.180115,77.180115,77.180115,74.309649,74.309649,74.309649,74.309649,0.0,0.0,100.0,101.0,102.0,101.0,101.0,372.0,1686.9279999999999,1329.126,1014.135,288.318,True,False,
2026-03-12 11:24:49,5.0,0.0,0.0,6.0,13.0,0.0,0.0,9.0,0.0,0.0,0.0,1.0,1.0,0.0,0.0,2.795,0.0,0.0,0.0,7.260742916295544,-534.0,0.0,7.10714305431848,236.0,0.0,0.0,4.977,267.0,4.962,455.0,0.682,0.0,4.948,206.0,4.933,198.0,4.93,248.0,4.971,58.0,24.06664,24.71641,24.76295,24.1275,52.45561469095183,29.52256,26.24865,25.84769,24.38347,24.5,30.0,28.0,25.5,25.0,0.0,910.25,,2.0,0.0,0.0,77.180115,77.180115,77.180115,77.180115,77.180115,77.180115,77.180115,77.180115,77.180115,77.180115,77.180115,77.180115,77.180115,77.180115,77.180115,77.180115,74.309649,74.309649,74.309649,74.309649,0.0,0.0,100.0,101.0,102.0,101.0,101.0,373.0,1686.9279999999999,1328.8590000000002,1019.2880000000001,288.318,True,False,
2026-03-12 11:24:50,5.0,0.0,0.0,6.0,14.0,0.0,0.0,9.0,0.0,0.0,0.0,1.0,1.0,0.0,0.0,2.795,0.0,0.0,0.0,7.262250556009198,-545.0,0.0,7.1141685200306615,235.0,0.0,0.0,4.978,107.0,4.962,455.0,0.682,0.0,4.947,203.0,4.932,195.0,4.928,250.0,4.971,62.0,24.05948,24.72178,24.76116,24.12392,52.57471847238544,29.53867,26.2576,25.84948,24.37094,24.5,30.0,28.0,25.5,25.0,0.0,910.25,,2.0,0.0,0.0,77.180115,77.180115,77.180115,77.180115,77.180115,77.180115,77.180115,77.180115,77.180115,77.180115,77.180115,77.180115,77.180115,77.180115,77.180115,77.180115,74.309649,74.309649,74.309649,74.309649,0.0,0.0,100.0,101.0,102.0,101.0,101.0,374.0,1680.25,532.646,1004.241,308.202,True,False,
2026-03-12 11:24:51,5.0,0.0,0.0,6.0,15.0,0.0,0.0,9.0,0.0,0.0,0.0,1.0,1.0,0.0,0.0,2.793,0.0,0.0,0.0,7.263596292452589,-557.0,0.0,7.116654308175298,233.0,0.0,0.0,4.978,107.0,4.962,456.0,0.681,0.0,4.947,200.0,4.932,198.0,4.928,248.0,4.971,62.0,24.0559,24.72536,24.75937,24.12392,52.69382225381905,29.53867,26.25402,25.84948,24.3781,24.5,30.0,28.0,25.5,25.0,0.0,910.25,,2.0,0.0,0.0,77.180115,77.180115,77.180115,77.180115,77.180115,77.180115,77.180115,77.180115,77.180115,77.180115,77.180115,77.180115,77.180115,77.180115,77.180115,77.180115,74.309649,74.309649,74.309649,74.309649,0.0,0.0,100.0,101.0,102.0,101.0,101.0,375.0,1665.484,532.646,989.4,308.202,True,False,
2026-03-12 11:24:52,5.0,0.0,0.0,6.0,16.0,0.0,0.0,9.0,0.0,0.0,0.0,1.0,1.0,0.0,0.0,2.856,0.0,0.0,0.0,7.264794094881899,-567.0,0.0,7.120646982939665,572.0,0.0,0.0,4.978,268.0,4.961,455.0,0.682,0.0,4.947,197.0,4.931,192.0,4.93,248.0,4.971,58.0,24.07022,24.72715,24.75937,24.13287,52.81292603525266,29.54941,26.26297,25.85306,24.3781,24.5,30.0,28.0,25.5,25.0,0.0,910.25,,2.0,0.0,0.0,77.180115,77.180115,77.180115,77.180115,77.180115,77.180115,77.180115,77.180115,77.180115,77.180115,77.180115,77.180115,77.180115,77.180115,77.180115,77.180115,74.309649,74.309649,74.309649,74.309649,0.0,0.0,100.0,101.0,102.0,101.0,101.0,376.0,4088.656,1334.104,974.559,288.318,True,False,
2026-03-12 11:24:53,5.0,0.0,0.0,6.0,17.0,0.0,0.0,9.0,0.0,0.0,0.0,1.0,1.0,0.0,0.0,2.877,0.0,0.0,0.0,7.2658572058920265,-563.0,0.0,7.124190686306755,570.0,0.0,0.0,4.978,267.0,4.961,456.0,0.682,0.0,4.947,192.0,4.932,201.0,4.93,251.0,4.971,58.0,24.06306,24.72894,24.76653,24.13645,52.93202981668627,29.54941,26.2755,25.85664,24.37273,24.5,30.0,28.0,25.5,25.0,0.0,910.25,,2.0,0.0,0.0,77.180115,77.180115,77.180115,77.180115,77.180115,77.180115,77.180115,77.180115,77.180115,77.180115,77.180115,77.180115,77.180115,77.180115,77.180115,77.180115,74.309649,74.309649,74.309649,74.309649,0.0,0.0,100.0,101.0,102.0,101.0,101.0,377.0,4074.3599999999997,1329.126,949.8240000000001,288.318,True,False,
2026-03-12 11:24:54,5.0,0.0,0.0,6.0,18.0,0.0,0.0,9.0,0.0,0.0,0.0,1.0,1.0,0.0,0.0,2.881,0.0,0.0,0.0,7.268798110327812,-559.0,0.0,7.129327034426038,570.0,0.0,0.0,4.977,109.0,4.962,462.0,0.682,0.0,4.947,188.0,4.932,201.0,4.93,250.0,4.972,39.0,24.06306,24.72894,24.76116,24.14898,53.051133598119876,29.5691,26.27192,25.85127,24.38526,24.5,30.0,28.0,25.5,25.0,0.0,910.25,,2.0,0.0,0.0,77.180115,77.180115,77.180115,77.180115,77.180115,77.180115,77.180115,77.180115,77.180115,77.180115,77.180115,77.180115,77.180115,77.180115,77.180115,77.180115,74.309649,74.309649,74.309649,74.309649,0.0,0.0,100.0,101.0,102.0,101.0,101.0,378.0,4075.5,542.493,930.0360000000001,193.90800000000002,True,False,
2026-03-12 11:24:55,5.0,0.0,0.0,6.0,19.0,0.0,0.0,9.0,0.0,0.0,0.0,1.0,1.0,0.0,0.0,2.882,0.0,0.0,0.0,7.269628517015136,-555.0,0.0,7.130095056717118,572.0,0.0,0.0,4.977,267.0,4.96,460.0,0.681,0.0,4.946,186.0,4.931,195.0,4.931,250.0,4.972,39.0,24.07201,24.73431,24.76832,24.1454,53.170237379553484,29.56373,26.28445,25.86022,24.39242,24.5,30.0,28.0,25.5,25.0,0.0,910.25,,2.0,0.0,0.0,77.180115,77.180115,77.180115,77.180115,77.180115,77.180115,77.180115,77.180115,77.180115,77.180115,77.180115,77.180115,77.180115,77.180115,77.180115,77.180115,74.309649,74.309649,74.309649,74.309649,0.0,0.0,100.0,101.0,102.0,101.0,101.0,379.0,4088.656,1328.8590000000002,919.9559999999999,193.90800000000002,True,False,
2026-03-12 11:24:56,5.0,0.0,0.0,6.0,,0.0,0.0,9.0,0.0,0.0,0.0,1.0,1.0,0.0,0.0,2.883,0.0,0.0,0.0,7.268359351908159,-549.0,0.0,7.132531173027198,570.0,0.0,0.0,4.978,268.0,4.961,462.0,0.681,0.0,4.948,190.0,4.931,193.0,4.928,248.0,4.971,58.0,24.06664,24.73968,24.76116,24.14719,53.28934116098709,29.58342,26.2934,25.85664,24.39242,24.5,30.0,28.0,25.5,25.0,0.0,910.25,,2.0,0.0,0.0,77.180115,77.180115,77.180115,77.180115,77.180115,77.180115,77.180115,77.180115,77.180115,77.180115,77.180115,77.180115,77.180115,77.180115,77.180115,77.180115,74.309649,74.309649,74.309649,74.309649,0.0,0.0,100.0,101.0,102.0,101.0,101.0,380.0,4074.3599999999997,1334.104,940.1200000000001,288.318,True,False,
2026-03-12 11:24:57,5.0,0.0,0.0,6.0,,0.0,0.0,9.0,0.0,0.0,0.0,1.0,1.0,0.0,0.0,2.887,0.0,0.0,0.0,7.271000761246233,-544.0,0.0,7.13366920415411,571.0,0.0,0.0,4.977,266.0,4.962,462.0,0.681,1.0,4.947,185.0,4.932,200.0,4.93,250.0,4.971,58.0,24.06664,24.73431,24.7719,24.15077,53.4084449424207,29.587,26.30951,25.87096,24.39242,24.5,30.0,28.0,25.5,25.0,0.0,910.25,,2.0,0.0,0.0,77.180115,77.180115,77.180115,77.180115,77.180115,77.180115,77.180115,77.180115,77.180115,77.180115,77.180115,77.180115,77.180115,77.180115,77.180115,77.180115,74.309649,74.309649,74.309649,74.309649,0.0,0.0,100.0,101.0,102.0,101.0,101.0,381.0,4080.9370000000004,1323.882,915.195,288.318,True,False,
2026-03-12 11:24:58,5.0,0.0,0.0,6.0,,0.0,0.0,9.0,0.0,0.0,0.0,1.0,1.0,0.0,0.0,2.885,0.0,0.0,0.0,7.270562123337792,-541.0,0.0,7.135540411125976,570.0,0.0,0.0,4.978,267.0,4.962,461.0,0.681,0.0,4.947,188.0,4.932,198.0,4.93,250.0,4.971,58.0,24.0738,24.74684,24.77727,24.1454,53.52754872385431,29.59058,26.2934,25.86738,24.39242,24.5,30.0,28.0,25.5,25.0,0.0,910.25,,2.0,0.0,0.0,77.180115,77.180115,77.180115,77.180115,77.180115,77.180115,77.180115,77.180115,77.180115,77.180115,77.180115,77.180115,77.180115,77.180115,77.180115,77.180115,74.309649,74.309649,74.309649,74.309649,0.0,0.0,100.0,101.0,102.0,101.0,101.0,382.0,4073.79,1329.126,930.0360000000001,288.318,True,False,
2026-03-12 11:24:59,5.0,0.0,0.0,6.0,,0.0,0.0,9.0,0.0,0.0,0.0,1.0,1.0,0.0,0.0,2.881,0.0,0.0,0.0,7.272052067634825,-536.0,0.0,7.1401735587827515,237.0,0.0,0.0,4.977,268.0,4.962,463.0,0.681,0.0,4.947,205.0,4.93,192.0,4.93,248.0,4.971,58.0,24.08096,24.74326,24.78085,24.15435,53.64665250528792,29.59953,26.3113,25.87096,24.40495,24.5,30.0,28.0,25.5,25.0,0.0,910.25,,2.0,0.0,0.0,77.180115,77.180115,77.180115,77.180115,77.180115,77.180115,77.180115,77.180115,77.180115,77.180115,77.180115,77.180115,77.180115,77.180115,77.180115,77.180115,74.309649,74.309649,74.309649,74.309649,0.0,0.0,100.0,101.0,102.0,101.0,101.0,383.0,1694.5500000000002,1333.836,1014.135,288.318,True,False,
2026-03-12 11:25:00,5.0,0.0,0.0,6.0,,0.0,0.0,9.0,0.0,0.0,0.0,1.0,1.0,0.0,0.0,2.848,0.0,0.0,0.0,7.271478499826229,-537.0,0.0,7.139594999420765,571.0,0.0,0.0,4.978,267.0,4.961,462.0,0.682,0.0,4.946,203.0,4.93,192.0,4.93,251.0,4.973,45.0,24.08812,24.73968,24.78443,24.15256,53.76575628672152,29.6049,26.32204,25.87454,24.39779,24.5,30.0,28.0,25.5,25.0,0.0,910.25,,2.0,0.0,0.0,77.180115,77.180115,77.180115,77.180115,77.180115,77.180115,77.180115,77.180115,77.180115,77.180115,77.180115,77.180115,77.180115,77.180115,77.180115,77.180115,74.309649,74.309649,74.309649,74.309649,0.0,0.0,100.0,101.0,102.0,101.0,101.0,384.0,4081.508,1329.126,1004.0379999999999,223.785,True,False,
2026-03-12 11:25:01,5.0,0.0,0.0,6.0,,0.0,0.0,9.0,0.0,0.0,0.0,1.0,1.0,0.0,0.0,2.846,0.0,0.0,0.0,7.2718486317577975,-564.0,0.0,7.139828772525993,573.0,0.0,0.0,4.978,267.0,4.961,461.0,0.682,0.0,4.947,206.0,4.933,197.0,4.928,248.0,4.973,45.0,24.08275,24.74684,24.77906,24.16867,53.88486006815513,29.61922,26.33457,25.86917,24.40137,24.5,30.0,28.0,25.5,25.0,0.0,910.25,,2.0,0.0,0.0,77.180115,77.180115,77.180115,77.180115,77.180115,77.180115,77.180115,77.180115,77.180115,77.180115,77.180115,77.180115,77.180115,77.180115,77.180115,77.180115,74.309649,74.309649,74.309649,74.309649,0.0,0.0,100.0,101.0,102.0,101.0,101.0,385.0,4095.231,1329.126,1019.082,223.785,True,False,
2026-03-12 11:25:02,5.0,0.0,0.0,6.0,20.0,0.0,0.0,9.0,0.0,0.0,0.0,1.0,1.0,0.0,0.0,2.841,0.0,0.0,0.0,7.272169015076836,-567.0,0.0,7.141896716922784,572.0,0.0,0.0,4.978,268.0,4.961,461.0,0.681,0.0,4.947,207.0,4.932,200.0,4.93,250.0,4.975,42.0,24.09349,24.75758,24.78264,24.16151,54.003963849588736,29.6228,26.33099,25.87633,24.41211,24.5,30.0,28.0,25.5,25.0,0.0,910.25,,2.0,0.0,0.0,77.180115,77.180115,77.180115,77.180115,77.180115,77.180115,77.180115,77.180115,77.180115,77.180115,77.180115,77.180115,77.180115,77.180115,77.180115,77.180115,74.309649,74.309649,74.309649,74.309649,0.0,0.0,100.0,101.0,102.0,101.0,101.0,386.0,4088.656,1334.104,1024.029,208.95,True,False,
2026-03-12 11:25:03,5.0,0.0,0.0,6.0,21.0,0.0,0.0,9.0,0.0,0.0,0.0,1.0,1.0,0.0,0.0,2.856,0.0,0.0,0.0,7.271445577597252,-564.0,0.0,7.14581859199084,233.0,0.0,0.0,4.977,266.0,4.961,466.0,0.681,0.0,4.947,206.0,4.931,196.0,4.93,247.0,4.975,42.0,24.09349,24.754,24.79159,24.15972,54.123067631022344,29.63533,26.34173,25.87812,24.41211,24.5,30.0,28.0,25.5,25.0,0.0,910.25,,2.0,0.0,0.0,77.180115,77.180115,77.180115,77.180115,77.180115,77.180115,77.180115,77.180115,77.180115,77.180115,77.180115,77.180115,77.180115,77.180115,77.180115,77.180115,74.309649,74.309649,74.309649,74.309649,0.0,0.0,100.0,101.0,102.0,101.0,101.0,387.0,1666.183,1323.882,1019.082,208.95,True,False,
2026-03-12 11:25:04,5.0,0.0,0.0,6.0,22.0,0.0,0.0,9.0,0.0,0.0,0.0,1.0,1.0,0.0,0.0,2.852,0.0,0.0,0.0,7.271683661483181,-560.0,0.0,7.143612204943937,233.0,0.0,0.0,4.978,267.0,4.96,445.0,0.681,0.0,4.947,205.0,4.931,191.0,4.928,247.0,4.971,58.0,24.08275,24.75579,24.79517,24.17046,54.242171412455946,29.64249,26.34352,25.87812,24.41032,24.5,30.0,28.0,25.5,25.0,0.0,910.25,,2.0,0.0,0.0,77.180115,77.180115,77.180115,77.180115,77.180115,77.180115,77.180115,77.180115,77.180115,77.180115,77.180115,77.180115,77.180115,77.180115,77.180115,77.180115,74.309649,74.309649,74.309649,74.309649,0.0,0.0,100.0,101.0,102.0,101.0,101.0,388.0,1665.484,1329.126,1014.135,288.318,True,False,
2026-03-12 11:25:05,5.0,0.0,0.0,6.0,23.0,0.0,0.0,9.0,0.0,0.0,0.0,1.0,1.0,0.0,0.0,2.863,0.0,0.0,0.0,7.271888062453034,-554.0,0.0,7.144293541510115,235.0,0.0,0.0,4.978,267.0,4.963,451.0,0.681,0.0,4.947,205.0,4.931,196.0,4.928,247.0,4.971,58.0,24.08454,24.76116,24.79338,24.16688,54.361275193889554,29.64786,26.35605,25.88528,24.42643,24.5,30.0,28.0,25.5,25.0,0.0,910.25,,2.0,0.0,0.0,77.180115,77.180115,77.180115,77.180115,77.180115,77.180115,77.180115,77.180115,77.180115,77.180115,77.180115,77.180115,77.180115,77.180115,77.180115,77.180115,74.309649,74.309649,74.309649,74.309649,0.0,0.0,100.0,101.0,102.0,101.0,101.0,389.0,1679.78,1329.126,1014.135,288.318,True,False,
2026-03-12 11:25:06,5.0,0.0,0.0,6.0,24.0,0.0,0.0,9.0,0.0,0.0,0.0,1.0,1.0,0.0,0.0,2.863,0.0,0.0,0.0,7.271063069309019,-550.0,0.0,7.14687689769673,235.0,0.0,0.0,4.977,267.0,4.963,451.0,0.681,0.0,4.948,202.0,4.933,198.0,4.928,248.0,4.972,58.0,24.09528,24.75937,24.79875,24.16867,54.48037897532316,29.65681,26.36679,25.89244,24.4139,24.5,30.0,28.0,25.5,25.0,0.0,910.25,,2.0,0.0,0.0,77.180115,77.180115,77.180115,77.180115,77.180115,77.180115,77.180115,77.180115,77.180115,77.180115,77.180115,77.180115,77.180115,77.180115,77.180115,77.180115,74.309649,74.309649,74.309649,74.309649,0.0,0.0,100.0,101.0,102.0,101.0,101.0,390.0,1680.25,1328.8590000000002,999.4960000000001,288.37600000000003,True,False,
2026-03-12 11:25:07,5.0,0.0,0.0,6.0,25.0,0.0,0.0,9.0,0.0,0.0,0.0,1.0,1.0,0.0,0.0,2.862,0.0,0.0,0.0,7.271212503197455,-545.0,0.0,7.145375010658181,232.0,0.0,0.0,4.978,267.0,4.962,452.0,0.682,0.0,4.948,200.0,4.93,193.0,4.93,248.0,4.972,58.0,24.09528,24.76653,24.80233,24.16867,54.59948275675677,29.66934,26.35784,25.88528,24.41569,24.5,30.0,28.0,25.5,25.0,0.0,910.25,,2.0,0.0,0.0,77.180115,77.180115,77.180115,77.180115,77.180115,77.180115,77.180115,77.180115,77.180115,77.180115,77.180115,77.180115,77.180115,77.180115,77.180115,77.180115,74.309649,74.309649,74.309649,74.309649,0.0,0.0,100.0,101.0,102.0,101.0,101.0,391.0,1658.336,1329.126,989.6000000000001,288.37600000000003,True,False,
2026-03-12 11:25:08,5.0,0.0,0.0,6.0,26.0,0.0,0.0,9.0,0.0,0.0,0.0,1.0,1.0,0.0,0.0,2.861,0.0,0.0,0.0,7.272339756101173,-537.0,0.0,7.147799187003913,235.0,0.0,0.0,4.978,268.0,4.962,452.0,0.682,0.0,4.948,193.0,4.931,192.0,4.93,247.0,4.971,60.0,24.09886,24.76653,24.80412,24.16688,54.71858653819038,29.67113,26.36321,25.88886,24.42285,24.5,30.0,28.0,25.5,25.0,0.0,910.25,,2.0,0.0,0.0,77.180115,77.180115,77.180115,77.180115,77.180115,77.180115,77.180115,77.180115,77.180115,77.180115,77.180115,77.180115,77.180115,77.180115,77.180115,77.180115,74.309649,74.309649,74.309649,74.309649,0.0,0.0,100.0,101.0,102.0,101.0,101.0,392.0,1680.25,1334.104,954.964,298.26,True,False,
2026-03-12 11:25:09,5.0,0.0,0.0,6.0,27.0,0.0,0.0,9.0,0.0,0.0,0.0,1.0,1.0,0.0,0.0,2.862,0.0,0.0,0.0,7.271447828155443,-531.0,0.0,7.14615942718481,232.0,0.0,0.0,4.98,267.0,4.962,451.0,0.682,0.0,4.948,192.0,4.932,195.0,4.93,248.0,4.971,60.0,24.10065,24.76832,24.79696,24.16867,54.83769031962399,29.6765,26.37216,25.89065,24.42464,24.5,30.0,28.0,25.5,25.0,0.0,910.25,,2.0,0.0,0.0,77.180115,77.180115,77.180115,77.180115,77.180115,77.180115,77.180115,77.180115,77.180115,77.180115,77.180115,77.180115,77.180115,77.180115,77.180115,77.180115,74.309649,74.309649,74.309649,74.309649,0.0,0.0,100.0,101.0,102.0,101.0,101.0,393.0,1658.336,1329.66,950.0160000000001,298.26,True,False,
2026-03-12 11:25:10,5.0,0.0,0.0,6.0,28.0,0.0,0.0,9.0,0.0,0.0,0.0,1.0,1.0,0.0,0.0,2.864,0.0,0.0,0.0,7.272539363462355,-526.0,0.0,7.14646454487452,236.0,0.0,0.0,4.977,266.0,4.962,452.0,0.682,0.0,4.946,190.0,4.933,200.0,4.928,252.0,4.971,58.0,24.10781,24.76832,24.81307,24.18657,54.956794101057596,29.67829,26.37932,25.89423,24.41032,24.5,30.0,28.0,25.5,25.0,0.0,910.25,,2.0,0.0,0.0,77.180115,77.180115,77.180115,77.180115,77.180115,77.180115,77.180115,77.180115,77.180115,77.180115,77.180115,77.180115,77.180115,77.180115,77.180115,77.180115,74.309649,74.309649,74.309649,74.309649,0.0,0.0,100.0,101.0,102.0,101.0,101.0,394.0,1686.9279999999999,1323.882,939.7399999999999,288.318,True,False,
2026-03-12 11:25:11,5.0,0.0,0.0,6.0,29.0,0.0,0.0,9.0,0.0,0.0,0.0,1.0,1.0,0.0,0.0,2.865,0.0,0.0,0.0,7.2716166841548,-547.0,0.0,7.1467222805159984,237.0,0.0,0.0,4.978,270.0,4.962,452.0,0.682,0.0,4.947,188.0,4.933,195.0,4.931,247.0,4.971,58.0,24.10423,24.76832,24.80233,24.1812,55.075897882491205,29.6944,26.39185,25.89781,24.43001,24.5,30.0,28.0,25.5,25.0,0.0,910.25,,2.0,0.0,0.0,77.180115,77.180115,77.180115,77.180115,77.180115,77.180115,77.180115,77.180115,77.180115,77.180115,77.180115,77.180115,77.180115,77.180115,77.180115,77.180115,74.309649,74.309649,74.309649,74.309649,0.0,0.0,100.0,101.0,102.0,101.0,101.0,395.0,1694.076,1344.06,930.0360000000001,288.318,True,False,
2026-03-12 11:25:12,5.0,0.0,0.0,6.0,,0.0,0.0,9.0,0.0,0.0,0.0,1.0,1.0,0.0,0.0,2.865,0.0,0.0,0.0,7.271681822529503,-564.0,0.0,7.145939408431678,235.0,0.0,0.0,4.977,267.0,4.961,456.0,0.682,0.0,4.947,188.0,4.931,195.0,4.928,248.0,4.971,39.0,24.11139,24.78085,24.81128,24.18836,55.19500166392481,29.6944,26.39185,25.90497,24.4318,24.5,30.0,28.0,25.5,25.0,0.0,910.25,,2.0,0.0,0.0,77.180115,77.180115,77.180115,77.180115,77.180115,77.180115,77.180115,77.180115,77.180115,77.180115,77.180115,77.180115,77.180115,77.180115,77.180115,77.180115,74.309649,74.309649,74.309649,74.309649,0.0,0.0,100.0,101.0,102.0,101.0,101.0,396.0,1679.545,1328.8590000000002,930.0360000000001,193.869,True,False,
2026-03-12 11:25:13,5.0,0.0,0.0,6.0,,0.0,0.0,9.0,0.0,0.0,0.0,1.0,1.0,0.0,0.0,2.866,0.0,0.0,0.0,7.271736551129203,-560.0,0.0,7.147121837097343,235.0,0.0,0.0,4.977,268.0,4.961,455.0,0.682,0.0,4.946,186.0,4.931,195.0,4.93,251.0,4.971,39.0,24.10244,24.77548,24.80412,24.18657,55.31410544535842,29.70514,26.40259,25.89602,24.43538,24.5,30.0,28.0,25.5,25.0,0.0,910.25,,2.0,0.0,0.0,77.180115,77.180115,77.180115,77.180115,77.180115,77.180115,77.180115,77.180115,77.180115,77.180115,77.180115,77.180115,77.180115,77.180115,77.180115,77.180115,74.309649,74.309649,74.309649,74.309649,0.0,0.0,100.0,101.0,102.0,101.0,101.0,397.0,1679.78,1333.836,919.9559999999999,193.869,True,False,
2026-03-12 11:25:14,5.0,0.0,0.0,6.0,,0.0,0.0,9.0,0.0,0.0,0.0,1.0,1.0,0.0,0.0,2.864,0.0,0.0,0.0,7.270782410706646,-557.0,0.0,7.147274702355488,237.0,0.0,0.0,4.978,267.0,4.961,455.0,0.681,0.0,4.946,190.0,4.933,202.0,4.93,248.0,4.975,43.0,24.1096,24.78443,24.81128,24.18657,55.43320922679203,29.70514,26.4008,25.89065,24.4318,24.5,30.0,28.0,25.5,25.0,0.0,910.25,,2.0,0.0,0.0,77.180115,77.180115,77.180115,77.180115,77.180115,77.180115,77.180115,77.180115,77.180115,77.180115,77.180115,77.180115,77.180115,77.180115,77.180115,77.180115,74.309649,74.309649,74.309649,74.309649,0.0,0.0,100.0,101.0,102.0,101.0,101.0,398.0,1694.076,1329.126,939.7399999999999,213.92499999999998,True,False,
2026-03-12 11:25:15,5.0,0.0,0.0,6.0,,0.0,0.0,9.0,0.0,0.0,0.0,1.0,1.0,0.0,0.0,2.85,0.0,0.0,0.0,7.271820736048259,-552.0,0.0,7.147402453494196,236.0,0.0,0.0,4.977,268.0,4.962,453.0,0.681,0.0,4.947,206.0,4.932,198.0,4.93,248.0,4.975,43.0,24.11497,24.78085,24.81665,24.20447,55.55231300822564,29.70872,26.42407,25.89781,24.43896,24.5,30.0,28.0,25.5,25.0,0.0,910.25,,2.0,0.0,0.0,77.180115,77.180115,77.180115,77.180115,77.180115,77.180115,77.180115,77.180115,77.180115,77.180115,77.180115,77.180115,77.180115,77.180115,77.180115,77.180115,74.309649,74.309649,74.309649,74.309649,0.0,0.0,100.0,101.0,102.0,101.0,101.0,399.0,1686.9279999999999,1333.836,1019.082,213.92499999999998,True,False,
2026-03-12 11:25:16,5.0,0.0,0.0,6.0,,0.0,0.0,9.0,0.0,0.0,0.0,1.0,1.0,0.0,0.0,2.843,0.0,0.0,0.0,7.270852679673117,-547.0,0.0,7.147508932243726,231.0,0.0,0.0,4.977,266.0,4.962,451.0,0.682,0.0,4.946,205.0,4.932,188.0,4.928,248.0,4.975,43.0,24.11676,24.77906,24.82023,24.19731,55.67141678965925,29.73199,26.42407,25.91571,24.44254,24.5,30.0,28.0,25.5,25.0,0.0,910.25,,2.0,0.0,0.0,77.180115,77.180115,77.180115,77.180115,77.180115,77.180115,77.180115,77.180115,77.180115,77.180115,77.180115,77.180115,77.180115,77.180115,77.180115,77.180115,74.309649,74.309649,74.309649,74.309649,0.0,0.0,100.0,101.0,102.0,101.0,101.0,400.0,1651.1879999999999,1323.882,1013.93,213.92499999999998,True,False,
2026-03-12 11:25:17,5.0,0.0,0.0,6.0,,0.0,0.0,9.0,0.0,0.0,0.0,1.0,1.0,0.0,0.0,2.857,0.0,0.0,0.0,7.271879233453955,-545.0,0.0,7.147597444846516,232.0,0.0,0.0,4.978,267.0,4.962,452.0,0.681,0.0,4.946,202.0,4.931,195.0,4.928,248.0,4.975,46.0,24.12571,24.77548,24.81486,24.20268,55.79052057109285,29.74273,26.42944,25.90676,24.45149,24.5,30.0,28.0,25.5,25.0,0.0,910.25,,2.0,0.0,0.0,77.180115,77.180115,77.180115,77.180115,77.180115,77.180115,77.180115,77.180115,77.180115,77.180115,77.180115,77.180115,77.180115,77.180115,77.180115,77.180115,74.309649,74.309649,74.309649,74.309649,0.0,0.0,100.0,101.0,102.0,101.0,101.0,401.0,1658.336,1329.126,999.092,228.85,True,False,
2026-03-12 11:25:18,5.0,0.0,0.0,6.0,30.0,0.0,0.0,9.0,0.0,0.0,0.0,1.0,1.0,0.0,0.0,2.856,0.0,0.0,0.0,7.272901248231702,-544.0,0.0,7.147670827439008,233.0,0.0,0.0,4.978,266.0,4.962,452.0,0.681,0.0,4.946,203.0,4.932,191.0,4.928,248.0,4.975,43.0,24.11497,24.78801,24.82202,24.20805,55.90962435252646,29.74989,26.43481,25.91392,24.45149,24.5,30.0,28.0,25.5,25.0,0.0,910.25,,2.0,0.0,0.0,77.180115,77.180115,77.180115,77.180115,77.180115,77.180115,77.180115,77.180115,77.180115,77.180115,77.180115,77.180115,77.180115,77.180115,77.180115,77.180115,74.309649,74.309649,74.309649,74.309649,0.0,0.0,100.0,101.0,102.0,101.0,101.0,402.0,1665.484,1324.148,1004.0379999999999,213.92499999999998,True,False,
2026-03-12 11:25:19,5.0,0.0,0.0,6.0,31.0,0.0,0.0,9.0,0.0,0.0,0.0,1.0,1.0,0.0,0.0,2.855,0.0,0.0,0.0,7.271919451514261,-540.0,0.0,7.147731505047535,235.0,0.0,0.0,4.978,267.0,4.962,455.0,0.682,0.0,4.946,205.0,4.933,196.0,4.928,247.0,4.975,43.0,24.13466,24.78801,24.83097,24.20447,56.028728133960065,29.76242,26.43839,25.91571,24.45149,24.5,30.0,28.0,25.5,25.0,0.0,910.25,,2.0,0.0,0.0,77.180115,77.180115,77.180115,77.180115,77.180115,77.180115,77.180115,77.180115,77.180115,77.180115,77.180115,77.180115,77.180115,77.180115,77.180115,77.180115,74.309649,74.309649,74.309649,74.309649,0.0,0.0,100.0,101.0,102.0,101.0,101.0,403.0,1679.78,1329.126,1013.93,213.92499999999998,True,False,
2026-03-12 11:25:20,5.0,0.0,0.0,6.0,32.0,0.0,0.0,9.0,0.0,0.0,0.0,1.0,1.0,0.0,0.0,2.854,0.0,0.0,0.0,7.269934463364267,-536.0,0.0,7.14678154454756,233.0,0.0,0.0,4.977,268.0,4.963,455.0,0.682,0.0,4.947,206.0,4.932,201.0,4.93,250.0,4.971,61.0,24.1275,24.79517,24.81844,24.20626,56.147831915393674,29.76958,26.44913,25.91213,24.45328,24.5,30.0,28.0,25.5,25.0,0.0,910.25,,2.0,0.0,0.0,77.180115,77.180115,77.180115,77.180115,77.180115,77.180115,77.180115,77.180115,77.180115,77.180115,77.180115,77.180115,77.180115,77.180115,77.180115,77.180115,74.309649,74.309649,74.309649,74.309649,0.0,0.0,100.0,101.0,102.0,101.0,101.0,404.0,1665.251,1333.836,1019.082,303.231,True,False,
2026-03-12 11:25:21,5.0,0.0,0.0,6.0,33.0,0.0,0.0,9.0,0.0,0.0,0.0,1.0,1.0,0.0,0.0,2.855,0.0,0.0,0.0,7.2719468105903164,-534.0,0.0,7.149822701967722,236.0,0.0,0.0,4.977,267.0,4.962,451.0,0.681,0.0,4.948,205.0,4.932,196.0,4.928,247.0,4.971,61.0,24.12929,24.79875,24.83097,24.20984,56.266935696827275,29.76779,26.45271,25.91571,24.46223,24.5,30.0,28.0,25.5,25.0,0.0,910.25,,2.0,0.0,0.0,77.180115,77.180115,77.180115,77.180115,77.180115,77.180115,77.180115,77.180115,77.180115,77.180115,77.180115,77.180115,77.180115,77.180115,77.180115,77.180115,74.309649,74.309649,74.309649,74.309649,0.0,0.0,100.0,101.0,102.0,101.0,101.0,405.0,1687.4,1328.8590000000002,1014.34,303.231,True,False,
2026-03-12 11:25:22,5.0,0.0,0.0,6.0,34.0,0.0,0.0,9.0,0.0,0.0,0.0,1.0,1.0,0.0,0.0,2.848,0.0,0.0,0.0,7.270956939361911,-544.0,0.0,7.147856464539703,231.0,0.0,0.0,4.977,268.0,4.962,452.0,0.681,0.0,4.946,201.0,4.933,198.0,4.93,246.0,4.971,61.0,24.1275,24.80412,24.84171,24.20984,56.386039478260884,29.77137,26.45808,25.91392,24.44612,24.5,30.0,28.0,25.5,25.0,0.0,910.25,,2.0,0.0,0.0,77.180115,77.180115,77.180115,77.180115,77.180115,77.180115,77.180115,77.180115,77.180115,77.180115,77.180115,77.180115,77.180115,77.180115,77.180115,77.180115,74.309649,74.309649,74.309649,74.309649,0.0,0.0,100.0,101.0,102.0,101.0,101.0,406.0,1651.1879999999999,1333.836,994.146,303.231,True,False,
2026-03-12 11:25:23,5.0,0.0,0.0,6.0,35.0,0.0,0.0,9.0,0.0,0.0,0.0,1.0,1.0,0.0,0.0,2.852,0.0,0.0,0.0,7.27096522637106,-567.0,0.0,7.147884087903533,236.0,0.0,0.0,4.977,268.0,4.962,452.0,0.681,0.0,4.948,198.0,4.931,195.0,4.928,247.0,4.971,58.0,24.13466,24.81128,24.83276,24.20984,56.50514325969449,29.77853,26.46166,25.92287,24.45507,24.5,30.0,28.0,25.5,25.0,0.0,910.25,,2.0,0.0,0.0,77.180115,77.180115,77.180115,77.180115,77.180115,77.180115,77.180115,77.180115,77.180115,77.180115,77.180115,77.180115,77.180115,77.180115,77.180115,77.180115,74.309649,74.309649,74.309649,74.309649,0.0,0.0,100.0,101.0,102.0,101.0,101.0,407.0,1686.9279999999999,1333.836,979.7040000000001,288.318,True,False,
2026-03-12 11:25:24,5.0,0.0,0.0,6.0,36.0,0.0,0.0,9.0,0.0,0.0,0.0,1.0,1.0,0.0,0.0,2.861,0.0,0.0,0.0,7.2719719886632985,-562.0,0.0,7.1469066288776615,233.0,0.0,0.0,4.977,266.0,4.962,452.0,0.682,0.0,4.948,195.0,4.932,200.0,4.928,248.0,4.971,60.0,24.13108,24.80412,24.83455,24.20984,56.6242470411281,29.78748,26.47419,25.92287,24.45686,24.5,30.0,28.0,25.5,25.0,0.0,910.25,,2.0,0.0,0.0,77.180115,77.180115,77.180115,77.180115,77.180115,77.180115,77.180115,77.180115,77.180115,77.180115,77.180115,77.180115,77.180115,77.180115,77.180115,77.180115,74.309649,74.309649,74.309649,74.309649,0.0,0.0,100.0,101.0,102.0,101.0,101.0,408.0,1665.251,1323.882,964.8600000000001,298.26,True,False,
2026-03-12 11:25:25,5.0,0.0,0.0,6.0,37.0,0.0,0.0,9.0,0.0,0.0,0.0,1.0,1.0,0.0,0.0,2.861,0.0,0.0,0.0,7.270977492258641,-554.0,0.0,7.14792497419547,233.0,0.0,0.0,4.978,268.0,4.962,453.0,0.682,0.0,4.947,192.0,4.933,198.0,4.928,248.0,4.971,60.0,24.12392,24.80412,24.84887,24.20984,56.74335082256171,29.80538,26.47777,25.93719,24.46044,24.5,30.0,28.0,25.5,25.0,0.0,910.25,,2.0,0.0,0.0,77.180115,77.180115,77.180115,77.180115,77.180115,77.180115,77.180115,77.180115,77.180115,77.180115,77.180115,77.180115,77.180115,77.180115,77.180115,77.180115,74.309649,74.309649,74.309649,74.309649,0.0,0.0,100.0,101.0,102.0,101.0,101.0,409.0,1665.484,1334.104,949.8240000000001,298.26,True,False,
2026-03-12 11:25:26,5.0,0.0,0.0,6.0,38.0,0.0,0.0,9.0,0.0,0.0,0.0,1.0,1.0,0.0,0.0,2.861,0.0,0.0,0.0,7.272981959678961,-553.0,0.0,7.146939865596536,558.0,0.0,0.0,4.978,267.0,4.962,453.0,0.682,0.0,4.948,191.0,4.932,197.0,4.93,248.0,4.971,60.0,24.13287,24.80949,24.83813,24.20984,56.86245460399532,29.81254,26.48135,25.93182,24.46402,24.5,30.0,28.0,25.5,25.0,0.0,910.25,,2.0,0.0,0.0,77.180115,77.180115,77.180115,77.180115,77.180115,77.180115,77.180115,77.180115,77.180115,77.180115,77.180115,77.180115,77.180115,77.180115,77.180115,77.180115,74.309649,74.309649,74.309649,74.309649,0.0,0.0,100.0,101.0,102.0,101.0,101.0,410.0,3988.0260000000003,1329.126,945.0680000000001,298.26,True,False,
2026-03-12 11:25:27,5.0,0.0,0.0,6.0,39.0,0.0,0.0,9.0,0.0,0.0,0.0,1.0,1.0,0.0,0.0,2.856,0.0,0.0,0.0,7.271985576492939,-542.0,0.0,7.147951921643128,236.0,0.0,0.0,4.978,267.0,4.962,452.0,0.682,0.0,4.947,186.0,4.932,197.0,4.93,247.0,4.972,58.0,24.1454,24.80412,24.85424,24.23132,56.981558385428926,29.81075,26.49746,25.9354,24.47655,24.5,30.0,28.0,25.5,25.0,0.0,910.25,,2.0,0.0,0.0,77.180115,77.180115,77.180115,77.180115,77.180115,77.180115,77.180115,77.180115,77.180115,77.180115,77.180115,77.180115,77.180115,77.180115,77.180115,77.180115,74.309649,74.309649,74.309649,74.309649,0.0,0.0,100.0,101.0,102.0,101.0,101.0,411.0,1686.9279999999999,1329.126,920.142,288.37600000000003,True,False,
2026-03-12 11:25:28,5.0,0.0,0.0,6.0,,0.0,0.0,9.0,0.0,0.0,0.0,1.0,1.0,0.0,0.0,2.856,0.0,0.0,0.0,7.269988496983441,-538.0,0.0,7.1479616566114705,233.0,0.0,0.0,4.98,268.0,4.962,450.0,0.681,1.0,4.947,190.0,4.933,201.0,4.928,247.0,4.971,58.0,24.13466,24.8077,24.85245,24.22416,57.100662166862534,29.82328,26.50641,25.9354,24.45865,24.5,30.0,28.0,25.5,25.0,0.0,910.25,,2.0,0.0,0.0,77.180115,77.180115,77.180115,77.180115,77.180115,77.180115,77.180115,77.180115,77.180115,77.180115,77.180115,77.180115,77.180115,77.180115,77.180115,77.180115,74.309649,74.309649,74.309649,74.309649,0.0,0.0,100.0,101.0,102.0,101.0,101.0,412.0,1665.484,1334.64,939.9300000000001,288.318,True,False,
2026-03-12 11:25:29,5.0,0.0,0.0,6.0,,0.0,0.0,9.0,0.0,0.0,0.0,1.0,1.0,0.0,0.0,2.852,0.0,0.0,0.0,7.270990849035254,-534.0,0.0,7.14796949678418,557.0,0.0,0.0,4.978,267.0,4.961,450.0,0.681,1.0,4.946,203.0,4.932,198.0,4.93,248.0,4.971,58.0,24.14719,24.81665,24.84708,24.24027,57.21976594829614,29.83581,26.50283,25.93898,24.46402,24.5,30.0,28.0,25.5,25.0,0.0,910.25,,2.0,0.0,0.0,77.180115,77.180115,77.180115,77.180115,77.180115,77.180115,77.180115,77.180115,77.180115,77.180115,77.180115,77.180115,77.180115,77.180115,77.180115,77.180115,74.309649,74.309649,74.309649,74.309649,0.0,0.0,100.0,101.0,102.0,101.0,101.0,413.0,3981.4359999999997,1329.126,1004.0379999999999,288.318,True,False,
2026-03-12 11:25:30,5.0,0.0,0.0,7.0,0.0,0.0,0.0,9.0,0.0,0.0,0.0,1.0,1.0,0.0,0.0,2.841,0.0,0.0,0.0,7.269992738333772,-533.0,0.0,7.147975794445908,558.0,0.0,0.0,4.977,267.0,4.961,451.0,0.682,0.0,4.948,205.0,4.96,193.0,4.965,61.0,4.973,45.0,24.1454,24.82023,24.85245,24.24027,57.33886972972975,29.8376,26.51357,25.94256,24.47118,24.5,30.0,28.0,25.5,25.0,0.0,910.25,,2.0,0.0,0.0,77.180115,77.180115,77.180115,77.180115,77.180115,77.180115,77.180115,77.180115,77.180115,77.180115,77.180115,77.180115,77.180115,77.180115,77.180115,77.180115,74.309649,74.309649,74.309649,74.309649,0.0,0.0,100.0,101.0,102.0,101.0,101.0,414.0,3988.584,1328.8590000000002,1014.34,223.785,True,False,
2026-03-12 11:25:31,5.0,0.0,0.0,7.0,1.0,0.0,0.0,9.0,0.0,0.0,0.0,1.0,1.0,0.0,0.0,2.842,0.0,0.0,0.0,7.292994251957797,-401.0,0.0,7.175980839859323,415.0,0.0,0.0,4.98,101.0,4.981,109.0,0.681,0.0,4.948,207.0,4.958,193.0,4.966,62.0,4.973,45.0,24.14719,24.82023,24.85245,24.24564,57.45797351116336,29.84476,26.52252,25.94077,24.47834,24.5,30.0,28.0,25.5,25.0,0.0,910.25,,2.0,0.0,0.0,77.180115,77.180115,77.180115,77.180115,77.180115,77.180115,77.180115,77.180115,77.180115,77.180115,77.180115,77.180115,77.180115,77.180115,77.180115,77.180115,74.309649,74.309649,74.309649,74.309649,0.0,0.0,100.0,101.0,102.0,101.0,101.0,415.0,2978.04,502.98,1024.236,223.785,True,False,
2026-03-12 11:25:32,5.0,0.0,0.0,7.0,2.0,0.0,0.0,9.0,0.0,0.0,0.0,1.0,1.0,0.0,0.0,2.847,0.0,0.0,0.0,7.292995461442136,-409.0,0.0,7.176984871473787,415.0,0.0,0.0,4.98,101.0,4.98,107.0,0.682,0.0,4.95,207.0,4.96,201.0,4.965,61.0,4.976,43.0,24.14898,24.82023,24.88109,24.25101,57.57707729259697,29.85371,26.52789,25.93898,24.48013,24.5,30.0,28.5,25.5,25.0,0.0,910.25,,2.0,0.0,0.0,77.180115,77.180115,77.180115,77.180115,77.180115,77.180115,77.180115,77.180115,77.180115,77.180115,77.180115,77.180115,77.180115,77.180115,77.180115,77.180115,74.309649,74.309649,74.309649,74.309649,0.0,0.0,100.0,101.0,102.0,101.0,101.0,416.0,2978.455,502.98,1024.65,213.968,True,False,
2026-03-12 11:25:33,5.0,0.0,0.0,7.0,3.0,0.0,0.0,9.0,0.0,0.0,0.0,1.0,1.0,0.0,0.0,2.849,0.0,0.0,0.0,7.29199642537845,-425.0,0.0,7.176988084594832,416.0,0.0,0.0,4.981,255.0,4.98,107.0,0.682,0.0,4.95,206.0,4.961,200.0,4.966,62.0,4.976,43.0,24.14719,24.82023,24.85782,24.24743,57.69618107403057,29.86266,26.51536,25.94614,24.4855,24.5,30.0,28.0,25.5,25.0,0.0,910.25,,2.0,0.0,0.0,77.180115,77.180115,77.180115,77.180115,77.180115,77.180115,77.180115,77.180115,77.180115,77.180115,77.180115,77.180115,77.180115,77.180115,77.180115,77.180115,74.309649,74.309649,74.309649,74.309649,0.0,0.0,100.0,101.0,102.0,101.0,101.0,417.0,2985.6319999999996,1270.155,1019.7,213.968,True,False,
2026-03-12 11:25:34,5.0,0.0,0.0,7.0,4.0,0.0,0.0,9.0,0.0,0.0,0.0,1.0,1.0,0.0,0.0,2.844,0.0,0.0,0.0,7.292997191615771,-429.0,0.0,7.175990638719237,422.0,0.0,0.0,4.982,255.0,4.981,267.0,0.68,0.0,4.95,200.0,4.96,198.0,4.966,60.0,4.976,43.0,24.15614,24.82202,24.8614,24.24385,57.81528485546418,29.8555,26.52431,25.94614,24.48729,24.5,30.0,28.5,25.5,25.0,0.0,910.25,,2.0,0.0,0.0,77.180115,77.180115,77.180115,77.180115,77.180115,77.180115,77.180115,77.180115,77.180115,77.180115,77.180115,77.180115,77.180115,77.180115,77.180115,77.180115,74.309649,74.309649,74.309649,74.309649,0.0,0.0,100.0,101.0,102.0,101.0,101.0,418.0,3028.272,1270.41,990.0,213.968,True,False,
2026-03-12 11:25:35,5.0,0.0,0.0,7.0,5.0,0.0,0.0,9.0,0.0,0.0,0.0,1.0,1.0,0.0,0.0,2.848,0.0,0.0,0.0,7.292997799115533,-416.0,0.0,7.17799266371844,416.0,0.0,0.0,4.981,101.0,4.981,267.0,0.681,1.0,4.95,207.0,4.96,192.0,4.966,62.0,4.976,30.0,24.15077,24.82381,24.85961,24.24385,57.934388636897786,29.86624,26.51715,25.94256,24.49803,24.5,30.0,28.5,25.5,25.0,0.0,910.25,,2.0,0.0,0.0,77.180115,77.180115,77.180115,77.180115,77.180115,77.180115,77.180115,77.180115,77.180115,77.180115,77.180115,77.180115,77.180115,77.180115,77.180115,77.180115,74.309649,74.309649,74.309649,74.309649,0.0,0.0,100.0,101.0,102.0,101.0,101.0,419.0,2986.048,503.08099999999996,1024.65,149.28,True,False,
2026-03-12 11:25:36,5.0,0.0,0.0,7.0,6.0,0.0,0.0,9.0,0.0,0.0,0.0,1.0,1.0,0.0,0.0,2.854,0.0,0.0,0.0,7.292998279509696,-414.0,0.0,7.179994265032321,410.0,0.0,0.0,4.981,100.0,4.98,102.0,0.68,0.0,4.95,206.0,4.96,198.0,4.965,61.0,4.972,38.0,24.15256,24.81844,24.86498,24.24743,58.053492418331395,29.87519,26.51894,25.94614,24.49266,24.5,30.0,28.5,25.5,25.0,0.0,910.25,,2.0,0.0,0.0,77.180115,77.180115,77.180115,77.180115,77.180115,77.180115,77.180115,77.180115,77.180115,77.180115,77.180115,77.180115,77.180115,77.180115,77.180115,77.180115,74.309649,74.309649,74.309649,74.309649,0.0,0.0,100.0,101.0,102.0,101.0,101.0,420.0,2943.7999999999997,498.09999999999997,1019.7,188.936,True,False,
2026-03-12 11:25:37,5.0,0.0,0.0,7.0,7.0,0.0,0.0,9.0,0.0,0.0,0.0,1.0,1.0,0.0,0.0,2.876,0.0,0.0,0.0,7.291998658404858,-414.0,0.0,7.177995528016194,196.0,0.0,0.0,4.981,253.0,4.981,255.0,0.682,0.0,4.951,206.0,4.961,196.0,4.965,58.0,4.972,38.0,24.15614,24.82918,24.8614,24.24564,58.172596199765,29.88593,26.5082,25.95509,24.49982,24.5,30.0,28.5,25.5,25.0,0.0,910.25,,2.0,0.0,0.0,77.180115,77.180115,77.180115,77.180115,77.180115,77.180115,77.180115,77.180115,77.180115,77.180115,77.180115,77.180115,77.180115,77.180115,77.180115,77.180115,74.309649,74.309649,74.309649,74.309649,0.0,0.0,100.0,101.0,102.0,101.0,101.0,421.0,1406.888,1260.193,1019.906,188.936,True,False,
2026-03-12 11:25:38,5.0,0.0,0.0,7.0,8.0,0.0,0.0,9.0,0.0,0.0,0.0,1.0,1.0,0.0,0.0,2.888,0.0,0.0,0.0,7.292998956469881,-412.0,0.0,7.17999652156627,196.0,0.0,0.0,4.981,100.0,4.982,252.0,0.681,0.0,4.951,202.0,4.958,196.0,4.966,63.0,4.973,58.0,24.15793,24.8256,24.8614,24.24922,58.291699981198605,29.88772,26.50999,25.95688,24.49624,24.5,30.0,28.5,25.5,25.0,0.0,910.25,,2.0,0.0,0.0,77.180115,77.180115,77.180115,77.180115,77.180115,77.180115,77.180115,77.180115,77.180115,77.180115,77.180115,77.180115,77.180115,77.180115,77.180115,77.180115,74.309649,74.309649,74.309649,74.309649,0.0,0.0,100.0,101.0,102.0,101.0,101.0,422.0,1407.28,498.09999999999997,1000.102,288.43399999999997,True,False,
2026-03-12 11:25:39,5.0,0.0,0.0,7.0,9.0,0.0,0.0,9.0,0.0,0.0,0.0,1.0,1.0,0.0,0.0,2.856,0.0,0.0,0.0,7.293999190339852,-407.0,0.0,7.179997301132839,410.0,0.0,0.0,4.981,101.0,4.981,252.0,0.682,0.0,4.95,197.0,4.958,192.0,4.966,61.0,4.973,58.0,24.16509,24.83276,24.86856,24.26891,58.41080376263221,29.90204,26.51536,25.95688,24.49982,24.5,30.0,28.5,25.5,25.0,0.0,910.25,,2.0,0.0,0.0,77.180115,77.180115,77.180115,77.180115,77.180115,77.180115,77.180115,77.180115,77.180115,77.180115,77.180115,77.180115,77.180115,77.180115,77.180115,77.180115,74.309649,74.309649,74.309649,74.309649,0.0,0.0,100.0,101.0,102.0,101.0,101.0,423.0,2943.7999999999997,503.08099999999996,975.1500000000001,288.43399999999997,True,False,
2026-03-12 11:25:40,5.0,0.0,0.0,7.0,,0.0,0.0,9.0,0.0,0.0,0.0,1.0,1.0,0.0,0.0,2.853,0.0,0.0,0.0,7.295999373364777,-403.0,0.0,7.179997911215924,415.0,0.0,0.0,4.981,255.0,4.981,253.0,0.681,0.0,4.951,192.0,4.96,198.0,4.965,60.0,4.973,58.0,24.15614,24.83813,24.87393,24.24922,58.52990754406582,29.91815,26.52252,25.96046,24.50519,24.5,30.0,28.5,25.5,25.0,0.0,910.25,,2.0,0.0,0.0,77.180115,77.180115,77.180115,77.180115,77.180115,77.180115,77.180115,77.180115,77.180115,77.180115,77.180115,77.180115,77.180115,77.180115,77.180115,77.180115,74.309649,74.309649,74.309649,74.309649,0.0,0.0,100.0,101.0,102.0,101.0,101.0,424.0,2979.7,1270.155,950.5919999999999,288.43399999999997,True,False,
2026-03-12 11:25:41,5.0,0.0,0.0,7.0,,0.0,0.0,9.0,0.0,0.0,0.0,1.0,1.0,0.0,0.0,2.85,0.0,0.0,0.0,7.29499951622758,-399.0,0.0,7.177998387425267,413.0,0.0,0.0,4.982,100.0,4.981,101.0,0.682,0.0,4.948,191.0,4.96,200.0,4.966,62.0,4.973,58.0,24.16867,24.83813,24.8793,24.26175,58.64901132549943,29.91636,26.52073,25.96404,24.50519,24.5,30.0,28.5,25.5,25.0,0.0,910.25,,2.0,0.0,0.0,77.180115,77.180115,77.180115,77.180115,77.180115,77.180115,77.180115,77.180115,77.180115,77.180115,77.180115,77.180115,77.180115,77.180115,77.180115,77.180115,74.309649,74.309649,74.309649,74.309649,0.0,0.0,100.0,101.0,102.0,101.0,101.0,425.0,2964.514,498.20000000000005,945.0680000000001,288.43399999999997,True,False,
2026-03-12 11:25:42,5.0,0.0,0.0,7.0,,0.0,0.0,9.0,0.0,0.0,0.0,1.0,1.0,0.0,0.0,2.839,0.0,0.0,0.0,7.2949996274524835,-403.0,0.0,7.176998758174946,415.0,0.0,0.0,4.981,100.0,4.982,251.0,0.682,0.0,4.951,191.0,4.961,195.0,4.966,62.0,4.973,58.0,24.15435,24.8435,24.87751,24.26533,58.76811510693304,29.91636,26.52431,25.96225,24.50877,24.5,30.0,28.5,25.5,25.0,0.0,910.25,,2.0,0.0,0.0,77.180115,77.180115,77.180115,77.180115,77.180115,77.180115,77.180115,77.180115,77.180115,77.180115,77.180115,77.180115,77.180115,77.180115,77.180115,77.180115,74.309649,74.309649,74.309649,74.309649,0.0,0.0,100.0,101.0,102.0,101.0,101.0,426.0,2978.455,498.09999999999997,945.641,288.43399999999997,True,False,
2026-03-12 11:25:43,5.0,0.0,0.0,7.0,,0.0,0.0,9.0,0.0,0.0,0.0,1.0,1.0,0.0,0.0,2.794,0.0,0.0,0.0,7.2939997138218295,-423.0,0.0,7.177999046072766,413.0,0.0,0.0,4.98,107.0,4.981,253.0,0.681,0.0,4.95,201.0,4.96,191.0,4.965,61.0,4.973,39.0,24.16867,24.84529,24.87751,24.26175,58.88721888836665,29.9271,26.52252,25.97299,24.51235,24.5,30.0,28.5,25.5,25.0,0.0,910.25,,2.0,0.0,0.0,77.180115,77.180115,77.180115,77.180115,77.180115,77.180115,77.180115,77.180115,77.180115,77.180115,77.180115,77.180115,77.180115,77.180115,77.180115,77.180115,74.309649,74.309649,74.309649,74.309649,0.0,0.0,100.0,101.0,102.0,101.0,101.0,427.0,2964.514,532.86,994.95,193.947,True,False,
2026-03-12 11:25:44,5.0,0.0,0.0,7.0,,0.0,0.0,9.0,0.0,0.0,0.0,1.0,1.0,0.0,0.0,2.774,0.0,0.0,0.0,7.29499978071668,-424.0,0.0,7.176999269055602,415.0,0.0,0.0,4.98,107.0,4.98,253.0,0.681,0.0,4.95,191.0,4.961,195.0,4.967,61.0,4.976,47.0,24.16151,24.83992,24.87572,24.27786,59.006322669800255,29.92352,26.52252,25.96941,24.51056,24.5,30.0,28.5,25.5,25.0,0.0,910.25,,2.0,0.0,0.0,77.180115,77.180115,77.180115,77.180115,77.180115,77.180115,77.180115,77.180115,77.180115,77.180115,77.180115,77.180115,77.180115,77.180115,77.180115,77.180115,74.309649,74.309649,74.309649,74.309649,0.0,0.0,100.0,101.0,102.0,101.0,101.0,428.0,2978.455,532.86,945.45,233.87199999999999,True,False,
2026-03-12 11:25:45,5.0,0.0,0.0,7.0,,0.0,0.0,9.0,0.0,0.0,0.0,1.0,1.0,0.0,0.0,2.764,0.0,0.0,0.0,7.293999832394234,-419.0,0.0,7.179999441314114,415.0,0.0,0.0,4.98,266.0,4.981,255.0,0.682,0.0,4.948,206.0,4.961,200.0,4.966,61.0,4.976,47.0,24.17225,24.85424,24.88646,24.2707,59.125426451233864,29.94142,26.52431,25.97299,24.51414,24.5,30.0,28.5,25.5,25.0,0.0,910.25,,2.0,0.0,0.0,77.180115,77.180115,77.180115,77.180115,77.180115,77.180115,77.180115,77.180115,77.180115,77.180115,77.180115,77.180115,77.180115,77.180115,77.180115,77.180115,74.309649,74.309649,74.309649,74.309649,0.0,0.0,100.0,101.0,102.0,101.0,101.0,429.0,2979.7,1324.68,1019.2880000000001,233.87199999999999,True,False,
2026-03-12 11:25:46,5.0,0.0,0.0,7.0,10.0,0.0,0.0,9.0,0.0,0.0,0.0,1.0,1.0,0.0,0.0,2.774,0.0,0.0,0.0,7.294999872213029,-419.0,0.0,7.1779995740434295,421.0,0.0,0.0,4.981,109.0,4.981,252.0,0.682,0.0,4.95,207.0,4.958,193.0,4.966,61.0,4.977,43.0,24.17046,24.85603,24.88646,24.26712,59.24453023266747,29.94679,26.52968,25.96404,24.52667,24.5,30.0,28.5,25.5,25.0,0.0,910.25,,2.0,0.0,0.0,77.180115,77.180115,77.180115,77.180115,77.180115,77.180115,77.180115,77.180115,77.180115,77.180115,77.180115,77.180115,77.180115,77.180115,77.180115,77.180115,74.309649,74.309649,74.309649,74.309649,0.0,0.0,100.0,101.0,102.0,101.0,101.0,430.0,3021.938,542.929,1024.65,214.01100000000002,True,False,
2026-03-12 11:25:47,5.0,0.0,0.0,7.0,11.0,0.0,0.0,9.0,0.0,0.0,0.0,1.0,1.0,0.0,0.0,2.795,0.0,0.0,0.0,7.293999902815173,-414.0,0.0,7.176999676050579,422.0,0.0,0.0,4.98,266.0,4.981,106.0,0.682,0.0,4.95,203.0,4.96,192.0,4.966,62.0,4.977,43.0,24.17046,24.84708,24.88646,24.27786,59.36363401410108,29.95574,26.54042,25.97657,24.51414,25.0,30.0,28.5,25.5,25.0,0.0,910.25,,2.0,0.0,0.0,77.180115,77.180115,77.180115,77.180115,77.180115,77.180115,77.180115,77.180115,77.180115,77.180115,77.180115,77.180115,77.180115,77.180115,77.180115,77.180115,74.309649,74.309649,74.309649,74.309649,0.0,0.0,100.0,101.0,102.0,101.0,101.0,431.0,3028.694,1324.68,1004.85,214.01100000000002,True,False,
2026-03-12 11:25:48,5.0,0.0,0.0,7.0,12.0,0.0,0.0,9.0,0.0,0.0,0.0,1.0,1.0,0.0,0.0,2.708,0.0,0.0,0.0,7.293999926273331,-411.0,0.0,7.176999754244437,422.0,0.0,0.0,4.981,109.0,4.981,266.0,0.681,0.0,4.948,206.0,4.96,195.0,4.966,61.0,4.975,43.0,24.17583,24.85782,24.88467,24.28323,59.48273779553469,29.97185,26.544,25.97836,24.52309,24.5,30.0,28.5,25.5,25.0,0.0,910.25,,2.0,0.0,0.0,77.180115,77.180115,77.180115,77.180115,77.180115,77.180115,77.180115,77.180115,77.180115,77.180115,77.180115,77.180115,77.180115,77.180115,77.180115,77.180115,74.309649,74.309649,74.309649,74.309649,0.0,0.0,100.0,101.0,102.0,101.0,101.0,432.0,3028.694,542.929,1019.2880000000001,213.92499999999998,True,False,
2026-03-12 11:25:49,5.0,0.0,0.0,7.0,13.0,0.0,0.0,9.0,0.0,0.0,0.0,1.0,1.0,0.0,0.0,2.736,0.0,0.0,0.0,7.295999944208887,-412.0,0.0,7.175999814029624,427.0,0.0,0.0,4.98,106.0,4.981,267.0,0.681,0.0,4.948,202.0,4.96,192.0,4.966,62.0,4.975,43.0,24.17225,24.8614,24.89183,24.28144,59.6018415769683,29.97185,26.544,25.98731,24.53025,24.5,30.0,28.5,25.5,25.0,0.0,910.25,,2.0,0.0,0.0,77.180115,77.180115,77.180115,77.180115,77.180115,77.180115,77.180115,77.180115,77.180115,77.180115,77.180115,77.180115,77.180115,77.180115,77.180115,77.180115,74.309649,74.309649,74.309649,74.309649,0.0,0.0,100.0,101.0,102.0,101.0,101.0,433.0,3064.152,527.88,999.4960000000001,213.92499999999998,True,False,
2026-03-12 11:25:50,5.0,0.0,0.0,7.0,14.0,0.0,0.0,9.0,0.0,0.0,0.0,1.0,1.0,0.0,0.0,2.764,0.0,0.0,0.0,7.294999957886659,-410.0,0.0,7.176999859622195,426.0,0.0,0.0,4.98,107.0,4.98,271.0,0.682,0.0,4.948,200.0,4.958,196.0,4.966,61.0,4.975,43.0,24.18299,24.85782,24.89899,24.28144,59.7209453584019,29.97722,26.53505,25.97478,24.52667,24.5,30.0,28.5,25.5,25.0,0.0,910.25,,2.0,0.0,0.0,77.180115,77.180115,77.180115,77.180115,77.180115,77.180115,77.180115,77.180115,77.180115,77.180115,77.180115,77.180115,77.180115,77.180115,77.180115,77.180115,74.309649,74.309649,74.309649,74.309649,0.0,0.0,100.0,101.0,102.0,101.0,101.0,434.0,3057.402,532.86,989.6000000000001,213.92499999999998,True,False,
2026-03-12 11:25:51,5.0,0.0,0.0,7.0,15.0,0.0,0.0,9.0,0.0,0.0,0.0,1.0,1.0,0.0,0.0,2.81,0.0,0.0,0.0,7.292999968290555,-425.0,0.0,7.1759998943018495,423.0,0.0,0.0,4.981,266.0,4.98,267.0,0.681,0.0,4.95,207.0,4.96,191.0,4.966,62.0,4.976,42.0,24.1812,24.85782,24.8972,24.28681,59.84004913983551,29.98975,26.55474,25.9891,24.52667,24.5,30.0,28.5,25.5,25.0,0.0,910.25,,2.0,0.0,0.0,77.180115,77.180115,77.180115,77.180115,77.180115,77.180115,77.180115,77.180115,77.180115,77.180115,77.180115,77.180115,77.180115,77.180115,77.180115,77.180115,74.309649,74.309649,74.309649,74.309649,0.0,0.0,100.0,101.0,102.0,101.0,101.0,435.0,3035.448,1324.946,1024.65,208.992,True,False,
2026-03-12 11:25:52,5.0,0.0,0.0,7.0,16.0,0.0,0.0,9.0,0.0,0.0,0.0,1.0,1.0,0.0,0.0,2.906,0.0,0.0,0.0,7.294999976183834,-423.0,0.0,7.17499992061278,422.0,0.0,0.0,4.981,107.0,4.98,266.0,0.682,0.0,4.95,206.0,4.958,193.0,4.966,60.0,4.972,60.0,24.18299,24.85424,24.90436,24.29934,59.959152921269116,30.00049,26.54758,25.98373,24.52488,25.0,30.0,28.5,25.5,25.0,0.0,910.25,,2.0,0.0,0.0,77.180115,77.180115,77.180115,77.180115,77.180115,77.180115,77.180115,77.180115,77.180115,77.180115,77.180115,77.180115,77.180115,77.180115,77.180115,77.180115,74.309649,74.309649,74.309649,74.309649,0.0,0.0,100.0,101.0,102.0,101.0,101.0,436.0,3027.85,532.967,1019.7,298.32000000000005,True,False,
2026-03-12 11:25:53,5.0,0.0,0.0,7.0,17.0,0.0,0.0,9.0,0.0,0.0,0.0,1.0,1.0,0.0,0.0,2.934,0.0,0.0,0.0,7.29399998215694,-418.0,0.0,7.176999940523136,422.0,0.0,0.0,4.981,109.0,4.98,267.0,0.681,0.0,4.951,206.0,4.961,201.0,4.966,62.0,4.972,60.0,24.17762,24.87751,24.90615,24.31008,60.078256702702724,30.01123,26.55474,25.98552,24.53383,25.0,30.0,28.5,25.5,25.0,0.0,910.25,,2.0,0.0,0.0,77.180115,77.180115,77.180115,77.180115,77.180115,77.180115,77.180115,77.180115,77.180115,77.180115,77.180115,77.180115,77.180115,77.180115,77.180115,77.180115,74.309649,74.309649,74.309649,74.309649,0.0,0.0,100.0,101.0,102.0,101.0,101.0,437.0,3028.694,542.929,1019.906,298.32000000000005,True,False,
2026-03-12 11:25:54,5.0,0.0,0.0,7.0,18.0,0.0,0.0,9.0,0.0,0.0,0.0,1.0,1.0,0.0,0.0,2.927,0.0,0.0,0.0,7.2939999866653675,-416.0,0.0,7.175999955551226,423.0,0.0,0.0,4.98,109.0,4.98,267.0,0.681,0.0,4.95,201.0,4.96,193.0,4.966,62.0,4.973,60.0,24.19015,24.86498,24.90257,24.3065,60.197360484136325,30.01481,26.56011,25.99447,24.52309,24.5,30.0,28.5,25.5,25.0,0.0,910.25,,2.0,0.0,0.0,77.180115,77.180115,77.180115,77.180115,77.180115,77.180115,77.180115,77.180115,77.180115,77.180115,77.180115,77.180115,77.180115,77.180115,77.180115,77.180115,74.309649,74.309649,74.309649,74.309649,0.0,0.0,100.0,101.0,102.0,101.0,101.0,438.0,3035.448,542.82,994.95,298.38,True,False,
2026-03-12 11:25:55,5.0,0.0,0.0,7.0,19.0,0.0,0.0,9.0,0.0,0.0,0.0,1.0,1.0,0.0,0.0,2.93,0.0,0.0,0.0,7.293999990059527,-414.0,0.0,7.175999966865091,426.0,0.0,0.0,4.98,109.0,4.98,267.0,0.681,0.0,4.95,196.0,4.958,191.0,4.966,61.0,4.973,60.0,24.18657,24.88109,24.90078,24.30113,60.316464265569934,30.02197,26.56548,25.99268,24.54099,25.0,30.0,28.5,25.5,25.0,0.0,910.25,,2.0,0.0,0.0,77.180115,77.180115,77.180115,77.180115,77.180115,77.180115,77.180115,77.180115,77.180115,77.180115,77.180115,77.180115,77.180115,77.180115,77.180115,77.180115,74.309649,74.309649,74.309649,74.309649,0.0,0.0,100.0,101.0,102.0,101.0,101.0,439.0,3056.976,542.82,970.2,298.38,True,False,
2026-03-12 11:25:56,5.0,0.0,0.0,7.0,,0.0,0.0,9.0,0.0,0.0,0.0,1.0,1.0,0.0,0.0,2.933,0.0,0.0,0.0,7.293999992608249,-405.0,0.0,7.176999975360831,425.0,0.0,0.0,4.981,109.0,4.98,266.0,0.681,0.0,4.95,191.0,4.96,195.0,4.967,60.0,4.972,62.0,24.1812,24.86856,24.90257,24.30113,60.43556804700354,30.02734,26.55832,26.00163,24.53383,25.0,30.0,28.5,25.5,25.0,0.0,910.25,,2.0,0.0,0.0,77.180115,77.180115,77.180115,77.180115,77.180115,77.180115,77.180115,77.180115,77.180115,77.180115,77.180115,77.180115,77.180115,77.180115,77.180115,77.180115,74.309649,74.309649,74.309649,74.309649,0.0,0.0,100.0,101.0,102.0,101.0,101.0,440.0,3050.225,542.929,945.45,308.264,True,False,
2026-03-12 11:25:57,5.0,0.0,0.0,7.0,,0.0,0.0,9.0,0.0,0.0,0.0,1.0,1.0,0.0,0.0,2.937,0.0,0.0,0.0,7.294999994517207,-397.0,0.0,7.175999981724025,422.0,0.0,0.0,4.98,266.0,4.98,268.0,0.681,0.0,4.95,190.0,4.961,200.0,4.967,60.0,4.972,62.0,24.18478,24.87393,24.90436,24.30829,60.55467182843715,30.02913,26.56906,26.00163,24.53562,24.5,30.0,28.5,25.5,25.0,0.0,910.25,,2.0,0.0,0.0,77.180115,77.180115,77.180115,77.180115,77.180115,77.180115,77.180115,77.180115,77.180115,77.180115,77.180115,77.180115,77.180115,77.180115,77.180115,77.180115,74.309649,74.309649,74.309649,74.309649,0.0,0.0,100.0,101.0,102.0,101.0,101.0,441.0,3028.272,1324.68,940.5,308.264,True,False,
2026-03-12 11:25:58,5.0,0.0,0.0,7.0,,0.0,0.0,9.0,0.0,0.0,0.0,1.0,1.0,0.0,0.0,2.94,0.0,0.0,0.0,7.293999995943321,-400.0,0.0,7.175999986477738,426.0,0.0,0.0,4.981,109.0,4.98,267.0,0.681,0.0,4.948,190.0,4.958,191.0,4.967,62.0,4.972,62.0,24.18478,24.87393,24.92047,24.31008,60.67377560987076,30.03092,26.56548,26.00342,24.5392,25.0,30.5,28.5,25.5,25.0,0.0,910.25,,2.0,0.0,0.0,77.180115,77.180115,77.180115,77.180115,77.180115,77.180115,77.180115,77.180115,77.180115,77.180115,77.180115,77.180115,77.180115,77.180115,77.180115,77.180115,74.309649,74.309649,74.309649,74.309649,0.0,0.0,100.0,101.0,102.0,101.0,101.0,442.0,3056.976,542.929,940.1200000000001,308.264,True,False,
2026-03-12 11:25:59,5.0,0.0,0.0,7.0,,0.0,0.0,9.0,0.0,0.0,0.0,1.0,1.0,0.0,0.0,2.926,0.0,0.0,0.0,7.294999997005987,-386.0,0.0,7.176999990019957,425.0,0.0,0.0,4.98,107.0,4.981,267.0,0.681,1.0,4.95,202.0,4.958,193.0,4.965,62.0,4.975,58.0,24.1991,24.88825,24.91152,24.31724,60.79287939130437,30.04703,26.58159,26.00521,24.53562,25.0,30.0,28.5,25.5,25.0,0.0,910.25,,2.0,0.0,0.0,77.180115,77.180115,77.180115,77.180115,77.180115,77.180115,77.180115,77.180115,77.180115,77.180115,77.180115,77.180115,77.180115,77.180115,77.180115,77.180115,74.309649,74.309649,74.309649,74.309649,0.0,0.0,100.0,101.0,102.0,101.0,101.0,443.0,3050.225,532.86,999.9000000000001,288.54999999999995,True,False,
2026-03-12 11:26:00,5.0,0.0,0.0,7.0,,0.0,0.0,9.0,0.0,0.0,0.0,1.0,1.0,0.0,0.0,2.949,0.0,0.0,0.0,7.2949999977958,-398.0,0.0,7.176999992652666,422.0,0.0,0.0,4.981,109.0,4.981,266.0,0.681,0.0,4.95,202.0,4.96,193.0,4.966,61.0,4.972,58.0,24.1812,24.88646,24.90436,24.31008,60.911983172737976,30.0524,26.5798,25.99984,24.55352,25.0,30.0,28.5,25.5,25.0,0.0,910.25,,2.0,0.0,0.0,77.180115,77.180115,77.180115,77.180115,77.180115,77.180115,77.180115,77.180115,77.180115,77.180115,77.180115,77.180115,77.180115,77.180115,77.180115,77.180115,74.309649,74.309649,74.309649,74.309649,0.0,0.0,100.0,101.0,102.0,101.0,101.0,444.0,3028.694,542.929,999.9000000000001,288.37600000000003,True,False,
2026-03-12 11:26:01,5.0,0.0,0.0,7.0,,0.0,0.0,9.0,0.0,0.0,0.0,1.0,1.0,0.0,0.0,2.974,0.0,0.0,0.0,7.293999998381314,-413.0,0.0,7.175999994604381,423.0,0.0,0.0,4.981,267.0,4.981,266.0,0.682,0.0,4.951,206.0,4.961,201.0,4.966,60.0,4.972,58.0,24.18836,24.88467,24.92226,24.3244,61.031086954171585,30.0524,26.58159,26.00342,24.55889,25.0,30.0,28.5,25.5,25.0,0.0,910.25,,2.0,0.0,0.0,77.180115,77.180115,77.180115,77.180115,77.180115,77.180115,77.180115,77.180115,77.180115,77.180115,77.180115,77.180115,77.180115,77.180115,77.180115,77.180115,74.309649,74.309649,74.309649,74.309649,0.0,0.0,100.0,101.0,102.0,101.0,101.0,445.0,3035.448,1329.927,1019.906,288.37600000000003,True,False,
2026-03-12 11:26:02,5.0,0.0,0.0,7.0,20.0,0.0,0.0,9.0,0.0,0.0,0.0,1.0,1.0,0.0,0.0,2.969,0.0,0.0,0.0,7.292999998814263,-410.0,0.0,7.176999996047543,422.0,0.0,0.0,4.98,267.0,4.98,266.0,0.682,0.0,4.95,206.0,4.961,201.0,4.966,62.0,4.976,43.0,24.18478,24.89183,24.91152,24.32082,61.15019073560519,30.06493,26.58875,26.007,24.55352,25.0,30.5,28.5,25.5,25.0,0.0,910.25,,2.0,0.0,0.0,77.180115,77.180115,77.180115,77.180115,77.180115,77.180115,77.180115,77.180115,77.180115,77.180115,77.180115,77.180115,77.180115,77.180115,77.180115,77.180115,74.309649,74.309649,74.309649,74.309649,0.0,0.0,100.0,101.0,102.0,101.0,101.0,446.0,3028.694,1329.66,1019.7,213.968,True,False,
2026-03-12 11:26:03,5.0,0.0,0.0,7.0,21.0,0.0,0.0,9.0,0.0,0.0,0.0,1.0,1.0,0.0,0.0,2.972,0.0,0.0,0.0,7.29499999913358,-406.0,0.0,7.176999997111933,422.0,0.0,0.0,4.98,266.0,4.98,267.0,0.682,0.0,4.951,206.0,4.958,193.0,4.965,60.0,4.976,43.0,24.19194,24.88825,24.91868,24.32261,61.2692945170388,30.08283,26.59233,26.01237,24.55352,25.0,30.0,28.5,25.5,25.0,0.0,910.25,,2.0,0.0,0.0,77.180115,77.180115,77.180115,77.180115,77.180115,77.180115,77.180115,77.180115,77.180115,77.180115,77.180115,77.180115,77.180115,77.180115,77.180115,77.180115,74.309649,74.309649,74.309649,74.309649,0.0,0.0,100.0,101.0,102.0,101.0,101.0,447.0,3028.694,1324.68,1019.906,213.968,True,False,
2026-03-12 11:26:04,5.0,0.0,0.0,7.0,22.0,0.0,0.0,9.0,0.0,0.0,0.0,1.0,1.0,0.0,0.0,2.979,0.0,0.0,0.0,7.293999999368486,-404.0,0.0,7.175999997894954,422.0,0.0,0.0,4.98,109.0,4.98,267.0,0.681,0.0,4.951,205.0,4.96,193.0,4.966,60.0,4.975,43.0,24.19194,24.89541,24.92405,24.32798,61.38839829847241,30.08462,26.59412,26.02311,24.56068,25.0,30.5,28.5,25.5,25.0,0.0,910.25,,2.0,0.0,0.0,77.180115,77.180115,77.180115,77.180115,77.180115,77.180115,77.180115,77.180115,77.180115,77.180115,77.180115,77.180115,77.180115,77.180115,77.180115,77.180115,74.309649,74.309649,74.309649,74.309649,0.0,0.0,100.0,101.0,102.0,101.0,101.0,448.0,3028.272,542.82,1014.9549999999999,213.92499999999998,True,False,
2026-03-12 11:26:05,5.0,0.0,0.0,7.0,23.0,0.0,0.0,9.0,0.0,0.0,0.0,1.0,1.0,0.0,0.0,2.986,0.0,0.0,0.0,7.293999999540853,-403.0,0.0,7.17699999846951,421.0,0.0,0.0,4.981,105.0,4.981,266.0,0.682,1.0,4.95,205.0,4.961,198.0,4.965,61.0,4.975,43.0,24.19552,24.8972,24.92763,24.32619,61.50750207990602,30.09357,26.59412,26.01416,24.56247,25.0,30.5,28.5,25.5,25.0,0.0,910.25,,2.0,0.0,0.0,77.180115,77.180115,77.180115,77.180115,77.180115,77.180115,77.180115,77.180115,77.180115,77.180115,77.180115,77.180115,77.180115,77.180115,77.180115,77.180115,74.309649,74.309649,74.309649,74.309649,0.0,0.0,100.0,101.0,102.0,101.0,101.0,449.0,3021.517,523.005,1014.75,213.92499999999998,True,False,
2026-03-12 11:26:06,5.0,0.0,0.0,7.0,24.0,0.0,0.0,9.0,0.0,0.0,0.0,1.0,1.0,0.0,0.0,2.973,0.0,0.0,0.0,7.293999999667007,-402.0,0.0,7.175999998890025,427.0,0.0,0.0,4.98,107.0,4.98,267.0,0.681,0.0,4.947,197.0,4.96,192.0,4.965,61.0,4.975,43.0,24.1991,24.90078,24.92584,24.32977,61.62660586133963,30.09715,26.59412,26.02669,24.55352,25.0,30.5,28.5,25.5,25.0,0.0,910.25,,2.0,0.0,0.0,77.180115,77.180115,77.180115,77.180115,77.180115,77.180115,77.180115,77.180115,77.180115,77.180115,77.180115,77.180115,77.180115,77.180115,77.180115,77.180115,74.309649,74.309649,74.309649,74.309649,0.0,0.0,100.0,101.0,102.0,101.0,101.0,450.0,3064.152,532.86,974.559,213.92499999999998,True,False,
2026-03-12 11:26:07,5.0,0.0,0.0,7.0,25.0,0.0,0.0,9.0,0.0,0.0,0.0,1.0,1.0,0.0,0.0,2.961,0.0,0.0,0.0,7.2939999997591025,-403.0,0.0,7.176999999197009,422.0,0.0,0.0,4.981,255.0,4.98,267.0,0.682,0.0,4.951,205.0,4.96,192.0,4.966,62.0,4.976,45.0,24.19373,24.89899,24.92584,24.34051,61.74570964277323,30.10252,26.59412,26.01416,24.56426,25.0,30.5,28.5,25.5,25.0,0.0,910.25,,2.0,0.0,0.0,77.180115,77.180115,77.180115,77.180115,77.180115,77.180115,77.180115,77.180115,77.180115,77.180115,77.180115,77.180115,77.180115,77.180115,77.180115,77.180115,74.309649,74.309649,74.309649,74.309649,0.0,0.0,100.0,101.0,102.0,101.0,101.0,451.0,3028.694,1270.155,1014.9549999999999,223.92,True,False,
2026-03-12 11:26:08,5.0,0.0,0.0,7.0,26.0,0.0,0.0,9.0,0.0,0.0,0.0,1.0,1.0,0.0,0.0,2.931,0.0,0.0,0.0,7.292999999826163,-403.0,0.0,7.175999999420543,417.0,0.0,0.0,4.981,100.0,4.981,266.0,0.681,0.0,4.951,206.0,4.961,193.0,4.966,61.0,4.973,60.0,24.20447,24.8972,24.93837,24.33872,61.86481342420684,30.10968,26.59949,26.01595,24.57679,25.0,30.5,28.5,25.5,25.0,0.0,910.25,,2.0,0.0,0.0,77.180115,77.180115,77.180115,77.180115,77.180115,77.180115,77.180115,77.180115,77.180115,77.180115,77.180115,77.180115,77.180115,77.180115,77.180115,77.180115,74.309649,74.309649,74.309649,74.309649,0.0,0.0,100.0,101.0,102.0,101.0,101.0,452.0,2992.3920000000003,498.09999999999997,1019.906,298.38,True,False,
2026-03-12 11:26:09,5.0,0.0,0.0,7.0,27.0,0.0,0.0,9.0,0.0,0.0,0.0,1.0,1.0,0.0,0.0,2.897,0.0,0.0,0.0,7.294999999874868,-403.0,0.0,7.176999999582892,417.0,0.0,0.0,4.982,101.0,4.98,268.0,0.681,0.0,4.951,206.0,4.96,195.0,4.966,60.0,4.973,60.0,24.19552,24.90436,24.93837,24.33693,61.983917205640445,30.11684,26.60128,26.02848,24.56605,25.0,30.5,28.5,25.5,25.0,0.0,910.25,,2.0,0.0,0.0,77.180115,77.180115,77.180115,77.180115,77.180115,77.180115,77.180115,77.180115,77.180115,77.180115,77.180115,77.180115,77.180115,77.180115,77.180115,77.180115,74.309649,74.309649,74.309649,74.309649,0.0,0.0,100.0,101.0,102.0,101.0,101.0,453.0,2992.8089999999997,503.182,1019.906,298.38,True,False,
2026-03-12 11:26:10,5.0,0.0,0.0,7.0,28.0,0.0,0.0,9.0,0.0,0.0,0.0,1.0,1.0,0.0,0.0,2.948,0.0,0.0,0.0,7.2939999999101515,-406.0,0.0,7.176999999700506,418.0,0.0,0.0,4.981,101.0,4.981,268.0,0.682,0.0,4.95,203.0,4.961,205.0,4.966,61.0,4.973,62.0,24.1991,24.89899,24.94195,24.33872,62.10302098707405,30.13116,26.60307,26.02669,24.56784,25.0,30.5,28.5,25.5,25.0,0.0,910.25,,2.0,0.0,0.0,77.180115,77.180115,77.180115,77.180115,77.180115,77.180115,77.180115,77.180115,77.180115,77.180115,77.180115,77.180115,77.180115,77.180115,77.180115,77.180115,74.309649,74.309649,74.309649,74.309649,0.0,0.0,100.0,101.0,102.0,101.0,101.0,454.0,2999.986,503.08099999999996,1004.85,308.32599999999996,True,False,
2026-03-12 11:26:11,5.0,0.0,0.0,7.0,29.0,0.0,0.0,9.0,0.0,0.0,0.0,1.0,1.0,0.0,0.0,2.97,0.0,0.0,0.0,7.296999999935648,-425.0,0.0,7.176999999785493,418.0,0.0,0.0,4.981,100.0,4.981,268.0,0.682,0.0,4.948,196.0,4.958,192.0,4.967,62.0,4.973,62.0,24.20089,24.90436,24.94016,24.33335,62.22212476850766,30.13116,26.61918,26.03206,24.58395,25.0,30.5,28.5,25.5,25.0,0.0,910.25,,2.0,0.0,0.0,77.180115,77.180115,77.180115,77.180115,77.180115,77.180115,77.180115,77.180115,77.180115,77.180115,77.180115,77.180115,77.180115,77.180115,77.180115,77.180115,74.309649,74.309649,74.309649,74.309649,0.0,0.0,100.0,101.0,102.0,101.0,101.0,455.0,2999.986,498.09999999999997,969.8080000000001,308.32599999999996,True,False,
2026-03-12 11:26:12,5.0,0.0,0.0,7.0,,0.0,0.0,9.0,0.0,0.0,0.0,1.0,1.0,0.0,0.0,2.972,0.0,0.0,0.0,7.295999999954025,-426.0,0.0,7.1779999998467465,418.0,0.0,0.0,4.98,101.0,4.981,268.0,0.681,0.0,4.95,192.0,4.961,190.0,4.967,60.0,4.973,60.0,24.20089,24.90973,24.933,24.34767,62.34122854994127,30.14011,26.60844,26.03206,24.57858,25.0,30.5,28.5,25.5,25.0,0.0,910.25,,2.0,0.0,0.0,77.180115,77.180115,77.180115,77.180115,77.180115,77.180115,77.180115,77.180115,77.180115,77.180115,77.180115,77.180115,77.180115,77.180115,77.180115,77.180115,74.309649,74.309649,74.309649,74.309649,0.0,0.0,100.0,101.0,102.0,101.0,101.0,456.0,3000.404,502.98,950.4000000000001,298.38,True,False,
2026-03-12 11:26:13,5.0,0.0,0.0,7.0,,0.0,0.0,9.0,0.0,0.0,0.0,1.0,1.0,0.0,0.0,2.972,0.0,0.0,0.0,7.294999999967235,-423.0,0.0,7.176999999890782,418.0,0.0,0.0,4.981,104.0,4.98,266.0,0.681,0.0,4.95,191.0,4.96,200.0,4.965,62.0,4.973,60.0,24.20805,24.91152,24.94374,24.34409,62.46033233137487,30.15443,26.6156,26.03385,24.57858,25.0,30.5,28.5,25.5,25.0,0.0,910.25,,2.0,0.0,0.0,77.180115,77.180115,77.180115,77.180115,77.180115,77.180115,77.180115,77.180115,77.180115,77.180115,77.180115,77.180115,77.180115,77.180115,77.180115,77.180115,74.309649,74.309649,74.309649,74.309649,0.0,0.0,100.0,101.0,102.0,101.0,101.0,457.0,2999.986,518.024,945.45,298.38,True,False,
2026-03-12 11:26:14,5.0,0.0,0.0,7.0,,0.0,0.0,9.0,0.0,0.0,0.0,1.0,1.0,0.0,0.0,2.97,0.0,0.0,0.0,7.2949999999767074,-424.0,0.0,7.176999999922359,420.0,0.0,0.0,4.981,101.0,4.981,267.0,0.682,0.0,4.95,202.0,4.958,193.0,4.966,62.0,4.973,60.0,24.20984,24.90436,24.94732,24.34588,62.57943611280848,30.15264,26.62276,26.03743,24.58395,25.0,30.5,28.5,25.5,25.0,0.0,910.25,,2.0,0.0,0.0,77.180115,77.180115,77.180115,77.180115,77.180115,77.180115,77.180115,77.180115,77.180115,77.180115,77.180115,77.180115,77.180115,77.180115,77.180115,77.180115,74.309649,74.309649,74.309649,74.309649,0.0,0.0,100.0,101.0,102.0,101.0,101.0,458.0,3014.3399999999997,503.08099999999996,999.9000000000001,298.38,True,False,
2026-03-12 11:26:15,5.0,0.0,0.0,7.0,,0.0,0.0,9.0,0.0,0.0,0.0,1.0,1.0,0.0,0.0,2.967,0.0,0.0,0.0,7.295999999983484,-417.0,0.0,7.176999999944944,416.0,0.0,0.0,4.981,255.0,4.978,267.0,0.681,1.0,4.951,202.0,4.958,193.0,4.965,60.0,4.973,39.0,24.20984,24.91868,24.94016,24.34946,62.69853989424209,30.16696,26.61918,26.0428,24.58932,25.0,30.5,28.5,25.5,25.0,0.0,910.25,,2.0,0.0,0.0,77.180115,77.180115,77.180115,77.180115,77.180115,77.180115,77.180115,77.180115,77.180115,77.180115,77.180115,77.180115,77.180115,77.180115,77.180115,77.180115,74.309649,74.309649,74.309649,74.309649,0.0,0.0,100.0,101.0,102.0,101.0,101.0,459.0,2985.6319999999996,1270.155,1000.102,193.947,True,False,
2026-03-12 11:26:16,5.0,0.0,0.0,7.0,,0.0,0.0,9.0,0.0,0.0,0.0,1.0,1.0,0.0,0.0,2.965,0.0,0.0,0.0,7.296999999988317,-413.0,0.0,7.1769999999610565,418.0,0.0,0.0,4.981,107.0,4.98,270.0,0.681,0.0,4.95,202.0,4.96,188.0,4.966,61.0,4.973,61.0,24.20626,24.92763,24.94732,24.35662,62.8176436756757,30.16338,26.62276,26.04101,24.58753,25.0,30.5,28.5,25.5,25.0,0.0,910.25,,2.0,0.0,0.0,77.180115,77.180115,77.180115,77.180115,77.180115,77.180115,77.180115,77.180115,77.180115,77.180115,77.180115,77.180115,77.180115,77.180115,77.180115,77.180115,74.309649,74.309649,74.309649,74.309649,0.0,0.0,100.0,101.0,102.0,101.0,101.0,460.0,2999.986,532.967,999.9000000000001,303.353,True,False,
2026-03-12 11:26:17,5.0,0.0,0.0,7.0,,0.0,0.0,9.0,0.0,0.0,0.0,1.0,1.0,0.0,0.0,2.97,0.0,0.0,0.0,7.294999999991757,-409.0,0.0,7.176999999972523,420.0,0.0,0.0,4.981,109.0,4.981,267.0,0.681,0.0,4.951,206.0,4.96,193.0,4.966,61.0,4.973,61.0,24.20984,24.92226,24.95985,24.35304,62.936747457109306,30.17591,26.62813,26.05712,24.59111,25.0,30.5,28.5,25.5,25.0,0.0,910.25,,2.0,0.0,0.0,77.180115,77.180115,77.180115,77.180115,77.180115,77.180115,77.180115,77.180115,77.180115,77.180115,77.180115,77.180115,77.180115,77.180115,77.180115,77.180115,74.309649,74.309649,74.309649,74.309649,0.0,0.0,100.0,101.0,102.0,101.0,101.0,461.0,3014.3399999999997,542.929,1019.906,303.353,True,False,
2026-03-12 11:26:18,5.0,0.0,0.0,7.0,30.0,0.0,0.0,9.0,0.0,0.0,0.0,1.0,1.0,0.0,0.0,2.967,0.0,0.0,0.0,7.295999999994199,-407.0,0.0,7.176999999980661,418.0,0.0,0.0,4.98,255.0,4.981,267.0,0.682,0.0,4.951,206.0,4.961,200.0,4.966,60.0,4.976,42.0,24.20984,24.92047,24.95806,24.36378,63.055851238542914,30.17949,26.62634,26.04459,24.59827,25.0,30.5,28.5,25.5,25.0,0.0,910.25,,2.0,0.0,0.0,77.180115,77.180115,77.180115,77.180115,77.180115,77.180115,77.180115,77.180115,77.180115,77.180115,77.180115,77.180115,77.180115,77.180115,77.180115,77.180115,74.309649,74.309649,74.309649,74.309649,0.0,0.0,100.0,101.0,102.0,101.0,101.0,462.0,2999.986,1269.9,1019.906,208.992,True,False,
2026-03-12 11:26:19,5.0,0.0,0.0,7.0,31.0,0.0,0.0,9.0,0.0,0.0,0.0,1.0,1.0,0.0,0.0,2.962,0.0,0.0,0.0,7.293999999995926,-404.0,0.0,7.1759999999864235,416.0,0.0,0.0,4.981,100.0,4.981,267.0,0.681,0.0,4.951,206.0,4.96,198.0,4.966,61.0,4.976,42.0,24.20984,24.92047,24.95985,24.36736,63.17495501997652,30.1777,26.62455,26.05712,24.59648,25.0,30.5,28.5,25.5,25.0,0.0,910.25,,2.0,0.0,0.0,77.180115,77.180115,77.180115,77.180115,77.180115,77.180115,77.180115,77.180115,77.180115,77.180115,77.180115,77.180115,77.180115,77.180115,77.180115,77.180115,74.309649,74.309649,74.309649,74.309649,0.0,0.0,100.0,101.0,102.0,101.0,101.0,463.0,2985.216,498.09999999999997,1019.906,208.992,True,False,
2026-03-12 11:26:20,5.0,0.0,0.0,7.0,32.0,0.0,0.0,9.0,0.0,0.0,0.0,1.0,1.0,0.0,0.0,2.966,0.0,0.0,0.0,7.294999999997148,-401.0,0.0,7.176999999990492,418.0,0.0,0.0,4.981,255.0,4.98,267.0,0.681,0.0,4.951,207.0,4.96,191.0,4.966,61.0,4.976,45.0,24.20984,24.92226,24.95985,24.36736,63.29405880141013,30.18665,26.64245,26.04996,24.60185,25.0,30.5,28.5,25.5,25.0,0.0,910.25,,2.0,0.0,0.0,77.180115,77.180115,77.180115,77.180115,77.180115,77.180115,77.180115,77.180115,77.180115,77.180115,77.180115,77.180115,77.180115,77.180115,77.180115,77.180115,74.309649,74.309649,74.309649,74.309649,0.0,0.0,100.0,101.0,102.0,101.0,101.0,464.0,2999.986,1270.155,1024.857,223.92,True,False,
2026-03-12 11:26:21,5.0,0.0,0.0,7.0,33.0,0.0,0.0,9.0,0.0,0.0,0.0,1.0,1.0,0.0,0.0,2.985,0.0,0.0,0.0,7.293999999998007,-417.0,0.0,7.176999999993358,417.0,0.0,0.0,4.98,102.0,4.981,268.0,0.681,0.0,4.951,206.0,4.96,192.0,4.965,63.0,4.976,45.0,24.20626,24.92942,24.96343,24.36736,63.41316258284374,30.20455,26.64245,26.05175,24.60543,25.0,30.5,28.5,25.5,25.0,0.0,910.25,,2.0,0.0,0.0,77.180115,77.180115,77.180115,77.180115,77.180115,77.180115,77.180115,77.180115,77.180115,77.180115,77.180115,77.180115,77.180115,77.180115,77.180115,77.180115,74.309649,74.309649,74.309649,74.309649,0.0,0.0,100.0,101.0,102.0,101.0,101.0,465.0,2992.8089999999997,507.96000000000004,1019.906,223.92,True,False,
2026-03-12 11:26:22,5.0,0.0,0.0,7.0,34.0,0.0,0.0,9.0,0.0,0.0,0.0,1.0,1.0,0.0,0.0,2.979,0.0,0.0,0.0,7.292999999998612,-427.0,0.0,7.175999999995373,423.0,0.0,0.0,4.981,109.0,4.98,267.0,0.681,0.0,4.951,205.0,4.958,192.0,4.966,61.0,4.976,43.0,24.20626,24.93121,24.97238,24.37452,63.53226636427734,30.21171,26.64782,26.05712,24.60364,25.0,30.5,28.5,25.5,25.0,0.0,910.25,,2.0,0.0,0.0,77.180115,77.180115,77.180115,77.180115,77.180115,77.180115,77.180115,77.180115,77.180115,77.180115,77.180115,77.180115,77.180115,77.180115,77.180115,77.180115,74.309649,74.309649,74.309649,74.309649,0.0,0.0,100.0,101.0,102.0,101.0,101.0,466.0,3035.448,542.929,1014.9549999999999,213.968,True,False,
2026-03-12 11:26:23,5.0,0.0,0.0,7.0,35.0,0.0,0.0,9.0,0.0,0.0,0.0,1.0,1.0,0.0,0.0,2.982,0.0,0.0,0.0,7.290999999999036,-429.0,0.0,7.174999999996783,428.0,0.0,0.0,4.981,109.0,4.98,109.0,0.682,0.0,4.948,193.0,4.96,195.0,4.966,61.0,4.976,43.0,24.20984,24.93479,24.97596,24.38168,63.65137014571095,30.19918,26.64424,26.05891,24.60185,25.0,30.5,28.5,26.0,25.0,0.0,910.25,,2.0,0.0,0.0,77.180115,77.180115,77.180115,77.180115,77.180115,77.180115,77.180115,77.180115,77.180115,77.180115,77.180115,77.180115,77.180115,77.180115,77.180115,77.180115,74.309649,74.309649,74.309649,74.309649,0.0,0.0,100.0,101.0,102.0,101.0,101.0,467.0,3070.9,542.929,954.964,213.968,True,False,
2026-03-12 11:26:24,5.0,0.0,0.0,7.0,36.0,0.0,0.0,9.0,0.0,0.0,0.0,1.0,1.0,0.0,0.0,2.991,0.0,0.0,0.0,7.293999999999331,-421.0,0.0,7.17599999999777,422.0,0.0,0.0,4.98,107.0,4.98,266.0,0.682,0.0,4.948,207.0,4.961,201.0,4.965,61.0,4.973,39.0,24.20984,24.933,24.97059,24.38347,63.77047392714456,30.22603,26.64961,26.06428,24.61259,25.0,30.5,28.5,25.5,25.0,0.0,910.25,,2.0,0.0,0.0,77.180115,77.180115,77.180115,77.180115,77.180115,77.180115,77.180115,77.180115,77.180115,77.180115,77.180115,77.180115,77.180115,77.180115,77.180115,77.180115,74.309649,74.309649,74.309649,74.309649,0.0,0.0,100.0,101.0,102.0,101.0,101.0,468.0,3028.272,532.86,1024.236,193.947,True,False,
2026-03-12 11:26:25,5.0,0.0,0.0,7.0,37.0,0.0,0.0,9.0,0.0,0.0,0.0,1.0,1.0,0.0,0.0,2.993,0.0,0.0,0.0,7.292999999999537,-418.0,0.0,7.175999999998457,425.0,0.0,0.0,4.981,107.0,4.98,266.0,0.681,0.0,4.948,206.0,4.958,195.0,4.965,61.0,4.973,39.0,24.20626,24.93837,24.97417,24.37631,63.889577708578166,30.23498,26.65498,26.05712,24.61975,25.0,30.5,28.5,25.5,25.0,0.0,910.25,,2.0,0.0,0.0,77.180115,77.180115,77.180115,77.180115,77.180115,77.180115,77.180115,77.180115,77.180115,77.180115,77.180115,77.180115,77.180115,77.180115,77.180115,77.180115,74.309649,74.309649,74.309649,74.309649,0.0,0.0,100.0,101.0,102.0,101.0,101.0,469.0,3049.8,532.967,1019.2880000000001,193.947,True,False,
2026-03-12 11:26:26,5.0,0.0,0.0,7.0,38.0,0.0,0.0,9.0,0.0,0.0,0.0,1.0,1.0,0.0,0.0,2.996,0.0,0.0,0.0,7.292999999999681,-415.0,0.0,7.174999999998936,425.0,0.0,0.0,4.982,109.0,4.98,109.0,0.681,0.0,4.95,202.0,4.96,191.0,4.966,60.0,4.973,60.0,24.20984,24.94016,24.98491,24.38526,64.00868149001178,30.22424,26.65498,26.06428,24.61617,25.0,30.5,28.5,25.5,25.0,0.0,910.25,,2.0,0.0,0.0,77.180115,77.180115,77.180115,77.180115,77.180115,77.180115,77.180115,77.180115,77.180115,77.180115,77.180115,77.180115,77.180115,77.180115,77.180115,77.180115,74.309649,74.309649,74.309649,74.309649,0.0,0.0,100.0,101.0,102.0,101.0,101.0,470.0,3049.375,543.038,999.9000000000001,298.38,True,False,
2026-03-12 11:26:27,5.0,0.0,0.0,7.0,39.0,0.0,0.0,9.0,0.0,0.0,0.0,1.0,1.0,0.0,0.0,2.992,0.0,0.0,0.0,7.29399999999978,-409.0,0.0,7.175999999999268,423.0,0.0,0.0,4.981,107.0,4.98,266.0,0.681,1.0,4.948,196.0,4.96,200.0,4.966,60.0,4.973,60.0,24.20984,24.94016,24.97596,24.37989,64.12778527144539,30.23856,26.6514,26.06428,24.6108,25.0,30.5,28.5,25.5,25.0,0.0,910.25,,2.0,0.0,0.0,77.180115,77.180115,77.180115,77.180115,77.180115,77.180115,77.180115,77.180115,77.180115,77.180115,77.180115,77.180115,77.180115,77.180115,77.180115,77.180115,74.309649,74.309649,74.309649,74.309649,0.0,0.0,100.0,101.0,102.0,101.0,101.0,471.0,3035.448,532.967,969.8080000000001,298.38,True,False,
2026-03-12 11:26:28,5.0,0.0,0.0,7.0,,0.0,0.0,9.0,0.0,0.0,0.0,1.0,1.0,0.0,0.0,2.994,0.0,0.0,0.0,7.293999999999849,-404.0,0.0,7.1759999999994974,423.0,0.0,0.0,4.98,107.0,4.981,267.0,0.681,0.0,4.948,192.0,4.961,198.0,4.965,60.0,4.973,60.0,24.22953,24.94016,24.97775,24.38168,64.246889052879,30.24393,26.65856,26.06428,24.6108,25.0,30.5,28.5,25.5,25.0,0.0,910.25,,2.0,0.0,0.0,77.180115,77.180115,77.180115,77.180115,77.180115,77.180115,77.180115,77.180115,77.180115,77.180115,77.180115,77.180115,77.180115,77.180115,77.180115,77.180115,74.309649,74.309649,74.309649,74.309649,0.0,0.0,100.0,101.0,102.0,101.0,101.0,472.0,3035.448,532.86,950.0160000000001,298.38,True,False,
2026-03-12 11:26:29,5.0,0.0,0.0,7.0,,0.0,0.0,9.0,0.0,0.0,0.0,1.0,1.0,0.0,0.0,2.992,0.0,0.0,0.0,7.292999999999897,-400.0,0.0,7.175999999999656,425.0,0.0,0.0,4.981,109.0,4.981,268.0,0.681,0.0,4.951,202.0,4.96,188.0,4.967,58.0,4.973,60.0,24.22774,24.94016,24.98849,24.38168,64.3659928343126,30.25825,26.66393,26.06786,24.61975,25.0,30.5,28.5,26.0,25.0,0.0,910.25,,2.0,0.0,0.0,77.180115,77.180115,77.180115,77.180115,77.180115,77.180115,77.180115,77.180115,77.180115,77.180115,77.180115,77.180115,77.180115,77.180115,77.180115,77.180115,74.309649,74.309649,74.309649,74.309649,0.0,0.0,100.0,101.0,102.0,101.0,101.0,473.0,3049.8,542.929,1000.102,298.38,True,False,
2026-03-12 11:26:30,5.0,0.0,0.0,8.0,0.0,0.0,0.0,9.0,0.0,0.0,0.0,1.0,1.0,0.0,0.0,2.992,0.0,0.0,0.0,7.293999999999929,-397.0,0.0,7.175999999999765,421.0,0.0,0.0,4.98,107.0,4.98,266.0,0.681,0.0,4.951,201.0,4.96,192.0,4.966,61.0,4.973,61.0,24.22953,24.94374,24.98133,24.38168,64.4850966157462,30.26362,26.67646,26.08218,24.62154,25.0,30.5,28.5,25.5,25.0,0.0,910.25,,2.0,0.0,0.0,77.180115,77.180115,77.180115,77.180115,77.180115,77.180115,77.180115,77.180115,77.180115,77.180115,77.180115,77.180115,77.180115,77.180115,77.180115,77.180115,74.309649,74.309649,74.309649,74.309649,0.0,0.0,100.0,101.0,102.0,101.0,101.0,474.0,3021.096,532.86,995.151,303.353,True,False,
2026-03-12 11:26:31,5.0,0.0,0.0,8.0,1.0,0.0,0.0,9.0,0.0,0.0,0.0,1.0,1.0,0.0,0.0,2.993,0.0,0.0,0.0,7.293999999999952,-400.0,0.0,7.17599999999984,423.0,0.0,0.0,4.98,109.0,4.981,267.0,0.681,0.0,4.95,202.0,4.96,198.0,4.966,60.0,4.973,61.0,24.22058,24.95269,24.99028,24.38884,64.60420039717981,30.26183,26.66751,26.07681,24.61796,25.0,30.5,28.5,25.5,25.0,0.0,910.25,,2.0,0.0,0.0,77.180115,77.180115,77.180115,77.180115,77.180115,77.180115,77.180115,77.180115,77.180115,77.180115,77.180115,77.180115,77.180115,77.180115,77.180115,77.180115,74.309649,74.309649,74.309649,74.309649,0.0,0.0,100.0,101.0,102.0,101.0,101.0,475.0,3035.448,542.82,999.9000000000001,303.353,True,False,
2026-03-12 11:26:32,5.0,0.0,0.0,8.0,2.0,0.0,0.0,9.0,0.0,0.0,0.0,1.0,1.0,0.0,0.0,2.976,0.0,0.0,0.0,7.293999999999967,-419.0,0.0,7.17699999999989,425.0,0.0,0.0,4.98,109.0,4.98,266.0,0.681,0.0,4.951,202.0,4.961,200.0,4.966,61.0,4.973,61.0,24.20984,24.94732,24.98849,24.39779,64.72330417861342,30.2672,26.67288,26.0786,24.62333,25.0,30.5,28.5,26.0,25.0,0.0,910.25,,2.0,0.0,0.0,77.180115,77.180115,77.180115,77.180115,77.180115,77.180115,77.180115,77.180115,77.180115,77.180115,77.180115,77.180115,77.180115,77.180115,77.180115,77.180115,74.309649,74.309649,74.309649,74.309649,0.0,0.0,100.0,101.0,102.0,101.0,101.0,476.0,3050.225,542.82,1000.102,303.353,True,False,
2026-03-12 11:26:33,5.0,0.0,0.0,8.0,3.0,0.0,0.0,9.0,0.0,0.0,0.0,1.0,1.0,0.0,0.0,2.984,0.0,0.0,0.0,7.293999999999977,-422.0,0.0,7.175999999999926,423.0,0.0,0.0,4.981,109.0,4.98,267.0,0.681,0.0,4.951,206.0,4.96,195.0,4.965,60.0,4.973,61.0,24.22416,24.95448,24.99386,24.39958,64.84240796004703,30.28689,26.68362,26.07681,24.63944,25.0,30.5,28.5,26.0,25.0,0.0,910.25,,2.0,0.0,0.0,77.180115,77.180115,77.180115,77.180115,77.180115,77.180115,77.180115,77.180115,77.180115,77.180115,77.180115,77.180115,77.180115,77.180115,77.180115,77.180115,74.309649,74.309649,74.309649,74.309649,0.0,0.0,100.0,101.0,102.0,101.0,101.0,477.0,3035.448,542.929,1019.906,303.353,True,False,
2026-03-12 11:26:34,5.0,0.0,0.0,8.0,4.0,0.0,0.0,9.0,0.0,0.0,0.0,1.0,1.0,0.0,0.0,2.984,0.0,0.0,0.0,7.294999999999985,-418.0,0.0,7.17499999999995,425.0,0.0,0.0,4.98,107.0,4.98,266.0,0.682,0.0,4.951,205.0,4.96,190.0,4.966,62.0,4.975,43.0,24.22953,24.95985,24.99386,24.40316,64.96151174148063,30.28689,26.68899,26.08039,24.63765,25.0,30.5,28.5,26.0,25.0,0.0,910.25,,2.0,0.0,0.0,77.180115,77.180115,77.180115,77.180115,77.180115,77.180115,77.180115,77.180115,77.180115,77.180115,77.180115,77.180115,77.180115,77.180115,77.180115,77.180115,74.309649,74.309649,74.309649,74.309649,0.0,0.0,100.0,101.0,102.0,101.0,101.0,478.0,3049.375,532.86,1014.9549999999999,213.92499999999998,True,False,
2026-03-12 11:26:35,5.0,0.0,0.0,8.0,5.0,0.0,0.0,9.0,0.0,0.0,0.0,1.0,1.0,0.0,0.0,2.984,0.0,0.0,0.0,7.29499999999999,-418.0,0.0,7.174999999999966,422.0,0.0,0.0,4.982,107.0,4.981,267.0,0.681,0.0,4.947,205.0,4.961,195.0,4.965,62.0,4.975,43.0,24.23132,24.9509,24.99744,24.396,65.08061552291424,30.30121,26.69257,26.0786,24.6287,25.0,30.5,28.5,25.5,25.0,0.0,910.25,,2.0,0.0,0.0,77.180115,77.180115,77.180115,77.180115,77.180115,77.180115,77.180115,77.180115,77.180115,77.180115,77.180115,77.180115,77.180115,77.180115,77.180115,77.180115,74.309649,74.309649,74.309649,74.309649,0.0,0.0,100.0,101.0,102.0,101.0,101.0,479.0,3027.85,533.0740000000001,1014.135,213.92499999999998,True,False,
2026-03-12 11:26:36,5.0,0.0,0.0,8.0,6.0,0.0,0.0,,0.0,0.0,0.0,1.0,0.0,0.0,0.0,2.984,0.0,0.0,0.0,7.2939999999999925,-415.0,0.0,7.215999999999978,0.0,0.0,0.0,4.983,107.0,0.707,0.0,0.682,0.0,4.951,205.0,4.96,200.0,0.0,0.0,4.978,45.0,24.22774,24.96343,24.99565,24.40495,65.19971930434785,30.29584,26.68362,26.08397,24.63765,25.0,30.5,28.5,0.0,25.0,0.0,910.25,,2.0,0.0,0.0,77.180115,77.180115,77.180115,77.180115,77.180115,77.180115,77.180115,77.180115,77.180115,77.180115,77.180115,77.180115,77.180115,77.180115,77.180115,77.180115,74.309649,74.309649,74.309649,74.309649,0.0,0.0,100.0,101.0,102.0,101.0,101.0,480.0,0.0,533.1809999999999,1014.9549999999999,224.01,True,False,
2026-03-12 11:26:37,5.0,0.0,0.0,8.0,7.0,0.0,0.0,,0.0,0.0,0.0,1.0,0.0,0.0,0.0,2.981,0.0,0.0,0.0,7.324999999999996,-222.0,0.0,7.214999999999985,223.0,0.0,0.0,4.983,106.0,0.648,2.0,0.681,0.0,4.951,206.0,4.96,200.0,0.0,0.0,4.978,45.0,24.23669,24.96522,25.0046,24.40674,65.31882308578146,30.30479,26.68362,26.09113,24.63765,25.0,30.5,28.5,0.0,25.0,0.0,910.25,,2.0,0.0,0.0,77.180115,77.180115,77.180115,77.180115,77.180115,77.180115,77.180115,77.180115,77.180115,77.180115,77.180115,77.180115,77.180115,77.180115,77.180115,77.180115,74.309649,74.309649,74.309649,74.309649,0.0,0.0,100.0,101.0,102.0,101.0,101.0,481.0,1608.945,528.198,1019.906,224.01,True,False,
2026-03-12 11:26:38,5.0,0.0,0.0,8.0,8.0,0.0,0.0,,0.0,0.0,0.0,1.0,0.0,0.0,0.0,2.978,0.0,0.0,0.0,7.325999999999997,-223.0,0.0,7.21599999999999,0.0,0.0,0.0,4.983,107.0,0.613,2.0,0.681,0.0,4.951,206.0,4.96,200.0,0.0,0.0,4.98,47.0,24.24206,24.97238,25.00281,24.40316,65.43792686721505,30.303,26.67467,26.08576,24.63586,25.0,30.5,28.5,0.0,25.0,0.0,910.25,,2.0,0.0,0.0,77.180115,77.180115,77.180115,77.180115,77.180115,77.180115,77.180115,77.180115,77.180115,77.180115,77.180115,77.180115,77.180115,77.180115,77.180115,77.180115,74.309649,74.309649,74.309649,74.309649,0.0,0.0,100.0,101.0,102.0,101.0,101.0,482.0,0.0,533.1809999999999,1019.906,234.06000000000003,True,False,
2026-03-12 11:26:39,5.0,0.0,0.0,8.0,9.0,0.0,0.0,,0.0,0.0,0.0,1.0,0.0,0.0,0.0,2.983,0.0,0.0,0.0,7.325999999999998,-221.0,0.0,7.2169999999999925,0.0,0.0,0.0,4.985,109.0,0.6,1.0,0.681,1.0,4.951,193.0,4.96,200.0,0.0,0.0,4.98,47.0,24.2349,24.96522,25.00639,24.40316,65.55703064864866,30.29584,26.67646,26.09471,24.64123,25.0,30.5,28.5,0.0,25.0,0.0,910.25,,2.0,0.0,0.0,77.180115,77.180115,77.180115,77.180115,77.180115,77.180115,77.180115,77.180115,77.180115,77.180115,77.180115,77.180115,77.180115,77.180115,77.180115,77.180115,74.309649,74.309649,74.309649,74.309649,0.0,0.0,100.0,101.0,102.0,101.0,101.0,483.0,0.0,543.365,955.5429999999999,234.06000000000003,True,False,
2026-03-12 11:26:40,5.0,0.0,0.0,8.0,,0.0,0.0,,0.0,0.0,0.0,1.0,0.0,0.0,0.0,2.982,0.0,0.0,0.0,7.325999999999998,-218.0,0.0,7.216999999999995,0.0,0.0,0.0,4.982,109.0,0.558,1.0,0.681,0.0,4.951,207.0,4.96,200.0,0.0,0.0,4.978,61.0,24.23132,24.97417,25.0046,24.41748,65.67613443008227,30.30658,26.64424,26.0965,24.63765,25.0,30.5,28.5,0.0,25.0,0.0,910.25,,2.0,0.0,0.0,77.180115,77.180115,77.180115,77.180115,77.180115,77.180115,77.180115,77.180115,77.180115,77.180115,77.180115,77.180115,77.180115,77.180115,77.180115,77.180115,74.309649,74.309649,74.309649,74.309649,0.0,0.0,100.0,101.0,102.0,101.0,101.0,484.0,0.0,543.038,1024.857,303.65799999999996,True,False,
2026-03-12 11:26:41,5.0,0.0,0.0,8.0,,0.0,0.0,,0.0,0.0,0.0,1.0,0.0,0.0,0.0,2.978,0.0,0.0,0.0,7.325999999999999,-217.0,0.0,7.216999999999997,0.0,0.0,0.0,4.982,266.0,0.535,0.0,0.681,0.0,4.95,207.0,4.96,200.0,0.0,0.0,4.978,61.0,24.23848,24.9688,25.0046,24.41748,65.79523821151588,30.29584,26.62634,26.08755,24.65555,25.0,30.5,28.5,0.0,25.0,0.0,910.25,,2.0,0.0,0.0,77.180115,77.180115,77.180115,77.180115,77.180115,77.180115,77.180115,77.180115,77.180115,77.180115,77.180115,77.180115,77.180115,77.180115,77.180115,77.180115,74.309649,74.309649,74.309649,74.309649,0.0,0.0,100.0,101.0,102.0,101.0,101.0,485.0,0.0,1325.212,1024.65,303.65799999999996,True,False,
2026-03-12 11:26:42,5.0,0.0,0.0,8.0,,0.0,0.0,,0.0,0.0,0.0,1.0,0.0,0.0,0.0,2.983,0.0,0.0,0.0,7.325999999999999,-227.0,0.0,7.216999999999998,218.0,0.0,0.0,4.983,255.0,0.511,0.0,0.682,0.0,4.952,203.0,4.96,200.0,0.0,0.0,4.976,58.0,24.24385,24.97954,25.0046,24.42822,65.91434199294949,30.28868,26.60486,26.10008,24.64481,25.0,30.5,28.5,0.0,25.0,0.0,910.25,,2.0,0.0,0.0,77.180115,77.180115,77.180115,77.180115,77.180115,77.180115,77.180115,77.180115,77.180115,77.180115,77.180115,77.180115,77.180115,77.180115,77.180115,77.180115,74.309649,74.309649,74.309649,74.309649,0.0,0.0,100.0,101.0,102.0,101.0,101.0,486.0,1573.3059999999998,1270.665,1005.256,288.608,True,False,
2026-03-12 11:26:43,5.0,0.0,0.0,8.0,,0.0,0.0,,0.0,0.0,0.0,1.0,0.0,0.0,0.0,2.983,0.0,0.0,0.0,7.326,-230.0,0.0,7.217999999999999,218.0,0.0,0.0,4.983,100.0,0.491,1.0,0.681,0.0,4.953,188.0,4.96,200.0,0.0,0.0,4.976,58.0,24.23311,24.97417,25.00281,24.41748,66.0334457743831,30.28152,26.58696,26.0965,24.64839,25.0,30.5,28.5,0.0,25.0,0.0,910.25,,2.0,0.0,0.0,77.180115,77.180115,77.180115,77.180115,77.180115,77.180115,77.180115,77.180115,77.180115,77.180115,77.180115,77.180115,77.180115,77.180115,77.180115,77.180115,74.309649,74.309649,74.309649,74.309649,0.0,0.0,100.0,101.0,102.0,101.0,101.0,487.0,1573.524,498.29999999999995,931.1640000000001,288.608,True,False,
2026-03-12 11:26:44,5.0,0.0,0.0,8.0,,0.0,0.0,,0.0,0.0,0.0,1.0,0.0,0.0,0.0,2.982,0.0,0.0,0.0,7.325,-223.0,0.0,7.216999999999999,221.0,0.0,0.0,4.983,109.0,0.472,2.0,0.681,0.0,4.953,190.0,4.96,200.0,0.0,0.0,4.977,39.0,24.24564,24.97596,25.01176,24.42285,66.1525495558167,30.26183,26.56548,26.10008,24.65376,25.0,30.5,28.5,0.0,25.0,0.0,910.25,,2.0,0.0,0.0,77.180115,77.180115,77.180115,77.180115,77.180115,77.180115,77.180115,77.180115,77.180115,77.180115,77.180115,77.180115,77.180115,77.180115,77.180115,77.180115,74.309649,74.309649,74.309649,74.309649,0.0,0.0,100.0,101.0,102.0,101.0,101.0,488.0,1594.9569999999999,543.1469999999999,941.07,194.103,True,False,
2026-03-12 11:26:45,5.0,0.0,0.0,8.0,,0.0,0.0,,0.0,0.0,0.0,1.0,0.0,0.0,0.0,2.981,0.0,0.0,0.0,7.324,-220.0,0.0,7.215999999999999,222.0,0.0,0.0,4.983,253.0,0.453,0.0,0.681,0.0,4.955,202.0,4.96,200.0,0.0,0.0,4.977,39.0,24.23848,24.97417,25.01713,24.42822,66.27165333725031,30.24572,26.56369,26.10008,24.65376,25.0,30.5,28.5,0.0,25.0,0.0,910.25,,2.0,0.0,0.0,77.180115,77.180115,77.180115,77.180115,77.180115,77.180115,77.180115,77.180115,77.180115,77.180115,77.180115,77.180115,77.180115,77.180115,77.180115,77.180115,74.309649,74.309649,74.309649,74.309649,0.0,0.0,100.0,101.0,102.0,101.0,101.0,489.0,1601.952,1260.6989999999998,1000.91,194.103,True,False,
2026-03-12 11:26:46,5.0,0.0,0.0,8.0,10.0,0.0,0.0,,0.0,0.0,0.0,1.0,0.0,0.0,0.0,2.984,0.0,0.0,0.0,7.326,-221.0,0.0,7.218,217.0,0.0,0.0,4.985,107.0,0.437,2.0,0.682,0.0,4.956,201.0,4.96,200.0,0.0,0.0,4.977,61.0,24.23848,24.98133,25.01892,24.43001,66.39075711868392,30.22245,26.54221,26.10724,24.6645,25.0,30.5,28.5,0.0,25.0,0.0,910.25,,2.0,0.0,0.0,77.180115,77.180115,77.180115,77.180115,77.180115,77.180115,77.180115,77.180115,77.180115,77.180115,77.180115,77.180115,77.180115,77.180115,77.180115,77.180115,74.309649,74.309649,74.309649,74.309649,0.0,0.0,100.0,101.0,102.0,101.0,101.0,490.0,1566.306,533.395,996.1560000000001,303.59700000000004,True,False,
2026-03-12 11:26:47,5.0,0.0,0.0,8.0,11.0,0.0,0.0,,0.0,0.0,0.0,1.0,0.0,0.0,0.0,2.984,0.0,0.0,0.0,7.326,-220.0,0.0,7.216,217.0,0.0,0.0,4.983,109.0,0.43,1.0,0.681,0.0,4.951,201.0,4.96,200.0,0.0,0.0,4.977,61.0,24.24385,24.97775,25.01892,24.44075,66.50986090011753,30.20276,26.52968,26.10008,24.66629,25.0,30.5,28.5,0.0,25.0,0.0,910.25,,2.0,0.0,0.0,77.180115,77.180115,77.180115,77.180115,77.180115,77.180115,77.180115,77.180115,77.180115,77.180115,77.180115,77.180115,77.180115,77.180115,77.180115,77.180115,74.309649,74.309649,74.309649,74.309649,0.0,0.0,100.0,101.0,102.0,101.0,101.0,491.0,1565.872,543.1469999999999,995.151,303.59700000000004,True,False,
2026-03-12 11:26:48,5.0,0.0,0.0,8.0,12.0,0.0,0.0,,0.0,0.0,0.0,1.0,0.0,0.0,0.0,2.98,0.0,0.0,0.0,7.325,-218.0,0.0,7.217,0.0,0.0,0.0,4.985,107.0,0.408,0.0,0.681,0.0,4.953,205.0,4.96,200.0,0.0,0.0,4.976,58.0,24.25101,24.98312,25.02429,24.4318,66.62896468155114,30.18665,26.50104,26.1144,24.67345,25.0,30.5,28.5,0.0,25.5,0.0,910.25,,2.0,0.0,0.0,77.180115,77.180115,77.180115,77.180115,77.180115,77.180115,77.180115,77.180115,77.180115,77.180115,77.180115,77.180115,77.180115,77.180115,77.180115,77.180115,74.309649,74.309649,74.309649,74.309649,0.0,0.0,100.0,101.0,102.0,101.0,101.0,492.0,0.0,533.395,1015.365,288.608,True,False,
2026-03-12 11:26:49,5.0,0.0,0.0,8.0,13.0,0.0,0.0,,0.0,0.0,0.0,1.0,0.0,0.0,0.0,2.982,0.0,0.0,0.0,7.325,-216.0,0.0,7.217,0.0,0.0,0.0,4.983,109.0,0.393,0.0,0.681,0.0,4.95,206.0,4.96,200.0,0.0,0.0,4.976,58.0,24.24206,24.99923,25.02429,24.44433,66.74806846298475,30.15622,26.48851,26.11977,24.6645,25.0,30.5,28.5,0.0,25.5,0.0,910.25,,2.0,0.0,0.0,77.180115,77.180115,77.180115,77.180115,77.180115,77.180115,77.180115,77.180115,77.180115,77.180115,77.180115,77.180115,77.180115,77.180115,77.180115,77.180115,74.309649,74.309649,74.309649,74.309649,0.0,0.0,100.0,101.0,102.0,101.0,101.0,493.0,0.0,543.1469999999999,1019.7,288.608,True,False,
2026-03-12 11:26:50,5.0,0.0,0.0,8.0,14.0,0.0,0.0,,0.0,0.0,0.0,1.0,0.0,0.0,0.0,2.982,0.0,0.0,0.0,7.325,-213.0,0.0,7.217,0.0,0.0,0.0,4.982,107.0,0.382,2.0,0.681,0.0,4.951,205.0,4.96,200.0,0.0,0.0,4.978,43.0,24.24385,24.99386,25.0225,24.45507,66.86717224441836,30.13832,26.48135,26.11619,24.67524,25.0,30.5,28.5,0.0,25.5,0.0,910.25,,2.0,0.0,0.0,77.180115,77.180115,77.180115,77.180115,77.180115,77.180115,77.180115,77.180115,77.180115,77.180115,77.180115,77.180115,77.180115,77.180115,77.180115,77.180115,74.309649,74.309649,74.309649,74.309649,0.0,0.0,100.0,101.0,102.0,101.0,101.0,494.0,0.0,533.0740000000001,1014.9549999999999,214.054,True,False,
2026-03-12 11:26:51,5.0,0.0,0.0,8.0,15.0,0.0,0.0,,0.0,0.0,0.0,1.0,0.0,0.0,0.0,2.983,0.0,0.0,0.0,7.326,-212.0,0.0,7.216,223.0,0.0,0.0,4.983,109.0,0.37,0.0,0.682,0.0,4.951,206.0,4.96,200.0,0.0,0.0,4.978,43.0,24.24564,24.99207,25.02966,24.44433,66.98627602585196,30.11147,26.4724,26.12693,24.67882,25.0,30.5,28.5,0.0,25.5,0.0,910.25,,2.0,0.0,0.0,77.180115,77.180115,77.180115,77.180115,77.180115,77.180115,77.180115,77.180115,77.180115,77.180115,77.180115,77.180115,77.180115,77.180115,77.180115,77.180115,74.309649,74.309649,74.309649,74.309649,0.0,0.0,100.0,101.0,102.0,101.0,101.0,495.0,1609.1680000000001,543.1469999999999,1019.906,214.054,True,False,
2026-03-12 11:26:52,5.0,0.0,0.0,8.0,16.0,0.0,0.0,,0.0,0.0,0.0,1.0,0.0,0.0,0.0,2.98,0.0,0.0,0.0,7.324,-219.0,0.0,7.217,0.0,0.0,0.0,4.982,267.0,0.357,0.0,0.681,0.0,4.952,206.0,4.96,200.0,0.0,0.0,4.978,43.0,24.24922,24.98312,25.03145,24.45149,67.10537980728557,30.08999,26.46166,26.11798,24.6824,25.0,30.5,28.5,0.0,25.5,0.0,910.25,,2.0,0.0,0.0,77.180115,77.180115,77.180115,77.180115,77.180115,77.180115,77.180115,77.180115,77.180115,77.180115,77.180115,77.180115,77.180115,77.180115,77.180115,77.180115,74.309649,74.309649,74.309649,74.309649,0.0,0.0,100.0,101.0,102.0,101.0,101.0,496.0,0.0,1330.194,1020.112,214.054,True,False,
2026-03-12 11:26:53,5.0,0.0,0.0,8.0,17.0,0.0,0.0,,0.0,0.0,0.0,1.0,0.0,0.0,0.0,2.983,0.0,0.0,0.0,7.325,-225.0,0.0,7.216,0.0,0.0,0.0,4.983,107.0,0.345,0.0,0.681,0.0,4.951,206.0,4.96,200.0,0.0,0.0,4.978,43.0,24.24922,25.00102,25.03682,24.4497,67.22448358871918,30.05061,26.44197,26.11798,24.68777,25.0,30.5,28.5,0.0,25.5,0.0,910.25,,2.0,0.0,0.0,77.180115,77.180115,77.180115,77.180115,77.180115,77.180115,77.180115,77.180115,77.180115,77.180115,77.180115,77.180115,77.180115,77.180115,77.180115,77.180115,74.309649,74.309649,74.309649,74.309649,0.0,0.0,100.0,101.0,102.0,101.0,101.0,497.0,0.0,533.1809999999999,1019.906,214.054,True,False,
2026-03-12 11:26:54,5.0,0.0,0.0,8.0,18.0,0.0,0.0,,0.0,0.0,0.0,1.0,0.0,0.0,0.0,2.98,0.0,0.0,0.0,7.325,-224.0,0.0,7.217,0.0,0.0,0.0,4.982,109.0,0.332,0.0,0.681,0.0,4.951,206.0,4.96,200.0,0.0,0.0,4.98,43.0,24.24564,24.99207,25.03324,24.45328,67.34358737015279,30.00944,26.42228,26.12156,24.67524,25.0,30.5,28.5,0.0,25.5,0.0,910.25,,2.0,0.0,0.0,77.180115,77.180115,77.180115,77.180115,77.180115,77.180115,77.180115,77.180115,77.180115,77.180115,77.180115,77.180115,77.180115,77.180115,77.180115,77.180115,74.309649,74.309649,74.309649,74.309649,0.0,0.0,100.0,101.0,102.0,101.0,101.0,498.0,0.0,543.038,1019.906,214.14000000000001,True,False,
2026-03-12 11:26:55,5.0,0.0,0.0,8.0,19.0,0.0,0.0,,0.0,0.0,0.0,1.0,0.0,0.0,0.0,2.98,0.0,0.0,0.0,7.325,-224.0,0.0,7.217,0.0,0.0,0.0,4.982,266.0,0.326,1.0,0.681,0.0,4.951,185.0,4.96,200.0,0.0,0.0,4.98,43.0,24.25101,24.99744,25.03324,24.44791,67.4626911515864,30.00049,26.42049,26.12514,24.6824,25.0,30.5,28.5,0.0,25.5,0.0,910.25,,2.0,0.0,0.0,77.180115,77.180115,77.180115,77.180115,77.180115,77.180115,77.180115,77.180115,77.180115,77.180115,77.180115,77.180115,77.180115,77.180115,77.180115,77.180115,74.309649,74.309649,74.309649,74.309649,0.0,0.0,100.0,101.0,102.0,101.0,101.0,499.0,0.0,1325.212,915.935,214.14000000000001,True,False,
2026-03-12 11:26:56,5.0,0.0,0.0,8.0,,0.0,0.0,,0.0,0.0,0.0,1.0,0.0,0.0,0.0,2.981,0.0,0.0,0.0,7.325,-221.0,0.0,7.217,0.0,0.0,0.0,4.983,266.0,0.317,0.0,0.682,0.0,4.951,187.0,4.96,200.0,0.0,0.0,4.98,43.0,24.25996,25.00818,25.03324,24.45328,67.58179493302,29.98617,26.41154,26.1323,24.6824,25.0,30.5,28.5,0.0,25.5,0.0,910.25,,2.0,0.0,0.0,77.180115,77.180115,77.180115,77.180115,77.180115,77.180115,77.180115,77.180115,77.180115,77.180115,77.180115,77.180115,77.180115,77.180115,77.180115,77.180115,74.309649,74.309649,74.309649,74.309649,0.0,0.0,100.0,101.0,102.0,101.0,101.0,500.0,0.0,1325.4779999999998,925.8369999999999,214.14000000000001,True,False,
2026-03-12 11:26:57,5.0,0.0,0.0,8.0,,0.0,0.0,,0.0,0.0,0.0,1.0,0.0,0.0,0.0,2.982,0.0,0.0,0.0,7.326,-218.0,0.0,7.217,223.0,0.0,0.0,4.983,109.0,0.301,1.0,0.681,1.0,4.951,205.0,4.96,200.0,0.0,0.0,4.977,58.0,24.2528,25.01176,25.04398,24.45328,67.70089871445361,29.94679,26.39901,26.13051,24.68777,25.0,30.5,28.5,0.0,25.5,0.0,910.25,,2.0,0.0,0.0,77.180115,77.180115,77.180115,77.180115,77.180115,77.180115,77.180115,77.180115,77.180115,77.180115,77.180115,77.180115,77.180115,77.180115,77.180115,77.180115,74.309649,74.309649,74.309649,74.309649,0.0,0.0,100.0,101.0,102.0,101.0,101.0,501.0,1609.3909999999998,543.1469999999999,1014.9549999999999,288.666,True,False,
2026-03-12 11:26:58,5.0,0.0,0.0,8.0,,0.0,0.0,,0.0,0.0,0.0,1.0,0.0,0.0,0.0,2.983,0.0,0.0,0.0,7.325,-217.0,0.0,7.217,0.0,0.0,0.0,4.982,109.0,0.292,2.0,0.681,0.0,4.953,202.0,4.96,200.0,0.0,0.0,4.977,60.0,24.2528,25.01176,25.04577,24.4497,67.82000249588722,29.89846,26.39006,26.1323,24.68956,25.0,30.5,28.5,0.0,25.5,0.0,910.25,,2.0,0.0,0.0,77.180115,77.180115,77.180115,77.180115,77.180115,77.180115,77.180115,77.180115,77.180115,77.180115,77.180115,77.180115,77.180115,77.180115,77.180115,77.180115,74.309649,74.309649,74.309649,74.309649,0.0,0.0,100.0,101.0,102.0,101.0,101.0,502.0,0.0,543.038,1000.5060000000001,298.62,True,False,
2026-03-12 11:26:59,5.0,0.0,0.0,8.0,,0.0,0.0,,0.0,0.0,0.0,1.0,0.0,0.0,0.0,2.982,0.0,0.0,0.0,7.326,-214.0,0.0,7.218,0.0,0.0,0.0,4.983,266.0,0.282,0.0,0.681,0.0,4.951,188.0,4.96,200.0,0.0,0.0,4.977,60.0,24.26354,25.00997,25.04398,24.46402,67.93910627732083,29.86982,26.37395,26.12872,24.69672,25.0,30.5,28.5,0.0,25.5,0.0,910.25,,2.0,0.0,0.0,77.180115,77.180115,77.180115,77.180115,77.180115,77.180115,77.180115,77.180115,77.180115,77.180115,77.180115,77.180115,77.180115,77.180115,77.180115,77.180115,74.309649,74.309649,74.309649,74.309649,0.0,0.0,100.0,101.0,102.0,101.0,101.0,503.0,0.0,1325.4779999999998,930.7879999999999,298.62,True,False,
2026-03-12 11:27:00,5.0,0.0,0.0,8.0,,0.0,0.0,,0.0,0.0,0.0,1.0,0.0,0.0,0.0,2.981,0.0,0.0,0.0,7.327,-222.0,0.0,7.217,0.0,0.0,0.0,4.985,266.0,0.275,0.0,0.681,0.0,4.952,201.0,4.96,200.0,0.0,0.0,4.977,62.0,24.25459,25.00818,25.04756,24.4676,68.05821005875444,29.83939,26.38111,26.12872,24.69851,25.0,30.5,28.5,0.0,25.5,0.0,910.25,,2.0,0.0,0.0,77.180115,77.180115,77.180115,77.180115,77.180115,77.180115,77.180115,77.180115,77.180115,77.180115,77.180115,77.180115,77.180115,77.180115,77.180115,77.180115,74.309649,74.309649,74.309649,74.309649,0.0,0.0,100.0,101.0,102.0,101.0,101.0,504.0,0.0,1326.01,995.352,308.574,True,False,
2026-03-12 11:27:01,5.0,0.0,0.0,8.0,,0.0,0.0,,0.0,0.0,0.0,1.0,0.0,0.0,0.0,2.981,0.0,0.0,0.0,7.325,-220.0,0.0,7.217,222.0,0.0,0.0,4.983,107.0,0.266,1.0,0.682,0.0,4.955,202.0,4.96,200.0,0.0,0.0,4.977,62.0,24.25459,25.01176,25.04398,24.47118,68.17731384018805,29.81433,26.37753,26.13588,24.69672,25.0,30.5,28.5,0.0,25.5,0.0,910.25,,2.0,0.0,0.0,77.180115,77.180115,77.180115,77.180115,77.180115,77.180115,77.180115,77.180115,77.180115,77.180115,77.180115,77.180115,77.180115,77.180115,77.180115,77.180115,74.309649,74.309649,74.309649,74.309649,0.0,0.0,100.0,101.0,102.0,101.0,101.0,505.0,1602.174,533.1809999999999,1000.91,308.574,True,False,
2026-03-12 11:27:02,5.0,0.0,0.0,8.0,20.0,0.0,0.0,,0.0,0.0,0.0,1.0,0.0,0.0,0.0,2.985,0.0,0.0,0.0,7.325,-229.0,0.0,7.218,215.0,0.0,0.0,4.983,102.0,0.257,0.0,0.68,0.0,4.952,201.0,4.96,200.0,0.0,0.0,4.977,61.0,24.26354,25.02071,25.04577,24.47476,68.29641762162166,29.79106,26.35963,26.14125,24.7003,25.0,30.5,28.5,0.0,25.5,0.0,910.25,,2.0,0.0,0.0,77.180115,77.180115,77.180115,77.180115,77.180115,77.180115,77.180115,77.180115,77.180115,77.180115,77.180115,77.180115,77.180115,77.180115,77.180115,77.180115,74.309649,74.309649,74.309649,74.309649,0.0,0.0,100.0,101.0,102.0,101.0,101.0,506.0,1551.87,508.26599999999996,995.352,303.59700000000004,True,False,
2026-03-12 11:27:03,5.0,0.0,0.0,8.0,21.0,0.0,0.0,,0.0,0.0,0.0,1.0,0.0,0.0,0.0,2.982,0.0,0.0,0.0,7.326,-236.0,0.0,7.218,218.0,0.0,0.0,4.986,102.0,0.251,1.0,0.681,0.0,4.952,202.0,4.96,200.0,0.0,0.0,4.977,61.0,24.26175,25.01534,25.05651,24.48371,68.41552140305527,29.76958,26.3471,26.13946,24.69493,25.0,30.5,28.5,0.0,25.5,0.0,910.25,,2.0,0.0,0.0,77.180115,77.180115,77.180115,77.180115,77.180115,77.180115,77.180115,77.180115,77.180115,77.180115,77.180115,77.180115,77.180115,77.180115,77.180115,77.180115,74.309649,74.309649,74.309649,74.309649,0.0,0.0,100.0,101.0,102.0,101.0,101.0,507.0,1573.524,508.572,1000.304,303.59700000000004,True,False,
2026-03-12 11:27:04,5.0,0.0,0.0,8.0,22.0,0.0,0.0,,0.0,0.0,0.0,1.0,0.0,0.0,0.0,2.978,0.0,0.0,0.0,7.325,-235.0,0.0,7.218,223.0,0.0,0.0,4.985,101.0,0.247,2.0,0.681,0.0,4.952,203.0,4.96,200.0,0.0,0.0,4.977,61.0,24.25638,25.02966,25.05114,24.47834,68.53462518448886,29.74452,26.34889,26.1502,24.71104,25.0,30.5,28.5,0.0,25.5,0.0,910.25,,2.0,0.0,0.0,77.180115,77.180115,77.180115,77.180115,77.180115,77.180115,77.180115,77.180115,77.180115,77.180115,77.180115,77.180115,77.180115,77.180115,77.180115,77.180115,74.309649,74.309649,74.309649,74.309649,0.0,0.0,100.0,101.0,102.0,101.0,101.0,508.0,1609.614,503.485,1005.256,303.59700000000004,True,False,
2026-03-12 11:27:05,5.0,0.0,0.0,8.0,23.0,0.0,0.0,,0.0,0.0,0.0,1.0,0.0,0.0,0.0,2.981,0.0,0.0,0.0,7.326,-231.0,0.0,7.218,223.0,0.0,0.0,4.983,102.0,0.236,1.0,0.681,1.0,4.952,206.0,4.96,200.0,0.0,0.0,4.977,60.0,24.26354,25.01892,25.06188,24.4855,68.65372896592247,29.70872,26.34352,26.15378,24.71283,25.0,30.5,28.5,0.0,25.5,0.0,910.25,,2.0,0.0,0.0,77.180115,77.180115,77.180115,77.180115,77.180115,77.180115,77.180115,77.180115,77.180115,77.180115,77.180115,77.180115,77.180115,77.180115,77.180115,77.180115,74.309649,74.309649,74.309649,74.309649,0.0,0.0,100.0,101.0,102.0,101.0,101.0,509.0,1609.614,508.26599999999996,1020.112,298.62,True,False,
2026-03-12 11:27:06,5.0,0.0,0.0,8.0,24.0,0.0,0.0,,0.0,0.0,0.0,1.0,0.0,0.0,0.0,2.979,0.0,0.0,0.0,7.326,-230.0,0.0,7.218,222.0,0.0,0.0,4.983,100.0,0.231,1.0,0.681,0.0,4.952,207.0,4.96,200.0,0.0,0.0,4.98,46.0,24.25996,25.0225,25.06367,24.48192,68.77283274735608,29.66576,26.33099,26.15199,24.71462,25.0,30.5,28.5,0.0,25.5,0.0,910.25,,2.0,0.0,0.0,77.180115,77.180115,77.180115,77.180115,77.180115,77.180115,77.180115,77.180115,77.180115,77.180115,77.180115,77.180115,77.180115,77.180115,77.180115,77.180115,74.309649,74.309649,74.309649,74.309649,0.0,0.0,100.0,101.0,102.0,101.0,101.0,510.0,1602.396,498.29999999999995,1025.064,229.08,True,False,
2026-03-12 11:27:07,5.0,0.0,0.0,8.0,25.0,0.0,0.0,,0.0,0.0,0.0,1.0,1.0,0.0,0.0,2.979,0.0,0.0,0.0,7.3,-397.0,0.0,7.181,397.0,0.0,0.0,4.981,104.0,4.985,236.0,0.681,0.0,4.95,207.0,4.96,200.0,4.968,60.0,4.98,46.0,24.25996,25.0225,25.05472,24.48013,68.89193652878969,29.66039,26.32562,26.15378,24.70388,25.0,30.5,28.5,25.5,25.5,0.0,910.25,,2.0,0.0,0.0,77.180115,77.180115,77.180115,77.180115,77.180115,77.180115,77.180115,77.180115,77.180115,77.180115,77.180115,77.180115,77.180115,77.180115,77.180115,77.180115,74.309649,74.309649,74.309649,74.309649,0.0,0.0,100.0,101.0,102.0,101.0,101.0,511.0,2850.857,518.024,1024.65,229.08,True,False,
2026-03-12 11:27:08,5.0,0.0,0.0,8.0,26.0,0.0,0.0,,0.0,0.0,0.0,1.0,1.0,0.0,0.0,2.977,0.0,0.0,0.0,7.236,-754.0,0.0,7.103,780.0,0.0,0.0,4.981,102.0,4.981,107.0,0.682,0.0,4.948,205.0,4.961,196.0,4.963,61.0,4.976,42.0,24.26533,25.03324,25.06009,24.48371,69.0110403102233,29.62459,26.33278,26.15199,24.71999,25.0,30.5,28.0,25.5,25.5,0.0,910.25,,2.0,0.0,0.0,77.180115,77.180115,77.180115,77.180115,77.180115,77.180115,77.180115,77.180115,77.180115,77.180115,77.180115,77.180115,77.180115,77.180115,77.180115,77.180115,74.309649,74.309649,74.309649,74.309649,0.0,0.0,100.0,101.0,102.0,101.0,101.0,512.0,5540.34,508.062,1014.34,208.992,True,False,
2026-03-12 11:27:09,5.0,0.0,0.0,8.0,27.0,0.0,0.0,,0.0,0.0,0.0,1.0,1.0,0.0,0.0,2.996,0.0,0.0,0.0,7.237,-747.0,0.0,7.102,783.0,0.0,0.0,4.981,102.0,4.981,106.0,0.681,0.0,4.948,206.0,4.96,188.0,4.963,60.0,4.976,42.0,24.26533,25.03861,25.07441,24.4855,69.1301440916569,29.59416,26.32741,26.14662,24.7182,25.0,30.5,28.0,25.5,25.5,0.0,910.25,,2.0,0.0,0.0,77.180115,77.180115,77.180115,77.180115,77.180115,77.180115,77.180115,77.180115,77.180115,77.180115,77.180115,77.180115,77.180115,77.180115,77.180115,77.180115,74.309649,74.309649,74.309649,74.309649,0.0,0.0,100.0,101.0,102.0,101.0,101.0,513.0,5560.866,508.062,1019.2880000000001,208.992,True,False,
2026-03-12 11:27:10,5.0,0.0,0.0,8.0,28.0,0.0,0.0,,0.0,0.0,0.0,1.0,1.0,0.0,0.0,2.994,0.0,0.0,0.0,7.237,-737.0,0.0,7.103,780.0,0.0,0.0,4.981,104.0,4.981,107.0,0.681,0.0,4.947,205.0,4.96,187.0,4.963,60.0,4.975,43.0,24.25996,25.02966,25.06725,24.49624,69.24924787309051,29.5691,26.35963,26.15557,24.72178,25.0,30.5,28.0,25.5,25.5,0.0,910.25,,2.0,0.0,0.0,77.180115,77.180115,77.180115,77.180115,77.180115,77.180115,77.180115,77.180115,77.180115,77.180115,77.180115,77.180115,77.180115,77.180115,77.180115,77.180115,74.309649,74.309649,74.309649,74.309649,0.0,0.0,100.0,101.0,102.0,101.0,101.0,514.0,5540.34,518.024,1014.135,213.92499999999998,True,False,
2026-03-12 11:27:11,5.0,0.0,0.0,8.0,29.0,0.0,0.0,,0.0,0.0,0.0,1.0,1.0,0.0,0.0,2.993,0.0,0.0,0.0,7.293,-396.0,0.0,7.177,416.0,0.0,0.0,4.982,255.0,4.98,109.0,0.681,0.0,4.948,203.0,4.961,192.0,4.965,60.0,4.975,43.0,24.26354,25.04219,25.06188,24.48192,69.36835165452412,29.55478,26.37395,26.17168,24.72357,25.0,30.5,28.0,25.5,25.5,0.0,910.25,,2.0,0.0,0.0,77.180115,77.180115,77.180115,77.180115,77.180115,77.180115,77.180115,77.180115,77.180115,77.180115,77.180115,77.180115,77.180115,77.180115,77.180115,77.180115,74.309649,74.309649,74.309649,74.309649,0.0,0.0,100.0,101.0,102.0,101.0,101.0,515.0,2985.6319999999996,1270.41,1004.4440000000001,213.92499999999998,True,False,
2026-03-12 11:27:12,5.0,0.0,0.0,8.0,,0.0,0.0,,0.0,0.0,0.0,1.0,1.0,0.0,0.0,2.991,0.0,0.0,0.0,7.293,-399.0,0.0,7.176,422.0,0.0,0.0,4.982,102.0,4.981,107.0,0.682,0.0,4.95,206.0,4.96,192.0,4.965,61.0,4.975,43.0,24.26891,25.03682,25.07083,24.49445,69.48745543595771,29.55299,26.37932,26.16273,24.73252,25.0,30.5,28.0,25.5,25.5,0.0,910.25,,2.0,0.0,0.0,77.180115,77.180115,77.180115,77.180115,77.180115,77.180115,77.180115,77.180115,77.180115,77.180115,77.180115,77.180115,77.180115,77.180115,77.180115,77.180115,74.309649,74.309649,74.309649,74.309649,0.0,0.0,100.0,101.0,102.0,101.0,101.0,516.0,3028.272,508.16400000000004,1019.7,213.92499999999998,True,False,
2026-03-12 11:27:13,5.0,0.0,0.0,8.0,,0.0,0.0,,0.0,0.0,0.0,1.0,1.0,0.0,0.0,2.994,0.0,0.0,0.0,7.294,-424.0,0.0,7.176,413.0,0.0,0.0,4.981,100.0,4.98,266.0,0.681,0.0,4.948,200.0,4.961,198.0,4.965,61.0,4.973,58.0,24.26712,25.04756,25.07441,24.49624,69.60655921739132,29.52614,26.40796,26.16094,24.72894,25.0,30.5,28.0,25.5,25.5,0.0,910.25,,2.0,0.0,0.0,77.180115,77.180115,77.180115,77.180115,77.180115,77.180115,77.180115,77.180115,77.180115,77.180115,77.180115,77.180115,77.180115,77.180115,77.180115,77.180115,74.309649,74.309649,74.309649,74.309649,0.0,0.0,100.0,101.0,102.0,101.0,101.0,517.0,2963.688,498.09999999999997,989.6000000000001,288.43399999999997,True,False,
2026-03-12 11:27:14,5.0,0.0,0.0,8.0,,0.0,0.0,,0.0,0.0,0.0,1.0,1.0,0.0,0.0,2.994,0.0,0.0,0.0,7.293,-431.0,0.0,7.177,417.0,0.0,0.0,4.981,104.0,4.981,109.0,0.681,0.0,4.951,201.0,4.961,187.0,4.965,61.0,4.973,60.0,24.26891,25.04219,25.07978,24.5034,69.72566299882493,29.52793,26.41512,26.16452,24.73252,25.0,30.5,28.0,25.5,25.5,0.0,910.25,,2.0,0.0,0.0,77.180115,77.180115,77.180115,77.180115,77.180115,77.180115,77.180115,77.180115,77.180115,77.180115,77.180115,77.180115,77.180115,77.180115,77.180115,77.180115,74.309649,74.309649,74.309649,74.309649,0.0,0.0,100.0,101.0,102.0,101.0,101.0,518.0,2992.8089999999997,518.024,995.151,298.38,True,False,
2026-03-12 11:27:15,5.0,0.0,0.0,8.0,,0.0,0.0,,0.0,0.0,0.0,1.0,1.0,0.0,0.0,2.997,0.0,0.0,0.0,7.295,-424.0,0.0,7.176,425.0,0.0,0.0,4.981,270.0,4.98,268.0,0.682,0.0,4.952,202.0,4.958,191.0,4.965,61.0,4.973,60.0,24.27607,25.04756,25.07978,24.51056,69.84476678025854,29.53151,26.43302,26.16631,24.72894,25.0,30.5,28.0,25.5,25.5,0.0,910.25,,2.0,0.0,0.0,77.180115,77.180115,77.180115,77.180115,77.180115,77.180115,77.180115,77.180115,77.180115,77.180115,77.180115,77.180115,77.180115,77.180115,77.180115,77.180115,74.309649,74.309649,74.309649,74.309649,0.0,0.0,100.0,101.0,102.0,101.0,101.0,519.0,3049.8,1344.87,1000.304,298.38,True,False,
2026-03-12 11:27:16,5.0,0.0,0.0,8.0,,0.0,0.0,,0.0,0.0,0.0,1.0,1.0,0.0,0.0,3.005,0.0,0.0,0.0,7.295,-422.0,0.0,7.176,428.0,0.0,0.0,4.98,271.0,4.98,266.0,0.681,0.0,4.95,201.0,4.962,197.0,4.963,61.0,4.975,58.0,24.27786,25.04756,25.07978,24.50519,69.96387056169215,29.52256,26.45092,26.17347,24.72894,25.0,30.5,28.0,25.5,25.5,0.0,910.25,,2.0,0.0,0.0,77.180115,77.180115,77.180115,77.180115,77.180115,77.180115,77.180115,77.180115,77.180115,77.180115,77.180115,77.180115,77.180115,77.180115,77.180115,77.180115,74.309649,74.309649,74.309649,74.309649,0.0,0.0,100.0,101.0,102.0,101.0,101.0,520.0,3071.328,1349.5800000000002,994.95,288.54999999999995,True,False,
2026-03-12 11:27:17,5.0,0.0,0.0,8.0,,0.0,0.0,,0.0,0.0,0.0,1.0,1.0,0.0,0.0,3.009,0.0,0.0,0.0,7.295,-419.0,0.0,7.173,426.0,0.0,0.0,4.98,271.0,4.981,109.0,0.681,0.0,4.95,201.0,4.961,198.0,4.965,62.0,4.975,58.0,24.27428,25.04935,25.0941,24.5034,70.08297434312576,29.5154,26.46703,26.1681,24.73252,25.0,30.5,28.0,25.5,25.5,0.0,910.25,,2.0,0.0,0.0,77.180115,77.180115,77.180115,77.180115,77.180115,77.180115,77.180115,77.180115,77.180115,77.180115,77.180115,77.180115,77.180115,77.180115,77.180115,77.180115,74.309649,74.309649,74.309649,74.309649,0.0,0.0,100.0,101.0,102.0,101.0,101.0,521.0,3055.698,1349.5800000000002,994.95,288.54999999999995,True,False,
2026-03-12 11:27:18,5.0,0.0,0.0,8.0,30.0,0.0,0.0,,0.0,0.0,0.0,1.0,1.0,0.0,0.0,3.008,0.0,0.0,0.0,7.295,-417.0,0.0,7.175,426.0,0.0,0.0,4.98,271.0,4.981,109.0,0.681,0.0,4.95,201.0,4.961,188.0,4.965,61.0,4.973,58.0,24.26891,25.04756,25.09231,24.5034,70.20207812455936,29.51898,26.47956,26.17347,24.73968,25.0,30.5,28.0,25.5,25.5,0.0,910.25,,2.0,0.0,0.0,77.180115,77.180115,77.180115,77.180115,77.180115,77.180115,77.180115,77.180115,77.180115,77.180115,77.180115,77.180115,77.180115,77.180115,77.180115,77.180115,74.309649,74.309649,74.309649,74.309649,0.0,0.0,100.0,101.0,102.0,101.0,101.0,522.0,3056.5499999999997,1349.5800000000002,994.95,288.43399999999997,True,False,
2026-03-12 11:27:19,5.0,0.0,0.0,8.0,31.0,0.0,0.0,,0.0,0.0,0.0,1.0,1.0,0.0,0.0,3.002,0.0,0.0,0.0,7.296,-412.0,0.0,7.173,425.0,0.0,0.0,4.981,270.0,4.98,267.0,0.682,0.0,4.948,203.0,4.96,190.0,4.965,61.0,4.973,58.0,24.27428,25.04935,25.09947,24.50877,70.32118190599297,29.52972,26.49925,26.16989,24.74863,25.0,30.5,28.0,25.5,25.5,0.0,910.25,,2.0,0.0,0.0,77.180115,77.180115,77.180115,77.180115,77.180115,77.180115,77.180115,77.180115,77.180115,77.180115,77.180115,77.180115,77.180115,77.180115,77.180115,77.180115,74.309649,74.309649,74.309649,74.309649,0.0,0.0,100.0,101.0,102.0,101.0,101.0,523.0,3048.525,1344.87,1004.4440000000001,288.43399999999997,True,False,
2026-03-12 11:27:20,5.0,0.0,0.0,8.0,32.0,0.0,0.0,,0.0,0.0,0.0,1.0,1.0,0.0,0.0,2.983,0.0,0.0,0.0,7.294,-410.0,0.0,7.173,430.0,0.0,0.0,4.98,270.0,4.981,109.0,0.681,0.0,4.951,203.0,4.961,196.0,4.965,61.0,4.973,58.0,24.27428,25.05651,25.08336,24.51951,70.44028568742658,29.52614,26.49925,26.17347,24.75221,25.0,30.5,28.0,25.5,25.5,0.0,910.25,,2.0,0.0,0.0,77.180115,77.180115,77.180115,77.180115,77.180115,77.180115,77.180115,77.180115,77.180115,77.180115,77.180115,77.180115,77.180115,77.180115,77.180115,77.180115,74.309649,74.309649,74.309649,74.309649,0.0,0.0,100.0,101.0,102.0,101.0,101.0,524.0,3084.39,1344.6000000000001,1005.0529999999999,288.43399999999997,True,False,
2026-03-12 11:27:21,5.0,0.0,0.0,8.0,33.0,0.0,0.0,,0.0,0.0,0.0,1.0,1.0,0.0,0.0,2.981,0.0,0.0,0.0,7.293,-402.0,0.0,7.176,427.0,0.0,0.0,4.98,267.0,4.981,266.0,0.681,0.0,4.948,203.0,4.961,200.0,4.963,60.0,4.973,60.0,24.26712,25.05114,25.09231,24.52488,70.55938946886019,29.55299,26.51894,26.18421,24.75042,25.0,30.5,28.0,25.5,25.5,0.0,910.25,,2.0,0.0,0.0,77.180115,77.180115,77.180115,77.180115,77.180115,77.180115,77.180115,77.180115,77.180115,77.180115,77.180115,77.180115,77.180115,77.180115,77.180115,77.180115,74.309649,74.309649,74.309649,74.309649,0.0,0.0,100.0,101.0,102.0,101.0,101.0,525.0,3064.152,1329.66,1004.4440000000001,298.38,True,False,
2026-03-12 11:27:22,5.0,0.0,0.0,8.0,34.0,0.0,0.0,,0.0,0.0,0.0,1.0,1.0,0.0,0.0,2.98,0.0,0.0,0.0,7.296,-399.0,0.0,7.173,427.0,0.0,0.0,4.98,268.0,4.981,266.0,0.681,0.0,4.948,203.0,4.961,192.0,4.965,62.0,4.975,43.0,24.28323,25.06546,25.09947,24.52667,70.6784932502938,29.54404,26.52073,26.17884,24.75937,25.0,30.5,28.0,25.5,25.5,0.0,910.25,,2.0,0.0,0.0,77.180115,77.180115,77.180115,77.180115,77.180115,77.180115,77.180115,77.180115,77.180115,77.180115,77.180115,77.180115,77.180115,77.180115,77.180115,77.180115,74.309649,74.309649,74.309649,74.309649,0.0,0.0,100.0,101.0,102.0,101.0,101.0,526.0,3062.871,1334.64,1004.4440000000001,213.92499999999998,True,False,
2026-03-12 11:27:23,5.0,0.0,0.0,8.0,35.0,0.0,0.0,,0.0,0.0,0.0,1.0,1.0,0.0,0.0,2.981,0.0,0.0,0.0,7.295,-403.0,0.0,7.173,426.0,0.0,0.0,4.98,268.0,4.98,267.0,0.681,0.0,4.948,203.0,4.96,193.0,4.965,62.0,4.975,43.0,24.27607,25.05472,25.09231,24.52846,70.7975970317274,29.55657,26.53326,26.18421,24.754,25.0,31.0,28.0,25.5,25.5,0.0,910.25,,2.0,0.0,0.0,77.180115,77.180115,77.180115,77.180115,77.180115,77.180115,77.180115,77.180115,77.180115,77.180115,77.180115,77.180115,77.180115,77.180115,77.180115,77.180115,74.309649,74.309649,74.309649,74.309649,0.0,0.0,100.0,101.0,102.0,101.0,101.0,527.0,3055.698,1334.64,1004.4440000000001,213.92499999999998,True,False,
2026-03-12 11:27:24,5.0,0.0,0.0,8.0,36.0,0.0,0.0,,0.0,0.0,0.0,1.0,1.0,0.0,0.0,2.978,0.0,0.0,0.0,7.294,-420.0,0.0,7.176,421.0,0.0,0.0,4.98,271.0,4.981,266.0,0.682,0.0,4.948,200.0,4.961,193.0,4.965,61.0,4.976,42.0,24.28502,25.06188,25.10305,24.52846,70.91670081316101,29.56552,26.56011,26.186,24.75758,25.0,31.0,28.0,25.5,25.5,0.0,910.25,,2.0,0.0,0.0,77.180115,77.180115,77.180115,77.180115,77.180115,77.180115,77.180115,77.180115,77.180115,77.180115,77.180115,77.180115,77.180115,77.180115,77.180115,77.180115,74.309649,74.309649,74.309649,74.309649,0.0,0.0,100.0,101.0,102.0,101.0,101.0,528.0,3021.096,1349.5800000000002,989.6000000000001,208.992,True,False,
2026-03-12 11:27:25,5.0,0.0,0.0,8.0,37.0,0.0,0.0,,0.0,0.0,0.0,1.0,1.0,0.0,0.0,2.979,0.0,0.0,0.0,7.295,-424.0,0.0,7.175,421.0,0.0,0.0,4.981,102.0,4.981,266.0,0.681,0.0,4.948,200.0,4.962,200.0,4.965,61.0,4.976,42.0,24.27965,25.07441,25.10842,24.51772,71.03580459459462,29.57984,26.55653,26.18958,24.75758,25.0,31.0,28.0,25.5,25.5,0.0,910.25,,2.0,0.0,0.0,77.180115,77.180115,77.180115,77.180115,77.180115,77.180115,77.180115,77.180115,77.180115,77.180115,77.180115,77.180115,77.180115,77.180115,77.180115,77.180115,74.309649,74.309649,74.309649,74.309649,0.0,0.0,100.0,101.0,102.0,101.0,101.0,529.0,3020.6749999999997,508.062,989.6000000000001,208.992,True,False,
2026-03-12 11:27:26,5.0,0.0,0.0,8.0,38.0,0.0,0.0,,0.0,0.0,0.0,1.0,1.0,0.0,0.0,2.976,0.0,0.0,0.0,7.293,-420.0,0.0,7.176,433.0,0.0,0.0,4.982,115.0,4.98,266.0,0.681,0.0,4.948,201.0,4.958,196.0,4.966,62.0,4.976,45.0,24.28144,25.07083,25.10484,24.52846,71.15490837602823,29.58879,26.5619,26.18242,24.75937,25.0,30.5,28.0,25.5,25.5,0.0,910.25,,2.0,0.0,0.0,77.180115,77.180115,77.180115,77.180115,77.180115,77.180115,77.180115,77.180115,77.180115,77.180115,77.180115,77.180115,77.180115,77.180115,77.180115,77.180115,74.309649,74.309649,74.309649,74.309649,0.0,0.0,100.0,101.0,102.0,101.0,101.0,530.0,3107.208,572.9300000000001,994.5480000000001,223.92,True,False,
2026-03-12 11:27:27,5.0,0.0,0.0,8.0,39.0,0.0,0.0,,0.0,0.0,0.0,1.0,1.0,0.0,0.0,2.978,0.0,0.0,0.0,7.293,-418.0,0.0,7.176,432.0,0.0,0.0,4.981,101.0,4.981,266.0,0.682,1.0,4.948,197.0,4.96,188.0,4.965,58.0,4.976,45.0,24.27786,25.07083,25.10842,24.53204,71.27401215746184,29.59416,26.57085,26.19316,24.75758,25.0,31.0,28.0,25.5,25.5,0.0,910.25,,2.0,0.0,0.0,77.180115,77.180115,77.180115,77.180115,77.180115,77.180115,77.180115,77.180115,77.180115,77.180115,77.180115,77.180115,77.180115,77.180115,77.180115,77.180115,74.309649,74.309649,74.309649,74.309649,0.0,0.0,100.0,101.0,102.0,101.0,101.0,531.0,3100.032,503.08099999999996,974.7560000000001,223.92,True,False,
2026-03-12 11:27:28,5.0,0.0,0.0,8.0,,0.0,0.0,,0.0,0.0,0.0,1.0,1.0,0.0,0.0,2.979,0.0,0.0,0.0,7.293,-415.0,0.0,7.175,422.0,0.0,0.0,4.981,100.0,4.98,267.0,0.681,0.0,4.948,197.0,4.96,196.0,4.965,61.0,4.973,39.0,24.29218,25.0762,25.11379,24.54099,71.39311593889545,29.61385,26.58875,26.19495,24.76832,25.0,30.5,28.0,25.5,25.5,0.0,910.25,,2.0,0.0,0.0,77.180115,77.180115,77.180115,77.180115,77.180115,77.180115,77.180115,77.180115,77.180115,77.180115,77.180115,77.180115,77.180115,77.180115,77.180115,77.180115,74.309649,74.309649,74.309649,74.309649,0.0,0.0,100.0,101.0,102.0,101.0,101.0,532.0,3027.85,498.09999999999997,974.7560000000001,193.947,True,False,
2026-03-12 11:27:29,5.0,0.0,0.0,8.0,,0.0,0.0,,0.0,0.0,0.0,1.0,1.0,0.0,0.0,2.978,0.0,0.0,0.0,7.294,-413.0,0.0,7.176,415.0,0.0,0.0,4.981,100.0,4.981,268.0,0.681,0.0,4.948,198.0,4.961,201.0,4.963,62.0,4.973,39.0,24.27965,25.07262,25.11021,24.5392,71.51221972032906,29.61922,26.59054,26.18958,24.77727,25.0,31.0,28.0,25.5,25.5,0.0,910.25,,2.0,0.0,0.0,77.180115,77.180115,77.180115,77.180115,77.180115,77.180115,77.180115,77.180115,77.180115,77.180115,77.180115,77.180115,77.180115,77.180115,77.180115,77.180115,74.309649,74.309649,74.309649,74.309649,0.0,0.0,100.0,101.0,102.0,101.0,101.0,533.0,2978.04,498.09999999999997,979.7040000000001,193.947,True,False,
2026-03-12 11:27:30,5.0,0.0,0.0,9.0,0.0,0.0,0.0,,0.0,0.0,0.0,1.0,1.0,0.0,0.0,2.975,0.0,0.0,0.0,7.294,-408.0,0.0,7.173,433.0,0.0,0.0,4.98,116.0,4.98,266.0,0.682,0.0,4.948,195.0,4.96,197.0,4.963,62.0,4.972,58.0,24.29218,25.08873,25.11379,24.5392,71.63132350176267,29.63712,26.60665,26.19316,24.7719,25.0,31.0,28.0,25.5,25.5,0.0,910.25,,2.0,0.0,0.0,77.180115,77.180115,77.180115,77.180115,77.180115,77.180115,77.180115,77.180115,77.180115,77.180115,77.180115,77.180115,77.180115,77.180115,77.180115,77.180115,74.309649,74.309649,74.309649,74.309649,0.0,0.0,100.0,101.0,102.0,101.0,101.0,534.0,3105.909,577.6800000000001,964.8600000000001,288.37600000000003,True,False,
