timestamp,FSW_DB_VER,DAY,HOUR,MINUTE,SECOND,SC_ID,CMD_RCV_CNT,CMD_ACC_CNT,CMD_REJ_CNT,CMD_INC_CNT,PAYLOAD_STATUS,PLATFORM_PWR_STATUS,ADCS_PWR_STATUS,PAYLOAD_PWR_STATUS,SPR_PWR_STATUS,SOLAR_V,SOLAR_S,EXT_V,EXT_S,BATT_CHR_V,BATT_CHR_I,BATT_CHR_STATUS,SYS_V,SYS_I,SPR_V,SPR_I,PLAT_5V_V,PLAT_5V_I,ADCS_5V_V,ADCS_5V_I,PAYLOAD_5V_V,PAYLOAD_5V_I,OBC_PWR_V,OBC_PWR_I,ADCS_PROC_PWR_V,ADCS_PROC_PWR_I,ADCS_PER_PWR_V,ADCS_PER_PWR_I,COMMS_PWR_V,COMMS_PWR_I,TEMP_SOLAR,TEMP_EPS,TEMP_BATTERY,TEMP_BACKPLANE,TEMP_OBDH,TEMP_ADCS,TEMP_WHEEL,TEMP_COMMS,TEMP_PAYLOAD,TEMP_EPS_L,TEMP_OBDH_L,TEMP_ADCS_L,TEMP_WHEEL_L,TEMP_COMMS_L,TEMP_PAYLOAD_L,FREQ,RSSI,TX_POWER,FRAME_ERR,TEMP_THERM_EXP_L,THERMISTOR_ROD_1,THERMISTOR_ROD_2,THERMISTOR_ROD_3,THERMISTOR_ROD_4,THERMISTOR_ROD_5,THERMISTOR_ROD_6,THERMISTOR_ROD_7,THERMISTOR_ROD_8,THERMISTOR_ROD_9,THERMISTOR_ROD_10,THERMISTOR_ROD_11,THERMISTOR_ROD_12,THERMISTOR_ROD_13,THERMISTOR_ROD_14,THERMISTOR_ROD_15,THERMISTOR_ROD_16,THERMISTOR_BATH_1,THERMISTOR_BATH_2,THERMISTOR_BATH_3,THERMISTOR_EXP3,THERMISTOR_HEATER,THERMAL_EXP_SW_VERSION,OBC_SW_VERSION,PWR_SW_VERSION,COMMS_SW_VERSION,ADCS_SW_VERSION,ACTUATOR_SW_VERSION,elapsed_s,PWR_SYS,PWR_PLAT_5V,PWR_OBC_PWR,PWR_COMMS_PWR,_has_stuck_thermistor,anomaly,anomaly_type
2026-12-03 12:16:56.262,5.0,0.0,0.0,0.0,11.0,0.0,0.0,0.0,0.0,0.0,0.0,1.0,0.0,0.0,0.0,2.355,0.0,0.0,0.0,7.332,-217.0,0.0,7.226,223.0,0.0,0.0,4.986,106.0,0.09,0.0,0.682,0.0,4.955,200.0,0.0,0.0,0.0,0.0,4.978,60.0,23.71938,23.96998,24.01831,23.44551,24.67524,23.83931,23.78203,24.1454,23.73191,24.0,23.5,0.0,0.0,23.5,0.0,910.25,0.0,2.0,0.0,0.0,77.180115,77.180115,77.180115,77.180115,77.180115,77.180115,77.180115,77.180115,77.180115,77.180115,77.180115,77.180115,77.180115,77.180115,77.180115,77.180115,74.309649,74.309649,74.309649,74.309649,0.0,0.0,100.0,101.0,102.0,0.0,0.0,0.0,1611.398,528.516,991.0,298.68,True,False,
2026-12-03 12:16:56.713,5.0,0.0,0.0,0.0,11.0,0.0,0.0,0.0,0.0,0.0,0.0,1.0,0.0,0.0,0.0,2.361,0.0,0.0,0.0,7.333,-226.0,0.0,7.225,223.0,0.0,0.0,4.986,104.0,0.093,0.0,0.681,0.0,4.955,192.0,0.0,0.0,0.0,0.0,4.978,60.0,23.72833,23.96998,24.01473,23.4473,24.7182,23.83752,23.78203,24.15256,23.72833,23.5,23.5,0.0,0.0,23.5,0.0,910.25,0.0,2.0,0.0,0.0,77.180115,77.180115,77.180115,77.180115,77.180115,77.180115,77.180115,77.180115,77.180115,77.180115,77.180115,77.180115,77.180115,77.180115,77.180115,77.180115,74.309649,74.309649,74.309649,74.309649,0.0,0.0,100.0,101.0,102.0,0.0,0.0,0.451,1611.175,518.544,951.36,298.68,True,False,
2026-12-03 12:16:57.264,5.0,0.0,0.0,0.0,12.0,0.0,0.0,0.0,0.0,0.0,0.0,1.0,0.0,0.0,0.0,2.353,0.0,0.0,0.0,7.332,-217.0,0.0,7.225,0.0,0.0,0.0,4.985,104.0,0.093,0.0,0.682,0.0,4.957,201.0,0.0,0.0,0.0,0.0,4.978,60.0,23.7158,23.96282,24.0201,23.44193,24.74684,23.83394,23.78203,24.16688,23.7337,23.5,23.5,0.0,0.0,23.5,0.0,910.25,0.0,2.0,0.0,0.0,77.180115,77.180115,77.180115,77.180115,77.180115,77.180115,77.180115,77.180115,77.180115,77.180115,77.180115,77.180115,77.180115,77.180115,77.180115,77.180115,74.309649,74.309649,74.309649,74.309649,0.0,0.0,100.0,101.0,102.0,0.0,0.0,1.002,0.0,518.44,996.357,298.68,True,False,
2026-12-03 12:16:57.715,5.0,0.0,0.0,0.0,12.0,0.0,0.0,0.0,0.0,0.0,0.0,1.0,0.0,0.0,0.0,2.361,0.0,0.0,0.0,7.334,-229.0,0.0,7.226,222.0,0.0,0.0,4.986,105.0,0.095,1.0,0.681,0.0,4.953,191.0,0.0,0.0,0.0,0.0,4.978,60.0,23.72475,23.96461,24.02189,23.43656,24.7898,23.83752,23.78203,24.17762,23.73012,23.5,23.5,0.0,0.0,23.5,0.0,910.25,0.0,2.0,0.0,0.0,77.180115,77.180115,77.180115,77.180115,77.180115,77.180115,77.180115,77.180115,77.180115,77.180115,77.180115,77.180115,77.180115,77.180115,77.180115,77.180115,74.309649,74.309649,74.309649,74.309649,0.0,0.0,100.0,101.0,102.0,0.0,0.0,1.453,1604.172,523.53,946.023,298.68,True,False,
2026-12-03 12:16:58.420,5.0,0.0,0.0,0.0,13.0,0.0,0.0,0.0,0.0,0.0,0.0,1.0,0.0,0.0,0.0,2.362,1.0,0.0,0.0,7.332,-222.0,0.0,7.225,0.0,0.0,0.0,4.985,106.0,0.093,0.0,0.682,0.0,4.957,200.0,0.0,0.0,0.0,0.0,4.978,60.0,23.72117,23.96819,24.0201,23.44909,24.81844,23.84289,23.76413,24.18657,23.71938,24.0,23.5,0.0,0.0,23.5,0.0,910.25,0.0,2.0,0.0,0.0,77.180115,77.180115,77.180115,77.180115,77.180115,77.180115,77.180115,77.180115,77.180115,77.180115,77.180115,77.180115,77.180115,77.180115,77.180115,77.180115,74.309649,74.309649,74.309649,74.309649,0.0,0.0,100.0,101.0,102.0,0.0,0.0,2.158,0.0,528.4100000000001,991.4,298.68,True,False,
2026-12-03 12:16:58.767,5.0,0.0,0.0,0.0,13.0,0.0,0.0,0.0,0.0,0.0,0.0,1.0,0.0,0.0,0.0,2.362,0.0,0.0,0.0,7.333,-216.0,0.0,7.225,221.0,0.0,0.0,4.986,105.0,0.095,0.0,0.682,0.0,4.955,192.0,0.0,0.0,0.0,0.0,4.978,60.0,23.72654,23.96461,24.02368,23.4473,24.86498,23.84468,23.77666,24.19731,23.73191,24.0,23.5,0.0,0.0,23.5,0.0,910.25,0.0,2.0,0.0,0.0,77.180115,77.180115,77.180115,77.180115,77.180115,77.180115,77.180115,77.180115,77.180115,77.180115,77.180115,77.180115,77.180115,77.180115,77.180115,77.180115,74.309649,74.309649,74.309649,74.309649,0.0,0.0,100.0,101.0,102.0,0.0,0.0,2.505,1596.725,523.53,951.36,298.68,True,False,
2026-12-03 12:16:59.218,5.0,0.0,0.0,0.0,14.0,0.0,0.0,0.0,0.0,0.0,0.0,1.0,0.0,0.0,0.0,2.356,0.0,0.0,0.0,7.333,-220.0,0.0,7.225,223.0,0.0,0.0,4.986,105.0,0.096,0.0,0.682,0.0,4.958,201.0,0.0,0.0,0.0,0.0,4.978,60.0,23.72296,23.98609,24.02368,23.4473,24.8972,23.83931,23.78024,24.20268,23.72833,24.0,23.5,0.0,0.0,23.5,0.0,910.25,0.0,2.0,0.0,0.0,77.180115,77.180115,77.180115,77.180115,77.180115,77.180115,77.180115,77.180115,77.180115,77.180115,77.180115,77.180115,77.180115,77.180115,77.180115,77.180115,74.309649,74.309649,74.309649,74.309649,0.0,0.0,100.0,101.0,102.0,0.0,0.0,2.956,1611.175,523.53,996.558,298.68,True,False,
2026-12-03 12:16:59.922,5.0,0.0,0.0,0.0,14.0,0.0,0.0,0.0,0.0,0.0,0.0,1.0,0.0,0.0,0.0,2.357,0.0,0.0,0.0,7.333,-215.0,0.0,7.225,223.0,0.0,0.0,4.986,105.0,0.097,1.0,0.682,1.0,4.955,192.0,0.0,0.0,0.0,0.0,4.982,43.0,23.72654,23.97893,24.02726,23.44372,24.9509,23.83752,23.78024,24.20805,23.71938,24.0,23.5,0.0,0.0,23.5,0.0,910.25,0.0,2.0,0.0,0.0,77.180115,77.180115,77.180115,77.180115,77.180115,77.180115,77.180115,77.180115,77.180115,77.180115,77.180115,77.180115,77.180115,77.180115,77.180115,77.180115,74.309649,74.309649,74.309649,74.309649,0.0,0.0,100.0,101.0,102.0,0.0,0.0,3.66,1611.175,523.53,951.36,214.226,True,False,
2026-12-03 12:17:00.272,5.0,0.0,0.0,0.0,15.0,0.0,0.0,0.0,0.0,0.0,0.0,1.0,0.0,0.0,0.0,2.367,0.0,0.0,0.0,7.333,-226.0,0.0,7.225,221.0,0.0,0.0,4.985,105.0,0.097,0.0,0.682,0.0,4.957,201.0,0.0,0.0,0.0,0.0,4.982,43.0,23.72296,23.98967,24.03442,23.44909,24.95448,23.83931,23.78561,24.23132,23.73191,24.0,24.0,0.0,0.0,23.5,0.0,910.25,0.0,2.0,0.0,0.0,77.180115,77.180115,77.180115,77.180115,77.180115,77.180115,77.180115,77.180115,77.180115,77.180115,77.180115,77.180115,77.180115,77.180115,77.180115,77.180115,74.309649,74.309649,74.309649,74.309649,0.0,0.0,100.0,101.0,102.0,0.0,0.0,4.01,1596.725,523.4250000000001,996.357,214.226,True,False,
2026-12-03 12:17:00.723,5.0,0.0,0.0,0.0,15.0,0.0,0.0,0.0,0.0,0.0,0.0,1.0,0.0,0.0,0.0,2.357,0.0,0.0,0.0,7.333,-221.0,0.0,7.225,220.0,0.0,0.0,4.986,105.0,0.1,0.0,0.681,0.0,4.955,190.0,0.0,0.0,0.0,0.0,4.982,43.0,23.73012,23.98072,24.03979,23.4473,25.03324,23.83752,23.78561,24.22953,23.71938,24.0,24.0,0.0,0.0,23.5,0.0,910.25,0.0,2.0,0.0,0.0,77.180115,77.180115,77.180115,77.180115,77.180115,77.180115,77.180115,77.180115,77.180115,77.180115,77.180115,77.180115,77.180115,77.180115,77.180115,77.180115,74.309649,74.309649,74.309649,74.309649,0.0,0.0,100.0,101.0,102.0,0.0,0.0,4.461,1589.5,523.53,941.45,214.226,True,False,
2026-12-03 12:17:01.426,5.0,0.0,0.0,0.0,16.0,0.0,0.0,0.0,0.0,0.0,0.0,1.0,0.0,0.0,0.0,2.367,0.0,0.0,0.0,7.333,-226.0,0.0,7.225,220.0,0.0,0.0,4.986,104.0,0.098,2.0,0.682,0.0,4.957,201.0,0.0,0.0,0.0,0.0,4.982,43.0,23.73012,23.99504,24.04337,23.4473,25.04398,23.84647,23.79098,24.23848,23.72654,24.0,24.0,0.0,0.0,23.5,0.0,910.25,0.0,2.0,0.0,0.0,77.180115,77.180115,77.180115,77.180115,77.180115,77.180115,77.180115,77.180115,77.180115,77.180115,77.180115,77.180115,77.180115,77.180115,77.180115,77.180115,74.309649,74.309649,74.309649,74.309649,0.0,0.0,100.0,101.0,102.0,0.0,0.0,5.164,1589.5,518.544,996.357,214.226,True,False,
2026-12-03 12:17:01.774,5.0,0.0,0.0,0.0,16.0,0.0,0.0,0.0,0.0,0.0,0.0,1.0,0.0,0.0,0.0,2.362,0.0,0.0,0.0,7.332,-216.0,0.0,7.225,221.0,0.0,0.0,4.985,105.0,0.1,0.0,0.681,0.0,4.956,193.0,0.0,0.0,0.0,0.0,4.98,60.0,23.72833,23.99146,24.03621,23.4473,25.08873,23.8411,23.77845,24.2528,23.72654,24.0,24.0,0.0,0.0,23.5,0.0,910.25,0.0,2.0,0.0,0.0,77.180115,77.180115,77.180115,77.180115,77.180115,77.180115,77.180115,77.180115,77.180115,77.180115,77.180115,77.180115,77.180115,77.180115,77.180115,77.180115,74.309649,74.309649,74.309649,74.309649,0.0,0.0,100.0,101.0,102.0,0.0,0.0,5.512,1596.725,523.4250000000001,956.508,298.8,True,False,
2026-12-03 12:17:02.225,5.0,0.0,0.0,0.0,17.0,0.0,0.0,0.0,0.0,0.0,0.0,1.0,0.0,0.0,0.0,2.374,0.0,0.0,0.0,7.333,-229.0,0.0,7.224999999999999,221.0,0.0,0.0,4.986,106.0,0.102,1.0,0.682,0.0,4.957,201.0,0.0,0.0,0.0,0.0,4.98,60.0,23.72296,23.99504,24.03084,23.44909,25.11916,23.85005,23.77487,24.25638,23.72296,24.0,24.0,0.0,0.0,23.5,0.0,910.25,0.0,2.0,0.0,0.0,77.180115,77.180115,77.180115,77.180115,77.180115,77.180115,77.180115,77.180115,77.180115,77.180115,77.180115,77.180115,77.180115,77.180115,77.180115,77.180115,74.309649,74.309649,74.309649,74.309649,0.0,0.0,100.0,101.0,102.0,0.0,0.0,5.963,1596.725,528.516,996.357,298.8,True,False,
2026-12-03 12:17:02.925,5.0,0.0,0.0,0.0,17.0,0.0,0.0,0.0,0.0,0.0,0.0,1.0,0.0,0.0,0.0,2.359,0.0,0.0,0.0,7.332,-214.0,0.0,7.225999999999998,220.0,0.0,0.0,4.985,105.0,0.101,0.0,0.681,0.0,4.955,191.0,0.0,0.0,0.0,0.0,4.98,60.0,23.73012,24.00578,24.05411,23.43656,25.12632,23.8411,23.76592,24.26712,23.72296,24.0,24.0,0.0,0.0,23.5,0.0,910.25,0.0,2.0,0.0,0.0,77.180115,77.180115,77.180115,77.180115,77.180115,77.180115,77.180115,77.180115,77.180115,77.180115,77.180115,77.180115,77.180115,77.180115,77.180115,77.180115,74.309649,74.309649,74.309649,74.309649,0.0,0.0,100.0,101.0,102.0,0.0,0.0,6.663,1589.72,523.4250000000001,946.405,298.8,True,False,
2026-12-03 12:17:03.275,5.0,0.0,0.0,0.0,18.0,0.0,0.0,0.0,0.0,0.0,0.0,1.0,0.0,0.0,0.0,2.374,0.0,0.0,0.0,7.332999999999999,-222.0,0.0,7.225999999999997,220.0,0.0,0.0,4.986,105.0,0.101,0.0,0.682,0.0,4.958,201.0,0.0,0.0,0.0,0.0,4.98,60.0,23.73012,24.00041,24.0559,23.4473,25.19792,23.8411,23.77666,24.26712,23.72833,24.0,24.0,0.0,0.0,23.5,0.0,910.25,0.0,2.0,0.0,0.0,77.180115,77.180115,77.180115,77.180115,77.180115,77.180115,77.180115,77.180115,77.180115,77.180115,77.180115,77.180115,77.180115,77.180115,77.180115,77.180115,74.309649,74.309649,74.309649,74.309649,0.0,0.0,100.0,101.0,102.0,0.0,0.0,7.013,1589.72,523.53,996.558,298.8,True,False,
2026-12-03 12:17:03.725,5.0,0.0,0.0,0.0,18.0,0.0,0.0,0.0,0.0,0.0,0.0,1.0,0.0,0.0,0.0,2.359,0.0,0.0,0.0,7.331999999999998,-227.0,0.0,7.224999999999995,221.0,0.0,0.0,4.986,100.0,0.102,0.0,0.681,0.0,4.955,193.0,0.0,0.0,0.0,0.0,4.978,58.0,23.72296,24.00399,24.05769,23.44193,25.22656,23.8411,23.77129,24.28144,23.73191,24.0,24.0,0.0,0.0,23.5,0.0,910.25,0.0,2.0,0.0,0.0,77.180115,77.180115,77.180115,77.180115,77.180115,77.180115,77.180115,77.180115,77.180115,77.180115,77.180115,77.180115,77.180115,77.180115,77.180115,77.180115,74.309649,74.309649,74.309649,74.309649,0.0,0.0,100.0,101.0,102.0,0.0,0.0,7.463,1596.725,498.59999999999997,956.315,288.724,True,False,
2026-12-03 12:17:04.426,5.0,0.0,0.0,0.0,19.0,0.0,0.0,0.0,0.0,0.0,0.0,1.0,0.0,0.0,0.0,2.378,0.0,0.0,0.0,7.331999999999997,-223.0,0.0,7.224999999999992,220.0,0.0,0.0,4.986,100.0,0.105,0.0,0.681,0.0,4.956,200.0,0.0,0.0,0.0,0.0,4.978,58.0,23.72833,24.00578,24.05948,23.45625,25.26415,23.83573,23.77666,24.29397,23.72296,24.0,24.0,0.0,0.0,23.5,0.0,910.25,0.0,2.0,0.0,0.0,77.180115,77.180115,77.180115,77.180115,77.180115,77.180115,77.180115,77.180115,77.180115,77.180115,77.180115,77.180115,77.180115,77.180115,77.180115,77.180115,74.309649,74.309649,74.309649,74.309649,0.0,0.0,100.0,101.0,102.0,0.0,0.0,8.164,1589.5,498.59999999999997,991.2,288.724,True,False,
2026-12-03 12:17:04.776,5.0,0.0,0.0,0.0,19.0,0.0,0.0,0.0,0.0,0.0,0.0,1.0,0.0,0.0,0.0,2.366,0.0,0.0,0.0,7.332999999999996,-224.0,0.0,7.2249999999999845,220.0,0.0,0.0,4.986,100.0,0.103,0.0,0.682,1.0,4.955,193.0,0.0,0.0,0.0,0.0,4.978,58.0,23.73728,24.01115,24.05948,23.44193,25.28921,23.83931,23.7695,24.29576,23.7337,24.0,24.0,0.0,0.0,23.5,0.0,910.25,0.0,2.0,0.0,0.0,77.180115,77.180115,77.180115,77.180115,77.180115,77.180115,77.180115,77.180115,77.180115,77.180115,77.180115,77.180115,77.180115,77.180115,77.180115,77.180115,74.309649,74.309649,74.309649,74.309649,0.0,0.0,100.0,101.0,102.0,0.0,0.0,8.514,1589.5,498.59999999999997,956.315,288.724,True,False,
2026-12-03 12:17:05.229,5.0,0.0,0.0,0.0,,0.0,0.0,0.0,0.0,0.0,0.0,1.0,0.0,0.0,0.0,2.376,0.0,0.0,0.0,7.331999999999992,-216.0,0.0,7.2259999999999724,217.0,0.0,0.0,4.986,255.0,0.105,1.0,0.682,0.0,4.957,202.0,0.0,0.0,0.0,0.0,4.978,58.0,23.7337,24.01652,24.06843,23.45625,25.31964,23.85005,23.78024,24.31008,23.73907,24.0,24.0,0.0,0.0,23.5,0.0,910.25,0.0,2.0,0.0,0.0,77.180115,77.180115,77.180115,77.180115,77.180115,77.180115,77.180115,77.180115,77.180115,77.180115,77.180115,77.180115,77.180115,77.180115,77.180115,77.180115,74.309649,74.309649,74.309649,74.309649,0.0,0.0,100.0,101.0,102.0,0.0,0.0,8.967,1568.042,1271.4299999999998,1001.314,288.724,True,False,
2026-12-03 12:17:05.929,5.0,0.0,0.0,0.0,,0.0,0.0,0.0,0.0,0.0,0.0,1.0,0.0,0.0,0.0,2.368,0.0,0.0,0.0,7.330999999999985,-217.0,0.0,7.224999999999951,220.0,0.0,0.0,4.986,100.0,0.103,1.0,0.681,0.0,4.955,195.0,0.0,0.0,0.0,0.0,4.98,62.0,23.72296,24.01115,24.06306,23.45267,25.36439,23.84647,23.77666,24.31008,23.72833,24.0,24.0,0.0,0.0,23.5,0.0,910.25,0.0,2.0,0.0,0.0,77.180115,77.180115,77.180115,77.180115,77.180115,77.180115,77.180115,77.180115,77.180115,77.180115,77.180115,77.180115,77.180115,77.180115,77.180115,77.180115,74.309649,74.309649,74.309649,74.309649,0.0,0.0,100.0,101.0,102.0,0.0,0.0,9.667,1589.5,498.59999999999997,966.225,308.76000000000005,True,False,
2026-12-03 12:17:06.280,5.0,0.0,0.0,0.0,,0.0,0.0,0.0,0.0,0.0,0.0,1.0,0.0,0.0,0.0,2.374,0.0,0.0,0.0,7.331999999999973,-229.0,0.0,7.224999999999912,221.0,0.0,0.0,4.985,100.0,0.105,0.0,0.681,0.0,4.957,186.0,0.0,0.0,0.0,0.0,4.98,62.0,23.73012,24.01115,24.07201,23.4473,25.38945,23.83931,23.78024,24.32619,23.72833,24.0,24.0,0.0,0.0,23.5,0.0,910.25,0.0,2.0,0.0,0.0,77.180115,77.180115,77.180115,77.180115,77.180115,77.180115,77.180115,77.180115,77.180115,77.180115,77.180115,77.180115,77.180115,77.180115,77.180115,77.180115,74.309649,74.309649,74.309649,74.309649,0.0,0.0,100.0,101.0,102.0,0.0,0.0,10.018,1596.725,498.50000000000006,922.002,308.76000000000005,True,False,
2026-12-03 12:17:06.732,5.0,0.0,0.0,0.0,,0.0,0.0,0.0,0.0,0.0,0.0,1.0,0.0,0.0,0.0,2.372,0.0,0.0,0.0,7.332999999999953,-229.0,0.0,7.2259999999998445,221.0,0.0,0.0,4.986,255.0,0.105,0.0,0.681,0.0,4.956,190.0,0.0,0.0,0.0,0.0,4.98,62.0,23.73191,24.01294,24.07022,23.45267,25.41272,23.84826,23.78024,24.33693,23.73012,24.0,24.0,0.0,0.0,23.5,0.0,910.25,0.0,2.0,0.0,0.0,77.180115,77.180115,77.180115,77.180115,77.180115,77.180115,77.180115,77.180115,77.180115,77.180115,77.180115,77.180115,77.180115,77.180115,77.180115,77.180115,74.309649,74.309649,74.309649,74.309649,0.0,0.0,100.0,101.0,102.0,0.0,0.0,10.47,1596.946,1271.4299999999998,941.6400000000001,308.76000000000005,True,False,
2026-12-03 12:17:07.431,5.0,0.0,0.0,0.0,,0.0,0.0,0.0,0.0,0.0,0.0,1.0,0.0,0.0,0.0,2.366,0.0,0.0,0.0,7.331999999999917,-227.0,0.0,7.224999999999725,220.0,0.0,0.0,4.986,255.0,0.106,0.0,0.68,0.0,4.955,183.0,0.0,0.0,0.0,0.0,4.98,62.0,23.72833,24.02189,24.06664,23.4473,25.44315,23.83573,23.77308,24.33872,23.73191,24.0,24.0,0.0,0.0,23.5,0.0,910.25,0.0,2.0,0.0,0.0,77.180115,77.180115,77.180115,77.180115,77.180115,77.180115,77.180115,77.180115,77.180115,77.180115,77.180115,77.180115,77.180115,77.180115,77.180115,77.180115,74.309649,74.309649,74.309649,74.309649,0.0,0.0,100.0,101.0,102.0,0.0,0.0,11.169,1589.5,1271.4299999999998,906.765,308.76000000000005,True,False,
2026-12-03 12:17:07.782,5.0,0.0,0.0,0.0,,0.0,0.0,0.0,0.0,0.0,0.0,1.0,0.0,0.0,0.0,2.374,0.0,0.0,0.0,7.330999999999856,-220.0,0.0,7.224999999999517,220.0,0.0,0.0,4.986,255.0,0.105,0.0,0.681,0.0,4.956,182.0,0.0,0.0,0.0,0.0,4.978,60.0,23.73907,24.02189,24.08275,23.44372,25.47537,23.83036,23.76771,24.35483,23.72654,24.0,24.0,0.0,0.0,23.5,0.0,910.25,0.0,2.0,0.0,0.0,77.180115,77.180115,77.180115,77.180115,77.180115,77.180115,77.180115,77.180115,77.180115,77.180115,77.180115,77.180115,77.180115,77.180115,77.180115,77.180115,74.309649,74.309649,74.309649,74.309649,0.0,0.0,100.0,101.0,102.0,0.0,0.0,11.52,1589.5,1271.4299999999998,901.9920000000001,298.68,True,False,
2026-12-03 12:17:08.233,5.0,0.0,0.0,0.0,,0.0,0.0,0.0,0.0,0.0,0.0,1.0,0.0,0.0,0.0,2.371,0.0,0.0,0.0,7.331999999999748,-222.0,0.0,7.2249999999991585,221.0,0.0,0.0,4.986,255.0,0.106,1.0,0.682,0.0,4.957,198.0,0.0,0.0,0.0,0.0,4.978,60.0,23.73012,24.02905,24.0738,23.44551,25.52549,23.84826,23.77666,24.35662,23.72833,24.0,24.0,0.0,0.0,23.5,0.0,910.25,0.0,2.0,0.0,0.0,77.180115,77.180115,77.180115,77.180115,77.180115,77.180115,77.180115,77.180115,77.180115,77.180115,77.180115,77.180115,77.180115,77.180115,77.180115,77.180115,74.309649,74.309649,74.309649,74.309649,0.0,0.0,100.0,101.0,102.0,0.0,0.0,11.971,1596.725,1271.4299999999998,981.486,298.68,True,False,
2026-12-03 12:17:08.935,5.0,0.0,0.0,0.0,,0.0,0.0,0.0,0.0,0.0,0.0,1.0,0.0,0.0,0.0,2.381,0.0,0.0,0.0,7.331999999999562,-220.0,0.0,7.2249999999985395,220.0,0.0,0.0,4.986,100.0,0.106,1.0,0.683,0.0,4.955,183.0,0.0,0.0,0.0,0.0,4.978,60.0,23.73549,24.03263,24.07917,23.45446,25.52191,23.83394,23.77487,24.36199,23.73191,24.0,24.0,0.0,0.0,23.5,0.0,910.25,0.0,2.0,0.0,0.0,77.180115,77.180115,77.180115,77.180115,77.180115,77.180115,77.180115,77.180115,77.180115,77.180115,77.180115,77.180115,77.180115,77.180115,77.180115,77.180115,74.309649,74.309649,74.309649,74.309649,0.0,0.0,100.0,101.0,102.0,0.0,0.0,12.673,1589.5,498.59999999999997,906.765,298.68,True,False,
2026-12-03 12:17:09.285,5.0,0.0,0.0,0.0,,0.0,0.0,1.0,0.0,0.0,0.0,1.0,1.0,0.0,0.0,2.368,0.0,0.0,0.0,7.331999999999244,-230.0,0.0,7.21099999999748,286.0,0.0,0.0,4.983,101.0,5.0,55.0,0.681,0.0,4.955,185.0,0.0,0.0,0.0,0.0,4.978,60.0,23.73728,24.02905,24.07738,23.45088,25.57024,23.83573,23.77308,24.36736,23.7337,24.0,24.0,0.0,0.0,23.5,0.0,910.25,0.0,2.0,0.0,0.0,77.180115,77.180115,77.180115,77.180115,77.180115,77.180115,77.180115,77.180115,77.180115,77.180115,77.180115,77.180115,77.180115,77.180115,77.180115,77.180115,74.309649,74.309649,74.309649,74.309649,0.0,0.0,100.0,101.0,102.0,0.0,0.0,13.023,2062.346,503.28299999999996,916.6750000000001,298.68,True,False,
2026-12-03 12:17:09.737,5.0,0.0,0.0,0.0,,0.0,0.0,1.0,0.0,0.0,0.0,1.0,1.0,0.0,0.0,2.387,0.0,0.0,0.0,7.318999999998701,-283.0,0.0,7.189999999995673,187.0,0.0,0.0,4.983,101.0,4.985,235.0,0.681,0.0,4.953,187.0,0.0,0.0,4.971,58.0,4.976,58.0,23.74265,24.03442,24.07917,23.45267,25.5774,23.83573,23.77129,24.37273,23.72296,24.0,24.0,0.0,23.0,23.5,0.0,910.25,,2.0,0.0,0.0,77.180115,77.180115,77.180115,77.180115,77.180115,77.180115,77.180115,77.180115,77.180115,77.180115,77.180115,77.180115,77.180115,77.180115,77.180115,77.180115,74.309649,74.309649,74.309649,74.309649,0.0,0.0,100.0,101.0,102.0,0.0,101.0,13.475,1344.53,503.28299999999996,926.211,288.608,True,False,
2026-12-03 12:17:10.438,5.0,0.0,0.0,0.0,,0.0,0.0,1.0,0.0,0.0,0.0,1.0,1.0,0.0,0.0,2.371,0.0,0.0,0.0,7.302999999997783,-402.0,0.0,7.187999999992611,398.0,0.0,0.0,4.983,105.0,4.985,0.0,0.681,0.0,4.952,202.0,4.962,185.0,4.968,58.0,4.976,58.0,23.74086,24.038,24.08812,23.45983,25.59888,23.83573,23.78203,24.38168,23.72296,24.0,24.0,23.0,23.0,23.5,0.0,910.25,,2.0,0.0,0.0,77.180115,77.180115,77.180115,77.180115,77.180115,77.180115,77.180115,77.180115,77.180115,77.180115,77.180115,77.180115,77.180115,77.180115,77.180115,77.180115,74.309649,74.309649,74.309649,74.309649,0.0,0.0,100.0,101.0,102.0,101.0,101.0,14.176,2860.824,523.2149999999999,1000.304,288.608,True,False,
2026-12-03 12:17:10.788,5.0,0.0,0.0,0.0,,0.0,0.0,1.0,0.0,0.0,0.0,1.0,1.0,0.0,0.0,2.396,0.0,0.0,0.0,7.245999999996236,-389.0,0.0,7.107999999987454,314.0,0.0,0.0,4.982,101.0,4.982,104.0,0.683,0.0,4.951,183.0,4.962,188.0,4.967,58.0,4.976,58.0,23.73728,24.04874,24.08991,23.45088,25.64721,23.83931,23.78024,24.39242,23.73549,24.0,24.0,23.0,23.0,23.5,0.0,910.25,,2.0,0.0,0.0,77.180115,77.180115,77.180115,77.180115,77.180115,77.180115,77.180115,77.180115,77.180115,77.180115,77.180115,77.180115,77.180115,77.180115,77.180115,77.180115,74.309649,74.309649,74.309649,74.309649,0.0,0.0,100.0,101.0,102.0,101.0,101.0,14.526,2231.912,503.182,906.0329999999999,288.608,True,False,
2026-12-03 12:17:11.238,5.0,0.0,0.0,0.0,20.0,0.0,0.0,1.0,0.0,0.0,0.0,1.0,1.0,0.0,0.0,2.354,0.0,0.0,0.0,7.241999999993644,-764.0,0.0,7.107999999978812,311.0,0.0,0.0,4.983,255.0,4.983,106.0,0.682,0.0,4.951,201.0,4.963,190.0,4.968,60.0,4.976,58.0,23.73191,24.04337,24.0917,23.44372,25.68301,23.8411,23.79098,24.40316,23.73012,24.0,24.0,23.0,23.0,23.5,0.0,910.25,,2.0,0.0,0.0,77.180115,77.180115,77.180115,77.180115,77.180115,77.180115,77.180115,77.180115,77.180115,77.180115,77.180115,77.180115,77.180115,77.180115,77.180115,77.180115,74.309649,74.309649,74.309649,74.309649,0.0,0.0,100.0,101.0,102.0,101.0,101.0,14.976,2210.5879999999997,1270.665,995.151,288.608,True,False,
2026-12-03 12:17:11.940,5.0,0.0,0.0,0.0,20.0,0.0,0.0,1.0,0.0,0.0,0.0,1.0,1.0,0.0,0.0,2.386,1.0,0.0,0.0,7.242999999989325,-747.0,0.0,7.107999999964415,781.0,0.0,0.0,4.983,101.0,4.983,104.0,0.682,0.0,4.951,183.0,4.965,195.0,4.97,58.0,4.98,42.0,23.74444,24.04337,24.09528,23.45088,25.7027,23.8411,23.79993,24.40316,23.73907,24.0,24.5,23.0,23.0,23.5,0.0,910.25,,2.0,0.0,0.0,77.180115,77.180115,77.180115,77.180115,77.180115,77.180115,77.180115,77.180115,77.180115,77.180115,77.180115,77.180115,77.180115,77.180115,77.180115,77.180115,74.309649,74.309649,74.309649,74.309649,0.0,0.0,100.0,101.0,102.0,101.0,101.0,15.678,5551.348,503.28299999999996,906.0329999999999,209.16000000000003,True,False,
2026-12-03 12:17:12.291,5.0,0.0,0.0,0.0,21.0,0.0,0.0,1.0,0.0,0.0,0.0,1.0,1.0,0.0,0.0,2.428,0.0,0.0,0.0,7.241999999982168,-782.0,0.0,7.107999999940561,314.0,0.0,0.0,4.983,100.0,4.982,266.0,0.682,0.0,4.952,203.0,4.962,186.0,4.968,62.0,4.98,42.0,23.73728,24.05232,24.11139,23.45983,25.7385,23.85542,23.80172,24.4139,23.74086,24.0,24.5,23.0,23.0,23.5,0.0,910.25,,2.0,0.0,0.0,77.180115,77.180115,77.180115,77.180115,77.180115,77.180115,77.180115,77.180115,77.180115,77.180115,77.180115,77.180115,77.180115,77.180115,77.180115,77.180115,74.309649,74.309649,74.309649,74.309649,0.0,0.0,100.0,101.0,102.0,101.0,101.0,16.029,2231.912,498.29999999999995,1005.256,209.16000000000003,True,False,
2026-12-03 12:17:12.744,5.0,0.0,0.0,0.0,21.0,0.0,0.0,1.0,0.0,0.0,0.0,1.0,1.0,0.0,0.0,2.383,0.0,0.0,0.0,7.240999999970378,-785.0,0.0,7.107999999901259,780.0,0.0,0.0,4.983,100.0,4.982,105.0,0.682,0.0,4.951,186.0,4.965,187.0,4.967,61.0,4.98,42.0,23.74623,24.0559,24.10602,23.44909,25.74924,23.85363,23.81783,24.42285,23.7337,24.0,24.5,23.0,23.0,23.5,0.0,910.25,,2.0,0.0,0.0,77.180115,77.180115,77.180115,77.180115,77.180115,77.180115,77.180115,77.180115,77.180115,77.180115,77.180115,77.180115,77.180115,77.180115,77.180115,77.180115,74.309649,74.309649,74.309649,74.309649,0.0,0.0,100.0,101.0,102.0,101.0,101.0,16.482,5544.24,498.29999999999995,920.886,209.16000000000003,True,False,
2026-12-03 12:17:13.444,5.0,0.0,0.0,0.0,22.0,0.0,0.0,1.0,0.0,0.0,0.0,1.0,1.0,0.0,0.0,2.331,0.0,0.0,0.0,7.2419999999510605,-741.0,0.0,7.10699999983687,782.0,0.0,0.0,4.982,101.0,4.982,268.0,0.683,0.0,4.952,202.0,4.962,187.0,4.968,60.0,4.98,42.0,23.73191,24.06306,24.11497,23.44909,25.76356,23.86258,23.82678,24.42464,23.72833,24.0,24.5,23.0,23.0,23.5,0.0,910.25,,2.0,0.0,0.0,77.180115,77.180115,77.180115,77.180115,77.180115,77.180115,77.180115,77.180115,77.180115,77.180115,77.180115,77.180115,77.180115,77.180115,77.180115,77.180115,74.309649,74.309649,74.309649,74.309649,0.0,0.0,100.0,101.0,102.0,101.0,101.0,17.182,5557.674,503.182,1000.304,209.16000000000003,True,False,
2026-12-03 12:17:13.796,5.0,0.0,0.0,0.0,22.0,0.0,0.0,1.0,0.0,0.0,0.0,1.0,1.0,0.0,0.0,2.405,0.0,0.0,0.0,7.24199999991959,-758.0,0.0,7.181999999731965,420.0,0.0,0.0,4.983,101.0,4.982,267.0,0.682,0.0,4.951,186.0,4.963,196.0,4.967,58.0,4.98,42.0,23.73191,24.0559,24.10602,23.44551,25.79936,23.86795,23.83215,24.43538,23.73907,24.0,24.5,23.0,23.0,23.5,0.0,910.25,,2.0,0.0,0.0,77.180115,77.180115,77.180115,77.180115,77.180115,77.180115,77.180115,77.180115,77.180115,77.180115,77.180115,77.180115,77.180115,77.180115,77.180115,77.180115,74.309649,74.309649,74.309649,74.309649,0.0,0.0,100.0,101.0,102.0,101.0,101.0,17.534,3016.44,503.28299999999996,920.886,209.16000000000003,True,False,
2026-12-03 12:17:14.246,5.0,0.0,0.0,0.0,23.0,0.0,0.0,1.0,0.0,0.0,0.0,1.0,1.0,0.0,0.0,2.429,0.0,0.0,0.0,7.299999999868602,-406.0,0.0,7.181999999562007,418.0,0.0,0.0,4.983,101.0,4.982,266.0,0.682,0.0,4.951,201.0,4.962,188.0,4.97,61.0,4.98,42.0,23.74802,24.05948,24.11318,23.45446,25.83516,23.86974,23.85184,24.43359,23.72833,24.0,24.5,23.0,23.0,23.5,0.0,910.25,,2.0,0.0,0.0,77.180115,77.180115,77.180115,77.180115,77.180115,77.180115,77.180115,77.180115,77.180115,77.180115,77.180115,77.180115,77.180115,77.180115,77.180115,77.180115,74.309649,74.309649,74.309649,74.309649,0.0,0.0,100.0,101.0,102.0,101.0,101.0,17.984,3002.076,503.28299999999996,995.151,209.16000000000003,True,False,
2026-12-03 12:17:14.947,5.0,0.0,0.0,0.0,23.0,0.0,0.0,1.0,0.0,0.0,0.0,1.0,1.0,0.0,0.0,2.372,0.0,0.0,0.0,7.298999999786459,-413.0,0.0,7.182999999288197,417.0,0.0,0.0,4.982,102.0,4.982,268.0,0.682,0.0,4.951,187.0,4.962,186.0,4.968,61.0,4.98,42.0,23.73549,24.07022,24.10602,23.44909,25.85127,23.88227,23.86974,24.43896,23.74265,24.0,24.5,23.0,23.5,23.5,0.0,910.25,,2.0,0.0,0.0,77.180115,77.180115,77.180115,77.180115,77.180115,77.180115,77.180115,77.180115,77.180115,77.180115,77.180115,77.180115,77.180115,77.180115,77.180115,77.180115,74.309649,74.309649,74.309649,74.309649,0.0,0.0,100.0,101.0,102.0,101.0,101.0,18.685,2995.311,508.16400000000004,925.8369999999999,209.16000000000003,True,False,
2026-12-03 12:17:15.298,5.0,0.0,0.0,0.0,24.0,0.0,0.0,1.0,0.0,0.0,0.0,1.0,1.0,0.0,0.0,2.371,0.0,0.0,0.0,7.298999999654865,-402.0,0.0,7.181999998849548,420.0,0.0,0.0,4.983,101.0,4.982,270.0,0.682,0.0,4.952,201.0,4.963,191.0,4.968,61.0,4.98,42.0,23.7337,24.06306,24.11676,23.45267,25.87096,23.89122,23.86258,24.45507,23.73907,24.0,24.5,23.0,23.0,23.5,0.0,910.25,,2.0,0.0,0.0,77.180115,77.180115,77.180115,77.180115,77.180115,77.180115,77.180115,77.180115,77.180115,77.180115,77.180115,77.180115,77.180115,77.180115,77.180115,77.180115,74.309649,74.309649,74.309649,74.309649,0.0,0.0,100.0,101.0,102.0,101.0,101.0,19.036,3016.44,503.28299999999996,995.352,209.16000000000003,True,False,
2026-12-03 12:17:15.749,5.0,0.0,0.0,0.0,24.0,0.0,0.0,1.0,0.0,0.0,0.0,1.0,1.0,0.0,0.0,2.409,1.0,0.0,0.0,7.298999999445226,-403.0,0.0,7.181999998150754,417.0,0.0,0.0,4.983,255.0,4.982,268.0,0.682,0.0,4.952,191.0,4.962,191.0,4.967,62.0,4.978,45.0,23.74444,24.07559,24.12392,23.45446,25.91392,23.9127,23.8769,24.47476,23.72654,24.0,24.5,23.0,23.5,23.5,0.0,910.25,,2.0,0.0,0.0,77.180115,77.180115,77.180115,77.180115,77.180115,77.180115,77.180115,77.180115,77.180115,77.180115,77.180115,77.180115,77.180115,77.180115,77.180115,77.180115,74.309649,74.309649,74.309649,74.309649,0.0,0.0,100.0,101.0,102.0,101.0,101.0,19.487,2994.8940000000002,1270.665,945.832,224.01,True,False,
2026-12-03 12:17:16.454,5.0,0.0,0.0,0.0,25.0,0.0,0.0,1.0,0.0,0.0,0.0,1.0,1.0,0.0,0.0,2.417,0.0,0.0,0.0,7.298999999113132,-416.0,0.0,7.181999997043773,422.0,0.0,0.0,4.983,100.0,4.982,268.0,0.681,1.0,4.951,202.0,4.963,198.0,4.968,62.0,4.978,45.0,23.74802,24.0738,24.1275,23.45446,25.94614,23.90554,23.89659,24.46402,23.73549,24.0,24.5,23.0,23.5,23.5,0.0,910.25,,2.0,0.0,0.0,77.180115,77.180115,77.180115,77.180115,77.180115,77.180115,77.180115,77.180115,77.180115,77.180115,77.180115,77.180115,77.180115,77.180115,77.180115,77.180115,74.309649,74.309649,74.309649,74.309649,0.0,0.0,100.0,101.0,102.0,101.0,101.0,20.192,3030.804,498.29999999999995,1000.102,224.01,True,False,
2026-12-03 12:17:16.804,5.0,0.0,0.0,0.0,25.0,0.0,0.0,1.0,0.0,0.0,0.0,1.0,1.0,0.0,0.0,2.358,0.0,0.0,0.0,7.29899999859,-396.0,0.0,7.181999995299999,420.0,0.0,0.0,4.983,100.0,4.982,268.0,0.682,0.0,4.952,190.0,4.962,188.0,4.968,62.0,4.978,45.0,23.74265,24.0738,24.12213,23.44909,25.95867,23.90733,23.90733,24.47655,23.73012,24.0,24.5,23.0,23.5,23.5,0.0,910.25,,2.0,0.0,0.0,77.180115,77.180115,77.180115,77.180115,77.180115,77.180115,77.180115,77.180115,77.180115,77.180115,77.180115,77.180115,77.180115,77.180115,77.180115,77.180115,74.309649,74.309649,74.309649,74.309649,0.0,0.0,100.0,101.0,102.0,101.0,101.0,20.542,3016.44,498.29999999999995,940.88,224.01,True,False,
2026-12-03 12:17:17.255,5.0,0.0,0.0,0.0,26.0,0.0,0.0,1.0,0.0,0.0,0.0,1.0,1.0,0.0,0.0,2.394,1.0,0.0,0.0,7.298999997770557,-417.0,0.0,7.181999992568524,422.0,0.0,0.0,4.983,102.0,4.981,271.0,0.682,0.0,4.951,202.0,4.963,193.0,4.968,61.0,4.978,45.0,23.74802,24.07738,24.11676,23.45446,25.97836,23.92702,23.91628,24.47655,23.73728,24.0,24.5,23.0,23.0,23.5,0.0,910.25,,2.0,0.0,0.0,77.180115,77.180115,77.180115,77.180115,77.180115,77.180115,77.180115,77.180115,77.180115,77.180115,77.180115,77.180115,77.180115,77.180115,77.180115,77.180115,74.309649,74.309649,74.309649,74.309649,0.0,0.0,100.0,101.0,102.0,101.0,101.0,20.993,3030.804,508.26599999999996,1000.102,224.01,True,False,
2026-12-03 12:17:17.957,5.0,0.0,0.0,0.0,26.0,0.0,0.0,1.0,0.0,0.0,0.0,1.0,1.0,0.0,0.0,2.403,0.0,0.0,0.0,7.296999996494172,-406.0,0.0,7.182999988313907,418.0,0.0,0.0,4.983,101.0,4.981,270.0,0.682,0.0,4.951,188.0,4.963,195.0,4.968,58.0,4.976,58.0,23.74086,24.07022,24.12392,23.45983,26.01774,23.92344,23.92702,24.49087,23.73907,24.0,24.5,23.0,23.0,23.5,0.0,910.25,,2.0,0.0,0.0,77.180115,77.180115,77.180115,77.180115,77.180115,77.180115,77.180115,77.180115,77.180115,77.180115,77.180115,77.180115,77.180115,77.180115,77.180115,77.180115,74.309649,74.309649,74.309649,74.309649,0.0,0.0,100.0,101.0,102.0,101.0,101.0,21.695,3002.494,503.28299999999996,930.7879999999999,288.608,True,False,
2026-12-03 12:17:18.308,5.0,0.0,0.0,0.0,27.0,0.0,0.0,1.0,0.0,0.0,0.0,1.0,1.0,0.0,0.0,2.401,0.0,0.0,0.0,7.297999994517207,-416.0,0.0,7.182999981724024,425.0,0.0,0.0,4.982,100.0,4.982,267.0,0.682,0.0,4.951,201.0,4.963,186.0,4.97,61.0,4.976,58.0,23.74265,24.08096,24.14003,23.45983,26.0428,23.94492,23.93418,24.49087,23.73907,24.0,24.5,23.0,23.0,23.5,0.0,910.25,,2.0,0.0,0.0,77.180115,77.180115,77.180115,77.180115,77.180115,77.180115,77.180115,77.180115,77.180115,77.180115,77.180115,77.180115,77.180115,77.180115,77.180115,77.180115,74.309649,74.309649,74.309649,74.309649,0.0,0.0,100.0,101.0,102.0,101.0,101.0,22.046,3052.775,498.20000000000005,995.151,288.608,True,False,
2026-12-03 12:17:18.758,5.0,0.0,0.0,0.0,27.0,0.0,0.0,1.0,0.0,0.0,0.0,1.0,1.0,0.0,0.0,2.364,0.0,0.0,0.0,7.296999991472335,-411.0,0.0,7.180999971574451,421.0,0.0,0.0,4.982,100.0,4.982,267.0,0.681,0.0,4.951,187.0,4.963,196.0,4.968,62.0,4.976,58.0,23.74623,24.08096,24.13108,23.45625,26.186,23.95208,23.95387,24.48192,23.7337,24.0,24.5,23.0,23.0,23.5,0.0,910.25,,2.0,0.0,0.0,77.180115,77.180115,77.180115,77.180115,77.180115,77.180115,77.180115,77.180115,77.180115,77.180115,77.180115,77.180115,77.180115,77.180115,77.180115,77.180115,74.309649,74.309649,74.309649,74.309649,0.0,0.0,100.0,101.0,102.0,101.0,101.0,22.496,3023.201,498.20000000000005,925.8369999999999,288.608,True,False,
2026-12-03 12:17:19.206,5.0,0.0,0.0,0.0,28.0,0.0,0.0,1.0,0.0,0.0,0.0,1.0,1.0,0.0,0.0,2.404,0.0,0.0,0.0,7.297999986809069,-414.0,0.0,7.18199995603023,422.0,0.0,0.0,4.983,101.0,4.982,270.0,0.682,0.0,4.953,201.0,4.962,190.0,4.967,62.0,4.976,58.0,23.73907,24.08633,24.13824,23.45983,26.24686,23.96282,23.95745,24.49445,23.74086,24.0,24.5,23.0,23.0,23.5,0.0,910.25,,2.0,0.0,0.0,77.180115,77.180115,77.180115,77.180115,77.180115,77.180115,77.180115,77.180115,77.180115,77.180115,77.180115,77.180115,77.180115,77.180115,77.180115,77.180115,74.309649,74.309649,74.309649,74.309649,0.0,0.0,100.0,101.0,102.0,101.0,101.0,22.944,3030.804,503.28299999999996,995.5530000000001,288.608,True,False,
2026-12-03 12:17:19.758,5.0,0.0,0.0,0.0,28.0,0.0,0.0,1.0,0.0,0.0,0.0,1.0,1.0,0.0,0.0,2.404,1.0,0.0,0.0,7.298999979707395,-400.0,0.0,7.181999932357981,417.0,0.0,0.0,4.983,100.0,4.982,270.0,0.682,0.0,4.952,190.0,4.963,190.0,4.968,62.0,4.976,58.0,23.74444,24.06664,24.12929,23.45088,26.26297,23.98072,23.97177,24.51235,23.73728,24.0,24.5,23.0,23.5,23.5,0.0,910.25,,2.0,0.0,0.0,77.180115,77.180115,77.180115,77.180115,77.180115,77.180115,77.180115,77.180115,77.180115,77.180115,77.180115,77.180115,77.180115,77.180115,77.180115,77.180115,74.309649,74.309649,74.309649,74.309649,0.0,0.0,100.0,101.0,102.0,101.0,101.0,23.496,2994.8940000000002,498.29999999999995,940.88,288.608,True,False,
2026-12-03 12:17:20.209,5.0,0.0,0.0,0.0,29.0,0.0,0.0,2.0,0.0,0.0,0.0,1.0,1.0,0.0,0.0,2.386,0.0,0.0,0.0,7.297999968953173,-423.0,0.0,7.180999896510576,423.0,0.0,0.0,4.982,101.0,4.981,270.0,0.682,0.0,4.952,187.0,4.963,191.0,4.968,60.0,4.976,58.0,23.74981,24.08991,24.14361,23.45446,26.27729,23.99146,23.97356,24.51235,23.74265,24.0,24.5,23.0,23.5,23.5,0.0,910.25,,2.0,0.0,0.0,77.180115,77.180115,77.180115,77.180115,77.180115,77.180115,77.180115,77.180115,77.180115,77.180115,77.180115,77.180115,77.180115,77.180115,77.180115,77.180115,74.309649,74.309649,74.309649,74.309649,0.0,0.0,100.0,101.0,102.0,101.0,101.0,23.947,3037.563,503.182,926.024,288.608,True,False,
2026-12-03 12:17:20.762,5.0,0.0,0.0,0.0,29.0,0.0,0.0,2.0,0.0,0.0,0.0,1.0,1.0,0.0,0.0,2.386,0.0,0.0,0.0,7.2979999527595885,-417.0,0.0,7.181999842531962,420.0,0.0,0.0,4.983,101.0,4.981,268.0,0.682,0.0,4.951,196.0,4.962,190.0,4.97,60.0,4.976,58.0,23.73728,24.0917,24.14361,23.45804,26.2934,24.00757,23.98788,24.53204,23.74802,24.0,24.5,23.0,23.5,23.5,0.0,910.25,,2.0,0.0,0.0,77.180115,77.180115,77.180115,77.180115,77.180115,77.180115,77.180115,77.180115,77.180115,77.180115,77.180115,77.180115,77.180115,77.180115,77.180115,77.180115,74.309649,74.309649,74.309649,74.309649,0.0,0.0,100.0,101.0,102.0,101.0,101.0,24.5,3016.44,503.28299999999996,970.396,288.608,True,False,
2026-12-03 12:17:21.210,5.0,0.0,0.0,0.0,,0.0,0.0,2.0,0.0,0.0,0.0,1.0,1.0,0.0,0.0,2.405,0.0,0.0,0.0,7.298999928512986,-417.0,0.0,7.18099976170995,421.0,0.0,0.0,4.983,101.0,4.981,271.0,0.682,0.0,4.953,203.0,4.962,188.0,4.97,61.0,4.976,58.0,23.75339,24.09707,24.14182,23.46162,26.3292,24.02189,23.99683,24.52846,23.73012,24.0,24.5,23.0,23.0,23.5,0.0,910.25,,2.0,0.0,0.0,77.180115,77.180115,77.180115,77.180115,77.180115,77.180115,77.180115,77.180115,77.180115,77.180115,77.180115,77.180115,77.180115,77.180115,77.180115,77.180115,74.309649,74.309649,74.309649,74.309649,0.0,0.0,100.0,101.0,102.0,101.0,101.0,24.948,3023.201,503.28299999999996,1005.4590000000001,288.608,True,False,
2026-12-03 12:17:21.911,5.0,0.0,0.0,0.0,,0.0,0.0,2.0,0.0,0.0,0.0,1.0,1.0,0.0,0.0,2.407,0.0,0.0,0.0,7.297999892413522,-420.0,0.0,7.181999641378406,421.0,0.0,0.0,4.983,102.0,4.982,268.0,0.681,0.0,4.951,195.0,4.963,197.0,4.968,60.0,4.977,58.0,23.74265,24.10065,24.14898,23.45983,26.365,24.04874,24.00757,24.53383,23.7337,24.0,24.5,23.0,23.5,23.5,0.0,910.25,,2.0,0.0,0.0,77.180115,77.180115,77.180115,77.180115,77.180115,77.180115,77.180115,77.180115,77.180115,77.180115,77.180115,77.180115,77.180115,77.180115,77.180115,77.180115,74.309649,74.309649,74.309649,74.309649,0.0,0.0,100.0,101.0,102.0,101.0,101.0,25.649,3023.6220000000003,508.26599999999996,965.4449999999999,288.666,True,False,
2026-12-03 12:17:22.262,5.0,0.0,0.0,0.0,,0.0,0.0,2.0,0.0,0.0,0.0,1.0,1.0,0.0,0.0,2.384,0.0,0.0,0.0,7.296999838970568,-420.0,0.0,7.181999463235227,426.0,0.0,0.0,4.983,100.0,4.982,271.0,0.681,0.0,4.952,201.0,4.962,188.0,4.967,61.0,4.977,58.0,23.74623,24.10423,24.15256,23.45446,26.39543,24.06485,24.01294,24.53741,23.73728,24.0,24.5,23.0,23.5,23.5,0.0,910.25,,2.0,0.0,0.0,77.180115,77.180115,77.180115,77.180115,77.180115,77.180115,77.180115,77.180115,77.180115,77.180115,77.180115,77.180115,77.180115,77.180115,77.180115,77.180115,74.309649,74.309649,74.309649,74.309649,0.0,0.0,100.0,101.0,102.0,101.0,101.0,26.0,3059.532,498.29999999999995,995.352,288.666,True,False,
2026-12-03 12:17:22.712,5.0,0.0,0.0,0.0,,0.0,0.0,2.0,0.0,0.0,0.0,1.0,1.0,0.0,0.0,2.401,0.0,0.0,0.0,7.298999760298988,-414.0,0.0,7.181999200996624,421.0,0.0,0.0,4.983,102.0,4.982,268.0,0.681,0.0,4.951,198.0,4.962,197.0,4.968,60.0,4.977,58.0,23.75339,24.11139,24.15256,23.46341,26.4008,24.08096,24.02547,24.54815,23.74802,24.0,24.5,23.0,23.5,23.5,0.0,910.25,,2.0,0.0,0.0,77.180115,77.180115,77.180115,77.180115,77.180115,77.180115,77.180115,77.180115,77.180115,77.180115,77.180115,77.180115,77.180115,77.180115,77.180115,77.180115,74.309649,74.309649,74.309649,74.309649,0.0,0.0,100.0,101.0,102.0,101.0,101.0,26.45,3023.6220000000003,508.26599999999996,980.2979999999999,288.666,True,False,
2026-12-03 12:17:23.266,5.0,0.0,0.0,0.0,,0.0,0.0,2.0,0.0,0.0,0.0,1.0,1.0,0.0,0.0,2.402,0.0,0.0,0.0,7.297999645144519,-426.0,0.0,7.180998817148396,423.0,0.0,0.0,4.982,104.0,4.982,268.0,0.681,0.0,4.952,201.0,4.963,190.0,4.968,62.0,4.977,58.0,23.7516,24.10602,24.15435,23.45267,26.43481,24.07917,24.03263,24.55173,23.73549,24.0,24.5,23.5,23.5,23.5,0.0,910.25,,2.0,0.0,0.0,77.180115,77.180115,77.180115,77.180115,77.180115,77.180115,77.180115,77.180115,77.180115,77.180115,77.180115,77.180115,77.180115,77.180115,77.180115,77.180115,74.309649,74.309649,74.309649,74.309649,0.0,0.0,100.0,101.0,102.0,101.0,101.0,27.004,3037.563,518.128,995.352,288.666,True,False,
2026-12-03 12:17:23.715,5.0,0.0,0.0,0.0,,0.0,0.0,2.0,0.0,0.0,0.0,1.0,1.0,0.0,0.0,2.403,0.0,0.0,0.0,7.297999477543416,-411.0,0.0,7.182998258478054,425.0,0.0,0.0,4.982,100.0,4.982,270.0,0.682,0.0,4.952,198.0,4.962,193.0,4.968,62.0,4.977,60.0,23.74444,24.10602,24.16509,23.46699,26.45629,24.11139,24.038,24.5571,23.73549,24.0,24.5,23.5,23.5,24.0,0.0,910.25,,2.0,0.0,0.0,77.180115,77.180115,77.180115,77.180115,77.180115,77.180115,77.180115,77.180115,77.180115,77.180115,77.180115,77.180115,77.180115,77.180115,77.180115,77.180115,74.309649,74.309649,74.309649,74.309649,0.0,0.0,100.0,101.0,102.0,101.0,101.0,27.453,3052.775,498.20000000000005,980.496,298.62,True,False,
2026-12-03 12:17:24.418,5.0,0.0,0.0,0.0,,0.0,0.0,2.0,0.0,0.0,0.0,1.0,1.0,0.0,0.0,2.38,0.0,0.0,0.0,7.297999234992075,-406.0,0.0,7.18499744997358,417.0,0.0,0.0,4.983,100.0,4.982,270.0,0.682,0.0,4.951,201.0,4.962,197.0,4.97,61.0,4.977,60.0,23.73728,24.1096,24.15256,23.4652,26.49209,24.12392,24.04516,24.56247,23.73549,24.0,24.5,23.5,23.5,24.0,0.0,910.25,,2.0,0.0,0.0,77.180115,77.180115,77.180115,77.180115,77.180115,77.180115,77.180115,77.180115,77.180115,77.180115,77.180115,77.180115,77.180115,77.180115,77.180115,77.180115,74.309649,74.309649,74.309649,74.309649,0.0,0.0,100.0,101.0,102.0,101.0,101.0,28.156,2996.145,498.29999999999995,995.151,298.62,True,False,
2026-12-03 12:17:24.768,5.0,0.0,0.0,0.0,,0.0,0.0,2.0,0.0,0.0,0.0,1.0,1.0,0.0,0.0,2.409,0.0,0.0,0.0,7.29799888596534,-397.0,0.0,7.181996286551134,195.0,0.0,0.0,4.982,106.0,4.981,105.0,0.682,0.0,4.951,198.0,4.962,185.0,4.967,60.0,4.977,60.0,23.73907,24.11676,24.16151,23.45804,26.48672,24.13466,24.05411,24.56068,23.74265,24.0,24.5,23.5,23.5,24.0,0.0,910.25,,2.0,0.0,0.0,77.180115,77.180115,77.180115,77.180115,77.180115,77.180115,77.180115,77.180115,77.180115,77.180115,77.180115,77.180115,77.180115,77.180115,77.180115,77.180115,74.309649,74.309649,74.309649,74.309649,0.0,0.0,100.0,101.0,102.0,101.0,101.0,28.506,1400.49,528.092,980.2979999999999,298.62,True,False,
2026-12-03 12:17:25.218,5.0,0.0,0.0,0.0,,0.0,0.0,2.0,0.0,0.0,0.0,1.0,1.0,0.0,0.0,2.396,0.0,0.0,0.0,7.2979983865760065,-406.0,0.0,7.1819946219200235,416.0,0.0,0.0,4.982,106.0,4.983,252.0,0.682,0.0,4.952,202.0,4.962,196.0,4.968,62.0,4.977,60.0,23.74444,24.11497,24.16688,23.46341,26.50283,24.15972,24.05948,24.57858,23.74623,24.0,24.5,23.5,23.5,24.0,0.0,910.25,,2.0,0.0,0.0,77.180115,77.180115,77.180115,77.180115,77.180115,77.180115,77.180115,77.180115,77.180115,77.180115,77.180115,77.180115,77.180115,77.180115,77.180115,77.180115,74.309649,74.309649,74.309649,74.309649,0.0,0.0,100.0,101.0,102.0,101.0,101.0,28.956,2987.712,528.092,1000.304,298.62,True,False,
2026-12-03 12:17:25.921,5.0,0.0,0.0,0.0,,0.0,0.0,2.0,0.0,0.0,0.0,1.0,1.0,0.0,0.0,2.402,0.0,0.0,0.0,7.296997676111113,-399.0,0.0,7.181992253703712,415.0,0.0,0.0,4.982,105.0,4.985,253.0,0.682,0.0,4.953,198.0,4.962,192.0,4.967,62.0,4.978,46.0,23.73728,24.11318,24.17225,23.45446,26.544,24.17046,24.07559,24.58932,23.73191,24.0,24.5,23.5,23.5,23.5,0.0,910.25,,2.0,0.0,0.0,77.180115,77.180115,77.180115,77.180115,77.180115,77.180115,77.180115,77.180115,77.180115,77.180115,77.180115,77.180115,77.180115,77.180115,77.180115,77.180115,74.309649,74.309649,74.309649,74.309649,0.0,0.0,100.0,101.0,102.0,101.0,101.0,29.659,2980.53,523.11,980.6940000000001,228.988,True,False,
2026-12-03 12:17:26.271,5.0,0.0,0.0,0.0,,0.0,0.0,2.0,0.0,0.0,0.0,1.0,1.0,0.0,0.0,2.389,0.0,0.0,0.0,7.297996671111515,-422.0,0.0,7.1809889037050505,417.0,0.0,0.0,4.982,107.0,4.983,102.0,0.681,0.0,4.952,201.0,4.962,188.0,4.97,61.0,4.978,46.0,23.74265,24.12392,24.16688,23.45088,26.57443,24.18836,24.07917,24.58932,23.73012,24.0,24.5,23.5,23.5,23.5,0.0,910.25,,2.0,0.0,0.0,77.180115,77.180115,77.180115,77.180115,77.180115,77.180115,77.180115,77.180115,77.180115,77.180115,77.180115,77.180115,77.180115,77.180115,77.180115,77.180115,74.309649,74.309649,74.309649,74.309649,0.0,0.0,100.0,101.0,102.0,101.0,101.0,30.009,2994.477,533.0740000000001,995.352,228.988,True,False,
2026-12-03 12:17:26.721,5.0,0.0,0.0,0.0,,0.0,0.0,2.0,0.0,0.0,0.0,1.0,1.0,0.0,0.0,2.409,0.0,0.0,0.0,7.297995257578241,-414.0,0.0,7.1819841919274685,415.0,0.0,0.0,4.982,106.0,4.982,101.0,0.683,0.0,4.951,200.0,4.965,193.0,4.968,62.0,4.978,46.0,23.74444,24.12929,24.17941,23.45625,26.59412,24.20805,24.0917,24.60185,23.73012,24.0,25.0,23.5,23.5,23.5,0.0,910.25,,2.0,0.0,0.0,77.180115,77.180115,77.180115,77.180115,77.180115,77.180115,77.180115,77.180115,77.180115,77.180115,77.180115,77.180115,77.180115,77.180115,77.180115,77.180115,74.309649,74.309649,74.309649,74.309649,0.0,0.0,100.0,101.0,102.0,101.0,101.0,30.459,2980.53,528.092,990.1999999999999,228.988,True,False,
2026-12-03 12:17:27.423,5.0,0.0,0.0,0.0,30.0,0.0,0.0,2.0,0.0,0.0,0.0,1.0,1.0,0.0,0.0,2.394,0.0,0.0,0.0,7.296993280791119,-423.0,0.0,7.1819776026370645,420.0,0.0,0.0,4.982,105.0,4.982,102.0,0.682,0.0,4.952,202.0,4.962,187.0,4.967,61.0,4.978,46.0,23.75339,24.12392,24.18657,23.46699,26.6156,24.20984,24.0917,24.58753,23.73907,24.0,24.5,23.5,23.5,23.5,0.0,910.25,,2.0,0.0,0.0,77.180115,77.180115,77.180115,77.180115,77.180115,77.180115,77.180115,77.180115,77.180115,77.180115,77.180115,77.180115,77.180115,77.180115,77.180115,77.180115,74.309649,74.309649,74.309649,74.309649,0.0,0.0,100.0,101.0,102.0,101.0,101.0,31.161,3016.44,523.11,1000.304,228.988,True,False,
2026-12-03 12:17:27.774,5.0,0.0,0.0,0.0,30.0,0.0,0.0,2.0,0.0,0.0,0.0,1.0,1.0,0.0,0.0,2.397,0.0,0.0,0.0,7.297990532111172,-413.0,0.0,7.181968440370575,420.0,0.0,0.0,4.983,106.0,4.982,104.0,0.682,0.0,4.951,201.0,4.965,193.0,4.967,60.0,4.98,43.0,23.74623,24.12392,24.18299,23.45625,26.6335,24.25817,24.09886,24.60364,23.73907,24.0,25.0,23.5,23.5,24.0,0.0,910.25,,2.0,0.0,0.0,77.180115,77.180115,77.180115,77.180115,77.180115,77.180115,77.180115,77.180115,77.180115,77.180115,77.180115,77.180115,77.180115,77.180115,77.180115,77.180115,74.309649,74.309649,74.309649,74.309649,0.0,0.0,100.0,101.0,102.0,101.0,101.0,31.512,3016.44,528.198,995.151,214.14000000000001,True,False,
2026-12-03 12:17:28.927,5.0,0.0,0.0,0.0,31.0,0.0,0.0,2.0,0.0,0.0,0.0,1.0,1.0,0.0,0.0,2.404,0.0,0.0,0.0,7.296986732008117,-397.0,0.0,7.181955773360389,418.0,0.0,0.0,4.982,104.0,4.983,102.0,0.682,0.0,4.951,198.0,4.961,191.0,4.968,61.0,4.98,43.0,23.74444,24.12929,24.1812,23.45983,26.67825,24.28323,24.11676,24.62154,23.74623,24.0,25.0,23.5,23.5,24.0,0.0,910.25,,2.0,0.0,0.0,77.180115,77.180115,77.180115,77.180115,77.180115,77.180115,77.180115,77.180115,77.180115,77.180115,77.180115,77.180115,77.180115,77.180115,77.180115,77.180115,74.309649,74.309649,74.309649,74.309649,0.0,0.0,100.0,101.0,102.0,101.0,101.0,32.665,3002.076,518.128,980.2979999999999,214.14000000000001,True,False,
2026-12-03 12:17:29.279,5.0,0.0,0.0,0.0,32.0,0.0,0.0,2.0,0.0,0.0,0.0,1.0,1.0,0.0,0.0,2.4,0.0,0.0,0.0,7.297981508408772,-408.0,0.0,7.180938361362572,417.0,0.0,0.0,4.982,105.0,4.983,102.0,0.681,0.0,4.952,202.0,4.962,195.0,4.97,62.0,4.98,43.0,23.74981,24.14003,24.18478,23.46162,26.66572,24.30471,24.11855,24.62333,23.74802,24.0,25.0,23.5,23.5,24.0,0.0,910.25,,2.0,0.0,0.0,77.180115,77.180115,77.180115,77.180115,77.180115,77.180115,77.180115,77.180115,77.180115,77.180115,77.180115,77.180115,77.180115,77.180115,77.180115,77.180115,74.309649,74.309649,74.309649,74.309649,0.0,0.0,100.0,101.0,102.0,101.0,101.0,33.017,2994.477,523.11,1000.304,214.14000000000001,True,False,
2026-12-03 12:17:29.729,5.0,0.0,0.0,0.0,32.0,0.0,0.0,2.0,0.0,0.0,0.0,1.0,1.0,0.0,0.0,2.393,0.0,0.0,0.0,7.296974369303292,-401.0,0.0,7.180914564344305,417.0,0.0,0.0,4.982,105.0,4.982,104.0,0.681,0.0,4.951,202.0,4.962,188.0,4.967,61.0,4.978,45.0,23.7516,24.14003,24.18657,23.45804,26.72121,24.31724,24.12392,24.62154,23.74086,24.0,25.0,23.5,23.5,24.0,0.0,910.25,,2.0,0.0,0.0,77.180115,77.180115,77.180115,77.180115,77.180115,77.180115,77.180115,77.180115,77.180115,77.180115,77.180115,77.180115,77.180115,77.180115,77.180115,77.180115,74.309649,74.309649,74.309649,74.309649,0.0,0.0,100.0,101.0,102.0,101.0,101.0,33.467,2994.477,523.11,1000.102,224.01,True,False,
2026-12-03 12:17:30.430,5.0,0.0,0.0,0.0,33.0,0.0,0.0,2.0,0.0,0.0,0.0,1.0,1.0,0.0,0.0,2.401,0.0,0.0,0.0,7.296964668377741,-419.0,0.0,7.179882227925802,423.0,0.0,0.0,4.982,106.0,4.981,105.0,0.682,0.0,4.952,202.0,4.962,195.0,4.968,41.0,4.978,45.0,23.75518,24.14003,24.18836,23.47057,26.73553,24.34588,24.13108,24.62512,23.73907,24.0,25.0,23.5,23.5,24.0,0.0,910.25,,2.0,0.0,0.0,77.180115,77.180115,77.180115,77.180115,77.180115,77.180115,77.180115,77.180115,77.180115,77.180115,77.180115,77.180115,77.180115,77.180115,77.180115,77.180115,74.309649,74.309649,74.309649,74.309649,0.0,0.0,100.0,101.0,102.0,101.0,101.0,34.168,3037.14,528.092,1000.304,224.01,True,False,
2026-12-03 12:17:30.778,5.0,0.0,0.0,0.0,33.0,0.0,0.0,2.0,0.0,0.0,0.0,1.0,1.0,0.0,0.0,2.394,0.0,0.0,0.0,7.297951562269611,-418.0,0.0,7.1818385408987035,416.0,0.0,0.0,4.982,107.0,4.981,106.0,0.681,0.0,4.951,201.0,4.963,192.0,4.968,61.0,4.978,45.0,23.75339,24.14003,24.18478,23.45625,26.73911,24.36199,24.1454,24.63944,23.74802,24.0,25.0,23.5,23.5,24.0,0.0,910.25,,2.0,0.0,0.0,77.180115,77.180115,77.180115,77.180115,77.180115,77.180115,77.180115,77.180115,77.180115,77.180115,77.180115,77.180115,77.180115,77.180115,77.180115,77.180115,74.309649,74.309649,74.309649,74.309649,0.0,0.0,100.0,101.0,102.0,101.0,101.0,34.516,2987.712,533.0740000000001,995.151,224.01,True,False,
2026-12-03 12:17:31.229,5.0,0.0,0.0,0.0,34.0,0.0,0.0,2.0,0.0,0.0,0.0,1.0,1.0,0.0,0.0,2.402,0.0,0.0,0.0,7.296933957875995,-398.0,0.0,7.180779859586649,420.0,0.0,0.0,4.982,106.0,4.983,106.0,0.682,0.0,4.951,185.0,4.962,190.0,4.968,62.0,4.978,45.0,23.75339,24.14719,24.19731,23.45446,26.75522,24.3602,24.14898,24.64123,23.7337,24.0,25.0,23.5,23.5,24.0,0.0,910.25,,2.0,0.0,0.0,77.180115,77.180115,77.180115,77.180115,77.180115,77.180115,77.180115,77.180115,77.180115,77.180115,77.180115,77.180115,77.180115,77.180115,77.180115,77.180115,74.309649,74.309649,74.309649,74.309649,0.0,0.0,100.0,101.0,102.0,101.0,101.0,34.967,3016.02,528.092,915.935,224.01,True,False,
2026-12-03 12:17:31.932,5.0,0.0,0.0,0.0,34.0,0.0,0.0,3.0,0.0,0.0,0.0,1.0,1.0,0.0,0.0,2.394,0.0,0.0,0.0,7.295910447993932,-423.0,0.0,7.180701493313106,417.0,0.0,0.0,4.982,107.0,4.982,107.0,0.681,0.0,4.95,202.0,4.963,195.0,4.968,62.0,4.976,58.0,23.7516,24.14182,24.19373,23.46878,26.79102,24.39421,24.13824,24.64123,23.74981,24.0,25.0,23.5,23.5,24.0,0.0,910.25,,2.0,0.0,0.0,77.180115,77.180115,77.180115,77.180115,77.180115,77.180115,77.180115,77.180115,77.180115,77.180115,77.180115,77.180115,77.180115,77.180115,77.180115,77.180115,74.309649,74.309649,74.309649,74.309649,0.0,0.0,100.0,101.0,102.0,101.0,101.0,35.67,2994.477,533.0740000000001,999.9000000000001,288.608,True,False,
2026-12-03 12:17:32.282,5.0,0.0,0.0,0.0,35.0,0.0,0.0,3.0,0.0,0.0,0.0,1.0,1.0,0.0,0.0,2.41,0.0,0.0,0.0,7.295879233453955,-414.0,0.0,7.180597444846517,420.0,0.0,0.0,4.983,250.0,4.982,107.0,0.681,0.0,4.951,185.0,4.961,187.0,4.968,63.0,4.976,58.0,23.7516,24.15256,24.1812,23.45625,26.80892,24.40674,24.1633,24.65913,23.74265,24.0,25.0,23.5,23.5,24.0,0.0,910.25,,2.0,0.0,0.0,77.180115,77.180115,77.180115,77.180115,77.180115,77.180115,77.180115,77.180115,77.180115,77.180115,77.180115,77.180115,77.180115,77.180115,77.180115,77.180115,74.309649,74.309649,74.309649,74.309649,0.0,0.0,100.0,101.0,102.0,101.0,101.0,36.02,3016.02,1245.75,915.935,288.608,True,False,
2026-12-03 12:17:32.985,5.0,0.0,0.0,0.0,35.0,0.0,0.0,3.0,0.0,0.0,0.0,1.0,1.0,0.0,0.0,2.497,0.0,0.0,0.0,7.282838029839714,-704.0,0.0,7.180460099465712,420.0,0.0,0.0,4.983,101.0,4.982,267.0,0.682,0.0,4.951,195.0,4.963,191.0,4.967,63.0,4.976,58.0,23.7516,24.14898,24.1991,23.45804,26.81966,24.42822,24.15972,24.65913,23.74444,24.0,25.0,23.5,23.5,24.0,0.0,910.25,,2.0,0.0,0.0,77.180115,77.180115,77.180115,77.180115,77.180115,77.180115,77.180115,77.180115,77.180115,77.180115,77.180115,77.180115,77.180115,77.180115,77.180115,77.180115,74.309649,74.309649,74.309649,74.309649,0.0,0.0,100.0,101.0,102.0,101.0,101.0,36.723,3016.02,503.28299999999996,965.4449999999999,288.608,True,False,
2026-12-03 12:17:33.335,5.0,0.0,0.0,0.0,36.0,0.0,0.0,3.0,0.0,0.0,0.0,1.0,1.0,0.0,0.0,2.711,0.0,0.0,0.0,7.295783956891076,-417.0,0.0,7.177279856303585,425.0,0.0,0.0,4.983,102.0,4.982,266.0,0.682,1.0,4.953,202.0,4.962,192.0,4.967,43.0,4.976,58.0,23.74802,24.14898,24.20268,23.46699,26.85367,24.45507,24.16688,24.65913,23.74981,24.0,25.0,23.5,23.5,24.0,0.0,910.25,,2.0,0.0,0.0,77.180115,77.180115,77.180115,77.180115,77.180115,77.180115,77.180115,77.180115,77.180115,77.180115,77.180115,77.180115,77.180115,77.180115,77.180115,77.180115,74.309649,74.309649,74.309649,74.309649,0.0,0.0,100.0,101.0,102.0,101.0,101.0,37.073,3050.65,508.26599999999996,1000.5060000000001,288.608,True,False,
2026-12-03 12:17:33.787,5.0,0.0,0.0,0.0,36.0,0.0,0.0,3.0,0.0,0.0,0.0,1.0,1.0,0.0,0.0,2.614,0.0,0.0,0.0,7.295713408791062,-423.0,0.0,7.179044695970205,421.0,0.0,0.0,4.985,100.0,4.982,107.0,0.682,0.0,4.951,196.0,4.961,187.0,4.968,42.0,4.977,62.0,23.74444,24.1454,24.1991,23.45804,26.87694,24.47118,24.17225,24.66092,23.74802,24.0,25.0,23.5,23.5,24.0,0.0,910.25,,2.0,0.0,0.0,77.180115,77.180115,77.180115,77.180115,77.180115,77.180115,77.180115,77.180115,77.180115,77.180115,77.180115,77.180115,77.180115,77.180115,77.180115,77.180115,74.309649,74.309649,74.309649,74.309649,0.0,0.0,100.0,101.0,102.0,101.0,101.0,37.525,3022.7799999999997,498.50000000000006,970.396,308.574,True,False,
2026-12-03 12:17:34.487,5.0,0.0,0.0,0.0,37.0,0.0,0.0,3.0,0.0,0.0,0.0,1.0,1.0,0.0,0.0,2.477,0.0,0.0,0.0,7.294621903766946,-414.0,0.0,7.178739679223153,422.0,0.0,0.0,4.982,101.0,4.982,267.0,0.682,0.0,4.955,203.0,4.962,198.0,4.968,41.0,4.977,62.0,23.74802,24.15972,24.19552,23.46878,26.90916,24.48192,24.1812,24.6645,23.74444,24.0,25.0,23.5,23.5,24.0,0.0,910.25,,2.0,0.0,0.0,77.180115,77.180115,77.180115,77.180115,77.180115,77.180115,77.180115,77.180115,77.180115,77.180115,77.180115,77.180115,77.180115,77.180115,77.180115,77.180115,74.309649,74.309649,74.309649,74.309649,0.0,0.0,100.0,101.0,102.0,101.0,101.0,38.225,3029.96,503.182,1005.865,308.574,True,False,
2026-12-03 12:17:34.837,5.0,0.0,0.0,0.0,37.0,0.0,0.0,3.0,0.0,0.0,0.0,1.0,1.0,0.0,0.0,2.482,0.0,0.0,0.0,7.294503911823419,-425.0,0.0,7.17934637274473,421.0,0.0,0.0,4.982,101.0,4.981,107.0,0.681,0.0,4.951,192.0,4.961,191.0,4.967,61.0,4.977,62.0,23.75339,24.15614,24.19552,23.46878,26.90379,24.50519,24.1812,24.67524,23.73728,24.0,25.0,23.5,23.5,24.0,0.0,910.25,,2.0,0.0,0.0,77.180115,77.180115,77.180115,77.180115,77.180115,77.180115,77.180115,77.180115,77.180115,77.180115,77.180115,77.180115,77.180115,77.180115,77.180115,77.180115,74.309649,74.309649,74.309649,74.309649,0.0,0.0,100.0,101.0,102.0,101.0,101.0,38.575,3023.201,503.182,950.5919999999999,308.574,True,False,
2026-12-03 12:17:35.289,5.0,0.0,0.0,0.0,38.0,0.0,0.0,3.0,0.0,0.0,0.0,1.0,1.0,0.0,0.0,2.561,0.0,0.0,0.0,7.295352660001735,-413.0,0.0,7.178842200005783,422.0,0.0,0.0,4.982,102.0,4.982,267.0,0.682,0.0,4.953,202.0,4.962,197.0,4.967,63.0,4.977,62.0,23.75339,24.15614,24.20268,23.46162,26.92348,24.51593,24.19194,24.67882,23.73728,24.0,25.0,23.5,23.5,24.0,0.0,910.25,,2.0,0.0,0.0,77.180115,77.180115,77.180115,77.180115,77.180115,77.180115,77.180115,77.180115,77.180115,77.180115,77.180115,77.180115,77.180115,77.180115,77.180115,77.180115,74.309649,74.309649,74.309649,74.309649,0.0,0.0,100.0,101.0,102.0,101.0,101.0,39.027,3030.382,508.16400000000004,1000.5060000000001,308.574,True,False,
2026-12-03 12:17:35.991,5.0,0.0,0.0,0.0,38.0,0.0,0.0,3.0,0.0,0.0,0.0,1.0,1.0,0.0,0.0,2.541,0.0,0.0,0.0,7.295159915352593,-412.0,0.0,7.178199717841976,418.0,0.0,0.0,4.982,100.0,4.983,266.0,0.681,0.0,4.951,195.0,4.962,197.0,4.967,41.0,4.976,60.0,23.74444,24.15972,24.20984,23.46699,26.9557,24.54457,24.19731,24.69314,23.75339,24.0,25.0,24.0,23.5,24.0,0.0,910.25,,2.0,0.0,0.0,77.180115,77.180115,77.180115,77.180115,77.180115,77.180115,77.180115,77.180115,77.180115,77.180115,77.180115,77.180115,77.180115,77.180115,77.180115,77.180115,74.309649,74.309649,74.309649,74.309649,0.0,0.0,100.0,101.0,102.0,101.0,101.0,39.729,3001.658,498.20000000000005,965.4449999999999,298.56,True,False,
2026-12-03 12:17:36.341,5.0,0.0,0.0,0.0,39.0,0.0,0.0,3.0,0.0,0.0,0.0,1.0,1.0,0.0,0.0,2.49,0.0,0.0,0.0,7.294915746847334,-408.0,0.0,7.177385822824444,421.0,0.0,0.0,4.982,101.0,4.982,107.0,0.682,0.0,4.951,197.0,4.961,187.0,4.967,41.0,4.976,60.0,23.74981,24.16688,24.20984,23.47236,26.95928,24.5571,24.19552,24.6824,23.73549,24.0,25.0,23.5,23.5,24.0,0.0,910.25,,2.0,0.0,0.0,77.180115,77.180115,77.180115,77.180115,77.180115,77.180115,77.180115,77.180115,77.180115,77.180115,77.180115,77.180115,77.180115,77.180115,77.180115,77.180115,74.309649,74.309649,74.309649,74.309649,0.0,0.0,100.0,101.0,102.0,101.0,101.0,40.079,3023.201,503.182,975.347,298.56,True,False,
2026-12-03 12:17:36.792,5.0,0.0,0.0,0.0,39.0,0.0,0.0,3.0,0.0,0.0,0.0,1.0,1.0,0.0,0.0,2.51,0.0,0.0,0.0,7.293608268749789,-409.0,0.0,7.1753608958326325,418.0,0.0,0.0,4.982,100.0,4.981,109.0,0.681,0.0,4.952,193.0,4.963,198.0,4.968,42.0,4.976,60.0,23.75339,24.17046,24.20984,23.46162,26.98434,24.57142,24.20268,24.70209,23.74802,24.0,25.0,23.5,23.5,24.0,0.0,910.25,,2.0,0.0,0.0,77.180115,77.180115,77.180115,77.180115,77.180115,77.180115,77.180115,77.180115,77.180115,77.180115,77.180115,77.180115,77.180115,77.180115,77.180115,77.180115,74.309649,74.309649,74.309649,74.309649,0.0,0.0,100.0,101.0,102.0,101.0,101.0,40.53,3001.24,498.20000000000005,955.736,298.56,True,False,
2026-12-03 12:17:37.242,5.0,0.0,0.0,0.0,,0.0,0.0,3.0,0.0,0.0,0.0,1.0,1.0,0.0,0.0,2.551,0.0,0.0,0.0,7.294223369537155,-416.0,0.0,7.174077898457183,425.0,0.0,0.0,4.983,101.0,4.982,270.0,0.681,0.0,4.952,193.0,4.962,190.0,4.968,41.0,4.976,60.0,23.75339,24.16688,24.21342,23.46699,27.02372,24.60364,24.20984,24.70388,23.73728,24.0,25.0,24.0,23.5,24.0,0.0,910.25,,2.0,0.0,0.0,77.180115,77.180115,77.180115,77.180115,77.180115,77.180115,77.180115,77.180115,77.180115,77.180115,77.180115,77.180115,77.180115,77.180115,77.180115,77.180115,74.309649,74.309649,74.309649,74.309649,0.0,0.0,100.0,101.0,102.0,101.0,101.0,40.98,3051.5,503.28299999999996,955.736,298.56,True,False,
2026-12-03 12:17:37.794,5.0,0.0,0.0,0.0,,0.0,0.0,3.0,0.0,0.0,0.0,1.0,1.0,0.0,0.0,2.52,0.0,0.0,0.0,7.292744432285215,-428.0,0.0,7.173481440950715,420.0,0.0,0.0,4.983,100.0,4.982,109.0,0.682,0.0,4.952,193.0,4.96,193.0,4.967,41.0,4.977,58.0,23.74981,24.16509,24.20984,23.47415,27.01477,24.61975,24.20984,24.71641,23.74623,24.0,25.0,23.5,23.5,24.0,0.0,910.25,,2.0,0.0,0.0,77.180115,77.180115,77.180115,77.180115,77.180115,77.180115,77.180115,77.180115,77.180115,77.180115,77.180115,77.180115,77.180115,77.180115,77.180115,77.180115,74.309649,74.309649,74.309649,74.309649,0.0,0.0,100.0,101.0,102.0,101.0,101.0,41.532,3016.02,498.29999999999995,955.736,288.666,True,False,
2026-12-03 12:17:38.244,5.0,0.0,0.0,0.0,,0.0,0.0,3.0,0.0,0.0,0.0,1.0,1.0,0.0,0.0,2.49,0.0,0.0,0.0,7.291152054495785,-429.0,0.0,7.168506848319284,425.0,0.0,0.0,4.981,100.0,4.982,109.0,0.682,0.0,4.952,195.0,4.962,193.0,4.967,63.0,4.977,58.0,23.74802,24.17046,24.20984,23.47236,27.03983,24.63049,24.20984,24.71641,23.74086,24.0,25.0,24.0,23.5,24.0,0.0,910.25,,2.0,0.0,0.0,77.180115,77.180115,77.180115,77.180115,77.180115,77.180115,77.180115,77.180115,77.180115,77.180115,77.180115,77.180115,77.180115,77.180115,77.180115,77.180115,74.309649,74.309649,74.309649,74.309649,0.0,0.0,100.0,101.0,102.0,101.0,101.0,41.982,3050.65,498.09999999999997,965.64,288.666,True,False,
2026-12-03 12:17:38.794,5.0,0.0,0.0,0.0,,0.0,0.0,3.0,0.0,0.0,0.0,1.0,1.0,0.0,0.0,2.525,0.0,0.0,0.0,7.291423777594594,-421.0,0.0,7.1690792586486465,423.0,0.0,0.0,4.982,102.0,4.981,109.0,0.683,0.0,4.952,198.0,4.961,190.0,4.967,41.0,4.977,58.0,23.75697,24.1633,24.22058,23.47415,27.04699,24.65913,24.22416,24.71641,23.74444,24.0,25.0,24.0,23.5,24.0,0.0,910.25,,2.0,0.0,0.0,77.180115,77.180115,77.180115,77.180115,77.180115,77.180115,77.180115,77.180115,77.180115,77.180115,77.180115,77.180115,77.180115,77.180115,77.180115,77.180115,74.309649,74.309649,74.309649,74.309649,0.0,0.0,100.0,101.0,102.0,101.0,101.0,42.532,3037.563,508.16400000000004,980.496,288.666,True,False,
2026-12-03 12:17:39.246,5.0,0.0,0.0,1.0,0.0,0.0,0.0,3.0,0.0,0.0,0.0,1.0,1.0,0.0,0.0,2.538,0.0,0.0,0.0,7.29053383869371,-410.0,0.0,7.1631127956457,422.0,0.0,0.0,4.985,102.0,4.982,266.0,0.681,0.0,4.953,200.0,4.962,198.0,4.968,41.0,4.977,58.0,23.74981,24.1633,24.20984,23.47057,27.08816,24.66629,24.22416,24.71104,23.74444,24.0,25.0,24.0,23.5,24.0,0.0,910.25,,2.0,0.0,0.0,77.180115,77.180115,77.180115,77.180115,77.180115,77.180115,77.180115,77.180115,77.180115,77.180115,77.180115,77.180115,77.180115,77.180115,77.180115,77.180115,74.309649,74.309649,74.309649,74.309649,0.0,0.0,100.0,101.0,102.0,101.0,101.0,42.984,3029.116,508.47,990.6,288.666,True,False,
2026-12-03 12:17:39.795,5.0,0.0,0.0,1.0,0.0,0.0,0.0,3.0,0.0,0.0,0.0,1.0,1.0,0.0,0.0,2.511,0.0,0.0,0.0,7.289452959594372,-409.0,0.0,7.159509865314574,423.0,0.0,0.0,4.983,102.0,4.982,107.0,0.682,0.0,4.953,200.0,4.961,191.0,4.967,41.0,4.975,61.0,23.75518,24.1812,24.22237,23.46878,27.11143,24.68598,24.24027,24.73252,23.74802,24.0,25.0,24.0,23.5,24.0,0.0,910.25,,2.0,0.0,0.0,77.180115,77.180115,77.180115,77.180115,77.180115,77.180115,77.180115,77.180115,77.180115,77.180115,77.180115,77.180115,77.180115,77.180115,77.180115,77.180115,74.309649,74.309649,74.309649,74.309649,0.0,0.0,100.0,101.0,102.0,101.0,101.0,43.533,3036.294,508.26599999999996,990.6,303.47499999999997,True,False,
2026-12-03 12:17:40.246,5.0,0.0,0.0,1.0,1.0,0.0,0.0,3.0,0.0,0.0,0.0,1.0,1.0,0.0,0.0,2.502,0.0,0.0,0.0,7.288148190276454,-407.0,0.0,7.1551606342548455,425.0,0.0,0.0,4.982,101.0,4.981,109.0,0.682,0.0,4.953,198.0,4.961,193.0,4.967,42.0,4.975,61.0,23.7516,24.16688,24.23311,23.47057,27.11143,24.69851,24.24564,24.72894,23.74265,24.0,25.0,24.0,23.5,24.0,0.0,910.25,,2.0,0.0,0.0,77.180115,77.180115,77.180115,77.180115,77.180115,77.180115,77.180115,77.180115,77.180115,77.180115,77.180115,77.180115,77.180115,77.180115,77.180115,77.180115,74.309649,74.309649,74.309649,74.309649,0.0,0.0,100.0,101.0,102.0,101.0,101.0,43.984,3050.65,503.182,980.6940000000001,303.47499999999997,True,False,
2026-12-03 12:17:40.798,5.0,0.0,0.0,1.0,1.0,0.0,0.0,3.0,0.0,0.0,0.0,1.0,1.0,0.0,0.0,2.535,0.0,0.0,0.0,7.2865828261261925,-415.0,0.0,7.149942753753975,421.0,0.0,0.0,4.983,107.0,4.982,267.0,0.682,0.0,4.951,197.0,4.962,196.0,4.968,63.0,4.975,61.0,23.7516,24.1812,24.25101,23.47236,27.13649,24.7182,24.24564,24.78443,23.74802,24.0,25.0,24.0,23.5,24.0,0.0,910.25,,2.0,0.0,0.0,77.180115,77.180115,77.180115,77.180115,77.180115,77.180115,77.180115,77.180115,77.180115,77.180115,77.180115,77.180115,77.180115,77.180115,77.180115,77.180115,74.309649,74.309649,74.309649,74.309649,0.0,0.0,100.0,101.0,102.0,101.0,101.0,44.536,3021.938,533.1809999999999,975.347,303.47499999999997,True,False,
2026-12-03 12:17:41.248,5.0,0.0,0.0,1.0,2.0,0.0,0.0,3.0,0.0,0.0,0.0,1.0,1.0,0.0,0.0,2.52,0.0,0.0,0.0,7.284716419717562,-414.0,0.0,7.142721399058539,426.0,0.0,0.0,4.981,105.0,4.981,109.0,0.681,0.0,4.953,201.0,4.961,188.0,4.967,41.0,4.975,61.0,23.74981,24.1812,24.23669,23.47594,27.1526,24.74326,24.24922,24.74147,23.74981,24.0,25.0,24.0,23.5,24.0,0.0,910.25,,2.0,0.0,0.0,77.180115,77.180115,77.180115,77.180115,77.180115,77.180115,77.180115,77.180115,77.180115,77.180115,77.180115,77.180115,77.180115,77.180115,77.180115,77.180115,74.309649,74.309649,74.309649,74.309649,0.0,0.0,100.0,101.0,102.0,101.0,101.0,44.986,3057.402,523.005,995.5530000000001,303.47499999999997,True,False,
2026-12-03 12:17:41.801,5.0,0.0,0.0,1.0,2.0,0.0,0.0,3.0,0.0,0.0,0.0,1.0,1.0,0.0,0.0,2.517,0.0,0.0,0.0,7.282504908891372,-404.0,0.0,7.138349696304575,421.0,0.0,0.0,4.982,105.0,4.982,266.0,0.682,1.0,4.951,193.0,4.963,195.0,4.967,42.0,4.975,61.0,23.74802,24.18657,24.23669,23.47415,27.1705,24.75937,24.26354,24.75221,23.74265,24.0,25.0,24.0,23.5,24.0,0.0,910.25,,2.0,0.0,0.0,77.180115,77.180115,77.180115,77.180115,77.180115,77.180115,77.180115,77.180115,77.180115,77.180115,77.180115,77.180115,77.180115,77.180115,77.180115,77.180115,74.309649,74.309649,74.309649,74.309649,0.0,0.0,100.0,101.0,102.0,101.0,101.0,45.539,3022.7799999999997,523.11,955.5429999999999,303.47499999999997,True,False,
2026-12-03 12:17:42.253,5.0,0.0,0.0,1.0,3.0,0.0,0.0,3.0,0.0,0.0,0.0,1.0,1.0,0.0,0.0,2.511,0.0,0.0,0.0,7.279900882968293,-419.0,0.0,7.127669609894308,426.0,0.0,0.0,4.982,106.0,4.981,109.0,0.681,0.0,4.953,202.0,4.962,191.0,4.967,41.0,4.975,61.0,23.75876,24.1812,24.23669,23.47773,27.20093,24.76832,24.27428,24.74505,23.74981,24.0,25.0,24.0,23.5,24.0,0.0,910.25,,2.0,0.0,0.0,77.180115,77.180115,77.180115,77.180115,77.180115,77.180115,77.180115,77.180115,77.180115,77.180115,77.180115,77.180115,77.180115,77.180115,77.180115,77.180115,74.309649,74.309649,74.309649,74.309649,0.0,0.0,100.0,101.0,102.0,101.0,101.0,45.991,3057.828,528.092,1000.5060000000001,303.47499999999997,True,False,
2026-12-03 12:17:42.803,5.0,0.0,0.0,1.0,3.0,0.0,0.0,3.0,0.0,0.0,0.0,1.0,1.0,0.0,0.0,2.538,0.0,0.0,0.0,7.276854007989408,-420.0,0.0,7.119513359964696,423.0,0.0,0.0,4.983,105.0,4.982,266.0,0.681,0.0,4.951,196.0,4.961,196.0,4.967,63.0,4.975,61.0,23.76592,24.18478,24.23848,23.48847,27.2242,24.78622,24.2707,24.76295,23.73728,24.0,25.0,24.0,23.5,24.0,0.0,910.25,,2.0,0.0,0.0,77.180115,77.180115,77.180115,77.180115,77.180115,77.180115,77.180115,77.180115,77.180115,77.180115,77.180115,77.180115,77.180115,77.180115,77.180115,77.180115,74.309649,74.309649,74.309649,74.309649,0.0,0.0,100.0,101.0,102.0,101.0,101.0,46.541,3037.14,523.2149999999999,970.396,303.47499999999997,True,False,
2026-12-03 12:17:43.253,5.0,0.0,0.0,1.0,4.0,0.0,0.0,3.0,0.0,0.0,0.0,1.0,1.0,0.0,0.0,2.518,0.0,0.0,0.0,7.272311629720024,-425.0,0.0,7.1057054324000815,427.0,0.0,0.0,4.982,107.0,4.982,266.0,0.682,0.0,4.952,205.0,4.962,195.0,4.968,41.0,4.975,61.0,23.75339,24.19194,24.2349,23.48668,27.22599,24.8077,24.27428,24.76116,23.74086,24.0,25.5,24.0,23.5,24.0,0.0,910.25,,2.0,0.0,0.0,77.180115,77.180115,77.180115,77.180115,77.180115,77.180115,77.180115,77.180115,77.180115,77.180115,77.180115,77.180115,77.180115,77.180115,77.180115,77.180115,74.309649,74.309649,74.309649,74.309649,0.0,0.0,100.0,101.0,102.0,101.0,101.0,46.991,3065.006,533.0740000000001,1015.16,303.47499999999997,True,False,
2026-12-03 12:17:43.806,5.0,0.0,0.0,1.0,4.0,0.0,0.0,3.0,0.0,0.0,0.0,1.0,1.0,0.0,0.0,2.464,0.0,0.0,0.0,7.2702195696316085,-426.0,0.0,7.09406523210536,426.0,0.0,0.0,4.983,106.0,4.982,267.0,0.682,0.0,4.95,197.0,4.962,190.0,4.967,42.0,4.975,60.0,23.75697,24.19731,24.24743,23.47057,27.19198,24.82918,24.28681,24.76295,23.75518,24.0,25.5,24.0,23.5,24.0,0.0,910.25,,2.0,0.0,0.0,77.180115,77.180115,77.180115,77.180115,77.180115,77.180115,77.180115,77.180115,77.180115,77.180115,77.180115,77.180115,77.180115,77.180115,77.180115,77.180115,74.309649,74.309649,74.309649,74.309649,0.0,0.0,100.0,101.0,102.0,101.0,101.0,47.544,3058.68,528.198,975.1500000000001,298.5,True,False,
2026-12-03 12:17:44.258,5.0,0.0,0.0,1.0,5.0,0.0,0.0,4.0,0.0,0.0,0.0,1.0,1.0,0.0,0.0,2.531,0.0,0.0,0.0,7.263523124095888,-423.0,0.0,7.075410413652964,427.0,0.0,0.0,4.982,105.0,4.983,107.0,0.682,0.0,4.952,203.0,4.965,197.0,4.967,63.0,4.975,60.0,23.75339,24.19194,24.24027,23.47773,27.26,24.85245,24.2886,24.76295,23.74981,24.0,25.5,24.0,23.5,24.0,0.0,910.25,,2.0,0.0,0.0,77.180115,77.180115,77.180115,77.180115,77.180115,77.180115,77.180115,77.180115,77.180115,77.180115,77.180115,77.180115,77.180115,77.180115,77.180115,77.180115,74.309649,74.309649,74.309649,74.309649,0.0,0.0,100.0,101.0,102.0,101.0,101.0,47.996,3064.5789999999997,523.11,1005.256,298.5,True,False,
2026-12-03 12:17:44.810,5.0,0.0,0.0,1.0,5.0,0.0,0.0,4.0,0.0,0.0,0.0,1.0,1.0,0.0,0.0,2.547,0.0,0.0,0.0,7.257168270553906,-425.0,0.0,7.058560901846351,420.0,0.0,0.0,4.981,101.0,4.982,109.0,0.682,0.0,4.952,187.0,4.961,187.0,4.967,63.0,4.975,60.0,23.75518,24.19552,24.24922,23.48131,27.28327,24.85424,24.29218,24.76832,23.75697,24.0,25.5,24.0,23.5,24.0,0.0,910.25,,2.0,0.0,0.0,77.180115,77.180115,77.180115,77.180115,77.180115,77.180115,77.180115,77.180115,77.180115,77.180115,77.180115,77.180115,77.180115,77.180115,77.180115,77.180115,74.309649,74.309649,74.309649,74.309649,0.0,0.0,100.0,101.0,102.0,101.0,101.0,48.548,3014.7599999999998,503.08099999999996,926.024,298.5,True,False,
2026-12-03 12:17:45.261,5.0,0.0,0.0,1.0,6.0,0.0,0.0,4.0,0.0,0.0,0.0,1.0,1.0,0.0,0.0,2.295,0.0,0.0,0.0,7.252103076514007,-419.0,0.0,7.038343588380022,420.0,0.0,0.0,4.982,105.0,4.981,105.0,0.682,0.0,4.95,198.0,4.961,193.0,4.97,61.0,4.975,60.0,23.76055,24.20089,24.24743,23.47773,27.27253,24.88288,24.30292,24.76832,23.74802,24.0,25.5,24.0,23.5,24.0,0.0,910.25,,2.0,0.0,0.0,77.180115,77.180115,77.180115,77.180115,77.180115,77.180115,77.180115,77.180115,77.180115,77.180115,77.180115,77.180115,77.180115,77.180115,77.180115,77.180115,74.309649,74.309649,74.309649,74.309649,0.0,0.0,100.0,101.0,102.0,101.0,101.0,48.999,3014.7599999999998,523.11,980.1,298.5,True,False,
2026-12-03 12:17:45.962,5.0,0.0,0.0,1.0,6.0,0.0,0.0,4.0,0.0,0.0,0.0,1.0,1.0,0.0,0.0,2.338,0.0,0.0,0.0,7.246279298034819,-417.0,0.0,7.017597660116064,417.0,0.0,0.0,4.982,106.0,4.982,105.0,0.681,0.0,4.952,201.0,4.962,197.0,4.968,61.0,4.976,62.0,23.74802,24.20268,24.24385,23.48847,27.31728,24.89362,24.31545,24.78443,23.7516,24.0,25.5,24.0,23.5,24.0,0.0,910.25,,2.0,0.0,0.0,77.180115,77.180115,77.180115,77.180115,77.180115,77.180115,77.180115,77.180115,77.180115,77.180115,77.180115,77.180115,77.180115,77.180115,77.180115,77.180115,74.309649,74.309649,74.309649,74.309649,0.0,0.0,100.0,101.0,102.0,101.0,101.0,49.7,2994.06,528.092,995.352,308.512,True,True,P1_sysv_sag
2026-12-03 12:17:46.313,5.0,0.0,0.0,1.0,7.0,0.0,0.0,4.0,0.0,0.0,0.0,1.0,1.0,0.0,0.0,2.568,0.0,0.0,0.0,7.238654144114695,-413.0,0.0,6.9921804803823155,421.0,0.0,0.0,4.983,105.0,4.982,105.0,0.681,0.0,4.951,200.0,4.962,188.0,4.967,61.0,4.976,62.0,23.75876,24.20268,24.24922,23.4831,27.35487,24.91868,24.30829,24.79159,23.74802,24.0,25.5,24.0,23.5,24.0,0.0,910.25,,2.0,0.0,0.0,77.180115,77.180115,77.180115,77.180115,77.180115,77.180115,77.180115,77.180115,77.180115,77.180115,77.180115,77.180115,77.180115,77.180115,77.180115,77.180115,74.309649,74.309649,74.309649,74.309649,0.0,0.0,100.0,101.0,102.0,101.0,101.0,50.051,3022.7799999999997,523.2149999999999,990.1999999999999,308.512,True,True,P1_sysv_sag
2026-12-03 12:17:46.766,5.0,0.0,0.0,1.0,7.0,0.0,0.0,4.0,0.0,0.0,0.0,1.0,1.0,0.0,0.0,2.634,0.0,0.0,0.0,7.231192172498032,-416.0,0.0,6.961973908326772,416.0,0.0,0.0,4.981,106.0,4.982,107.0,0.682,0.0,4.951,203.0,4.962,198.0,4.968,60.0,4.976,62.0,23.74981,24.20447,24.26354,23.47594,27.3316,24.92942,24.31008,24.79159,23.74802,24.0,25.5,24.0,23.5,24.0,0.0,910.25,,2.0,0.0,0.0,77.180115,77.180115,77.180115,77.180115,77.180115,77.180115,77.180115,77.180115,77.180115,77.180115,77.180115,77.180115,77.180115,77.180115,77.180115,77.180115,74.309649,74.309649,74.309649,74.309649,0.0,0.0,100.0,101.0,102.0,101.0,101.0,50.504,2986.048,527.986,1005.0529999999999,308.512,True,True,P1_sysv_sag
2026-12-03 12:17:47.467,5.0,0.0,0.0,1.0,8.0,0.0,0.0,4.0,0.0,0.0,0.0,1.0,1.0,0.0,0.0,2.525,0.0,0.0,0.0,7.219867271283688,-429.0,0.0,6.9328909042789615,420.0,0.0,0.0,4.982,105.0,4.982,104.0,0.682,0.0,4.951,200.0,4.961,191.0,4.967,60.0,4.976,62.0,23.75697,24.20268,24.2528,23.47773,27.38351,24.94911,24.3065,24.7898,23.75518,24.0,25.5,24.0,23.5,24.0,0.0,910.25,,2.0,0.0,0.0,77.180115,77.180115,77.180115,77.180115,77.180115,77.180115,77.180115,77.180115,77.180115,77.180115,77.180115,77.180115,77.180115,77.180115,77.180115,77.180115,74.309649,74.309649,74.309649,74.309649,0.0,0.0,100.0,101.0,102.0,101.0,101.0,51.205,3015.6,523.11,990.1999999999999,308.512,True,True,P1_sysv_sag
2026-12-03 12:17:47.816,5.0,0.0,0.0,1.0,8.0,0.0,0.0,4.0,0.0,0.0,0.0,1.0,1.0,0.0,0.0,2.472,0.0,0.0,0.0,7.211664669934655,-426.0,0.0,6.896882233115515,417.0,0.0,0.0,4.982,109.0,4.982,106.0,0.682,1.0,4.951,203.0,4.962,193.0,4.967,61.0,4.976,58.0,23.7516,24.20805,24.25459,23.48489,27.3853,24.96701,24.31903,24.80591,23.75339,24.0,25.5,24.0,23.5,24.0,0.0,910.25,,2.0,0.0,0.0,77.180115,77.180115,77.180115,77.180115,77.180115,77.180115,77.180115,77.180115,77.180115,77.180115,77.180115,77.180115,77.180115,77.180115,77.180115,77.180115,74.309649,74.309649,74.309649,74.309649,0.0,0.0,100.0,101.0,102.0,101.0,101.0,51.554,2993.226,543.038,1005.0529999999999,288.608,True,True,P1_sysv_sag
2026-12-03 12:17:48.267,5.0,0.0,0.0,1.0,9.0,0.0,0.0,4.0,0.0,0.0,0.0,1.0,1.0,0.0,0.0,2.472,0.0,0.0,0.0,7.200582913464115,-426.0,0.0,6.86194304488038,422.0,0.0,0.0,4.982,106.0,4.982,106.0,0.681,0.0,4.95,201.0,4.963,195.0,4.968,60.0,4.976,58.0,23.74802,24.20626,24.27249,23.48489,27.38172,24.98491,24.3244,24.80591,23.75697,24.0,25.5,24.0,23.5,24.0,0.0,910.25,,2.0,0.0,0.0,77.180115,77.180115,77.180115,77.180115,77.180115,77.180115,77.180115,77.180115,77.180115,77.180115,77.180115,77.180115,77.180115,77.180115,77.180115,77.180115,74.309649,74.309649,74.309649,74.309649,0.0,0.0,100.0,101.0,102.0,101.0,101.0,52.005,3029.96,528.092,994.95,288.608,True,True,P1_sysv_sag
2026-12-03 12:17:48.969,5.0,0.0,0.0,1.0,9.0,0.0,0.0,4.0,0.0,0.0,0.0,1.0,1.0,0.0,0.0,2.562,0.0,0.0,0.0,7.1876357253746885,-424.0,0.0,6.822119084582294,420.0,0.0,0.0,4.982,101.0,4.982,105.0,0.682,0.0,4.952,202.0,4.962,188.0,4.968,60.0,4.976,58.0,23.76055,24.20984,24.25638,23.47415,27.39783,25.01176,24.32977,24.81486,23.7516,24.0,25.5,24.0,23.5,24.0,0.0,910.25,,2.0,0.0,0.0,77.180115,77.180115,77.180115,77.180115,77.180115,77.180115,77.180115,77.180115,77.180115,77.180115,77.180115,77.180115,77.180115,77.180115,77.180115,77.180115,74.309649,74.309649,74.309649,74.309649,0.0,0.0,100.0,101.0,102.0,101.0,101.0,52.707,3015.6,503.182,1000.304,288.608,True,True,P1_sysv_sag
2026-12-03 12:17:49.319,5.0,0.0,0.0,1.0,,0.0,0.0,4.0,0.0,0.0,0.0,1.0,1.0,0.0,0.0,2.516,0.0,0.0,0.0,7.173853679023012,-423.0,0.0,6.777512263410043,420.0,0.0,0.0,4.982,105.0,4.982,105.0,0.682,0.0,4.95,200.0,4.962,198.0,4.967,61.0,4.976,58.0,23.7516,24.20984,24.25996,23.4831,27.44437,25.01355,24.32977,24.81307,23.74444,24.0,25.5,24.0,23.5,24.0,0.0,910.25,,2.0,0.0,0.0,77.180115,77.180115,77.180115,77.180115,77.180115,77.180115,77.180115,77.180115,77.180115,77.180115,77.180115,77.180115,77.180115,77.180115,77.180115,77.180115,74.309649,74.309649,74.309649,74.309649,0.0,0.0,100.0,101.0,102.0,101.0,101.0,53.057,3014.7599999999998,523.11,990.0,288.608,True,True,P1_sysv_sag
2026-12-03 12:17:49.769,5.0,0.0,0.0,1.0,,0.0,0.0,4.0,0.0,0.0,0.0,1.0,1.0,0.0,0.0,2.505,0.0,0.0,0.0,7.1622855941012205,-401.0,0.0,6.732285313670734,421.0,0.0,0.0,4.982,102.0,4.981,109.0,0.682,1.0,4.952,203.0,4.962,193.0,4.968,61.0,4.976,60.0,23.75697,24.20984,24.27965,23.501,27.44616,25.03503,24.34409,24.81844,23.7337,24.0,25.5,24.0,23.5,24.0,0.0,910.25,,2.0,0.0,0.0,77.180115,77.180115,77.180115,77.180115,77.180115,77.180115,77.180115,77.180115,77.180115,77.180115,77.180115,77.180115,77.180115,77.180115,77.180115,77.180115,74.309649,74.309649,74.309649,74.309649,0.0,0.0,100.0,101.0,102.0,101.0,101.0,53.507,3021.938,508.16400000000004,1005.256,298.56,True,True,P1_sysv_sag
2026-12-03 12:17:50.471,5.0,0.0,0.0,1.0,,0.0,0.0,4.0,0.0,0.0,0.0,1.0,1.0,0.0,0.0,2.562,0.0,0.0,0.0,7.145999575417412,-422.0,0.0,6.683665251391375,423.0,0.0,0.0,4.982,102.0,4.982,107.0,0.682,1.0,4.952,200.0,4.961,191.0,4.968,62.0,4.976,60.0,23.75518,24.20984,24.26354,23.47952,27.47838,25.04756,24.34051,24.82202,23.74444,24.0,25.5,24.0,23.5,24.0,0.0,910.25,,2.0,0.0,0.0,77.180115,77.180115,77.180115,77.180115,77.180115,77.180115,77.180115,77.180115,77.180115,77.180115,77.180115,77.180115,77.180115,77.180115,77.180115,77.180115,74.309649,74.309649,74.309649,74.309649,0.0,0.0,100.0,101.0,102.0,101.0,101.0,54.209,3035.8709999999996,508.16400000000004,990.4,298.56,True,True,P1_sysv_sag
2026-12-03 12:17:50.821,5.0,0.0,0.0,1.0,,0.0,0.0,4.0,0.0,0.0,0.0,1.0,1.0,0.0,0.0,2.545,0.0,0.0,0.0,7.132083615536752,-426.0,0.0,6.636945385122507,417.0,0.0,0.0,4.983,102.0,4.982,106.0,0.682,0.0,4.951,203.0,4.962,197.0,4.967,61.0,4.976,60.0,23.75697,24.20984,24.26712,23.49026,27.4927,25.07262,24.35125,24.82381,23.7516,24.0,25.5,24.0,23.5,24.0,0.0,910.25,,2.0,0.0,0.0,77.180115,77.180115,77.180115,77.180115,77.180115,77.180115,77.180115,77.180115,77.180115,77.180115,77.180115,77.180115,77.180115,77.180115,77.180115,77.180115,74.309649,74.309649,74.309649,74.309649,0.0,0.0,100.0,101.0,102.0,101.0,101.0,54.559,2994.06,508.26599999999996,1005.0529999999999,298.56,True,True,P1_sysv_sag
2026-12-03 12:17:51.272,5.0,0.0,0.0,1.0,,0.0,0.0,4.0,0.0,0.0,0.0,1.0,1.0,0.0,0.0,2.513,0.0,0.0,0.0,7.116645691359019,-416.0,0.0,6.583485637863396,415.0,0.0,0.0,4.982,101.0,4.982,101.0,0.683,0.0,4.951,201.0,4.961,187.0,4.967,61.0,4.976,60.0,23.75339,24.20984,24.2707,23.48668,27.49986,25.08694,24.35304,24.82381,23.74981,24.0,25.5,24.0,23.5,24.0,0.0,910.25,,2.0,0.0,0.0,77.180115,77.180115,77.180115,77.180115,77.180115,77.180115,77.180115,77.180115,77.180115,77.180115,77.180115,77.180115,77.180115,77.180115,77.180115,77.180115,74.309649,74.309649,74.309649,74.309649,0.0,0.0,100.0,101.0,102.0,101.0,101.0,55.01,2978.87,503.182,995.151,298.56,True,True,P1_sysv_sag
2026-12-03 12:17:51.975,5.0,0.0,0.0,1.0,,0.0,0.0,4.0,0.0,0.0,0.0,1.0,1.0,0.0,0.0,2.53,1.0,0.0,0.0,7.101813297394455,-406.0,0.0,6.530710991314848,412.0,0.0,0.0,4.982,101.0,4.981,105.0,0.682,0.0,4.95,202.0,4.963,198.0,4.967,60.0,4.976,61.0,23.75518,24.20984,24.27428,23.4831,27.51418,25.10126,24.35841,24.83455,23.74981,24.0,25.5,24.0,23.5,24.0,0.0,910.25,,2.0,0.0,0.0,77.180115,77.180115,77.180115,77.180115,77.180115,77.180115,77.180115,77.180115,77.180115,77.180115,77.180115,77.180115,77.180115,77.180115,77.180115,77.180115,74.309649,74.309649,74.309649,74.309649,0.0,0.0,100.0,101.0,102.0,101.0,101.0,55.713,2957.336,503.182,999.9000000000001,303.536,True,True,P1_sysv_sag
2026-12-03 12:17:52.326,5.0,0.0,0.0,1.0,,0.0,0.0,4.0,0.0,0.0,0.0,1.0,1.0,0.0,0.0,2.56,0.0,0.0,0.0,7.084732375159385,-422.0,0.0,6.4771079171979515,417.0,0.0,0.0,4.982,104.0,4.981,106.0,0.682,0.0,4.953,198.0,4.961,193.0,4.967,60.0,4.976,61.0,23.74444,24.20984,24.27786,23.4831,27.53566,25.11916,24.36199,24.83992,23.75518,24.0,25.5,24.0,23.5,24.0,0.0,910.25,,2.0,0.0,0.0,77.180115,77.180115,77.180115,77.180115,77.180115,77.180115,77.180115,77.180115,77.180115,77.180115,77.180115,77.180115,77.180115,77.180115,77.180115,77.180115,74.309649,74.309649,74.309649,74.309649,0.0,0.0,100.0,101.0,102.0,101.0,101.0,56.064,2993.226,518.128,980.6940000000001,303.536,True,True,P1_sysv_sag
2026-12-03 12:17:52.776,5.0,0.0,0.0,1.0,,0.0,0.0,4.0,0.0,0.0,0.0,1.0,1.0,0.0,0.0,2.534,0.0,0.0,0.0,7.067565618300141,-412.0,0.0,6.425218727667136,413.0,0.0,0.0,4.982,102.0,4.982,104.0,0.682,0.0,4.951,200.0,4.961,192.0,4.968,61.0,4.976,61.0,23.75518,24.22595,24.27607,23.47594,27.54461,25.12632,24.36736,24.83992,23.7516,24.0,25.5,24.0,23.5,24.0,0.0,910.25,,2.0,0.0,0.0,77.180115,77.180115,77.180115,77.180115,77.180115,77.180115,77.180115,77.180115,77.180115,77.180115,77.180115,77.180115,77.180115,77.180115,77.180115,77.180115,74.309649,74.309649,74.309649,74.309649,0.0,0.0,100.0,101.0,102.0,101.0,101.0,56.514,2965.3399999999997,508.16400000000004,990.1999999999999,303.536,True,True,P1_sysv_sag
2026-12-03 12:17:53.477,5.0,0.0,0.0,1.0,,0.0,0.0,4.0,0.0,0.0,0.0,1.0,1.0,0.0,0.0,2.523,0.0,0.0,0.0,7.052490156075899,-423.0,0.0,6.368633853586328,418.0,0.0,0.0,4.982,102.0,4.982,107.0,0.681,0.0,4.955,200.0,4.963,193.0,4.968,63.0,4.976,61.0,23.7516,24.20984,24.27607,23.47773,27.55356,25.1478,24.36378,24.83992,23.75518,24.0,25.5,24.5,23.5,24.0,0.0,910.25,,2.0,0.0,0.0,77.180115,77.180115,77.180115,77.180115,77.180115,77.180115,77.180115,77.180115,77.180115,77.180115,77.180115,77.180115,77.180115,77.180115,77.180115,77.180115,74.309649,74.309649,74.309649,74.309649,0.0,0.0,100.0,101.0,102.0,101.0,101.0,57.215,2999.986,508.16400000000004,991.0,303.536,True,True,P1_sysv_sag
2026-12-03 12:17:53.827,5.0,0.0,0.0,1.0,,0.0,0.0,4.0,0.0,0.0,0.0,1.0,1.0,0.0,0.0,2.544,1.0,0.0,0.0,7.035694642769509,-424.0,0.0,6.318982142565031,416.0,0.0,0.0,4.982,102.0,4.982,105.0,0.682,0.0,4.952,196.0,4.961,190.0,4.968,62.0,4.976,58.0,23.7516,24.23311,24.27428,23.48847,27.57683,25.15496,24.37273,24.86319,23.7516,24.0,25.5,24.5,23.5,24.0,0.0,910.25,,2.0,0.0,0.0,77.180115,77.180115,77.180115,77.180115,77.180115,77.180115,77.180115,77.180115,77.180115,77.180115,77.180115,77.180115,77.180115,77.180115,77.180115,77.180115,74.309649,74.309649,74.309649,74.309649,0.0,0.0,100.0,101.0,102.0,101.0,101.0,57.565,2986.88,508.16400000000004,970.592,288.608,True,True,P1_sysv_sag
2026-12-03 12:17:54.279,5.0,0.0,0.0,1.0,,0.0,0.0,4.0,0.0,0.0,0.0,1.0,1.0,0.0,0.0,2.547,0.0,0.0,0.0,7.021375806341435,-406.0,0.0,6.2659193544714515,418.0,0.0,0.0,4.982,102.0,4.981,106.0,0.682,0.0,4.952,195.0,4.963,196.0,4.967,61.0,4.976,58.0,23.7516,24.20984,24.28323,23.49921,27.56072,25.16928,24.37452,24.85066,23.76055,24.0,25.5,24.0,23.5,24.0,0.0,910.25,,2.0,0.0,0.0,77.180115,77.180115,77.180115,77.180115,77.180115,77.180115,77.180115,77.180115,77.180115,77.180115,77.180115,77.180115,77.180115,77.180115,77.180115,77.180115,74.309649,74.309649,74.309649,74.309649,0.0,0.0,100.0,101.0,102.0,101.0,101.0,58.017,3000.404,508.16400000000004,965.64,288.608,True,True,P1_sysv_sag
2026-12-03 12:17:54.979,5.0,0.0,0.0,1.0,,0.0,0.0,4.0,0.0,0.0,0.0,1.0,1.0,0.0,0.0,2.533,0.0,0.0,0.0,7.007734534949949,-408.0,0.0,6.22011511649983,413.0,0.0,0.0,4.982,102.0,4.981,105.0,0.682,0.0,4.951,195.0,4.962,193.0,4.968,61.0,4.976,58.0,23.7516,24.22774,24.28681,23.4831,27.5822,25.19434,24.37631,24.85603,23.7516,24.0,25.5,24.5,23.5,24.0,0.0,910.25,,2.0,0.0,0.0,77.180115,77.180115,77.180115,77.180115,77.180115,77.180115,77.180115,77.180115,77.180115,77.180115,77.180115,77.180115,77.180115,77.180115,77.180115,77.180115,74.309649,74.309649,74.309649,74.309649,0.0,0.0,100.0,101.0,102.0,101.0,101.0,58.717,2965.753,508.16400000000004,965.4449999999999,288.608,True,True,P1_sysv_sag
2026-12-03 12:17:55.333,5.0,0.0,0.0,1.0,10.0,0.0,0.0,4.0,0.0,0.0,0.0,1.0,1.0,0.0,0.0,2.526,0.0,0.0,0.0,6.99197160351445,-408.0,0.0,6.174238678381503,420.0,0.0,0.0,4.982,104.0,4.982,105.0,0.681,0.0,4.951,196.0,4.961,193.0,4.967,61.0,4.976,58.0,23.75876,24.23848,24.27249,23.48131,27.63232,25.2015,24.38347,24.86677,23.76234,24.0,25.5,24.5,23.5,24.0,0.0,910.25,,2.0,0.0,0.0,77.180115,77.180115,77.180115,77.180115,77.180115,77.180115,77.180115,77.180115,77.180115,77.180115,77.180115,77.180115,77.180115,77.180115,77.180115,77.180115,74.309649,74.309649,74.309649,74.309649,0.0,0.0,100.0,101.0,102.0,101.0,101.0,59.071,3016.02,518.128,970.396,288.608,True,True,P1_sysv_sag
2026-12-03 12:17:55.783,5.0,0.0,0.0,1.0,10.0,0.0,0.0,4.0,0.0,0.0,0.0,1.0,1.0,0.0,0.0,2.555,1.0,0.0,0.0,6.982283162987428,-403.0,0.0,6.130943876624761,421.0,0.0,0.0,4.982,106.0,4.981,106.0,0.682,0.0,4.952,201.0,4.962,195.0,4.968,61.0,4.975,58.0,23.75339,24.24027,24.28502,23.4831,27.61442,25.22656,24.3781,24.87572,23.76413,24.0,25.5,24.5,23.5,24.0,0.0,910.25,,2.0,0.0,0.0,77.180115,77.180115,77.180115,77.180115,77.180115,77.180115,77.180115,77.180115,77.180115,77.180115,77.180115,77.180115,77.180115,77.180115,77.180115,77.180115,74.309649,74.309649,74.309649,74.309649,0.0,0.0,100.0,101.0,102.0,101.0,101.0,59.521,3022.7799999999997,528.092,995.352,288.54999999999995,True,True,P1_sysv_sag
2026-12-03 12:17:56.484,5.0,0.0,0.0,1.0,11.0,0.0,0.0,4.0,0.0,0.0,0.0,1.0,1.0,0.0,0.0,2.531,0.0,0.0,0.0,6.967856131200576,-417.0,0.0,6.092853770668588,412.0,0.0,0.0,4.982,106.0,4.982,106.0,0.682,0.0,4.951,198.0,4.961,192.0,4.967,62.0,4.975,58.0,23.75518,24.24564,24.29218,23.48131,27.63232,25.24267,24.38884,24.86856,23.75876,24.0,25.5,24.5,23.5,24.0,0.0,910.25,,2.0,0.0,0.0,77.180115,77.180115,77.180115,77.180115,77.180115,77.180115,77.180115,77.180115,77.180115,77.180115,77.180115,77.180115,77.180115,77.180115,77.180115,77.180115,74.309649,74.309649,74.309649,74.309649,0.0,0.0,100.0,101.0,102.0,101.0,101.0,60.222,2958.16,528.092,980.2979999999999,288.54999999999995,True,True,P1_sysv_sag
2026-12-03 12:17:56.835,5.0,0.0,0.0,1.0,11.0,0.0,0.0,5.0,0.0,0.0,0.0,1.0,1.0,0.0,0.0,2.535,0.0,0.0,0.0,6.959863635005838,-413.0,0.0,6.061545450019459,397.0,0.0,0.0,4.982,107.0,4.982,253.0,0.681,0.0,4.952,202.0,4.962,201.0,4.967,62.0,4.975,58.0,23.75876,24.24743,24.29755,23.49026,27.65917,25.25341,24.39063,24.86856,23.76055,24.0,25.5,24.5,23.5,24.0,0.0,910.25,,2.0,0.0,0.0,77.180115,77.180115,77.180115,77.180115,77.180115,77.180115,77.180115,77.180115,77.180115,77.180115,77.180115,77.180115,77.180115,77.180115,77.180115,77.180115,74.309649,74.309649,74.309649,74.309649,0.0,0.0,100.0,101.0,102.0,101.0,101.0,60.573,2851.2540000000004,533.0740000000001,1000.304,288.54999999999995,True,True,P1_sysv_sag
2026-12-03 12:17:57.284,5.0,0.0,0.0,1.0,12.0,0.0,0.0,5.0,0.0,0.0,0.0,1.0,1.0,0.0,0.0,2.53,0.0,0.0,0.0,6.949460658128488,-417.0,0.0,6.031535527094961,412.0,0.0,0.0,4.982,109.0,4.982,253.0,0.682,0.0,4.951,197.0,4.962,195.0,4.966,62.0,4.975,58.0,23.7516,24.2349,24.29397,23.48489,27.6717,25.26236,24.39242,24.88467,23.75518,24.0,25.5,24.5,23.5,24.0,0.0,910.25,,2.0,0.0,0.0,77.180115,77.180115,77.180115,77.180115,77.180115,77.180115,77.180115,77.180115,77.180115,77.180115,77.180115,77.180115,77.180115,77.180115,77.180115,77.180115,74.309649,74.309649,74.309649,74.309649,0.0,0.0,100.0,101.0,102.0,101.0,101.0,61.022,2958.16,543.038,975.347,288.54999999999995,True,True,P1_sysv_sag
2026-12-03 12:17:57.987,5.0,0.0,0.0,1.0,12.0,0.0,0.0,5.0,0.0,0.0,0.0,1.0,1.0,0.0,0.0,2.642,0.0,0.0,0.0,6.829780047176656,-790.0,0.0,6.007266823922185,417.0,0.0,0.0,4.983,251.0,4.982,255.0,0.682,0.0,4.953,202.0,4.962,188.0,4.966,63.0,4.975,62.0,23.75876,24.24206,24.29397,23.4831,27.69676,25.29279,24.39958,24.88646,23.76592,24.0,25.5,24.5,23.5,24.0,0.0,910.25,,2.0,0.0,0.0,77.180115,77.180115,77.180115,77.180115,77.180115,77.180115,77.180115,77.180115,77.180115,77.180115,77.180115,77.180115,77.180115,77.180115,77.180115,77.180115,74.309649,74.309649,74.309649,74.309649,0.0,0.0,100.0,101.0,102.0,101.0,101.0,61.725,2993.226,1250.733,1000.5060000000001,308.45,True,True,P1_sysv_sag
2026-12-03 12:17:58.336,5.0,0.0,0.0,1.0,13.0,0.0,0.0,5.0,0.0,0.0,0.0,1.0,1.0,0.0,0.0,2.642,0.0,0.0,0.0,6.824929019448181,-790.0,0.0,5.989096731493937,431.0,0.0,0.0,4.982,105.0,4.983,255.0,0.682,0.0,4.951,193.0,4.962,197.0,4.967,41.0,4.975,62.0,23.7516,24.24743,24.29397,23.49563,27.74509,25.30532,24.39421,24.88288,23.75876,24.0,25.5,24.5,23.5,24.0,0.0,910.25,,2.0,0.0,0.0,77.180115,77.180115,77.180115,77.180115,77.180115,77.180115,77.180115,77.180115,77.180115,77.180115,77.180115,77.180115,77.180115,77.180115,77.180115,77.180115,74.309649,74.309649,74.309649,74.309649,0.0,0.0,100.0,101.0,102.0,101.0,101.0,62.074,3092.856,523.11,955.5429999999999,308.45,True,True,P1_sysv_sag
2026-12-03 12:17:58.786,5.0,0.0,0.0,1.0,13.0,0.0,0.0,5.0,0.0,0.0,0.0,1.0,1.0,0.0,0.0,2.642,0.0,0.0,0.0,6.821986300752077,-790.0,0.0,5.981287669173592,425.0,0.0,0.0,4.981,107.0,4.983,104.0,0.682,0.0,4.952,203.0,4.962,187.0,4.966,62.0,4.975,62.0,23.75876,24.23848,24.29576,23.49384,27.72003,25.31427,24.39421,24.89183,23.75697,24.0,25.5,24.5,23.5,24.0,0.0,910.25,,2.0,0.0,0.0,77.180115,77.180115,77.180115,77.180115,77.180115,77.180115,77.180115,77.180115,77.180115,77.180115,77.180115,77.180115,77.180115,77.180115,77.180115,77.180115,74.309649,74.309649,74.309649,74.309649,0.0,0.0,100.0,101.0,102.0,101.0,101.0,62.524,3050.65,532.967,1005.256,308.45,True,True,P1_sysv_sag
2026-12-03 12:17:59.488,5.0,0.0,0.0,1.0,14.0,0.0,0.0,5.0,0.0,0.0,0.0,1.0,1.0,0.0,0.0,2.642,1.0,0.0,0.0,6.821,-790.0,0.0,5.9799999999999995,418.0,0.0,0.0,4.982,107.0,4.983,100.0,0.682,0.0,4.951,195.0,4.962,195.0,4.966,63.0,4.975,62.0,23.75697,24.23848,24.29934,23.50279,27.71466,25.33933,24.40316,24.89004,23.7516,24.0,25.5,24.5,23.5,24.0,0.0,910.25,,2.0,0.0,0.0,77.180115,77.180115,77.180115,77.180115,77.180115,77.180115,77.180115,77.180115,77.180115,77.180115,77.180115,77.180115,77.180115,77.180115,77.180115,77.180115,74.309649,74.309649,74.309649,74.309649,0.0,0.0,100.0,101.0,102.0,101.0,101.0,63.226,3001.24,533.0740000000001,965.4449999999999,308.45,True,True,P1_sysv_sag
2026-12-03 12:17:59.838,5.0,0.0,0.0,1.0,14.0,0.0,0.0,5.0,0.0,0.0,0.0,1.0,1.0,0.0,0.0,2.466,0.0,0.0,0.0,6.931986300752078,-420.0,0.0,5.981287669173592,417.0,0.0,0.0,4.981,107.0,4.982,101.0,0.682,0.0,4.953,202.0,4.961,191.0,4.967,42.0,4.975,60.0,23.75876,24.25996,24.29218,23.49742,27.73972,25.35723,24.41748,24.89899,23.7516,24.0,25.5,24.5,23.5,24.0,0.0,910.25,,2.0,0.0,0.0,77.180115,77.180115,77.180115,77.180115,77.180115,77.180115,77.180115,77.180115,77.180115,77.180115,77.180115,77.180115,77.180115,77.180115,77.180115,77.180115,74.309649,74.309649,74.309649,74.309649,0.0,0.0,100.0,101.0,102.0,101.0,101.0,63.576,2993.226,532.967,1000.5060000000001,298.5,True,True,P1_sysv_sag
2026-12-03 12:18:00.289,5.0,0.0,0.0,1.0,15.0,0.0,0.0,5.0,0.0,0.0,0.0,1.0,1.0,0.0,0.0,2.484,0.0,0.0,0.0,6.936929019448181,-420.0,0.0,5.989096731493937,438.0,0.0,0.0,4.983,106.0,4.982,255.0,0.682,0.0,4.951,198.0,4.962,193.0,4.967,42.0,4.975,60.0,23.75876,24.25459,24.29576,23.49742,27.76657,25.3626,24.40674,24.90257,23.76234,24.0,25.5,24.5,23.5,24.0,0.0,910.25,,2.0,0.0,0.0,77.180115,77.180115,77.180115,77.180115,77.180115,77.180115,77.180115,77.180115,77.180115,77.180115,77.180115,77.180115,77.180115,77.180115,77.180115,77.180115,74.309649,74.309649,74.309649,74.309649,0.0,0.0,100.0,101.0,102.0,101.0,101.0,64.027,3143.088,528.198,980.2979999999999,298.5,True,True,P1_sysv_sag
2026-12-03 12:18:00.990,5.0,0.0,0.0,1.0,15.0,0.0,0.0,5.0,0.0,0.0,0.0,1.0,1.0,0.0,0.0,2.645,0.0,0.0,0.0,6.940780047176656,-403.0,0.0,6.006266823922185,423.0,0.0,0.0,4.981,266.0,4.983,102.0,0.682,0.0,4.952,205.0,4.962,197.0,4.967,63.0,4.975,60.0,23.75876,24.25638,24.31187,23.50279,27.75941,25.37155,24.41032,24.90794,23.7695,24.0,25.5,24.5,23.5,24.0,0.0,910.25,,2.0,0.0,0.0,77.180115,77.180115,77.180115,77.180115,77.180115,77.180115,77.180115,77.180115,77.180115,77.180115,77.180115,77.180115,77.180115,77.180115,77.180115,77.180115,74.309649,74.309649,74.309649,74.309649,0.0,0.0,100.0,101.0,102.0,101.0,101.0,64.728,3035.8709999999996,1324.946,1015.16,298.5,True,True,P1_sysv_sag
2026-12-03 12:18:01.340,5.0,0.0,0.0,1.0,16.0,0.0,0.0,5.0,0.0,0.0,0.0,1.0,1.0,0.0,0.0,2.693,0.0,0.0,0.0,6.949460658128488,-416.0,0.0,6.028535527094961,421.0,0.0,0.0,4.982,107.0,4.982,100.0,0.682,0.0,4.951,195.0,4.961,191.0,4.967,63.0,4.975,60.0,23.75518,24.26533,24.30471,23.51711,27.78268,25.39124,24.42464,24.90436,23.75876,24.0,25.5,24.5,23.5,24.0,0.0,910.25,,2.0,0.0,0.0,77.180115,77.180115,77.180115,77.180115,77.180115,77.180115,77.180115,77.180115,77.180115,77.180115,77.180115,77.180115,77.180115,77.180115,77.180115,77.180115,74.309649,74.309649,74.309649,74.309649,0.0,0.0,100.0,101.0,102.0,101.0,101.0,65.078,3021.517,533.0740000000001,965.4449999999999,298.5,True,True,P1_sysv_sag
2026-12-03 12:18:01.793,5.0,0.0,0.0,1.0,16.0,0.0,0.0,5.0,0.0,0.0,0.0,1.0,1.0,0.0,0.0,2.611,0.0,0.0,0.0,6.953863635005837,-415.0,0.0,6.056545450019458,420.0,0.0,0.0,4.982,107.0,4.982,100.0,0.682,0.0,4.952,202.0,4.962,197.0,4.966,62.0,4.975,60.0,23.75876,24.25996,24.30829,23.50458,27.79342,25.40735,24.43001,24.91868,23.76413,24.0,26.0,24.5,23.5,24.0,0.0,910.25,,2.0,0.0,0.0,77.180115,77.180115,77.180115,77.180115,77.180115,77.180115,77.180115,77.180115,77.180115,77.180115,77.180115,77.180115,77.180115,77.180115,77.180115,77.180115,74.309649,74.309649,74.309649,74.309649,0.0,0.0,100.0,101.0,102.0,101.0,101.0,65.531,3014.3399999999997,533.0740000000001,1000.304,298.5,True,True,P1_sysv_sag
2026-12-03 12:18:02.496,5.0,0.0,0.0,1.0,17.0,0.0,0.0,5.0,0.0,0.0,0.0,1.0,1.0,0.0,0.0,2.592,0.0,0.0,0.0,6.966856131200577,-441.0,0.0,6.088853770668589,433.0,0.0,0.0,4.981,106.0,4.982,253.0,0.682,0.0,4.95,196.0,4.962,195.0,4.967,42.0,4.975,60.0,23.75518,24.26533,24.30829,23.50816,27.82743,25.42346,24.42643,24.91868,23.7516,24.0,26.0,24.5,23.5,24.0,0.0,910.25,,2.0,0.0,0.0,77.180115,77.180115,77.180115,77.180115,77.180115,77.180115,77.180115,77.180115,77.180115,77.180115,77.180115,77.180115,77.180115,77.180115,77.180115,77.180115,74.309649,74.309649,74.309649,74.309649,0.0,0.0,100.0,101.0,102.0,101.0,101.0,66.234,3107.208,527.986,970.2,298.5,True,True,P1_sysv_sag
2026-12-03 12:18:02.845,5.0,0.0,0.0,1.0,17.0,0.0,0.0,5.0,0.0,0.0,0.0,1.0,1.0,0.0,0.0,2.644,1.0,0.0,0.0,6.980283162987428,-400.0,0.0,6.126943876624761,420.0,0.0,0.0,4.983,271.0,4.982,253.0,0.681,0.0,4.952,205.0,4.962,191.0,4.967,42.0,4.975,60.0,23.75876,24.26712,24.30471,23.50816,27.82922,25.44136,24.43359,24.92942,23.76055,24.0,26.0,24.5,23.5,24.0,0.0,910.25,,2.0,0.0,0.0,77.180115,77.180115,77.180115,77.180115,77.180115,77.180115,77.180115,77.180115,77.180115,77.180115,77.180115,77.180115,77.180115,77.180115,77.180115,77.180115,74.309649,74.309649,74.309649,74.309649,0.0,0.0,100.0,101.0,102.0,101.0,101.0,66.583,3013.92,1350.3929999999998,1015.16,298.5,True,True,P1_sysv_sag
2026-12-03 12:18:03.294,5.0,0.0,0.0,1.0,18.0,0.0,0.0,5.0,0.0,0.0,0.0,1.0,1.0,0.0,0.0,2.657,0.0,0.0,0.0,6.989971603514451,-416.0,0.0,6.169238678381502,426.0,0.0,0.0,4.981,110.0,4.982,253.0,0.681,0.0,4.95,198.0,4.962,198.0,4.966,42.0,4.975,60.0,23.75697,24.26354,24.3065,23.50995,27.85428,25.45747,24.44075,24.93479,23.76055,24.0,26.0,24.5,23.5,24.0,0.0,910.25,,2.0,0.0,0.0,77.180115,77.180115,77.180115,77.180115,77.180115,77.180115,77.180115,77.180115,77.180115,77.180115,77.180115,77.180115,77.180115,77.180115,77.180115,77.180115,74.309649,74.309649,74.309649,74.309649,0.0,0.0,100.0,101.0,102.0,101.0,101.0,67.032,3056.976,547.91,980.1,298.5,True,True,P1_sysv_sag
2026-12-03 12:18:03.996,5.0,0.0,0.0,1.0,18.0,0.0,0.0,5.0,0.0,0.0,0.0,1.0,1.0,0.0,0.0,2.599,0.0,0.0,0.0,7.004734534949949,-423.0,0.0,6.21711511649983,420.0,0.0,0.0,4.982,101.0,4.983,101.0,0.681,0.0,4.952,203.0,4.961,188.0,4.967,41.0,4.976,62.0,23.7516,24.27607,24.31724,23.50816,27.83996,25.46284,24.43717,24.92763,23.76413,24.0,26.0,24.5,23.5,24.0,0.0,910.25,,2.0,0.0,0.0,77.180115,77.180115,77.180115,77.180115,77.180115,77.180115,77.180115,77.180115,77.180115,77.180115,77.180115,77.180115,77.180115,77.180115,77.180115,77.180115,74.309649,74.309649,74.309649,74.309649,0.0,0.0,100.0,101.0,102.0,101.0,101.0,67.734,3014.7599999999998,503.182,1005.256,308.512,True,True,P1_sysv_sag
2026-12-03 12:18:04.348,5.0,0.0,0.0,1.0,19.0,0.0,0.0,5.0,0.0,0.0,0.0,1.0,1.0,0.0,0.0,2.623,0.0,0.0,0.0,7.018375806341435,-442.0,0.0,6.260919354471452,438.0,0.0,0.0,4.981,253.0,4.982,251.0,0.682,0.0,4.95,198.0,4.962,191.0,4.967,41.0,4.976,62.0,23.74802,24.26175,24.30292,23.50816,27.86681,25.48074,24.43896,24.93121,23.76234,24.0,26.0,24.5,23.5,24.0,0.0,910.25,,2.0,0.0,0.0,77.180115,77.180115,77.180115,77.180115,77.180115,77.180115,77.180115,77.180115,77.180115,77.180115,77.180115,77.180115,77.180115,77.180115,77.180115,77.180115,74.309649,74.309649,74.309649,74.309649,0.0,0.0,100.0,101.0,102.0,101.0,101.0,68.086,3141.774,1260.193,980.1,308.512,True,True,P1_sysv_sag
2026-12-03 12:18:04.800,5.0,0.0,0.0,1.0,19.0,0.0,0.0,5.0,0.0,0.0,0.0,1.0,1.0,0.0,0.0,2.644,0.0,0.0,0.0,7.03469464276951,-405.0,0.0,6.315982142565031,421.0,0.0,0.0,4.981,111.0,4.981,253.0,0.682,0.0,4.952,200.0,4.962,193.0,4.966,41.0,4.976,62.0,23.75518,24.26175,24.32082,23.5189,27.88471,25.50401,24.45328,24.93837,23.76055,24.0,26.0,24.5,23.5,24.0,0.0,910.25,,2.0,0.0,0.0,77.180115,77.180115,77.180115,77.180115,77.180115,77.180115,77.180115,77.180115,77.180115,77.180115,77.180115,77.180115,77.180115,77.180115,77.180115,77.180115,74.309649,74.309649,74.309649,74.309649,0.0,0.0,100.0,101.0,102.0,101.0,101.0,68.538,3021.517,552.891,990.4,308.512,True,True,P1_sysv_sag
2026-12-03 12:18:05.249,5.0,0.0,0.0,1.0,,0.0,0.0,5.0,0.0,0.0,0.0,1.0,1.0,0.0,0.0,2.632,0.0,0.0,0.0,7.047490156075899,-417.0,0.0,6.369633853586328,416.0,0.0,0.0,4.98,106.0,4.982,255.0,0.682,0.0,4.951,198.0,4.96,192.0,4.967,41.0,4.976,62.0,23.75339,24.27249,24.31903,23.51353,27.9223,25.50401,24.4497,24.933,23.76055,24.0,26.0,24.5,23.5,24.0,0.0,910.25,,2.0,0.0,0.0,77.180115,77.180115,77.180115,77.180115,77.180115,77.180115,77.180115,77.180115,77.180115,77.180115,77.180115,77.180115,77.180115,77.180115,77.180115,77.180115,74.309649,74.309649,74.309649,74.309649,0.0,0.0,100.0,101.0,102.0,101.0,101.0,68.987,2986.048,527.88,980.2979999999999,308.512,True,True,P1_sysv_sag
2026-12-03 12:18:05.801,5.0,0.0,0.0,1.0,,0.0,0.0,5.0,0.0,0.0,0.0,1.0,1.0,0.0,0.0,2.608,1.0,0.0,0.0,7.0665656183001415,-443.0,0.0,6.422218727667136,423.0,0.0,0.0,4.981,271.0,4.982,253.0,0.682,0.0,4.951,200.0,4.962,195.0,4.968,41.0,4.976,61.0,23.75876,24.27428,24.32619,23.50995,27.93662,25.52549,24.45328,24.94016,23.76055,24.0,26.0,24.5,23.5,24.0,0.0,910.25,,2.0,0.0,0.0,77.180115,77.180115,77.180115,77.180115,77.180115,77.180115,77.180115,77.180115,77.180115,77.180115,77.180115,77.180115,77.180115,77.180115,77.180115,77.180115,74.309649,74.309649,74.309649,74.309649,0.0,0.0,100.0,101.0,102.0,101.0,101.0,69.539,3035.8709999999996,1349.8509999999999,990.1999999999999,303.536,True,True,P1_sysv_sag
2026-12-03 12:18:06.252,5.0,0.0,0.0,1.0,,0.0,0.0,5.0,0.0,0.0,0.0,1.0,1.0,0.0,0.0,2.636,0.0,0.0,0.0,7.081732375159385,-430.0,0.0,6.471107917197951,426.0,0.0,0.0,4.981,271.0,4.982,100.0,0.681,0.0,4.951,197.0,4.961,191.0,4.967,41.0,4.976,61.0,23.75876,24.26712,24.32082,23.50637,27.94736,25.53444,24.46223,24.95448,23.76055,24.0,26.0,24.5,23.5,24.0,0.0,910.25,,2.0,0.0,0.0,77.180115,77.180115,77.180115,77.180115,77.180115,77.180115,77.180115,77.180115,77.180115,77.180115,77.180115,77.180115,77.180115,77.180115,77.180115,77.180115,74.309649,74.309649,74.309649,74.309649,0.0,0.0,100.0,101.0,102.0,101.0,101.0,69.99,3055.272,1349.8509999999999,975.347,303.536,True,True,P1_sysv_sag
2026-12-03 12:18:06.801,5.0,0.0,0.0,1.0,,0.0,0.0,6.0,0.0,0.0,0.0,1.0,1.0,0.0,0.0,2.634,0.0,0.0,0.0,7.099813297394454,-424.0,0.0,6.528710991314848,410.0,0.0,0.0,4.982,102.0,4.982,100.0,0.682,0.0,4.951,200.0,4.961,196.0,4.967,43.0,4.976,61.0,23.75876,24.27786,24.31903,23.51174,27.93483,25.5416,24.46223,24.94911,23.76771,24.0,26.0,24.5,23.5,24.0,0.0,910.25,,2.0,0.0,0.0,77.180115,77.180115,77.180115,77.180115,77.180115,77.180115,77.180115,77.180115,77.180115,77.180115,77.180115,77.180115,77.180115,77.180115,77.180115,77.180115,74.309649,74.309649,74.309649,74.309649,0.0,0.0,100.0,101.0,102.0,101.0,101.0,70.539,2942.16,508.16400000000004,990.1999999999999,303.536,True,True,P1_sysv_sag
2026-12-03 12:18:07.252,5.0,0.0,0.0,1.0,,0.0,0.0,6.0,0.0,0.0,0.0,1.0,1.0,0.0,0.0,2.591,0.0,0.0,0.0,6.965645691359019,-408.0,0.0,6.582485637863396,426.0,0.0,0.0,4.981,106.0,4.982,104.0,0.681,0.0,4.953,203.0,4.961,196.0,4.968,42.0,4.976,61.0,23.74981,24.27965,24.32619,23.52069,27.96347,25.55592,24.46044,24.95269,23.76771,24.0,26.0,24.5,23.5,24.0,0.0,910.25,,2.0,0.0,0.0,77.180115,77.180115,77.180115,77.180115,77.180115,77.180115,77.180115,77.180115,77.180115,77.180115,77.180115,77.180115,77.180115,77.180115,77.180115,77.180115,74.309649,74.309649,74.309649,74.309649,0.0,0.0,100.0,101.0,102.0,101.0,101.0,70.99,3057.402,527.986,1005.4590000000001,303.536,True,True,P1_sysv_sag
2026-12-03 12:18:07.956,5.0,0.0,0.0,1.0,,0.0,0.0,6.0,0.0,0.0,0.0,1.0,1.0,0.0,0.0,3.4,0.0,0.0,0.0,7.131083615536752,-398.0,0.0,6.633945385122507,423.0,0.0,0.0,4.983,248.0,4.982,109.0,0.682,0.0,4.948,193.0,4.962,188.0,4.967,61.0,4.975,39.0,23.74444,24.27965,24.32977,23.50816,27.97242,25.58277,24.47297,24.96343,23.75518,24.0,26.0,24.5,23.5,24.0,0.0,910.25,,2.0,0.0,0.0,77.180115,77.180115,77.180115,77.180115,77.180115,77.180115,77.180115,77.180115,77.180115,77.180115,77.180115,77.180115,77.180115,77.180115,77.180115,77.180115,74.309649,74.309649,74.309649,74.309649,0.0,0.0,100.0,101.0,102.0,101.0,101.0,71.694,3035.8709999999996,1235.7839999999999,954.964,194.02499999999998,True,True,P1_sysv_sag
2026-12-03 12:18:08.302,5.0,0.0,0.0,1.0,,0.0,0.0,6.0,0.0,0.0,0.0,1.0,1.0,0.0,0.0,3.227,1.0,0.0,0.0,7.145999575417412,-407.0,0.0,6.682665251391375,422.0,0.0,0.0,4.982,105.0,4.982,107.0,0.681,0.0,4.951,202.0,4.962,196.0,4.967,60.0,4.975,39.0,23.7516,24.28502,24.31724,23.51353,27.96347,25.58277,24.4676,24.96164,23.76413,24.0,26.0,24.5,23.5,24.0,0.0,910.25,,2.0,0.0,0.0,77.180115,77.180115,77.180115,77.180115,77.180115,77.180115,77.180115,77.180115,77.180115,77.180115,77.180115,77.180115,77.180115,77.180115,77.180115,77.180115,74.309649,74.309649,74.309649,74.309649,0.0,0.0,100.0,101.0,102.0,101.0,101.0,72.04,3028.272,523.11,1000.102,194.02499999999998,True,True,P1_sysv_sag
2026-12-03 12:18:08.752,5.0,0.0,0.0,1.0,,0.0,0.0,6.0,0.0,0.0,0.0,1.0,1.0,0.0,0.0,2.673,0.0,0.0,0.0,7.15928559410122,-418.0,0.0,6.732285313670734,421.0,0.0,0.0,4.982,106.0,4.981,109.0,0.682,0.0,4.952,197.0,4.962,190.0,4.968,61.0,4.975,39.0,23.7516,24.27965,24.33156,23.51174,28.01001,25.59351,24.48371,24.96164,23.76234,24.0,26.0,24.5,23.5,24.0,0.0,910.25,,2.0,0.0,0.0,77.180115,77.180115,77.180115,77.180115,77.180115,77.180115,77.180115,77.180115,77.180115,77.180115,77.180115,77.180115,77.180115,77.180115,77.180115,77.180115,74.309649,74.309649,74.309649,74.309649,0.0,0.0,100.0,101.0,102.0,101.0,101.0,72.49,3021.938,528.092,975.544,194.02499999999998,True,True,P1_sysv_sag
2026-12-03 12:18:09.454,5.0,0.0,0.0,1.0,,0.0,0.0,6.0,0.0,0.0,0.0,1.0,1.0,0.0,0.0,2.673,0.0,0.0,0.0,7.172853679023013,-418.0,0.0,6.775512263410043,423.0,0.0,0.0,4.981,105.0,4.982,107.0,0.681,0.0,4.953,201.0,4.962,196.0,4.967,61.0,4.975,39.0,23.7516,24.28502,24.33156,23.51711,28.0297,25.60604,24.48013,24.97596,23.7695,24.5,26.0,24.5,23.5,24.0,0.0,910.25,,2.0,0.0,0.0,77.180115,77.180115,77.180115,77.180115,77.180115,77.180115,77.180115,77.180115,77.180115,77.180115,77.180115,77.180115,77.180115,77.180115,77.180115,77.180115,74.309649,74.309649,74.309649,74.309649,0.0,0.0,100.0,101.0,102.0,101.0,101.0,73.192,3035.448,523.005,995.5530000000001,194.02499999999998,True,True,P1_sysv_sag
2026-12-03 12:18:09.806,5.0,0.0,0.0,1.0,,0.0,0.0,6.0,0.0,0.0,0.0,1.0,1.0,0.0,0.0,2.714,0.0,0.0,0.0,7.186635725374688,-406.0,0.0,6.819119084582294,421.0,0.0,0.0,4.982,105.0,4.981,106.0,0.682,0.0,4.95,193.0,4.962,196.0,4.967,63.0,4.976,61.0,23.75697,24.28502,24.33156,23.51353,28.01896,25.61678,24.4855,24.97596,23.77308,24.0,26.0,24.5,23.5,24.0,0.0,910.25,,2.0,0.0,0.0,77.180115,77.180115,77.180115,77.180115,77.180115,77.180115,77.180115,77.180115,77.180115,77.180115,77.180115,77.180115,77.180115,77.180115,77.180115,77.180115,74.309649,74.309649,74.309649,74.309649,0.0,0.0,100.0,101.0,102.0,101.0,101.0,73.544,3021.517,523.11,955.35,303.536,True,True,P1_sysv_sag
2026-12-03 12:18:10.257,5.0,0.0,0.0,1.0,,0.0,0.0,6.0,0.0,0.0,0.0,1.0,1.0,0.0,0.0,2.621,0.0,0.0,0.0,7.196582913464114,-422.0,0.0,6.85894304488038,423.0,0.0,0.0,4.982,107.0,4.982,266.0,0.681,0.0,4.952,202.0,4.962,188.0,4.967,62.0,4.976,61.0,23.7516,24.29397,24.33693,23.49921,28.04939,25.6311,24.48908,24.9688,23.77308,24.0,26.0,24.5,23.5,24.0,0.0,910.25,,2.0,0.0,0.0,77.180115,77.180115,77.180115,77.180115,77.180115,77.180115,77.180115,77.180115,77.180115,77.180115,77.180115,77.180115,77.180115,77.180115,77.180115,77.180115,74.309649,74.309649,74.309649,74.309649,0.0,0.0,100.0,101.0,102.0,101.0,101.0,73.995,3035.8709999999996,533.0740000000001,1000.304,303.536,True,True,P1_sysv_sag
2026-12-03 12:18:10.806,5.0,0.0,0.0,1.0,,0.0,0.0,6.0,0.0,0.0,0.0,1.0,1.0,0.0,0.0,2.556,0.0,0.0,0.0,7.207664669934655,-399.0,0.0,6.894882233115515,421.0,0.0,0.0,4.982,106.0,4.981,107.0,0.682,0.0,4.95,196.0,4.962,196.0,4.968,62.0,4.976,61.0,23.75697,24.28681,24.33693,23.51174,28.06013,25.65079,24.49266,24.9688,23.77129,24.0,26.0,24.5,23.5,24.0,0.0,910.25,,2.0,0.0,0.0,77.180115,77.180115,77.180115,77.180115,77.180115,77.180115,77.180115,77.180115,77.180115,77.180115,77.180115,77.180115,77.180115,77.180115,77.180115,77.180115,74.309649,74.309649,74.309649,74.309649,0.0,0.0,100.0,101.0,102.0,101.0,101.0,74.544,3021.096,528.092,970.2,303.536,True,True,P1_sysv_sag
2026-12-03 12:18:11.259,5.0,0.0,0.0,1.0,20.0,0.0,0.0,6.0,0.0,0.0,0.0,1.0,1.0,0.0,0.0,2.622,0.0,0.0,0.0,7.217867271283688,-405.0,0.0,6.928890904278962,423.0,0.0,0.0,4.982,107.0,4.981,107.0,0.683,0.0,4.953,203.0,4.962,193.0,4.97,60.0,4.976,61.0,23.75697,24.29576,24.32798,23.50995,28.05655,25.65258,24.48729,24.97954,23.77487,24.0,26.0,24.5,23.5,24.0,0.0,910.25,,2.0,0.0,0.0,77.180115,77.180115,77.180115,77.180115,77.180115,77.180115,77.180115,77.180115,77.180115,77.180115,77.180115,77.180115,77.180115,77.180115,77.180115,77.180115,74.309649,74.309649,74.309649,74.309649,0.0,0.0,100.0,101.0,102.0,101.0,101.0,74.997,3035.448,533.0740000000001,1005.4590000000001,303.536,True,True,P1_sysv_sag
2026-12-03 12:18:11.960,5.0,0.0,0.0,1.0,20.0,0.0,0.0,6.0,0.0,0.0,0.0,1.0,1.0,0.0,0.0,2.675,0.0,0.0,0.0,7.230192172498032,-409.0,0.0,6.959973908326773,420.0,0.0,0.0,4.981,105.0,4.981,107.0,0.682,0.0,4.95,195.0,4.961,191.0,4.967,60.0,4.975,61.0,23.76055,24.29755,24.33693,23.50458,28.07445,25.67585,24.49445,24.99923,23.76413,24.0,26.0,24.5,23.5,24.0,0.0,910.25,,2.0,0.0,0.0,77.180115,77.180115,77.180115,77.180115,77.180115,77.180115,77.180115,77.180115,77.180115,77.180115,77.180115,77.180115,77.180115,77.180115,77.180115,77.180115,74.309649,74.309649,74.309649,74.309649,0.0,0.0,100.0,101.0,102.0,101.0,101.0,75.698,3013.92,523.005,965.25,303.47499999999997,True,True,P1_sysv_sag
2026-12-03 12:18:12.309,5.0,0.0,0.0,1.0,21.0,0.0,0.0,6.0,0.0,0.0,0.0,1.0,1.0,0.0,0.0,2.621,0.0,0.0,0.0,7.235654144114695,-415.0,0.0,6.989180480382315,421.0,0.0,0.0,4.982,105.0,4.981,267.0,0.682,0.0,4.952,203.0,4.962,195.0,4.967,61.0,4.975,61.0,23.75697,24.29218,24.33156,23.50816,28.1013,25.68659,24.50698,24.99923,23.76592,24.0,26.0,24.5,23.5,24.0,0.0,910.25,,2.0,0.0,0.0,77.180115,77.180115,77.180115,77.180115,77.180115,77.180115,77.180115,77.180115,77.180115,77.180115,77.180115,77.180115,77.180115,77.180115,77.180115,77.180115,74.309649,74.309649,74.309649,74.309649,0.0,0.0,100.0,101.0,102.0,101.0,101.0,76.047,3021.517,523.11,1005.256,303.47499999999997,True,True,P1_sysv_sag
2026-12-03 12:18:12.760,5.0,0.0,0.0,1.0,21.0,0.0,0.0,6.0,0.0,0.0,0.0,1.0,1.0,0.0,0.0,2.602,0.0,0.0,0.0,7.24427929803482,-420.0,0.0,7.013597660116065,418.0,0.0,0.0,4.982,106.0,4.981,266.0,0.681,0.0,4.951,196.0,4.961,190.0,4.967,60.0,4.975,61.0,23.76234,24.29576,24.35483,23.501,28.11741,25.69733,24.50161,25.00102,23.76592,24.0,26.0,24.5,23.5,24.0,0.0,910.25,,2.0,0.0,0.0,77.180115,77.180115,77.180115,77.180115,77.180115,77.180115,77.180115,77.180115,77.180115,77.180115,77.180115,77.180115,77.180115,77.180115,77.180115,77.180115,74.309649,74.309649,74.309649,74.309649,0.0,0.0,100.0,101.0,102.0,101.0,101.0,76.498,2999.568,528.092,970.396,303.47499999999997,True,False,
2026-12-03 12:18:13.462,5.0,0.0,0.0,1.0,22.0,0.0,0.0,6.0,0.0,0.0,0.0,1.0,1.0,0.0,0.0,2.637,0.0,0.0,0.0,7.251103076514007,-426.0,0.0,7.0363435883800225,423.0,0.0,0.0,4.98,106.0,4.981,267.0,0.681,0.0,4.951,202.0,4.963,196.0,4.968,62.0,4.975,61.0,23.75339,24.28502,24.34051,23.51353,28.14247,25.70986,24.50698,25.00639,23.7695,24.0,26.0,24.5,23.5,24.0,0.0,910.25,,2.0,0.0,0.0,77.180115,77.180115,77.180115,77.180115,77.180115,77.180115,77.180115,77.180115,77.180115,77.180115,77.180115,77.180115,77.180115,77.180115,77.180115,77.180115,74.309649,74.309649,74.309649,74.309649,0.0,0.0,100.0,101.0,102.0,101.0,101.0,77.2,3035.448,527.88,1000.102,303.47499999999997,True,False,
2026-12-03 12:18:13.811,5.0,0.0,0.0,1.0,22.0,0.0,0.0,6.0,0.0,0.0,0.0,1.0,1.0,0.0,0.0,2.655,0.0,0.0,0.0,7.257168270553906,-396.0,0.0,7.057560901846351,421.0,0.0,0.0,4.982,107.0,4.982,107.0,0.681,0.0,4.951,195.0,4.962,191.0,4.967,62.0,4.975,58.0,23.75876,24.29934,24.34409,23.50637,28.13173,25.73134,24.52309,24.99744,23.7695,24.0,26.0,24.5,23.5,24.0,0.0,910.25,,2.0,0.0,0.0,77.180115,77.180115,77.180115,77.180115,77.180115,77.180115,77.180115,77.180115,77.180115,77.180115,77.180115,77.180115,77.180115,77.180115,77.180115,77.180115,74.309649,74.309649,74.309649,74.309649,0.0,0.0,100.0,101.0,102.0,101.0,101.0,77.549,3021.517,533.0740000000001,965.4449999999999,288.54999999999995,True,False,
2026-12-03 12:18:14.261,5.0,0.0,0.0,1.0,23.0,0.0,0.0,7.0,0.0,0.0,0.0,1.0,1.0,0.0,0.0,2.612,0.0,0.0,0.0,7.262523124095889,-410.0,0.0,7.074410413652965,425.0,0.0,0.0,4.981,107.0,4.981,109.0,0.681,0.0,4.951,203.0,4.961,195.0,4.968,62.0,4.975,58.0,23.75697,24.29576,24.35125,23.50816,28.1371,25.74029,24.51414,25.00102,23.77845,24.0,26.0,24.5,23.5,24.0,0.0,910.25,,2.0,0.0,0.0,77.180115,77.180115,77.180115,77.180115,77.180115,77.180115,77.180115,77.180115,77.180115,77.180115,77.180115,77.180115,77.180115,77.180115,77.180115,77.180115,74.309649,74.309649,74.309649,74.309649,0.0,0.0,100.0,101.0,102.0,101.0,101.0,77.999,3049.8,532.967,1005.0529999999999,288.54999999999995,True,False,
2026-12-03 12:18:14.813,5.0,0.0,0.0,1.0,23.0,0.0,0.0,7.0,0.0,0.0,0.0,1.0,1.0,0.0,0.0,2.621,0.0,0.0,0.0,7.268219569631608,-413.0,0.0,7.090065232105361,425.0,0.0,0.0,4.982,107.0,4.981,268.0,0.682,0.0,4.951,191.0,4.962,196.0,4.967,41.0,4.975,58.0,23.75339,24.29576,24.3423,23.51174,28.16574,25.75103,24.51235,25.00997,23.77666,24.0,26.0,24.5,23.5,24.0,0.0,910.25,,2.0,0.0,0.0,77.180115,77.180115,77.180115,77.180115,77.180115,77.180115,77.180115,77.180115,77.180115,77.180115,77.180115,77.180115,77.180115,77.180115,77.180115,77.180115,74.309649,74.309649,74.309649,74.309649,0.0,0.0,100.0,101.0,102.0,101.0,101.0,78.551,3049.8,533.0740000000001,945.641,288.54999999999995,True,False,
2026-12-03 12:18:15.263,5.0,0.0,0.0,1.0,24.0,0.0,0.0,7.0,0.0,0.0,0.0,1.0,1.0,0.0,0.0,2.624,0.0,0.0,0.0,7.145311629720024,-427.0,0.0,7.057705432400081,287.0,0.0,0.0,4.981,106.0,4.981,113.0,0.682,0.0,4.95,200.0,4.958,188.0,4.967,42.0,4.975,58.0,23.75339,24.29934,24.34588,23.51353,28.17827,25.75819,24.52667,25.00997,23.77308,24.0,26.0,24.5,23.5,24.0,0.0,910.25,,2.0,0.0,0.0,77.180115,77.180115,77.180115,77.180115,77.180115,77.180115,77.180115,77.180115,77.180115,77.180115,77.180115,77.180115,77.180115,77.180115,77.180115,77.180115,74.309649,74.309649,74.309649,74.309649,0.0,0.0,100.0,101.0,102.0,101.0,101.0,79.001,2046.31,527.986,990.0,288.54999999999995,True,False,
2026-12-03 12:18:15.964,5.0,0.0,0.0,1.0,24.0,0.0,0.0,7.0,0.0,0.0,0.0,1.0,1.0,0.0,0.0,2.593,0.0,0.0,0.0,7.246854007989408,-595.0,0.0,7.092513359964695,228.0,0.0,0.0,4.983,107.0,4.981,271.0,0.682,0.0,4.951,202.0,4.962,195.0,4.966,41.0,4.975,61.0,23.76055,24.31008,24.35125,23.52785,28.17648,25.76893,24.52488,25.01713,23.77129,24.5,26.0,25.0,23.5,24.5,0.0,910.25,,2.0,0.0,0.0,77.180115,77.180115,77.180115,77.180115,77.180115,77.180115,77.180115,77.180115,77.180115,77.180115,77.180115,77.180115,77.180115,77.180115,77.180115,77.180115,74.309649,74.309649,74.309649,74.309649,0.0,0.0,100.0,101.0,102.0,101.0,101.0,79.702,1630.884,533.1809999999999,1000.102,303.47499999999997,True,False,
2026-12-03 12:18:16.317,5.0,0.0,0.0,1.0,25.0,0.0,0.0,7.0,0.0,0.0,0.0,1.0,1.0,0.0,0.0,2.698,0.0,0.0,0.0,7.2579008829682925,-522.0,0.0,7.101669609894309,213.0,0.0,0.0,4.982,106.0,4.981,111.0,0.681,0.0,4.951,201.0,4.96,192.0,4.966,44.0,4.975,61.0,23.7516,24.3065,24.35841,23.53143,28.20512,25.78683,24.5213,25.0225,23.7695,24.0,26.0,25.0,23.5,24.5,0.0,910.25,,2.0,0.0,0.0,77.180115,77.180115,77.180115,77.180115,77.180115,77.180115,77.180115,77.180115,77.180115,77.180115,77.180115,77.180115,77.180115,77.180115,77.180115,77.180115,74.309649,74.309649,74.309649,74.309649,0.0,0.0,100.0,101.0,102.0,101.0,101.0,80.055,1523.376,528.092,995.151,303.47499999999997,True,False,
2026-12-03 12:18:16.766,5.0,0.0,0.0,1.0,25.0,0.0,0.0,7.0,0.0,0.0,0.0,1.0,1.0,0.0,0.0,2.775,1.0,0.0,0.0,7.261504908891372,-516.0,0.0,7.109349696304575,223.0,0.0,0.0,4.982,106.0,4.981,271.0,0.682,0.0,4.952,203.0,4.96,193.0,4.966,42.0,4.975,61.0,23.7516,24.31008,24.35662,23.53859,28.2445,25.79399,24.52488,25.02071,23.77487,24.0,26.0,24.5,23.5,24.5,0.0,910.25,,2.0,0.0,0.0,77.180115,77.180115,77.180115,77.180115,77.180115,77.180115,77.180115,77.180115,77.180115,77.180115,77.180115,77.180115,77.180115,77.180115,77.180115,77.180115,74.309649,74.309649,74.309649,74.309649,0.0,0.0,100.0,101.0,102.0,101.0,101.0,80.504,1594.673,528.092,1005.256,303.47499999999997,True,False,
2026-12-03 12:18:17.468,5.0,0.0,0.0,1.0,26.0,0.0,0.0,7.0,0.0,0.0,0.0,1.0,1.0,0.0,0.0,2.775,1.0,0.0,0.0,7.263716419717562,-516.0,0.0,7.11572139905854,222.0,0.0,0.0,4.981,106.0,4.981,270.0,0.682,0.0,4.951,200.0,4.961,197.0,4.967,43.0,4.975,61.0,23.74265,24.31724,24.36199,23.54038,28.23734,25.81189,24.54815,25.02966,23.77129,24.5,26.0,25.0,23.5,24.5,0.0,910.25,,2.0,0.0,0.0,77.180115,77.180115,77.180115,77.180115,77.180115,77.180115,77.180115,77.180115,77.180115,77.180115,77.180115,77.180115,77.180115,77.180115,77.180115,77.180115,74.309649,74.309649,74.309649,74.309649,0.0,0.0,100.0,101.0,102.0,101.0,101.0,81.206,1587.3000000000002,527.986,990.1999999999999,303.47499999999997,True,False,
2026-12-03 12:18:17.817,5.0,0.0,0.0,1.0,26.0,0.0,0.0,7.0,0.0,0.0,0.0,1.0,1.0,0.0,0.0,2.775,0.0,0.0,0.0,7.2655828261261926,-516.0,0.0,7.116942753753975,229.0,0.0,0.0,4.982,105.0,4.981,110.0,0.682,0.0,4.951,203.0,4.958,190.0,4.966,42.0,4.975,61.0,23.74981,24.31366,24.35304,23.54933,28.2087,25.82979,24.53025,25.02787,23.77129,24.0,26.0,25.0,23.5,24.5,0.0,910.25,,2.0,0.0,0.0,77.180115,77.180115,77.180115,77.180115,77.180115,77.180115,77.180115,77.180115,77.180115,77.180115,77.180115,77.180115,77.180115,77.180115,77.180115,77.180115,74.309649,74.309649,74.309649,74.309649,0.0,0.0,100.0,101.0,102.0,101.0,101.0,81.555,1636.205,523.11,1005.0529999999999,303.47499999999997,True,False,
2026-12-03 12:18:18.267,5.0,0.0,0.0,1.0,27.0,0.0,0.0,7.0,0.0,0.0,0.0,1.0,1.0,0.0,0.0,2.557,0.0,0.0,0.0,7.262148190276454,-551.0,0.0,7.120160634254845,236.0,0.0,0.0,4.982,106.0,4.98,270.0,0.681,0.0,4.951,200.0,4.961,196.0,4.966,42.0,4.975,61.0,23.75339,24.31366,24.35304,23.54575,28.22839,25.828,24.53204,25.02429,23.78203,24.0,26.0,25.0,23.5,24.5,0.0,910.25,,2.0,0.0,0.0,77.180115,77.180115,77.180115,77.180115,77.180115,77.180115,77.180115,77.180115,77.180115,77.180115,77.180115,77.180115,77.180115,77.180115,77.180115,77.180115,74.309649,74.309649,74.309649,74.309649,0.0,0.0,100.0,101.0,102.0,101.0,101.0,82.005,1685.748,528.092,990.1999999999999,303.47499999999997,True,False,
2026-12-03 12:18:18.968,5.0,0.0,0.0,1.0,27.0,0.0,0.0,7.0,0.0,0.0,0.0,1.0,1.0,0.0,0.0,3.297,0.0,0.0,0.0,7.270452959594372,-504.0,0.0,7.133509865314574,226.0,0.0,0.0,4.981,106.0,4.981,271.0,0.682,1.0,4.952,203.0,4.962,192.0,4.966,42.0,4.975,61.0,23.75697,24.31545,24.36557,23.56007,28.23018,25.84948,24.53741,25.02966,23.78024,24.5,26.0,25.0,23.5,24.5,0.0,910.25,,2.0,0.0,0.0,77.180115,77.180115,77.180115,77.180115,77.180115,77.180115,77.180115,77.180115,77.180115,77.180115,77.180115,77.180115,77.180115,77.180115,77.180115,77.180115,74.309649,74.309649,74.309649,74.309649,0.0,0.0,100.0,101.0,102.0,101.0,101.0,82.706,1616.352,527.986,1005.256,303.47499999999997,True,False,
2026-12-03 12:18:19.317,5.0,0.0,0.0,1.0,28.0,0.0,0.0,7.0,0.0,0.0,0.0,1.0,1.0,0.0,0.0,2.876,0.0,0.0,0.0,7.27153383869371,-505.0,0.0,7.140112795645701,219.0,0.0,0.0,4.981,107.0,4.981,110.0,0.681,0.0,4.951,201.0,4.961,186.0,4.967,42.0,4.975,61.0,23.75339,24.31008,24.36557,23.55112,28.23376,25.85485,24.54099,25.03324,23.77129,24.0,26.0,25.0,23.5,24.5,0.0,910.25,,2.0,0.0,0.0,77.180115,77.180115,77.180115,77.180115,77.180115,77.180115,77.180115,77.180115,77.180115,77.180115,77.180115,77.180115,77.180115,77.180115,77.180115,77.180115,74.309649,74.309649,74.309649,74.309649,0.0,0.0,100.0,101.0,102.0,101.0,101.0,83.055,1566.9450000000002,532.967,995.151,303.47499999999997,True,False,
2026-12-03 12:18:19.767,5.0,0.0,0.0,1.0,28.0,0.0,0.0,7.0,0.0,0.0,0.0,1.0,1.0,0.0,0.0,3.027,0.0,0.0,0.0,7.2714237775945945,-514.0,0.0,7.139079258648646,525.0,0.0,0.0,4.982,105.0,4.981,271.0,0.681,0.0,4.951,202.0,4.961,198.0,4.967,43.0,4.975,60.0,23.76055,24.31008,24.36915,23.56544,28.24987,25.8638,24.55531,25.04398,23.77487,24.0,26.0,25.0,23.5,24.5,0.0,910.25,,2.0,0.0,0.0,77.180115,77.180115,77.180115,77.180115,77.180115,77.180115,77.180115,77.180115,77.180115,77.180115,77.180115,77.180115,77.180115,77.180115,77.180115,77.180115,74.309649,74.309649,74.309649,74.309649,0.0,0.0,100.0,101.0,102.0,101.0,101.0,83.505,3754.275,523.11,1000.102,298.5,True,False,
2026-12-03 12:18:20.472,5.0,0.0,0.0,1.0,29.0,0.0,0.0,7.0,0.0,0.0,0.0,1.0,1.0,0.0,0.0,3.087,0.0,0.0,0.0,7.269152054495786,-507.0,0.0,7.141506848319284,215.0,0.0,0.0,4.982,106.0,4.981,271.0,0.683,0.0,4.951,200.0,4.958,188.0,4.967,42.0,4.975,60.0,23.75697,24.32619,24.36915,23.56902,28.26956,25.88707,24.54994,25.04577,23.77308,24.5,26.0,25.0,23.5,24.5,0.0,910.25,,2.0,0.0,0.0,77.180115,77.180115,77.180115,77.180115,77.180115,77.180115,77.180115,77.180115,77.180115,77.180115,77.180115,77.180115,77.180115,77.180115,77.180115,77.180115,74.309649,74.309649,74.309649,74.309649,0.0,0.0,100.0,101.0,102.0,101.0,101.0,84.21,1537.465,528.092,990.1999999999999,298.5,True,False,
2026-12-03 12:18:20.821,5.0,0.0,0.0,1.0,29.0,0.0,0.0,7.0,0.0,0.0,0.0,1.0,1.0,0.0,0.0,2.427,0.0,0.0,0.0,7.310744432285214,-525.0,0.0,7.1404814409507145,221.0,0.0,0.0,4.982,104.0,4.982,268.0,0.681,0.0,4.951,202.0,4.96,197.0,4.966,46.0,4.975,60.0,23.75876,24.32261,24.3602,23.56007,28.2624,25.90139,24.55352,25.04756,23.78203,24.5,26.0,25.0,23.5,24.5,0.0,910.25,,2.0,0.0,0.0,77.180115,77.180115,77.180115,77.180115,77.180115,77.180115,77.180115,77.180115,77.180115,77.180115,77.180115,77.180115,77.180115,77.180115,77.180115,77.180115,74.309649,74.309649,74.309649,74.309649,0.0,0.0,100.0,101.0,102.0,101.0,101.0,84.559,1579.7079999999999,518.128,1000.102,298.5,True,False,
2026-12-03 12:18:21.273,5.0,0.0,0.0,1.0,,0.0,0.0,7.0,0.0,0.0,0.0,1.0,1.0,0.0,0.0,2.441,0.0,0.0,0.0,7.275223369537155,-544.0,0.0,7.139077898457183,226.0,0.0,0.0,4.982,109.0,4.981,270.0,0.681,0.0,4.95,201.0,4.961,193.0,4.965,44.0,4.975,60.0,23.75876,24.32082,24.36378,23.56365,28.25345,25.91034,24.55352,25.06009,23.78382,24.0,26.0,25.0,23.5,24.5,0.0,910.25,,2.0,0.0,0.0,77.180115,77.180115,77.180115,77.180115,77.180115,77.180115,77.180115,77.180115,77.180115,77.180115,77.180115,77.180115,77.180115,77.180115,77.180115,77.180115,74.309649,74.309649,74.309649,74.309649,0.0,0.0,100.0,101.0,102.0,101.0,101.0,85.011,1614.77,543.038,994.95,298.5,True,False,
2026-12-03 12:18:21.972,5.0,0.0,0.0,1.0,,0.0,0.0,7.0,0.0,0.0,0.0,1.0,1.0,0.0,0.0,3.261,0.0,0.0,0.0,7.2726082687497895,-533.0,0.0,7.145360895832633,228.0,0.0,0.0,4.982,105.0,4.98,270.0,0.681,0.0,4.951,205.0,4.96,195.0,4.966,43.0,4.976,60.0,23.75697,24.32261,24.36736,23.57081,28.29104,25.91929,24.55889,25.05651,23.77666,24.5,26.0,25.0,23.5,24.5,0.0,910.25,,2.0,0.0,0.0,77.180115,77.180115,77.180115,77.180115,77.180115,77.180115,77.180115,77.180115,77.180115,77.180115,77.180115,77.180115,77.180115,77.180115,77.180115,77.180115,74.309649,74.309649,74.309649,74.309649,0.0,0.0,100.0,101.0,102.0,101.0,101.0,85.71,1630.2,523.11,1014.9549999999999,298.56,True,False,
2026-12-03 12:18:22.322,5.0,0.0,0.0,1.0,,0.0,0.0,7.0,0.0,0.0,0.0,1.0,1.0,0.0,0.0,3.405,0.0,0.0,0.0,7.271915746847333,-535.0,0.0,7.142385822824444,240.0,0.0,0.0,4.982,106.0,4.98,271.0,0.682,0.0,4.951,201.0,4.962,198.0,4.967,42.0,4.976,60.0,23.74802,24.32261,24.36736,23.5726,28.31073,25.93898,24.55352,25.05651,23.77308,24.5,26.0,25.0,23.5,24.5,0.0,910.25,,2.0,0.0,0.0,77.180115,77.180115,77.180115,77.180115,77.180115,77.180115,77.180115,77.180115,77.180115,77.180115,77.180115,77.180115,77.180115,77.180115,77.180115,77.180115,74.309649,74.309649,74.309649,74.309649,0.0,0.0,100.0,101.0,102.0,101.0,101.0,86.06,1715.04,528.092,995.151,298.56,True,False,
2026-12-03 12:18:22.774,5.0,0.0,0.0,1.0,,0.0,0.0,7.0,0.0,0.0,0.0,1.0,1.0,0.0,0.0,3.423,0.0,0.0,0.0,7.274159915352593,-541.0,0.0,7.1441997178419765,227.0,0.0,0.0,4.982,106.0,4.981,271.0,0.682,0.0,4.951,193.0,4.96,188.0,4.965,42.0,4.976,60.0,23.75339,24.32619,24.37989,23.58334,28.27851,25.94614,24.56426,25.05472,23.77845,24.0,26.0,25.0,23.5,24.5,0.0,910.25,,2.0,0.0,0.0,77.180115,77.180115,77.180115,77.180115,77.180115,77.180115,77.180115,77.180115,77.180115,77.180115,77.180115,77.180115,77.180115,77.180115,77.180115,77.180115,74.309649,74.309649,74.309649,74.309649,0.0,0.0,100.0,101.0,102.0,101.0,101.0,86.512,1622.3690000000001,528.092,955.5429999999999,298.56,True,False,
2026-12-03 12:18:23.475,5.0,0.0,0.0,1.0,,0.0,0.0,7.0,0.0,0.0,0.0,1.0,1.0,0.0,0.0,2.109,0.0,0.0,0.0,7.271352660001735,-547.0,0.0,7.148842200005783,556.0,0.0,0.0,4.982,104.0,4.981,270.0,0.682,0.0,4.952,191.0,4.961,193.0,4.966,44.0,4.976,60.0,23.74802,24.32977,24.37273,23.58155,28.30178,25.95867,24.57142,25.0583,23.78024,24.5,26.0,25.0,23.5,24.5,0.0,910.25,,2.0,0.0,0.0,77.180115,77.180115,77.180115,77.180115,77.180115,77.180115,77.180115,77.180115,77.180115,77.180115,77.180115,77.180115,77.180115,77.180115,77.180115,77.180115,74.309649,74.309649,74.309649,74.309649,0.0,0.0,100.0,101.0,102.0,101.0,101.0,87.213,3975.9559999999997,518.128,945.832,298.56,True,False,
2026-12-03 12:18:23.824,5.0,0.0,0.0,1.0,,0.0,0.0,7.0,0.0,0.0,0.0,1.0,1.0,0.0,0.0,2.141,0.0,0.0,0.0,7.27450391182342,-514.0,0.0,7.14634637274473,541.0,0.0,0.0,4.982,107.0,4.981,271.0,0.682,0.0,4.951,193.0,4.961,193.0,4.967,44.0,4.976,60.0,23.76234,24.32977,24.37989,23.58155,28.32505,25.98731,24.57142,25.06904,23.78382,24.5,26.0,25.0,23.5,24.5,0.0,910.25,,2.0,0.0,0.0,77.180115,77.180115,77.180115,77.180115,77.180115,77.180115,77.180115,77.180115,77.180115,77.180115,77.180115,77.180115,77.180115,77.180115,77.180115,77.180115,74.309649,74.309649,74.309649,74.309649,0.0,0.0,100.0,101.0,102.0,101.0,101.0,87.562,3867.0679999999998,533.0740000000001,955.5429999999999,298.56,True,False,
2026-12-03 12:18:24.276,5.0,0.0,0.0,1.0,,0.0,0.0,7.0,0.0,0.0,0.0,1.0,1.0,0.0,0.0,2.086,0.0,0.0,0.0,7.272621903766946,-517.0,0.0,7.149739679223153,230.0,0.0,0.0,4.982,106.0,4.98,270.0,0.681,0.0,4.952,191.0,4.961,190.0,4.965,46.0,4.976,60.0,23.76234,24.3244,24.3781,23.58513,28.30357,25.98731,24.58037,25.0762,23.77666,24.5,26.0,25.0,23.5,24.5,0.0,910.25,,2.0,0.0,0.0,77.180115,77.180115,77.180115,77.180115,77.180115,77.180115,77.180115,77.180115,77.180115,77.180115,77.180115,77.180115,77.180115,77.180115,77.180115,77.180115,74.309649,74.309649,74.309649,74.309649,0.0,0.0,100.0,101.0,102.0,101.0,101.0,88.014,1644.73,528.092,945.832,298.56,True,False,
2026-12-03 12:18:24.980,5.0,0.0,0.0,1.0,,0.0,0.0,7.0,0.0,0.0,0.0,1.0,1.0,0.0,0.0,2.028,0.0,0.0,0.0,7.2717134087910615,-517.0,0.0,7.142044695970205,221.0,0.0,0.0,4.982,109.0,4.981,268.0,0.682,0.0,4.952,192.0,4.961,200.0,4.966,43.0,4.976,60.0,23.75876,24.33156,24.36915,23.57618,28.2982,25.99447,24.57321,25.06725,23.78024,24.0,26.0,25.0,23.5,24.5,0.0,910.25,,2.0,0.0,0.0,77.180115,77.180115,77.180115,77.180115,77.180115,77.180115,77.180115,77.180115,77.180115,77.180115,77.180115,77.180115,77.180115,77.180115,77.180115,77.180115,74.309649,74.309649,74.309649,74.309649,0.0,0.0,100.0,101.0,102.0,101.0,101.0,88.718,1578.603,543.038,950.784,298.56,True,False,
2026-12-03 12:18:25.327,5.0,0.0,0.0,1.0,,0.0,0.0,7.0,0.0,0.0,0.0,1.0,1.0,0.0,0.0,3.167,0.0,0.0,0.0,7.274783956891076,-495.0,0.0,7.1442798563035845,241.0,0.0,0.0,4.981,106.0,4.98,271.0,0.681,0.0,4.951,193.0,4.96,192.0,4.966,43.0,4.976,60.0,23.75697,24.3244,24.37452,23.57976,28.31431,26.00342,24.58216,25.06904,23.78203,24.5,26.0,25.0,23.5,24.5,0.0,910.25,,2.0,0.0,0.0,77.180115,77.180115,77.180115,77.180115,77.180115,77.180115,77.180115,77.180115,77.180115,77.180115,77.180115,77.180115,77.180115,77.180115,77.180115,77.180115,74.309649,74.309649,74.309649,74.309649,0.0,0.0,100.0,101.0,102.0,101.0,101.0,89.065,1721.945,527.986,955.5429999999999,298.56,True,False,
2026-12-03 12:18:25.776,5.0,0.0,0.0,1.0,,0.0,0.0,7.0,0.0,0.0,0.0,1.0,1.0,0.0,0.0,2.111,0.0,0.0,0.0,7.275838029839713,-555.0,0.0,7.144460099465712,556.0,0.0,0.0,4.981,107.0,4.982,110.0,0.681,0.0,4.951,193.0,4.962,193.0,4.966,42.0,4.973,61.0,23.75697,24.33693,24.3781,23.58334,28.334,26.02311,24.58395,25.06904,23.78561,24.5,26.0,25.0,23.5,24.5,0.0,910.25,,2.0,0.0,0.0,77.180115,77.180115,77.180115,77.180115,77.180115,77.180115,77.180115,77.180115,77.180115,77.180115,77.180115,77.180115,77.180115,77.180115,77.180115,77.180115,74.309649,74.309649,74.309649,74.309649,0.0,0.0,100.0,101.0,102.0,101.0,101.0,89.514,3972.62,532.967,955.5429999999999,303.353,True,False,
2026-12-03 12:18:26.478,5.0,0.0,0.0,1.0,,0.0,0.0,7.0,0.0,0.0,0.0,1.0,1.0,0.0,0.0,3.089,0.0,0.0,0.0,7.270879233453955,-558.0,0.0,7.147597444846516,229.0,0.0,0.0,4.982,106.0,4.981,268.0,0.682,0.0,4.953,203.0,4.961,196.0,4.966,43.0,4.973,61.0,23.76055,24.33335,24.38884,23.5905,28.33758,26.02669,24.58395,25.0762,23.78024,24.5,26.0,25.0,23.5,24.5,0.0,910.25,,2.0,0.0,0.0,77.180115,77.180115,77.180115,77.180115,77.180115,77.180115,77.180115,77.180115,77.180115,77.180115,77.180115,77.180115,77.180115,77.180115,77.180115,77.180115,74.309649,74.309649,74.309649,74.309649,0.0,0.0,100.0,101.0,102.0,101.0,101.0,90.216,1636.8919999999998,528.092,1005.4590000000001,303.353,True,False,
2026-12-03 12:18:26.831,5.0,0.0,0.0,1.0,,0.0,0.0,7.0,0.0,0.0,0.0,1.0,1.0,0.0,0.0,2.102,1.0,0.0,0.0,7.2709104479939315,-544.0,0.0,7.147701493313106,228.0,0.0,0.0,4.981,107.0,4.981,110.0,0.682,0.0,4.951,192.0,4.961,191.0,4.965,44.0,4.973,61.0,23.7516,24.33335,24.38168,23.59587,28.33937,26.03743,24.58574,25.0941,23.78561,24.5,26.0,25.0,23.5,24.5,0.0,910.25,,2.0,0.0,0.0,77.180115,77.180115,77.180115,77.180115,77.180115,77.180115,77.180115,77.180115,77.180115,77.180115,77.180115,77.180115,77.180115,77.180115,77.180115,77.180115,74.309649,74.309649,74.309649,74.309649,0.0,0.0,100.0,101.0,102.0,101.0,101.0,90.569,1629.744,532.967,950.5919999999999,303.353,True,False,
2026-12-03 12:18:27.279,5.0,0.0,0.0,1.0,30.0,0.0,0.0,7.0,0.0,0.0,0.0,1.0,1.0,0.0,0.0,2.107,0.0,0.0,0.0,7.273933957875995,-538.0,0.0,7.144779859586649,227.0,0.0,0.0,4.982,106.0,4.981,110.0,0.682,0.0,4.951,203.0,4.961,190.0,4.966,42.0,4.973,61.0,23.75876,24.35125,24.38168,23.5905,28.33221,26.03564,24.59111,25.07799,23.78203,24.5,26.0,25.0,23.5,24.5,0.0,910.25,,2.0,0.0,0.0,77.180115,77.180115,77.180115,77.180115,77.180115,77.180115,77.180115,77.180115,77.180115,77.180115,77.180115,77.180115,77.180115,77.180115,77.180115,77.180115,74.309649,74.309649,74.309649,74.309649,0.0,0.0,100.0,101.0,102.0,101.0,101.0,91.017,1621.915,528.092,1005.0529999999999,303.353,True,False,
2026-12-03 12:18:27.981,5.0,0.0,0.0,1.0,30.0,0.0,0.0,7.0,0.0,0.0,0.0,1.0,1.0,0.0,0.0,3.394,0.0,0.0,0.0,7.270951562269611,-527.0,0.0,7.146838540898703,572.0,0.0,0.0,4.981,106.0,4.981,271.0,0.682,0.0,4.95,193.0,4.96,191.0,4.966,43.0,4.975,39.0,23.75518,24.35125,24.38884,23.59408,28.36622,26.20211,24.59469,25.10126,23.77845,24.5,26.0,25.0,23.5,24.5,0.0,910.25,,2.0,0.0,0.0,77.180115,77.180115,77.180115,77.180115,77.180115,77.180115,77.180115,77.180115,77.180115,77.180115,77.180115,77.180115,77.180115,77.180115,77.180115,77.180115,74.309649,74.309649,74.309649,74.309649,0.0,0.0,100.0,101.0,102.0,101.0,101.0,91.719,4088.0840000000003,527.986,955.35,194.02499999999998,True,False,
2026-12-03 12:18:28.333,5.0,0.0,0.0,1.0,31.0,0.0,0.0,7.0,0.0,0.0,0.0,1.0,1.0,0.0,0.0,3.391,0.0,0.0,0.0,7.268964668377741,-544.0,0.0,7.145882227925802,236.0,0.0,0.0,4.981,106.0,4.981,270.0,0.682,1.0,4.952,202.0,4.962,197.0,4.965,44.0,4.975,39.0,23.75518,24.33872,24.38168,23.59766,28.34832,26.20748,24.60006,25.09768,23.78919,24.5,26.0,25.0,23.5,24.5,0.0,910.25,,2.0,0.0,0.0,77.180115,77.180115,77.180115,77.180115,77.180115,77.180115,77.180115,77.180115,77.180115,77.180115,77.180115,77.180115,77.180115,77.180115,77.180115,77.180115,74.309649,74.309649,74.309649,74.309649,0.0,0.0,100.0,101.0,102.0,101.0,101.0,92.071,1686.456,527.986,1000.304,194.02499999999998,True,False,
2026-12-03 12:18:28.784,5.0,0.0,0.0,1.0,31.0,0.0,0.0,7.0,0.0,0.0,0.0,1.0,1.0,0.0,0.0,2.093,0.0,0.0,0.0,7.271974369303292,-516.0,0.0,7.152914564344305,523.0,0.0,0.0,4.981,106.0,4.98,110.0,0.682,0.0,4.95,191.0,4.96,188.0,4.965,42.0,4.975,39.0,23.7516,24.34409,24.39421,23.59587,28.37875,26.22717,24.59648,25.09768,23.78024,24.5,26.5,25.0,23.5,24.5,0.0,910.25,,2.0,0.0,0.0,77.180115,77.180115,77.180115,77.180115,77.180115,77.180115,77.180115,77.180115,77.180115,77.180115,77.180115,77.180115,77.180115,77.180115,77.180115,77.180115,74.309649,74.309649,74.309649,74.309649,0.0,0.0,100.0,101.0,102.0,101.0,101.0,92.522,3741.019,527.986,945.45,194.02499999999998,True,False,
2026-12-03 12:18:29.484,5.0,0.0,0.0,1.0,32.0,0.0,0.0,7.0,0.0,0.0,0.0,1.0,1.0,0.0,0.0,3.171,1.0,0.0,0.0,7.271981508408772,-513.0,0.0,7.146938361362572,572.0,0.0,0.0,4.982,106.0,4.981,110.0,0.681,0.0,4.952,202.0,4.961,195.0,4.966,44.0,4.975,39.0,23.75876,24.34946,24.38705,23.60482,28.38054,26.2397,24.60006,25.09947,23.77666,24.5,26.5,25.0,23.5,24.5,0.0,910.25,,2.0,0.0,0.0,77.180115,77.180115,77.180115,77.180115,77.180115,77.180115,77.180115,77.180115,77.180115,77.180115,77.180115,77.180115,77.180115,77.180115,77.180115,77.180115,74.309649,74.309649,74.309649,74.309649,0.0,0.0,100.0,101.0,102.0,101.0,101.0,93.222,4088.0840000000003,528.092,1000.304,194.02499999999998,True,False,
2026-12-03 12:18:29.836,5.0,0.0,0.0,1.0,32.0,0.0,0.0,7.0,0.0,0.0,0.0,1.0,1.0,0.0,0.0,3.394,0.0,0.0,0.0,7.270986732008117,-531.0,0.0,7.146955773360389,573.0,0.0,0.0,4.982,105.0,4.981,270.0,0.681,0.0,4.951,192.0,4.961,195.0,4.966,43.0,4.975,58.0,23.75876,24.34767,24.39242,23.60124,28.38412,26.25223,24.61438,25.09947,23.79277,24.5,26.0,25.0,23.5,24.5,0.0,910.25,,2.0,0.0,0.0,77.180115,77.180115,77.180115,77.180115,77.180115,77.180115,77.180115,77.180115,77.180115,77.180115,77.180115,77.180115,77.180115,77.180115,77.180115,77.180115,74.309649,74.309649,74.309649,74.309649,0.0,0.0,100.0,101.0,102.0,101.0,101.0,93.574,4095.231,523.11,950.5919999999999,288.54999999999995,True,False,
2026-12-03 12:18:30.285,5.0,0.0,0.0,1.0,33.0,0.0,0.0,7.0,0.0,0.0,0.0,1.0,1.0,0.0,0.0,2.095,0.0,0.0,0.0,7.271990532111173,-521.0,0.0,7.1459684403705745,244.0,0.0,0.0,4.982,106.0,4.98,271.0,0.682,0.0,4.952,203.0,4.96,188.0,4.966,42.0,4.975,58.0,23.75876,24.35125,24.39421,23.59408,28.44498,26.2576,24.61259,25.10484,23.78382,24.5,26.5,25.0,23.5,24.5,0.0,910.25,,2.0,0.0,0.0,77.180115,77.180115,77.180115,77.180115,77.180115,77.180115,77.180115,77.180115,77.180115,77.180115,77.180115,77.180115,77.180115,77.180115,77.180115,77.180115,74.309649,74.309649,74.309649,74.309649,0.0,0.0,100.0,101.0,102.0,101.0,101.0,94.023,1743.624,528.092,1005.256,288.54999999999995,True,False,
2026-12-03 12:18:30.837,5.0,0.0,0.0,1.0,33.0,0.0,0.0,8.0,0.0,0.0,0.0,1.0,1.0,0.0,0.0,2.11,0.0,0.0,0.0,7.275993280791119,-546.0,0.0,7.146977602637064,226.0,0.0,0.0,4.982,107.0,4.981,110.0,0.682,0.0,4.95,193.0,4.961,197.0,4.966,44.0,4.975,58.0,23.7516,24.34409,24.39779,23.6084,28.38591,26.27013,24.6108,25.10663,23.78024,24.5,26.5,25.0,23.5,24.5,0.0,910.25,,2.0,0.0,0.0,77.180115,77.180115,77.180115,77.180115,77.180115,77.180115,77.180115,77.180115,77.180115,77.180115,77.180115,77.180115,77.180115,77.180115,77.180115,77.180115,74.309649,74.309649,74.309649,74.309649,0.0,0.0,100.0,101.0,102.0,101.0,101.0,94.575,1615.222,533.0740000000001,955.35,288.54999999999995,True,False,
2026-12-03 12:18:31.287,5.0,0.0,0.0,1.0,34.0,0.0,0.0,8.0,0.0,0.0,0.0,1.0,1.0,0.0,0.0,3.396,1.0,0.0,0.0,7.270995257578241,-504.0,0.0,7.171984191927468,427.0,0.0,0.0,4.982,107.0,4.981,268.0,0.681,0.0,4.952,203.0,4.961,188.0,4.967,63.0,4.975,58.0,23.74802,24.34767,24.39242,23.6084,28.42529,26.27371,24.62333,25.12095,23.79635,24.5,26.5,25.0,23.5,24.5,0.0,910.25,,2.0,0.0,0.0,77.180115,77.180115,77.180115,77.180115,77.180115,77.180115,77.180115,77.180115,77.180115,77.180115,77.180115,77.180115,77.180115,77.180115,77.180115,77.180115,74.309649,74.309649,74.309649,74.309649,0.0,0.0,100.0,101.0,102.0,101.0,101.0,95.025,3062.444,533.0740000000001,1005.256,288.54999999999995,True,False,
2026-12-03 12:18:31.990,5.0,0.0,0.0,1.0,34.0,0.0,0.0,8.0,0.0,0.0,0.0,1.0,1.0,0.0,0.0,3.396,1.0,0.0,0.0,7.270996671111515,-504.0,0.0,7.16998890370505,426.0,0.0,0.0,4.981,109.0,4.981,267.0,0.681,0.0,4.951,195.0,4.962,193.0,4.967,42.0,4.975,58.0,23.75339,24.34946,24.40137,23.59587,28.41634,26.29698,24.61975,25.112,23.7874,24.5,26.5,25.0,23.5,24.5,0.0,910.25,,2.0,0.0,0.0,77.180115,77.180115,77.180115,77.180115,77.180115,77.180115,77.180115,77.180115,77.180115,77.180115,77.180115,77.180115,77.180115,77.180115,77.180115,77.180115,74.309649,74.309649,74.309649,74.309649,0.0,0.0,100.0,101.0,102.0,101.0,101.0,95.728,3054.42,542.929,965.4449999999999,288.54999999999995,True,False,
2026-12-03 12:18:32.342,5.0,0.0,0.0,1.0,35.0,0.0,0.0,8.0,0.0,0.0,0.0,1.0,1.0,0.0,0.0,3.396,0.0,0.0,0.0,7.270997676111113,-504.0,0.0,7.171992253703712,426.0,0.0,0.0,4.982,105.0,4.981,268.0,0.682,0.0,4.955,202.0,4.961,195.0,4.967,62.0,4.975,58.0,23.76413,24.35841,24.40495,23.59766,28.43066,26.29698,24.62333,25.11379,23.78561,24.5,26.5,25.0,23.5,24.5,0.0,910.25,,2.0,0.0,0.0,77.180115,77.180115,77.180115,77.180115,77.180115,77.180115,77.180115,77.180115,77.180115,77.180115,77.180115,77.180115,77.180115,77.180115,77.180115,77.180115,74.309649,74.309649,74.309649,74.309649,0.0,0.0,100.0,101.0,102.0,101.0,101.0,96.08,3055.272,523.11,1000.91,288.54999999999995,True,False,
2026-12-03 12:18:32.794,5.0,0.0,0.0,1.0,35.0,0.0,0.0,8.0,0.0,0.0,0.0,1.0,1.0,0.0,0.0,3.396,0.0,0.0,0.0,7.270998386576006,-504.0,0.0,7.171994621920023,423.0,0.0,0.0,4.982,109.0,4.982,109.0,0.682,0.0,4.951,192.0,4.961,192.0,4.967,61.0,4.975,58.0,23.75697,24.35483,24.40853,23.58513,28.42887,26.30951,24.62691,25.11737,23.79277,24.5,26.5,25.0,23.5,24.5,0.0,910.25,,2.0,0.0,0.0,77.180115,77.180115,77.180115,77.180115,77.180115,77.180115,77.180115,77.180115,77.180115,77.180115,77.180115,77.180115,77.180115,77.180115,77.180115,77.180115,74.309649,74.309649,74.309649,74.309649,0.0,0.0,100.0,101.0,102.0,101.0,101.0,96.532,3033.756,543.038,950.5919999999999,288.54999999999995,True,False,
2026-12-03 12:18:33.496,5.0,0.0,0.0,1.0,36.0,0.0,0.0,8.0,0.0,0.0,0.0,1.0,1.0,0.0,0.0,2.392,0.0,0.0,0.0,7.29099888596534,-424.0,0.0,7.172996286551133,421.0,0.0,0.0,4.981,107.0,4.981,267.0,0.681,0.0,4.952,203.0,4.963,201.0,4.967,62.0,4.975,58.0,23.75339,24.35304,24.40853,23.57618,28.4414,26.32204,24.63049,25.12453,23.79098,24.5,26.5,25.0,23.5,24.5,0.0,910.25,,2.0,0.0,0.0,77.180115,77.180115,77.180115,77.180115,77.180115,77.180115,77.180115,77.180115,77.180115,77.180115,77.180115,77.180115,77.180115,77.180115,77.180115,77.180115,74.309649,74.309649,74.309649,74.309649,0.0,0.0,100.0,101.0,102.0,101.0,101.0,97.234,3019.833,532.967,1005.256,288.54999999999995,True,False,
2026-12-03 12:18:33.846,5.0,0.0,0.0,1.0,36.0,0.0,0.0,8.0,0.0,0.0,0.0,1.0,1.0,0.0,0.0,3.075,0.0,0.0,0.0,7.292999234992075,-408.0,0.0,7.1749974499735805,421.0,0.0,0.0,4.982,109.0,4.981,107.0,0.682,0.0,4.95,193.0,4.962,192.0,4.968,62.0,4.976,58.0,23.75876,24.35662,24.41211,23.57797,28.45214,26.32562,24.63228,25.12453,23.79277,24.5,26.5,25.0,23.5,24.5,0.0,910.25,,2.0,0.0,0.0,77.180115,77.180115,77.180115,77.180115,77.180115,77.180115,77.180115,77.180115,77.180115,77.180115,77.180115,77.180115,77.180115,77.180115,77.180115,77.180115,74.309649,74.309649,74.309649,74.309649,0.0,0.0,100.0,101.0,102.0,101.0,101.0,97.584,3020.6749999999997,543.038,955.35,288.608,True,False,
2026-12-03 12:18:34.296,5.0,0.0,0.0,1.0,37.0,0.0,0.0,8.0,0.0,0.0,0.0,1.0,1.0,0.0,0.0,3.236,0.0,0.0,0.0,7.290999477543417,-409.0,0.0,7.172998258478054,421.0,0.0,0.0,4.982,106.0,4.98,266.0,0.682,0.0,4.953,202.0,4.962,191.0,4.968,61.0,4.976,58.0,23.77129,24.34946,24.40316,23.58334,28.4593,26.3292,24.63765,25.12453,23.79635,24.5,26.5,25.0,23.5,24.5,0.0,910.25,,2.0,0.0,0.0,77.180115,77.180115,77.180115,77.180115,77.180115,77.180115,77.180115,77.180115,77.180115,77.180115,77.180115,77.180115,77.180115,77.180115,77.180115,77.180115,74.309649,74.309649,74.309649,74.309649,0.0,0.0,100.0,101.0,102.0,101.0,101.0,98.034,3019.833,528.092,1000.5060000000001,288.608,True,False,
2026-12-03 12:18:34.996,5.0,0.0,0.0,1.0,37.0,0.0,0.0,8.0,0.0,0.0,0.0,1.0,1.0,0.0,0.0,3.046,0.0,0.0,0.0,7.291999645144519,-403.0,0.0,7.174998817148396,420.0,0.0,0.0,4.98,106.0,4.982,266.0,0.682,0.0,4.951,193.0,4.962,193.0,4.967,62.0,4.976,58.0,23.76055,24.35841,24.396,23.57618,28.48794,26.34531,24.63049,25.13885,23.78919,24.5,26.5,25.0,23.5,24.5,0.0,910.25,,2.0,0.0,0.0,77.180115,77.180115,77.180115,77.180115,77.180115,77.180115,77.180115,77.180115,77.180115,77.180115,77.180115,77.180115,77.180115,77.180115,77.180115,77.180115,74.309649,74.309649,74.309649,74.309649,0.0,0.0,100.0,101.0,102.0,101.0,101.0,98.734,3013.5,527.88,955.5429999999999,288.608,True,False,
2026-12-03 12:18:35.348,5.0,0.0,0.0,1.0,38.0,0.0,0.0,8.0,0.0,0.0,0.0,1.0,1.0,0.0,0.0,2.478,1.0,0.0,0.0,7.2909997602989876,-399.0,0.0,7.1749992009966235,423.0,0.0,0.0,4.982,106.0,4.982,266.0,0.682,0.0,4.952,183.0,4.961,190.0,4.968,61.0,4.976,58.0,23.76055,24.36199,24.41032,23.57976,28.48436,26.36142,24.63586,25.14601,23.79098,24.5,26.5,25.0,23.5,24.5,0.0,910.25,,2.0,0.0,0.0,77.180115,77.180115,77.180115,77.180115,77.180115,77.180115,77.180115,77.180115,77.180115,77.180115,77.180115,77.180115,77.180115,77.180115,77.180115,77.180115,74.309649,74.309649,74.309649,74.309649,0.0,0.0,100.0,101.0,102.0,101.0,101.0,99.086,3035.025,528.092,906.216,288.608,True,False,
2026-12-03 12:18:35.797,5.0,0.0,0.0,1.0,38.0,0.0,0.0,8.0,0.0,0.0,0.0,1.0,1.0,0.0,0.0,2.478,1.0,0.0,0.0,7.290999838970569,-399.0,0.0,7.172999463235227,423.0,0.0,0.0,4.982,105.0,4.981,267.0,0.681,0.0,4.951,198.0,4.963,195.0,4.967,60.0,4.976,60.0,23.76234,24.37273,24.41032,23.56902,28.51479,26.36679,24.63586,25.12632,23.79993,24.5,26.5,25.0,23.5,24.5,0.0,910.25,,2.0,0.0,0.0,77.180115,77.180115,77.180115,77.180115,77.180115,77.180115,77.180115,77.180115,77.180115,77.180115,77.180115,77.180115,77.180115,77.180115,77.180115,77.180115,74.309649,74.309649,74.309649,74.309649,0.0,0.0,100.0,101.0,102.0,101.0,101.0,99.535,3034.179,523.11,980.2979999999999,298.56,True,False,
2026-12-03 12:18:36.248,5.0,0.0,0.0,1.0,39.0,0.0,0.0,8.0,0.0,0.0,0.0,1.0,1.0,0.0,0.0,2.478,0.0,0.0,0.0,7.290999892413522,-399.0,0.0,7.171999641378405,423.0,0.0,0.0,4.982,106.0,4.982,109.0,0.681,0.0,4.951,201.0,4.962,190.0,4.968,61.0,4.976,60.0,23.75876,24.35841,24.41032,23.5726,28.50047,26.38111,24.64481,25.13885,23.78561,24.5,26.5,25.0,23.5,24.5,0.0,910.25,,2.0,0.0,0.0,77.180115,77.180115,77.180115,77.180115,77.180115,77.180115,77.180115,77.180115,77.180115,77.180115,77.180115,77.180115,77.180115,77.180115,77.180115,77.180115,74.309649,74.309649,74.309649,74.309649,0.0,0.0,100.0,101.0,102.0,101.0,101.0,99.986,3033.756,528.092,995.151,298.56,True,False,
2026-12-03 12:18:36.800,5.0,0.0,0.0,1.0,39.0,0.0,0.0,8.0,0.0,0.0,0.0,1.0,1.0,0.0,0.0,2.478,0.0,0.0,0.0,7.290999928512986,-399.0,0.0,7.17299976170995,422.0,0.0,0.0,4.982,106.0,4.981,109.0,0.681,0.0,4.951,200.0,4.961,196.0,4.967,60.0,4.976,60.0,23.75876,24.37094,24.40316,23.57618,28.52553,26.39185,24.63944,25.12632,23.78024,24.5,26.5,25.0,23.5,24.5,0.0,910.25,,2.0,0.0,0.0,77.180115,77.180115,77.180115,77.180115,77.180115,77.180115,77.180115,77.180115,77.180115,77.180115,77.180115,77.180115,77.180115,77.180115,77.180115,77.180115,74.309649,74.309649,74.309649,74.309649,0.0,0.0,100.0,101.0,102.0,101.0,101.0,100.538,3027.006,528.092,990.1999999999999,298.56,True,False,
2026-12-03 12:18:37.251,5.0,0.0,0.0,1.0,,0.0,0.0,8.0,0.0,0.0,0.0,1.0,1.0,0.0,0.0,2.478,1.0,0.0,0.0,7.290999952759589,-399.0,0.0,7.172999842531961,425.0,0.0,0.0,4.982,107.0,4.981,109.0,0.682,0.0,4.953,200.0,4.963,196.0,4.967,62.0,4.976,60.0,23.75697,24.36736,24.40853,23.58155,28.53985,26.40617,24.64302,25.15496,23.79456,24.5,26.5,25.0,23.5,24.5,0.0,910.25,,2.0,0.0,0.0,77.180115,77.180115,77.180115,77.180115,77.180115,77.180115,77.180115,77.180115,77.180115,77.180115,77.180115,77.180115,77.180115,77.180115,77.180115,77.180115,74.309649,74.309649,74.309649,74.309649,0.0,0.0,100.0,101.0,102.0,101.0,101.0,100.989,3048.525,533.0740000000001,990.6,298.56,True,False,
2026-12-03 12:18:37.802,5.0,0.0,0.0,1.0,,0.0,0.0,8.0,0.0,0.0,0.0,1.0,1.0,0.0,0.0,2.478,0.0,0.0,0.0,7.290999968953173,-399.0,0.0,7.174999896510576,422.0,0.0,0.0,4.982,106.0,4.982,266.0,0.681,0.0,4.952,198.0,4.961,191.0,4.968,61.0,4.976,60.0,23.76771,24.36378,24.41748,23.57439,28.55954,26.41691,24.65197,25.15496,23.79814,24.5,26.5,25.0,23.5,24.5,0.0,910.25,,2.0,0.0,0.0,77.180115,77.180115,77.180115,77.180115,77.180115,77.180115,77.180115,77.180115,77.180115,77.180115,77.180115,77.180115,77.180115,77.180115,77.180115,77.180115,74.309649,74.309649,74.309649,74.309649,0.0,0.0,100.0,101.0,102.0,101.0,101.0,101.54,3027.85,528.092,980.496,298.56,True,False,
2026-12-03 12:18:38.253,5.0,0.0,0.0,1.0,,0.0,0.0,8.0,0.0,0.0,0.0,1.0,1.0,0.0,0.0,2.478,0.0,0.0,0.0,7.2909999797073946,-399.0,0.0,7.171999932357981,425.0,0.0,0.0,4.981,106.0,4.981,109.0,0.682,0.0,4.953,198.0,4.962,200.0,4.967,61.0,4.976,60.0,23.75876,24.36915,24.41927,23.56723,28.62547149372372,26.42228,24.65197,25.15675,23.79098,24.5,26.5,25.0,23.5,24.5,0.0,910.25,,2.0,0.0,0.0,77.180115,77.180115,77.180115,77.180115,77.180115,77.180115,77.180115,77.180115,77.180115,77.180115,77.180115,77.180115,77.180115,77.180115,77.180115,77.180115,74.309649,74.309649,74.309649,74.309649,0.0,0.0,100.0,101.0,102.0,101.0,101.0,101.991,3048.1,527.986,980.6940000000001,298.56,True,True,T1_obdh_ramp_accel
2026-12-03 12:18:38.808,5.0,0.0,0.0,1.0,,0.0,0.0,8.0,0.0,0.0,0.0,1.0,1.0,0.0,0.0,2.478,0.0,0.0,0.0,7.290999986809069,-399.0,0.0,7.17499995603023,418.0,0.0,0.0,4.981,106.0,4.981,267.0,0.683,0.0,4.952,198.0,4.96,195.0,4.967,61.0,4.976,60.0,23.76592,24.36736,24.41569,23.56544,28.706606702186388,26.43839,24.65376,25.15317,23.80351,24.5,26.5,25.0,23.5,24.5,0.0,910.25,,2.0,0.0,0.0,77.180115,77.180115,77.180115,77.180115,77.180115,77.180115,77.180115,77.180115,77.180115,77.180115,77.180115,77.180115,77.180115,77.180115,77.180115,77.180115,74.309649,74.309649,74.309649,74.309649,0.0,0.0,100.0,101.0,102.0,101.0,101.0,102.546,2999.15,527.986,980.496,298.56,True,True,T1_obdh_ramp_accel
2026-12-03 12:18:39.257,5.0,0.0,0.0,2.0,0.0,0.0,0.0,8.0,0.0,0.0,0.0,1.0,1.0,0.0,0.0,2.478,0.0,0.0,0.0,7.290999991472336,-399.0,0.0,7.174999971574451,423.0,0.0,0.0,4.981,106.0,4.981,109.0,0.681,0.0,4.951,198.0,4.962,193.0,4.966,60.0,4.976,60.0,23.7516,24.36557,24.40853,23.56544,28.772245816780515,26.44555,24.66271,25.16391,23.79456,24.5,26.5,25.0,23.5,24.5,0.0,910.25,,2.0,0.0,0.0,77.180115,77.180115,77.180115,77.180115,77.180115,77.180115,77.180115,77.180115,77.180115,77.180115,77.180115,77.180115,77.180115,77.180115,77.180115,77.180115,74.309649,74.309649,74.309649,74.309649,0.0,0.0,100.0,101.0,102.0,101.0,101.0,102.995,3035.025,527.986,980.2979999999999,298.56,True,True,T1_obdh_ramp_accel
2026-12-03 12:18:39.808,5.0,0.0,0.0,2.0,0.0,0.0,0.0,8.0,0.0,0.0,0.0,1.0,1.0,0.0,0.0,2.478,0.0,0.0,0.0,7.2909999945172075,-399.0,0.0,7.172999981724025,421.0,0.0,0.0,4.981,106.0,4.982,107.0,0.682,1.0,4.951,198.0,4.961,197.0,4.967,60.0,4.975,58.0,23.75518,24.37094,24.41032,23.58155,28.852796266983994,26.45808,24.66987,25.15675,23.79456,24.5,26.5,25.0,23.5,24.5,0.0,910.25,,2.0,0.0,0.0,77.180115,77.180115,77.180115,77.180115,77.180115,77.180115,77.180115,77.180115,77.180115,77.180115,77.180115,77.180115,77.180115,77.180115,77.180115,77.180115,74.309649,74.309649,74.309649,74.309649,0.0,0.0,100.0,101.0,102.0,101.0,101.0,103.546,3019.833,527.986,980.2979999999999,288.54999999999995,True,True,T1_obdh_ramp_accel
2026-12-03 12:18:40.259,5.0,0.0,0.0,2.0,1.0,0.0,0.0,8.0,0.0,0.0,0.0,1.0,1.0,0.0,0.0,2.478,0.0,0.0,0.0,7.290999996494173,-399.0,0.0,7.174999988313907,423.0,0.0,0.0,4.981,106.0,4.982,109.0,0.681,0.0,4.951,198.0,4.96,187.0,4.967,61.0,4.975,58.0,23.76413,24.37631,24.42106,23.57439,28.918727760707714,26.46882,24.6645,25.1657,23.79993,24.5,26.5,25.0,23.5,24.5,0.0,910.25,,2.0,0.0,0.0,77.180115,77.180115,77.180115,77.180115,77.180115,77.180115,77.180115,77.180115,77.180115,77.180115,77.180115,77.180115,77.180115,77.180115,77.180115,77.180115,74.309649,74.309649,74.309649,74.309649,0.0,0.0,100.0,101.0,102.0,101.0,101.0,103.997,3035.025,527.986,980.2979999999999,288.54999999999995,True,True,T1_obdh_ramp_accel
2026-12-03 12:18:40.809,5.0,0.0,0.0,2.0,1.0,0.0,0.0,8.0,0.0,0.0,0.0,1.0,1.0,0.0,0.0,2.478,0.0,0.0,0.0,7.290999997770557,-399.0,0.0,7.172999992568523,422.0,0.0,0.0,4.981,107.0,4.981,107.0,0.681,0.0,4.952,200.0,4.962,195.0,4.968,62.0,4.975,58.0,23.75518,24.38705,24.41748,23.56544,28.999132021346394,26.48135,24.66987,25.16749,23.79814,24.5,26.5,25.0,23.5,24.5,0.0,910.25,,2.0,0.0,0.0,77.180115,77.180115,77.180115,77.180115,77.180115,77.180115,77.180115,77.180115,77.180115,77.180115,77.180115,77.180115,77.180115,77.180115,77.180115,77.180115,74.309649,74.309649,74.309649,74.309649,0.0,0.0,100.0,101.0,102.0,101.0,101.0,104.547,3027.006,532.967,990.4,288.54999999999995,True,True,T1_obdh_ramp_accel
2026-12-03 12:18:41.259,5.0,0.0,0.0,2.0,2.0,0.0,0.0,8.0,0.0,0.0,0.0,1.0,1.0,0.0,0.0,2.478,0.0,0.0,0.0,7.29099999859,-399.0,0.0,7.172999995299999,423.0,0.0,0.0,4.981,266.0,4.981,109.0,0.681,0.0,4.95,191.0,4.962,192.0,4.967,62.0,4.975,58.0,23.75697,24.36736,24.41748,23.5726,29.06491732550532,26.49388,24.66629,25.16928,23.79993,24.5,26.5,25.0,23.5,24.5,0.0,910.25,,2.0,0.0,0.0,77.180115,77.180115,77.180115,77.180115,77.180115,77.180115,77.180115,77.180115,77.180115,77.180115,77.180115,77.180115,77.180115,77.180115,77.180115,77.180115,74.309649,74.309649,74.309649,74.309649,0.0,0.0,100.0,101.0,102.0,101.0,101.0,104.997,3034.179,1324.946,945.45,288.54999999999995,True,True,T1_obdh_ramp_accel
2026-12-03 12:18:41.809,5.0,0.0,0.0,2.0,2.0,0.0,0.0,8.0,0.0,0.0,0.0,1.0,1.0,0.0,0.0,2.478,1.0,0.0,0.0,7.290999999113132,-399.0,0.0,7.174999997043773,421.0,0.0,0.0,4.981,105.0,4.981,266.0,0.682,0.0,4.95,205.0,4.961,195.0,4.967,62.0,4.975,62.0,23.76413,24.37452,24.42285,23.57081,29.145321586144,26.48672,24.66808,25.16212,23.79993,24.5,26.5,25.0,23.5,24.5,0.0,910.25,,2.0,0.0,0.0,77.180115,77.180115,77.180115,77.180115,77.180115,77.180115,77.180115,77.180115,77.180115,77.180115,77.180115,77.180115,77.180115,77.180115,77.180115,77.180115,74.309649,74.309649,74.309649,74.309649,0.0,0.0,100.0,101.0,102.0,101.0,101.0,105.547,3020.6749999999997,523.005,1014.75,308.45,True,True,T1_obdh_ramp_accel
2026-12-03 12:18:42.259,5.0,0.0,0.0,2.0,3.0,0.0,0.0,8.0,0.0,0.0,0.0,1.0,1.0,0.0,0.0,2.478,0.0,0.0,0.0,7.290999999445226,-399.0,0.0,7.172999998150754,425.0,0.0,0.0,4.982,107.0,4.982,109.0,0.681,0.0,4.948,191.0,4.963,197.0,4.967,62.0,4.975,62.0,23.7516,24.38168,24.42643,23.57439,29.211106890302922,26.50462,24.67882,25.17823,23.79456,24.5,26.5,25.0,23.5,24.5,0.0,910.25,,2.0,0.0,0.0,77.180115,77.180115,77.180115,77.180115,77.180115,77.180115,77.180115,77.180115,77.180115,77.180115,77.180115,77.180115,77.180115,77.180115,77.180115,77.180115,74.309649,74.309649,74.309649,74.309649,0.0,0.0,100.0,101.0,102.0,101.0,101.0,105.997,3048.525,533.0740000000001,945.0680000000001,308.45,True,True,T1_obdh_ramp_accel
2026-12-03 12:18:42.810,5.0,0.0,0.0,2.0,3.0,0.0,0.0,8.0,0.0,0.0,0.0,1.0,1.0,0.0,0.0,2.478,0.0,0.0,0.0,7.290999999654865,-399.0,0.0,7.169999998849548,422.0,0.0,0.0,4.982,107.0,4.981,266.0,0.682,0.0,4.95,203.0,4.961,190.0,4.967,62.0,4.975,62.0,23.7516,24.38168,24.43001,23.5726,29.291657340506404,26.51536,24.67524,25.17823,23.79814,24.5,26.5,25.0,23.5,24.5,0.0,910.25,,2.0,0.0,0.0,77.180115,77.180115,77.180115,77.180115,77.180115,77.180115,77.180115,77.180115,77.180115,77.180115,77.180115,77.180115,77.180115,77.180115,77.180115,77.180115,74.309649,74.309649,74.309649,74.309649,0.0,0.0,100.0,101.0,102.0,101.0,101.0,106.548,3025.74,533.0740000000001,1004.85,308.45,True,True,T1_obdh_ramp_accel
2026-12-03 12:18:43.261,5.0,0.0,0.0,2.0,4.0,0.0,0.0,8.0,0.0,0.0,0.0,1.0,1.0,0.0,0.0,2.478,0.0,0.0,0.0,7.290999999786459,-399.0,0.0,7.172999999288197,425.0,0.0,0.0,4.982,106.0,4.981,109.0,0.682,0.0,4.951,191.0,4.963,198.0,4.966,62.0,4.975,62.0,23.75339,24.38347,24.42464,23.57618,29.357588834230125,26.53147,24.67345,25.17823,23.8053,24.5,26.5,25.0,23.5,24.5,0.0,910.25,,2.0,0.0,0.0,77.180115,77.180115,77.180115,77.180115,77.180115,77.180115,77.180115,77.180115,77.180115,77.180115,77.180115,77.180115,77.180115,77.180115,77.180115,77.180115,74.309649,74.309649,74.309649,74.309649,0.0,0.0,100.0,101.0,102.0,101.0,101.0,106.999,3048.525,528.092,945.641,308.45,True,True,T1_obdh_ramp_accel
2026-12-03 12:18:43.814,5.0,0.0,0.0,2.0,4.0,0.0,0.0,8.0,0.0,0.0,0.0,1.0,1.0,0.0,0.0,2.478,0.0,0.0,0.0,7.290999999868602,-399.0,0.0,7.171999999562006,421.0,0.0,0.0,4.982,106.0,4.982,266.0,0.682,0.0,4.951,205.0,4.961,192.0,4.968,61.0,4.975,60.0,23.75876,24.38526,24.4318,23.57618,29.4384316635632,26.54042,24.68419,25.18718,23.79993,24.5,26.5,25.0,23.5,24.5,0.0,910.25,,2.0,0.0,0.0,77.180115,77.180115,77.180115,77.180115,77.180115,77.180115,77.180115,77.180115,77.180115,77.180115,77.180115,77.180115,77.180115,77.180115,77.180115,77.180115,74.309649,74.309649,74.309649,74.309649,0.0,0.0,100.0,101.0,102.0,101.0,101.0,107.552,3019.412,528.092,1014.9549999999999,298.5,True,True,T1_obdh_ramp_accel
2026-12-03 12:18:44.263,5.0,0.0,0.0,2.0,5.0,0.0,0.0,8.0,0.0,0.0,0.0,1.0,1.0,0.0,0.0,2.478,0.0,0.0,0.0,7.29099999991959,-399.0,0.0,7.171999999731964,422.0,0.0,0.0,4.982,106.0,4.981,107.0,0.682,0.0,4.95,188.0,4.961,193.0,4.967,61.0,4.975,60.0,23.75518,24.38168,24.42464,23.56902,29.504070778157324,26.54221,24.67524,25.19076,23.81246,24.5,26.5,25.0,23.5,24.5,0.0,910.25,,2.0,0.0,0.0,77.180115,77.180115,77.180115,77.180115,77.180115,77.180115,77.180115,77.180115,77.180115,77.180115,77.180115,77.180115,77.180115,77.180115,77.180115,77.180115,74.309649,74.309649,74.309649,74.309649,0.0,0.0,100.0,101.0,102.0,101.0,101.0,108.001,3026.584,528.092,930.6,298.5,True,True,T1_obdh_ramp_accel
2026-12-03 12:18:44.966,5.0,0.0,0.0,2.0,5.0,0.0,0.0,8.0,0.0,0.0,0.0,1.0,1.0,0.0,0.0,2.478,0.0,0.0,0.0,7.290999999951061,-399.0,0.0,7.16999999983687,420.0,0.0,0.0,4.982,106.0,4.981,267.0,0.681,0.0,4.951,205.0,4.962,198.0,4.967,41.0,4.975,60.0,23.76234,24.39779,24.43001,23.57618,29.60684204221004,26.55653,24.6824,25.19792,23.81067,24.5,26.5,25.0,23.5,24.5,0.0,910.25,,2.0,0.0,0.0,77.180115,77.180115,77.180115,77.180115,77.180115,77.180115,77.180115,77.180115,77.180115,77.180115,77.180115,77.180115,77.180115,77.180115,77.180115,77.180115,74.309649,74.309649,74.309649,74.309649,0.0,0.0,100.0,101.0,102.0,101.0,101.0,108.704,3011.4,528.092,1014.9549999999999,298.5,True,True,T1_obdh_ramp_accel
2026-12-03 12:18:45.316,5.0,0.0,0.0,2.0,6.0,0.0,0.0,8.0,0.0,0.0,0.0,1.0,1.0,0.0,0.0,2.478,0.0,0.0,0.0,7.290999999970379,-399.0,0.0,7.17099999990126,423.0,0.0,0.0,4.982,107.0,4.982,109.0,0.681,0.0,4.95,192.0,4.96,190.0,4.968,61.0,4.975,60.0,23.75697,24.39779,24.43896,23.57081,29.658008389889204,26.56727,24.69314,25.18718,23.80351,24.5,26.5,25.5,23.5,24.5,0.0,910.25,,2.0,0.0,0.0,77.180115,77.180115,77.180115,77.180115,77.180115,77.180115,77.180115,77.180115,77.180115,77.180115,77.180115,77.180115,77.180115,77.180115,77.180115,77.180115,74.309649,74.309649,74.309649,74.309649,0.0,0.0,100.0,101.0,102.0,101.0,101.0,109.054,3033.333,533.0740000000001,950.4000000000001,298.5,True,True,T1_obdh_ramp_accel
2026-12-03 12:18:45.767,5.0,0.0,0.0,2.0,6.0,0.0,0.0,8.0,0.0,0.0,0.0,1.0,1.0,0.0,0.0,2.478,0.0,0.0,0.0,7.290999999982168,-399.0,0.0,7.172999999940561,422.0,0.0,0.0,4.982,106.0,4.982,266.0,0.682,0.0,4.951,205.0,4.963,196.0,4.968,61.0,4.975,58.0,23.76413,24.40674,24.43001,23.5726,29.72393988361292,26.58517,24.68777,25.19971,23.80709,24.5,26.5,25.5,23.5,24.5,0.0,910.25,,2.0,0.0,0.0,77.180115,77.180115,77.180115,77.180115,77.180115,77.180115,77.180115,77.180115,77.180115,77.180115,77.180115,77.180115,77.180115,77.180115,77.180115,77.180115,74.309649,74.309649,74.309649,74.309649,0.0,0.0,100.0,101.0,102.0,101.0,101.0,109.505,3027.006,528.092,1014.9549999999999,288.54999999999995,True,True,T1_obdh_ramp_accel
2026-12-03 12:18:46.468,5.0,0.0,0.0,2.0,7.0,0.0,0.0,8.0,0.0,0.0,0.0,1.0,1.0,0.0,0.0,2.478,0.0,0.0,0.0,7.290999999989325,-399.0,0.0,7.172999999964415,425.0,0.0,0.0,4.982,106.0,4.981,109.0,0.681,0.0,4.95,190.0,4.962,195.0,4.967,62.0,4.975,58.0,23.75339,24.396,24.44433,23.5726,29.826418768536044,26.58696,24.69135,25.19971,23.81067,24.5,26.5,25.5,23.5,24.5,0.0,910.25,,2.0,0.0,0.0,77.180115,77.180115,77.180115,77.180115,77.180115,77.180115,77.180115,77.180115,77.180115,77.180115,77.180115,77.180115,77.180115,77.180115,77.180115,77.180115,74.309649,74.309649,74.309649,74.309649,0.0,0.0,100.0,101.0,102.0,101.0,101.0,110.206,3048.525,528.092,940.5,288.54999999999995,True,True,T1_obdh_ramp_accel
2026-12-03 12:18:46.818,5.0,0.0,0.0,2.0,7.0,0.0,0.0,8.0,0.0,0.0,0.0,1.0,1.0,0.0,0.0,2.478,0.0,0.0,0.0,7.290999999993645,-399.0,0.0,7.1729999999788125,422.0,0.0,0.0,4.981,106.0,4.981,266.0,0.682,0.0,4.95,203.0,4.962,193.0,4.968,62.0,4.975,58.0,23.7516,24.39421,24.43896,23.57618,29.877585116215204,26.59591,24.6824,25.2015,23.80709,24.5,26.5,25.5,23.5,24.5,0.0,910.25,,2.0,0.0,0.0,77.180115,77.180115,77.180115,77.180115,77.180115,77.180115,77.180115,77.180115,77.180115,77.180115,77.180115,77.180115,77.180115,77.180115,77.180115,77.180115,74.309649,74.309649,74.309649,74.309649,0.0,0.0,100.0,101.0,102.0,101.0,101.0,110.556,3027.006,527.986,1004.85,288.54999999999995,True,True,T1_obdh_ramp_accel
2026-12-03 12:18:47.270,5.0,0.0,0.0,2.0,8.0,0.0,0.0,8.0,0.0,0.0,0.0,1.0,1.0,0.0,0.0,2.478,0.0,0.0,0.0,7.290999999996236,-399.0,0.0,7.169999999987454,426.0,0.0,0.0,4.982,106.0,4.981,109.0,0.682,0.0,4.95,190.0,4.962,201.0,4.966,60.0,4.975,58.0,23.76413,24.38884,24.44433,23.58513,29.943662799503723,26.61202,24.69851,25.20508,23.80709,24.5,26.5,25.5,23.5,24.5,0.0,910.25,,2.0,0.0,0.0,77.180115,77.180115,77.180115,77.180115,77.180115,77.180115,77.180115,77.180115,77.180115,77.180115,77.180115,77.180115,77.180115,77.180115,77.180115,77.180115,74.309649,74.309649,74.309649,74.309649,0.0,0.0,100.0,101.0,102.0,101.0,101.0,111.008,3054.42,528.092,940.5,288.54999999999995,True,True,T1_obdh_ramp_accel
2026-12-03 12:18:47.971,5.0,0.0,0.0,2.0,8.0,0.0,0.0,8.0,0.0,0.0,0.0,1.0,1.0,0.0,0.0,2.478,0.0,0.0,0.0,7.2909999999977835,-399.0,0.0,7.169999999992611,421.0,0.0,0.0,4.982,106.0,4.981,266.0,0.681,0.0,4.95,205.0,4.961,190.0,4.967,61.0,4.976,62.0,23.75876,24.39958,24.4318,23.5726,30.046141684426843,26.61381,24.69493,25.2015,23.79993,24.5,26.5,25.5,23.5,24.5,0.0,910.25,,2.0,0.0,0.0,77.180115,77.180115,77.180115,77.180115,77.180115,77.180115,77.180115,77.180115,77.180115,77.180115,77.180115,77.180115,77.180115,77.180115,77.180115,77.180115,74.309649,74.309649,74.309649,74.309649,0.0,0.0,100.0,101.0,102.0,101.0,101.0,111.709,3018.57,528.092,1014.75,308.512,True,True,T1_obdh_ramp_accel
2026-12-03 12:18:48.322,5.0,0.0,0.0,2.0,9.0,0.0,0.0,8.0,0.0,0.0,0.0,1.0,1.0,0.0,0.0,2.478,0.0,0.0,0.0,7.290999999998702,-399.0,0.0,7.1719999999956725,423.0,0.0,0.0,4.982,107.0,4.982,109.0,0.682,0.0,4.951,193.0,4.962,195.0,4.967,60.0,4.976,62.0,23.76771,24.40316,24.45149,23.57618,30.097454221670805,26.62276,24.69493,25.21224,23.80888,24.5,26.5,25.5,24.0,24.5,0.0,910.25,,2.0,0.0,0.0,77.180115,77.180115,77.180115,77.180115,77.180115,77.180115,77.180115,77.180115,77.180115,77.180115,77.180115,77.180115,77.180115,77.180115,77.180115,77.180115,74.309649,74.309649,74.309649,74.309649,0.0,0.0,100.0,101.0,102.0,101.0,101.0,112.06,3033.756,533.0740000000001,955.5429999999999,308.512,True,True,T1_obdh_ramp_accel
2026-12-03 12:18:48.774,5.0,0.0,0.0,2.0,9.0,0.0,0.0,8.0,0.0,0.0,0.0,1.0,1.0,0.0,0.0,2.478,0.0,0.0,0.0,7.2909999999992445,-399.0,0.0,7.172999999997479,422.0,0.0,0.0,4.981,109.0,4.981,266.0,0.681,0.0,4.951,203.0,4.961,195.0,4.967,61.0,4.976,62.0,23.7516,24.39421,24.44433,23.5726,30.16353190495932,26.63529,24.70209,25.20866,23.80709,24.5,26.5,25.5,24.0,24.5,0.0,910.25,,2.0,0.0,0.0,77.180115,77.180115,77.180115,77.180115,77.180115,77.180115,77.180115,77.180115,77.180115,77.180115,77.180115,77.180115,77.180115,77.180115,77.180115,77.180115,74.309649,74.309649,74.309649,74.309649,0.0,0.0,100.0,101.0,102.0,101.0,101.0,112.512,3027.006,542.929,1005.0529999999999,308.512,True,True,T1_obdh_ramp_accel
2026-12-03 12:18:49.325,5.0,0.0,0.0,2.0,,0.0,0.0,9.0,0.0,0.0,0.0,1.0,1.0,0.0,0.0,2.478,0.0,0.0,0.0,7.2909999999995625,-399.0,0.0,7.17299999999854,426.0,0.0,0.0,4.981,109.0,4.981,107.0,0.681,0.0,4.95,195.0,4.962,190.0,4.967,60.0,4.976,62.0,23.7695,24.396,24.4497,23.57976,30.244082355162803,26.65677,24.71104,25.21224,23.8053,24.5,26.5,25.5,23.5,24.5,0.0,910.25,,2.0,0.0,0.0,77.180115,77.180115,77.180115,77.180115,77.180115,77.180115,77.180115,77.180115,77.180115,77.180115,77.180115,77.180115,77.180115,77.180115,77.180115,77.180115,74.309649,74.309649,74.309649,74.309649,0.0,0.0,100.0,101.0,102.0,101.0,101.0,113.063,3055.698,542.929,965.25,308.512,True,True,T1_obdh_ramp_accel
2026-12-03 12:18:49.777,5.0,0.0,0.0,2.0,,0.0,0.0,9.0,0.0,0.0,0.0,1.0,1.0,0.0,0.0,2.478,0.0,0.0,0.0,7.290999999999748,-399.0,0.0,7.164999999999159,450.0,0.0,0.0,4.981,105.0,4.981,271.0,0.682,0.0,4.951,202.0,4.963,198.0,4.966,41.0,4.975,60.0,23.76234,24.40495,24.44612,23.58334,30.31016003845132,26.65856,24.71283,25.22477,23.80888,24.5,26.5,25.5,23.5,24.5,0.0,910.25,,2.0,0.0,0.0,77.180115,77.180115,77.180115,77.180115,77.180115,77.180115,77.180115,77.180115,77.180115,77.180115,77.180115,77.180115,77.180115,77.180115,77.180115,77.180115,74.309649,74.309649,74.309649,74.309649,0.0,0.0,100.0,101.0,102.0,101.0,101.0,113.515,3224.25,523.005,1000.102,298.5,True,True,T1_obdh_ramp_accel
2026-12-03 12:18:50.477,5.0,0.0,0.0,2.0,,0.0,0.0,9.0,0.0,0.0,0.0,1.0,1.0,0.0,0.0,2.748,0.0,0.0,0.0,7.288999999999855,-405.0,0.0,7.170999999999518,435.0,0.0,0.0,4.982,106.0,4.981,111.0,0.683,0.0,4.95,192.0,4.961,190.0,4.966,46.0,4.975,60.0,23.76055,24.40495,24.44612,23.58155,30.412492733809643,26.66572,24.70388,25.2194,23.8053,24.5,26.5,25.5,23.5,24.5,0.0,910.25,,2.0,0.0,0.0,77.180115,77.180115,77.180115,77.180115,77.180115,77.180115,77.180115,77.180115,77.180115,77.180115,77.180115,77.180115,77.180115,77.180115,77.180115,77.180115,74.309649,74.309649,74.309649,74.309649,0.0,0.0,100.0,101.0,102.0,101.0,101.0,114.215,3119.385,528.092,950.4000000000001,298.5,True,True,T1_obdh_ramp_accel
2026-12-03 12:18:50.828,5.0,0.0,0.0,2.0,,0.0,0.0,9.0,0.0,0.0,0.0,1.0,1.0,0.0,0.0,2.748,0.0,0.0,0.0,7.288999999999917,-405.0,0.0,7.170999999999726,430.0,0.0,0.0,4.981,109.0,4.981,270.0,0.681,1.0,4.951,193.0,4.96,196.0,4.966,44.0,4.975,60.0,23.7516,24.39958,24.45328,23.57976,30.4638052710536,26.67646,24.71999,25.21761,23.81067,24.5,26.5,25.5,24.0,24.5,0.0,910.25,,2.0,0.0,0.0,77.180115,77.180115,77.180115,77.180115,77.180115,77.180115,77.180115,77.180115,77.180115,77.180115,77.180115,77.180115,77.180115,77.180115,77.180115,77.180115,74.309649,74.309649,74.309649,74.309649,0.0,0.0,100.0,101.0,102.0,101.0,101.0,114.566,3083.53,542.929,955.5429999999999,298.5,True,True,T1_obdh_ramp_accel
2026-12-03 12:18:51.278,5.0,0.0,0.0,2.0,,0.0,0.0,9.0,0.0,0.0,0.0,1.0,1.0,0.0,0.0,2.748,0.0,0.0,0.0,7.288999999999953,-405.0,0.0,7.1699999999998445,435.0,0.0,0.0,4.982,106.0,4.981,110.0,0.681,1.0,4.951,195.0,4.961,193.0,4.967,42.0,4.975,60.0,23.75518,24.4139,24.44254,23.57976,30.529590575212524,26.67825,24.7182,25.22298,23.81783,24.5,26.5,25.5,24.0,24.5,0.0,910.25,,2.0,0.0,0.0,77.180115,77.180115,77.180115,77.180115,77.180115,77.180115,77.180115,77.180115,77.180115,77.180115,77.180115,77.180115,77.180115,77.180115,77.180115,77.180115,74.309649,74.309649,74.309649,74.309649,0.0,0.0,100.0,101.0,102.0,101.0,101.0,115.016,3118.95,528.092,965.4449999999999,298.5,True,True,T1_obdh_ramp_accel
2026-12-03 12:18:51.980,5.0,0.0,0.0,2.0,,0.0,0.0,9.0,0.0,0.0,0.0,1.0,1.0,0.0,0.0,2.748,1.0,0.0,0.0,7.288999999999973,-405.0,0.0,7.170999999999912,428.0,0.0,0.0,4.982,107.0,4.98,271.0,0.681,0.0,4.951,191.0,4.96,188.0,4.966,41.0,4.975,58.0,23.75876,24.41211,24.44791,23.58513,30.632215649700445,26.68362,24.71999,25.2194,23.80888,24.5,26.5,25.5,24.0,24.5,0.0,910.25,,2.0,0.0,0.0,77.180115,77.180115,77.180115,77.180115,77.180115,77.180115,77.180115,77.180115,77.180115,77.180115,77.180115,77.180115,77.180115,77.180115,77.180115,77.180115,74.309649,74.309649,74.309649,74.309649,0.0,0.0,100.0,101.0,102.0,101.0,101.0,115.718,3069.188,533.0740000000001,945.641,288.54999999999995,True,True,T1_obdh_ramp_accel
2026-12-03 12:18:52.330,5.0,0.0,0.0,2.0,,0.0,0.0,9.0,0.0,0.0,0.0,1.0,1.0,0.0,0.0,2.748,0.0,0.0,0.0,7.288999999999985,-405.0,0.0,7.171999999999951,437.0,0.0,0.0,4.982,107.0,4.981,111.0,0.682,0.0,4.952,192.0,4.962,197.0,4.967,43.0,4.975,58.0,23.75697,24.40674,24.45865,23.5905,30.683381997379605,26.71763,24.7182,25.23193,23.81246,24.5,26.5,25.5,24.0,24.5,0.0,910.25,,2.0,0.0,0.0,77.180115,77.180115,77.180115,77.180115,77.180115,77.180115,77.180115,77.180115,77.180115,77.180115,77.180115,77.180115,77.180115,77.180115,77.180115,77.180115,74.309649,74.309649,74.309649,74.309649,0.0,0.0,100.0,101.0,102.0,101.0,101.0,116.068,3134.1639999999998,533.0740000000001,950.784,288.54999999999995,True,True,T1_obdh_ramp_accel
2026-12-03 12:18:52.780,5.0,0.0,0.0,2.0,,0.0,0.0,9.0,0.0,0.0,0.0,1.0,1.0,0.0,0.0,2.591,0.0,0.0,0.0,7.287999999999992,-426.0,0.0,7.171999999999972,430.0,0.0,0.0,4.982,107.0,4.981,110.0,0.681,0.0,4.952,191.0,4.96,191.0,4.967,43.0,4.975,58.0,23.75876,24.40316,24.46044,23.58513,30.749167301538527,26.71584,24.72357,25.22835,23.81246,24.5,26.5,25.5,24.0,24.5,0.0,910.25,,2.0,0.0,0.0,77.180115,77.180115,77.180115,77.180115,77.180115,77.180115,77.180115,77.180115,77.180115,77.180115,77.180115,77.180115,77.180115,77.180115,77.180115,77.180115,74.309649,74.309649,74.309649,74.309649,0.0,0.0,100.0,101.0,102.0,101.0,101.0,116.518,3083.96,533.0740000000001,945.832,288.54999999999995,True,True,T1_obdh_ramp_accel
2026-12-03 12:18:53.482,5.0,0.0,0.0,2.0,,0.0,0.0,9.0,0.0,0.0,0.0,1.0,1.0,0.0,0.0,2.358,0.0,0.0,0.0,7.2869999999999955,-423.0,0.0,7.170999999999985,436.0,0.0,0.0,4.982,107.0,4.981,270.0,0.681,1.0,4.952,187.0,4.958,192.0,4.967,43.0,4.975,58.0,23.76055,24.41569,24.45507,23.5905,30.851792376026445,26.72479,24.72536,25.24088,23.80172,24.5,26.5,25.5,24.0,24.5,0.0,910.25,,2.0,0.0,0.0,77.180115,77.180115,77.180115,77.180115,77.180115,77.180115,77.180115,77.180115,77.180115,77.180115,77.180115,77.180115,77.180115,77.180115,77.180115,77.180115,74.309649,74.309649,74.309649,74.309649,0.0,0.0,100.0,101.0,102.0,101.0,101.0,117.22,3126.556,533.0740000000001,926.024,288.54999999999995,True,True,T1_obdh_ramp_accel
2026-12-03 12:18:53.832,5.0,0.0,0.0,2.0,,0.0,0.0,9.0,0.0,0.0,0.0,1.0,1.0,0.0,0.0,2.355,0.0,0.0,0.0,7.287999999999998,-435.0,0.0,7.171999999999992,430.0,0.0,0.0,4.981,106.0,4.981,271.0,0.683,0.0,4.952,190.0,4.962,196.0,4.966,47.0,4.975,61.0,23.76413,24.41211,24.46223,23.5905,30.902958723705606,26.71942,24.72894,25.24267,23.81425,24.5,26.5,25.5,23.5,24.5,0.0,910.25,,2.0,0.0,0.0,77.180115,77.180115,77.180115,77.180115,77.180115,77.180115,77.180115,77.180115,77.180115,77.180115,77.180115,77.180115,77.180115,77.180115,77.180115,77.180115,74.309649,74.309649,74.309649,74.309649,0.0,0.0,100.0,101.0,102.0,101.0,101.0,117.57,3083.96,527.986,940.88,303.47499999999997,True,True,T1_obdh_ramp_accel
2026-12-03 12:18:54.287,5.0,0.0,0.0,2.0,,0.0,0.0,9.0,0.0,0.0,0.0,1.0,1.0,0.0,0.0,2.353,0.0,0.0,0.0,7.2879999999999985,-435.0,0.0,7.1699999999999955,431.0,0.0,0.0,4.982,109.0,4.981,110.0,0.681,0.0,4.951,188.0,4.96,190.0,4.967,44.0,4.975,61.0,23.76234,24.41748,24.46044,23.59408,30.96947497568852,26.73195,24.72536,25.24267,23.81783,24.5,26.5,25.5,23.5,24.5,0.0,910.25,,2.0,0.0,0.0,77.180115,77.180115,77.180115,77.180115,77.180115,77.180115,77.180115,77.180115,77.180115,77.180115,77.180115,77.180115,77.180115,77.180115,77.180115,77.180115,74.309649,74.309649,74.309649,74.309649,0.0,0.0,100.0,101.0,102.0,101.0,101.0,118.025,3090.27,543.038,930.7879999999999,303.47499999999997,True,True,T1_obdh_ramp_accel
2026-12-03 12:18:54.983,5.0,0.0,0.0,2.0,,0.0,0.0,9.0,0.0,0.0,0.0,1.0,1.0,0.0,0.0,2.416,0.0,0.0,0.0,7.288999999999999,-430.0,0.0,7.171999999999997,432.0,0.0,0.0,4.981,107.0,4.98,110.0,0.681,0.0,4.951,185.0,4.962,198.0,4.966,44.0,4.975,61.0,23.76592,24.42106,24.45328,23.59945,31.07122291278765,26.73911,24.7361,25.24088,23.80888,24.5,26.5,25.5,23.5,24.5,0.0,910.25,,2.0,0.0,0.0,77.180115,77.180115,77.180115,77.180115,77.180115,77.180115,77.180115,77.180115,77.180115,77.180115,77.180115,77.180115,77.180115,77.180115,77.180115,77.180115,74.309649,74.309649,74.309649,74.309649,0.0,0.0,100.0,101.0,102.0,101.0,101.0,118.721,3098.304,532.967,915.935,303.47499999999997,True,True,T1_obdh_ramp_accel
2026-12-03 12:18:55.335,5.0,0.0,0.0,2.0,10.0,0.0,0.0,9.0,0.0,0.0,0.0,1.0,1.0,0.0,0.0,3.193,0.0,0.0,0.0,7.287,-428.0,0.0,7.1709999999999985,432.0,0.0,0.0,4.981,106.0,4.981,111.0,0.681,0.0,4.951,188.0,4.961,192.0,4.966,42.0,4.975,61.0,23.76413,24.42285,24.46044,23.59587,31.122681639596408,26.75164,24.73431,25.24446,23.81246,24.5,26.5,25.5,24.0,24.5,0.0,910.25,,2.0,0.0,0.0,77.180115,77.180115,77.180115,77.180115,77.180115,77.180115,77.180115,77.180115,77.180115,77.180115,77.180115,77.180115,77.180115,77.180115,77.180115,77.180115,74.309649,74.309649,74.309649,74.309649,0.0,0.0,100.0,101.0,102.0,101.0,101.0,119.073,3097.8720000000003,527.986,930.7879999999999,303.47499999999997,True,True,T1_obdh_ramp_accel
2026-12-03 12:18:55.787,5.0,0.0,0.0,2.0,10.0,0.0,0.0,9.0,0.0,0.0,0.0,1.0,1.0,0.0,0.0,3.38,0.0,0.0,0.0,7.289,-425.0,0.0,7.170999999999999,430.0,0.0,0.0,4.982,106.0,4.98,113.0,0.682,0.0,4.951,186.0,4.96,192.0,4.966,43.0,4.976,60.0,23.75518,24.40853,24.46581,23.59587,31.188759322884927,26.76417,24.74684,25.24983,23.81604,24.5,27.0,25.5,24.0,24.5,0.0,910.25,,2.0,0.0,0.0,77.180115,77.180115,77.180115,77.180115,77.180115,77.180115,77.180115,77.180115,77.180115,77.180115,77.180115,77.180115,77.180115,77.180115,77.180115,77.180115,74.309649,74.309649,74.309649,74.309649,0.0,0.0,100.0,101.0,102.0,101.0,101.0,119.525,3083.53,528.092,920.886,298.56,True,True,T1_obdh_ramp_accel
2026-12-03 12:18:56.488,5.0,0.0,0.0,2.0,11.0,0.0,0.0,9.0,0.0,0.0,0.0,1.0,1.0,0.0,0.0,3.319,0.0,0.0,0.0,7.288,-423.0,0.0,7.171,435.0,0.0,0.0,4.981,107.0,4.98,271.0,0.681,0.0,4.95,186.0,4.962,197.0,4.966,44.0,4.976,60.0,23.76234,24.41927,24.46581,23.59766,31.291238207808046,26.76596,24.73431,25.26057,23.81425,24.5,26.5,25.5,23.5,24.5,0.0,910.25,,2.0,0.0,0.0,77.180115,77.180115,77.180115,77.180115,77.180115,77.180115,77.180115,77.180115,77.180115,77.180115,77.180115,77.180115,77.180115,77.180115,77.180115,77.180115,74.309649,74.309649,74.309649,74.309649,0.0,0.0,100.0,101.0,102.0,101.0,101.0,120.226,3119.385,532.967,920.7,298.56,True,True,T1_obdh_ramp_accel
2026-12-03 12:18:56.838,5.0,0.0,0.0,2.0,11.0,0.0,0.0,9.0,0.0,0.0,0.0,1.0,1.0,0.0,0.0,3.337,0.0,0.0,0.0,7.29,-419.0,0.0,7.171,432.0,0.0,0.0,4.981,107.0,4.981,271.0,0.682,0.0,4.95,205.0,4.958,187.0,4.966,43.0,4.976,60.0,23.75876,24.42285,24.4676,23.59766,31.342404555487207,26.79281,24.74147,25.25162,23.81962,24.5,27.0,25.5,23.5,24.5,0.0,910.25,,2.0,0.0,0.0,77.180115,77.180115,77.180115,77.180115,77.180115,77.180115,77.180115,77.180115,77.180115,77.180115,77.180115,77.180115,77.180115,77.180115,77.180115,77.180115,74.309649,74.309649,74.309649,74.309649,0.0,0.0,100.0,101.0,102.0,101.0,101.0,120.576,3097.8720000000003,532.967,1014.75,298.56,True,True,T1_obdh_ramp_accel
2026-12-03 12:18:57.289,5.0,0.0,0.0,2.0,12.0,0.0,0.0,9.0,0.0,0.0,0.0,1.0,1.0,0.0,0.0,3.418,0.0,0.0,0.0,7.288,-418.0,0.0,7.171,436.0,0.0,0.0,4.982,266.0,4.981,110.0,0.681,0.0,4.95,188.0,4.962,195.0,4.965,43.0,4.976,60.0,23.75518,24.41569,24.4676,23.60303,31.40833604921093,26.78923,24.73968,25.24625,23.81962,24.5,27.0,25.5,24.0,24.5,0.0,910.25,,2.0,0.0,0.0,77.180115,77.180115,77.180115,77.180115,77.180115,77.180115,77.180115,77.180115,77.180115,77.180115,77.180115,77.180115,77.180115,77.180115,77.180115,77.180115,74.309649,74.309649,74.309649,74.309649,0.0,0.0,100.0,101.0,102.0,101.0,101.0,121.027,3126.556,1325.212,930.6,298.56,True,True,T1_obdh_ramp_accel
2026-12-03 12:18:57.990,5.0,0.0,0.0,2.0,12.0,0.0,0.0,9.0,0.0,0.0,0.0,1.0,1.0,0.0,0.0,3.419,0.0,0.0,0.0,7.29,-424.0,0.0,7.171,432.0,0.0,0.0,4.982,109.0,4.981,271.0,0.681,0.0,4.951,203.0,4.96,192.0,4.965,43.0,4.975,39.0,23.76055,24.41748,24.47118,23.59766,31.51081493413405,26.79997,24.74326,25.25878,23.81604,24.5,27.0,25.5,24.0,24.5,0.0,910.25,,2.0,0.0,0.0,77.180115,77.180115,77.180115,77.180115,77.180115,77.180115,77.180115,77.180115,77.180115,77.180115,77.180115,77.180115,77.180115,77.180115,77.180115,77.180115,74.309649,74.309649,74.309649,74.309649,0.0,0.0,100.0,101.0,102.0,101.0,101.0,121.728,3097.8720000000003,543.038,1005.0529999999999,194.02499999999998,True,True,T1_obdh_ramp_accel
2026-12-03 12:18:58.341,5.0,0.0,0.0,2.0,13.0,0.0,0.0,9.0,0.0,0.0,0.0,1.0,1.0,0.0,0.0,3.4,0.0,0.0,0.0,7.288,-411.0,0.0,7.17,435.0,0.0,0.0,4.981,109.0,4.981,271.0,0.682,0.0,4.95,183.0,4.961,195.0,4.967,43.0,4.975,39.0,23.75876,24.42822,24.4676,23.61019,31.56212747137801,26.81429,24.754,25.26415,23.82499,24.5,27.0,25.5,24.0,24.5,0.0,910.25,,2.0,0.0,0.0,77.180115,77.180115,77.180115,77.180115,77.180115,77.180115,77.180115,77.180115,77.180115,77.180115,77.180115,77.180115,77.180115,77.180115,77.180115,77.180115,74.309649,74.309649,74.309649,74.309649,0.0,0.0,100.0,101.0,102.0,101.0,101.0,122.079,3118.95,542.929,905.85,194.02499999999998,True,True,T1_obdh_ramp_accel
2026-12-03 12:18:58.793,5.0,0.0,0.0,2.0,13.0,0.0,0.0,9.0,0.0,0.0,0.0,1.0,1.0,0.0,0.0,3.4,0.0,0.0,0.0,7.291,-418.0,0.0,7.168,435.0,0.0,0.0,4.981,109.0,4.98,111.0,0.682,0.0,4.951,203.0,4.961,196.0,4.965,43.0,4.975,39.0,23.76055,24.42822,24.46581,23.6084,31.628205154666528,26.82324,24.75579,25.26415,23.82499,24.5,27.0,25.5,24.0,24.5,0.0,910.25,,2.0,0.0,0.0,77.180115,77.180115,77.180115,77.180115,77.180115,77.180115,77.180115,77.180115,77.180115,77.180115,77.180115,77.180115,77.180115,77.180115,77.180115,77.180115,74.309649,74.309649,74.309649,74.309649,0.0,0.0,100.0,101.0,102.0,101.0,101.0,122.531,3118.08,542.929,1005.0529999999999,194.02499999999998,True,True,T1_obdh_ramp_accel
2026-12-03 12:18:59.493,5.0,0.0,0.0,2.0,14.0,0.0,0.0,9.0,0.0,0.0,0.0,1.0,1.0,0.0,0.0,3.0,0.0,0.0,0.0,7.289,-436.0,0.0,7.171,433.0,0.0,0.0,4.981,266.0,4.981,110.0,0.682,0.0,4.95,186.0,4.958,187.0,4.965,41.0,4.975,39.0,23.76592,24.42285,24.4676,23.60124,31.73053785002485,26.82861,24.75221,25.27847,23.81604,24.5,27.0,25.5,24.0,24.5,0.0,910.25,,2.0,0.0,0.0,77.180115,77.180115,77.180115,77.180115,77.180115,77.180115,77.180115,77.180115,77.180115,77.180115,77.180115,77.180115,77.180115,77.180115,77.180115,77.180115,74.309649,74.309649,74.309649,74.309649,0.0,0.0,100.0,101.0,102.0,101.0,101.0,123.231,3105.043,1324.946,920.7,194.02499999999998,True,True,T1_obdh_ramp_accel
2026-12-03 12:18:59.844,5.0,0.0,0.0,2.0,14.0,0.0,0.0,9.0,0.0,0.0,0.0,1.0,1.0,0.0,0.0,3.422,0.0,0.0,0.0,7.289,-413.0,0.0,7.171,427.0,0.0,0.0,4.981,109.0,4.981,271.0,0.681,0.0,4.95,203.0,4.961,192.0,4.965,43.0,4.975,61.0,23.76413,24.42464,24.47118,23.61198,31.781850387268808,26.84472,24.76653,25.2731,23.82141,24.5,27.0,25.5,24.0,24.5,0.0,910.25,,2.0,0.0,0.0,77.180115,77.180115,77.180115,77.180115,77.180115,77.180115,77.180115,77.180115,77.180115,77.180115,77.180115,77.180115,77.180115,77.180115,77.180115,77.180115,74.309649,74.309649,74.309649,74.309649,0.0,0.0,100.0,101.0,102.0,101.0,101.0,123.582,3062.0170000000003,542.929,1004.85,303.47499999999997,True,True,T1_obdh_ramp_accel
2026-12-03 12:19:00.295,5.0,0.0,0.0,2.0,15.0,0.0,0.0,9.0,0.0,0.0,0.0,1.0,1.0,0.0,0.0,3.407,0.0,0.0,0.0,7.289,-413.0,0.0,7.168,435.0,0.0,0.0,4.981,109.0,4.981,114.0,0.682,0.0,4.95,188.0,4.961,195.0,4.967,44.0,4.975,61.0,23.75697,24.42464,24.47297,23.60124,31.847781880992528,26.85367,24.754,25.2731,23.82678,24.5,27.0,25.5,24.0,24.5,0.0,910.25,,2.0,0.0,0.0,77.180115,77.180115,77.180115,77.180115,77.180115,77.180115,77.180115,77.180115,77.180115,77.180115,77.180115,77.180115,77.180115,77.180115,77.180115,77.180115,74.309649,74.309649,74.309649,74.309649,0.0,0.0,100.0,101.0,102.0,101.0,101.0,124.033,3118.08,542.929,930.6,303.47499999999997,True,True,T1_obdh_ramp_accel
2026-12-03 12:19:00.997,5.0,0.0,0.0,2.0,15.0,0.0,0.0,9.0,0.0,0.0,0.0,1.0,1.0,0.0,0.0,3.413,1.0,0.0,0.0,7.289,-424.0,0.0,7.171,431.0,0.0,0.0,4.982,266.0,4.98,110.0,0.682,0.0,4.95,205.0,4.96,192.0,4.966,44.0,4.975,61.0,23.76771,24.43001,24.47834,23.61198,31.95040695548045,26.85188,24.76295,25.2731,23.82499,24.5,27.0,25.5,24.0,24.5,0.0,910.25,,2.0,0.0,0.0,77.180115,77.180115,77.180115,77.180115,77.180115,77.180115,77.180115,77.180115,77.180115,77.180115,77.180115,77.180115,77.180115,77.180115,77.180115,77.180115,74.309649,74.309649,74.309649,74.309649,0.0,0.0,100.0,101.0,102.0,101.0,101.0,124.735,3090.701,1325.212,1014.75,303.47499999999997,True,True,T1_obdh_ramp_accel
2026-12-03 12:19:01.346,5.0,0.0,0.0,2.0,16.0,0.0,0.0,9.0,0.0,0.0,0.0,1.0,1.0,0.0,0.0,3.347,0.0,0.0,0.0,7.288,-435.0,0.0,7.17,435.0,0.0,0.0,4.982,109.0,4.98,271.0,0.682,0.0,4.95,185.0,4.962,198.0,4.966,46.0,4.975,61.0,23.75339,24.4318,24.47118,23.6084,32.001427113594815,26.85904,24.76832,25.291,23.8232,24.5,27.0,25.5,24.0,24.5,0.0,910.25,,2.0,0.0,0.0,77.180115,77.180115,77.180115,77.180115,77.180115,77.180115,77.180115,77.180115,77.180115,77.180115,77.180115,77.180115,77.180115,77.180115,77.180115,77.180115,74.309649,74.309649,74.309649,74.309649,0.0,0.0,100.0,101.0,102.0,101.0,101.0,125.084,3118.95,543.038,915.75,303.47499999999997,True,True,T1_obdh_ramp_accel
2026-12-03 12:19:01.799,5.0,0.0,0.0,2.0,16.0,0.0,0.0,9.0,0.0,0.0,0.0,1.0,1.0,0.0,0.0,3.416,0.0,0.0,0.0,7.289,-433.0,0.0,7.17,432.0,0.0,0.0,4.981,107.0,4.98,111.0,0.681,0.0,4.951,203.0,4.96,187.0,4.966,41.0,4.975,60.0,23.75518,24.43896,24.4855,23.60661,32.06765098644813,26.87515,24.76653,25.27847,23.8232,24.5,27.0,25.5,24.0,24.5,0.0,910.25,,2.0,0.0,0.0,77.180115,77.180115,77.180115,77.180115,77.180115,77.180115,77.180115,77.180115,77.180115,77.180115,77.180115,77.180115,77.180115,77.180115,77.180115,77.180115,74.309649,74.309649,74.309649,74.309649,0.0,0.0,100.0,101.0,102.0,101.0,101.0,125.537,3097.44,532.967,1005.0529999999999,298.5,True,True,T1_obdh_ramp_accel
2026-12-03 12:19:02.497,5.0,0.0,0.0,2.0,17.0,0.0,0.0,9.0,0.0,0.0,0.0,1.0,1.0,0.0,0.0,3.417,0.0,0.0,0.0,7.289,-420.0,0.0,7.168,436.0,0.0,0.0,4.982,107.0,4.981,110.0,0.682,0.0,4.951,190.0,4.961,196.0,4.966,41.0,4.975,60.0,23.75697,24.44433,24.47118,23.61377,32.16969130267685,26.8841,24.76653,25.28742,23.82857,24.5,27.0,25.5,24.0,24.5,0.0,910.25,,2.0,0.0,0.0,77.180115,77.180115,77.180115,77.180115,77.180115,77.180115,77.180115,77.180115,77.180115,77.180115,77.180115,77.180115,77.180115,77.180115,77.180115,77.180115,74.309649,74.309649,74.309649,74.309649,0.0,0.0,100.0,101.0,102.0,101.0,101.0,126.235,3125.248,533.0740000000001,940.6899999999999,298.5,True,True,T1_obdh_ramp_accel
2026-12-03 12:19:02.846,5.0,0.0,0.0,2.0,17.0,0.0,0.0,9.0,0.0,0.0,0.0,1.0,1.0,0.0,0.0,3.054,0.0,0.0,0.0,7.289,-422.0,0.0,7.171,436.0,0.0,0.0,4.981,266.0,4.981,271.0,0.681,0.0,4.95,203.0,4.96,193.0,4.965,43.0,4.975,60.0,23.7516,24.43359,24.48729,23.61019,32.22071146079122,26.89484,24.78443,25.28384,23.83215,24.5,27.0,25.5,24.0,24.5,0.0,910.25,,2.0,0.0,0.0,77.180115,77.180115,77.180115,77.180115,77.180115,77.180115,77.180115,77.180115,77.180115,77.180115,77.180115,77.180115,77.180115,77.180115,77.180115,77.180115,74.309649,74.309649,74.309649,74.309649,0.0,0.0,100.0,101.0,102.0,101.0,101.0,126.584,3126.556,1324.946,1004.85,298.5,True,True,T1_obdh_ramp_accel
2026-12-03 12:19:03.297,5.0,0.0,0.0,2.0,18.0,0.0,0.0,9.0,0.0,0.0,0.0,1.0,1.0,0.0,0.0,3.078,0.0,0.0,0.0,7.287,-408.0,0.0,7.17,433.0,0.0,0.0,4.981,109.0,4.981,110.0,0.682,0.0,4.951,183.0,4.96,195.0,4.966,42.0,4.975,60.0,23.76234,24.43896,24.49803,23.60482,32.28664295451494,26.89484,24.77727,25.28384,23.82499,24.5,27.0,25.5,24.0,24.5,0.0,910.25,,2.0,0.0,0.0,77.180115,77.180115,77.180115,77.180115,77.180115,77.180115,77.180115,77.180115,77.180115,77.180115,77.180115,77.180115,77.180115,77.180115,77.180115,77.180115,74.309649,74.309649,74.309649,74.309649,0.0,0.0,100.0,101.0,102.0,101.0,101.0,127.035,3104.61,542.929,906.0329999999999,298.5,True,True,T1_obdh_ramp_accel
2026-12-03 12:19:03.999,5.0,0.0,0.0,2.0,18.0,0.0,0.0,9.0,0.0,0.0,0.0,1.0,1.0,0.0,0.0,2.022,0.0,0.0,0.0,7.288,-424.0,0.0,7.171,437.0,0.0,0.0,4.981,109.0,4.981,110.0,0.681,1.0,4.95,205.0,4.962,200.0,4.965,42.0,4.976,60.0,23.76413,24.45507,24.48192,23.6084,32.38926802900286,26.89663,24.78622,25.28384,23.82499,24.5,27.0,25.5,24.0,24.5,0.0,910.25,,2.0,0.0,0.0,77.180115,77.180115,77.180115,77.180115,77.180115,77.180115,77.180115,77.180115,77.180115,77.180115,77.180115,77.180115,77.180115,77.180115,77.180115,77.180115,74.309649,74.309649,74.309649,74.309649,0.0,0.0,100.0,101.0,102.0,101.0,101.0,127.737,3133.7270000000003,542.929,1014.75,298.56,True,True,T1_obdh_ramp_accel
2026-12-03 12:19:04.350,5.0,0.0,0.0,2.0,19.0,0.0,0.0,9.0,0.0,0.0,0.0,1.0,1.0,0.0,0.0,3.424,0.0,0.0,0.0,7.288,-412.0,0.0,7.168,436.0,0.0,0.0,4.981,107.0,4.981,111.0,0.681,1.0,4.948,185.0,4.96,191.0,4.966,47.0,4.976,60.0,23.7695,24.43538,24.48013,23.61556,32.440580566246815,26.91274,24.78801,25.28742,23.83036,24.5,27.0,25.5,24.0,24.5,0.0,910.25,,2.0,0.0,0.0,77.180115,77.180115,77.180115,77.180115,77.180115,77.180115,77.180115,77.180115,77.180115,77.180115,77.180115,77.180115,77.180115,77.180115,77.180115,77.180115,74.309649,74.309649,74.309649,74.309649,0.0,0.0,100.0,101.0,102.0,101.0,101.0,128.088,3125.248,532.967,915.3800000000001,298.56,True,True,T1_obdh_ramp_accel
2026-12-03 12:19:04.801,5.0,0.0,0.0,2.0,19.0,0.0,0.0,9.0,0.0,0.0,0.0,1.0,1.0,0.0,0.0,2.05,0.0,0.0,0.0,7.288,-434.0,0.0,7.17,430.0,0.0,0.0,4.982,267.0,4.981,110.0,0.681,0.0,4.951,205.0,4.96,191.0,4.967,43.0,4.976,60.0,23.7516,24.43896,24.48013,23.61198,32.50651205997054,26.91632,24.78801,25.291,23.83215,24.5,27.0,25.5,24.0,24.5,0.0,910.25,,2.0,0.0,0.0,77.180115,77.180115,77.180115,77.180115,77.180115,77.180115,77.180115,77.180115,77.180115,77.180115,77.180115,77.180115,77.180115,77.180115,77.180115,77.180115,74.309649,74.309649,74.309649,74.309649,0.0,0.0,100.0,101.0,102.0,101.0,101.0,128.539,3083.1,1330.194,1014.9549999999999,298.56,True,True,T1_obdh_ramp_accel
2026-12-03 12:19:05.502,5.0,0.0,0.0,2.0,,0.0,0.0,9.0,0.0,0.0,0.0,1.0,1.0,0.0,0.0,3.37,0.0,0.0,0.0,7.288,-425.0,0.0,7.168,438.0,0.0,0.0,4.982,267.0,4.981,271.0,0.68,0.0,4.95,186.0,4.961,196.0,4.966,42.0,4.976,60.0,23.75876,24.44075,24.49087,23.61198,32.60899094489366,26.93243,24.78264,25.28384,23.82857,24.5,27.0,25.5,24.0,24.5,0.0,910.25,,2.0,0.0,0.0,77.180115,77.180115,77.180115,77.180115,77.180115,77.180115,77.180115,77.180115,77.180115,77.180115,77.180115,77.180115,77.180115,77.180115,77.180115,77.180115,74.309649,74.309649,74.309649,74.309649,0.0,0.0,100.0,101.0,102.0,101.0,101.0,129.24,3139.5840000000003,1330.194,920.7,298.56,True,True,T1_obdh_ramp_accel
2026-12-03 12:19:05.852,5.0,0.0,0.0,2.0,,0.0,0.0,9.0,0.0,0.0,0.0,1.0,1.0,0.0,0.0,3.09,0.0,0.0,0.0,7.29,-430.0,0.0,7.171,431.0,0.0,0.0,4.981,107.0,4.981,111.0,0.682,0.0,4.95,202.0,4.96,191.0,4.967,41.0,4.975,60.0,23.75697,24.44433,24.4855,23.60482,32.66015729257282,26.93243,24.79338,25.29816,23.83394,24.5,27.0,25.5,24.0,24.5,0.0,910.25,,2.0,0.0,0.0,77.180115,77.180115,77.180115,77.180115,77.180115,77.180115,77.180115,77.180115,77.180115,77.180115,77.180115,77.180115,77.180115,77.180115,77.180115,77.180115,74.309649,74.309649,74.309649,74.309649,0.0,0.0,100.0,101.0,102.0,101.0,101.0,129.59,3090.701,532.967,999.9000000000001,298.5,True,True,T1_obdh_ramp_accel
2026-12-03 12:19:06.303,5.0,0.0,0.0,2.0,,0.0,0.0,9.0,0.0,0.0,0.0,1.0,1.0,0.0,0.0,2.045,0.0,0.0,0.0,7.288,-425.0,0.0,7.171,432.0,0.0,0.0,4.981,109.0,4.98,110.0,0.683,0.0,4.95,186.0,4.962,196.0,4.966,43.0,4.975,60.0,23.75697,24.44433,24.48729,23.61914,32.72608878629654,26.95391,24.79338,25.29816,23.83573,24.5,27.0,25.5,24.0,24.5,0.0,910.25,,2.0,0.0,0.0,77.180115,77.180115,77.180115,77.180115,77.180115,77.180115,77.180115,77.180115,77.180115,77.180115,77.180115,77.180115,77.180115,77.180115,77.180115,77.180115,74.309649,74.309649,74.309649,74.309649,0.0,0.0,100.0,101.0,102.0,101.0,101.0,130.041,3097.8720000000003,542.929,920.7,298.5,True,True,T1_obdh_ramp_accel
2026-12-03 12:19:06.752,5.0,0.0,0.0,2.0,,0.0,0.0,9.0,0.0,0.0,0.0,1.0,1.0,0.0,0.0,2.059,0.0,0.0,0.0,7.288,-409.0,0.0,7.17,433.0,0.0,0.0,4.982,266.0,4.98,271.0,0.681,0.0,4.951,198.0,4.96,192.0,4.966,42.0,4.975,60.0,23.75876,24.44075,24.4855,23.61019,32.79172790089067,26.95928,24.7898,25.30174,23.83215,24.5,27.0,25.5,24.0,24.5,0.0,910.25,,2.0,0.0,0.0,77.180115,77.180115,77.180115,77.180115,77.180115,77.180115,77.180115,77.180115,77.180115,77.180115,77.180115,77.180115,77.180115,77.180115,77.180115,77.180115,74.309649,74.309649,74.309649,74.309649,0.0,0.0,100.0,101.0,102.0,101.0,101.0,130.49,3104.61,1325.212,980.2979999999999,298.5,True,True,T1_obdh_ramp_accel
2026-12-03 12:19:07.304,5.0,0.0,0.0,2.0,,0.0,0.0,9.0,0.0,0.0,0.0,1.0,1.0,0.0,0.0,2.039,0.0,0.0,0.0,7.287,-410.0,0.0,7.17,436.0,0.0,0.0,4.981,266.0,4.98,110.0,0.682,1.0,4.951,202.0,4.958,195.0,4.966,43.0,4.975,60.0,23.75697,24.44612,24.48729,23.62093,32.87242454065895,26.96465,24.80233,25.30532,23.83036,24.5,27.0,25.5,24.0,24.5,0.0,910.25,,2.0,0.0,0.0,77.180115,77.180115,77.180115,77.180115,77.180115,77.180115,77.180115,77.180115,77.180115,77.180115,77.180115,77.180115,77.180115,77.180115,77.180115,77.180115,74.309649,74.309649,74.309649,74.309649,0.0,0.0,100.0,101.0,102.0,101.0,101.0,131.042,3126.12,1324.946,1000.102,298.5,True,True,T1_obdh_ramp_accel
2026-12-03 12:19:07.755,5.0,0.0,0.0,2.0,,0.0,0.0,9.0,0.0,0.0,0.0,1.0,1.0,0.0,0.0,2.067,0.0,0.0,0.0,7.289,-419.0,0.0,7.17,435.0,0.0,0.0,4.981,109.0,4.982,270.0,0.682,1.0,4.95,200.0,4.961,197.0,4.966,44.0,4.975,58.0,23.75339,24.44254,24.49445,23.61914,32.938356034382664,26.95928,24.79696,25.3089,23.82857,24.5,27.0,25.5,24.0,24.5,0.0,910.25,,2.0,0.0,0.0,77.180115,77.180115,77.180115,77.180115,77.180115,77.180115,77.180115,77.180115,77.180115,77.180115,77.180115,77.180115,77.180115,77.180115,77.180115,77.180115,74.309649,74.309649,74.309649,74.309649,0.0,0.0,100.0,101.0,102.0,101.0,101.0,131.493,3118.95,542.929,990.0,288.54999999999995,True,True,T1_obdh_ramp_accel
2026-12-03 12:19:08.307,5.0,0.0,0.0,2.0,,0.0,0.0,9.0,0.0,0.0,0.0,1.0,1.0,0.0,0.0,3.105,0.0,0.0,0.0,7.289,-406.0,0.0,7.168,438.0,0.0,0.0,4.981,109.0,4.98,110.0,0.682,0.0,4.951,200.0,4.96,191.0,4.966,44.0,4.975,58.0,23.76771,24.45149,24.48908,23.62451,33.01905267415094,26.95928,24.80591,25.31069,23.83215,24.5,27.0,25.5,24.0,24.5,0.0,910.25,,2.0,0.0,0.0,77.180115,77.180115,77.180115,77.180115,77.180115,77.180115,77.180115,77.180115,77.180115,77.180115,77.180115,77.180115,77.180115,77.180115,77.180115,77.180115,74.309649,74.309649,74.309649,74.309649,0.0,0.0,100.0,101.0,102.0,101.0,101.0,132.045,3139.5840000000003,542.929,990.1999999999999,288.54999999999995,True,True,T1_obdh_ramp_accel
2026-12-03 12:19:08.757,5.0,0.0,0.0,2.0,,0.0,0.0,9.0,0.0,0.0,0.0,1.0,1.0,0.0,0.0,2.064,0.0,0.0,0.0,7.288,-422.0,0.0,7.171,432.0,0.0,0.0,4.981,266.0,4.981,113.0,0.682,0.0,4.951,198.0,4.961,201.0,4.965,44.0,4.975,58.0,23.75339,24.4497,24.48729,23.61377,33.084837978309864,26.98434,24.81128,25.29816,23.83215,24.5,27.0,25.5,24.0,24.5,0.0,910.25,,2.0,0.0,0.0,77.180115,77.180115,77.180115,77.180115,77.180115,77.180115,77.180115,77.180115,77.180115,77.180115,77.180115,77.180115,77.180115,77.180115,77.180115,77.180115,74.309649,74.309649,74.309649,74.309649,0.0,0.0,100.0,101.0,102.0,101.0,101.0,132.495,3097.8720000000003,1324.946,980.2979999999999,288.54999999999995,True,True,T1_obdh_ramp_accel
2026-12-03 12:19:09.458,5.0,0.0,0.0,2.0,,0.0,0.0,9.0,0.0,0.0,0.0,1.0,1.0,0.0,0.0,3.114,0.0,0.0,0.0,7.288,-412.0,0.0,7.17,437.0,0.0,0.0,4.981,109.0,4.981,110.0,0.681,1.0,4.951,197.0,4.961,192.0,4.966,43.0,4.975,58.0,23.76055,24.45686,24.49087,23.62093,33.18731686323299,26.99687,24.79696,25.31606,23.82857,24.5,27.0,25.5,24.0,24.5,0.0,910.25,,2.0,0.0,0.0,77.180115,77.180115,77.180115,77.180115,77.180115,77.180115,77.180115,77.180115,77.180115,77.180115,77.180115,77.180115,77.180115,77.180115,77.180115,77.180115,74.309649,74.309649,74.309649,74.309649,0.0,0.0,100.0,101.0,102.0,101.0,101.0,133.196,3133.29,542.929,975.347,288.54999999999995,True,True,T1_obdh_ramp_accel
2026-12-03 12:19:09.808,5.0,0.0,0.0,2.0,,0.0,0.0,9.0,0.0,0.0,0.0,1.0,1.0,0.0,0.0,3.125,0.0,0.0,0.0,7.288,-417.0,0.0,7.17,433.0,0.0,0.0,4.981,266.0,4.981,271.0,0.682,0.0,4.951,196.0,4.96,195.0,4.966,42.0,4.976,58.0,23.7516,24.45686,24.49445,23.62809,33.23848321091215,27.00224,24.81128,25.32322,23.83036,24.5,27.0,25.5,24.0,24.5,0.0,910.25,,2.0,0.0,0.0,77.180115,77.180115,77.180115,77.180115,77.180115,77.180115,77.180115,77.180115,77.180115,77.180115,77.180115,77.180115,77.180115,77.180115,77.180115,77.180115,74.309649,74.309649,74.309649,74.309649,0.0,0.0,100.0,101.0,102.0,101.0,101.0,133.546,3104.61,1324.946,970.396,288.608,True,True,T1_obdh_ramp_accel
2026-12-03 12:19:10.259,5.0,0.0,0.0,2.0,,0.0,0.0,9.0,0.0,0.0,0.0,1.0,1.0,0.0,0.0,3.39,0.0,0.0,0.0,7.289,-412.0,0.0,7.17,435.0,0.0,0.0,4.981,266.0,4.981,271.0,0.682,0.0,4.951,193.0,4.962,197.0,4.966,46.0,4.976,58.0,23.76234,24.4497,24.50161,23.61914,33.30441470463587,27.02551,24.81307,25.32322,23.83573,24.5,27.0,25.5,24.0,24.5,0.0,910.25,,2.0,0.0,0.0,77.180115,77.180115,77.180115,77.180115,77.180115,77.180115,77.180115,77.180115,77.180115,77.180115,77.180115,77.180115,77.180115,77.180115,77.180115,77.180115,74.309649,74.309649,74.309649,74.309649,0.0,0.0,100.0,101.0,102.0,101.0,101.0,133.997,3118.95,1324.946,955.5429999999999,288.608,True,True,T1_obdh_ramp_accel
2026-12-03 12:19:10.810,5.0,0.0,0.0,2.0,,0.0,0.0,9.0,0.0,0.0,0.0,1.0,1.0,0.0,0.0,3.117,0.0,0.0,0.0,7.288,-421.0,0.0,7.171,430.0,0.0,0.0,4.982,266.0,4.981,110.0,0.682,1.0,4.951,192.0,4.96,192.0,4.966,42.0,4.976,58.0,23.76771,24.45507,24.5034,23.63167,33.38496515483935,27.02909,24.81307,25.31248,23.83752,24.5,27.0,25.5,24.0,24.5,0.0,910.25,,2.0,0.0,0.0,77.180115,77.180115,77.180115,77.180115,77.180115,77.180115,77.180115,77.180115,77.180115,77.180115,77.180115,77.180115,77.180115,77.180115,77.180115,77.180115,74.309649,74.309649,74.309649,74.309649,0.0,0.0,100.0,101.0,102.0,101.0,101.0,134.548,3083.53,1325.212,950.5919999999999,288.608,True,True,T1_obdh_ramp_accel
2026-12-03 12:19:11.260,5.0,0.0,0.0,2.0,20.0,0.0,0.0,9.0,0.0,0.0,0.0,1.0,1.0,0.0,0.0,3.129,0.0,0.0,0.0,7.288,-429.0,0.0,7.17,432.0,0.0,0.0,4.981,266.0,4.98,271.0,0.682,0.0,4.951,193.0,4.962,193.0,4.966,44.0,4.976,58.0,23.75697,24.45686,24.50519,23.62093,33.45075045899827,27.02372,24.82023,25.33217,23.83931,24.5,27.0,25.5,24.0,24.5,0.0,910.25,,2.0,0.0,0.0,77.180115,77.180115,77.180115,77.180115,77.180115,77.180115,77.180115,77.180115,77.180115,77.180115,77.180115,77.180115,77.180115,77.180115,77.180115,77.180115,74.309649,74.309649,74.309649,74.309649,0.0,0.0,100.0,101.0,102.0,101.0,101.0,134.998,3097.44,1324.946,955.5429999999999,288.608,True,True,T1_obdh_ramp_accel
2026-12-03 12:19:11.814,5.0,0.0,0.0,2.0,20.0,0.0,0.0,9.0,0.0,0.0,0.0,1.0,1.0,0.0,0.0,3.393,0.0,0.0,0.0,7.287,-403.0,0.0,7.17,430.0,0.0,0.0,4.981,109.0,4.981,110.0,0.681,0.0,4.951,193.0,4.962,195.0,4.966,44.0,4.976,61.0,23.75339,24.46044,24.5034,23.63346,33.53173947789614,27.04162,24.81844,25.32501,23.82678,24.5,27.0,25.5,24.0,24.5,0.0,910.25,,2.0,0.0,0.0,77.180115,77.180115,77.180115,77.180115,77.180115,77.180115,77.180115,77.180115,77.180115,77.180115,77.180115,77.180115,77.180115,77.180115,77.180115,77.180115,74.309649,74.309649,74.309649,74.309649,0.0,0.0,100.0,101.0,102.0,101.0,101.0,135.552,3083.1,542.929,955.5429999999999,303.536,True,True,T1_obdh_ramp_accel
2026-12-03 12:19:12.263,5.0,0.0,0.0,2.0,21.0,0.0,0.0,9.0,0.0,0.0,0.0,1.0,1.0,0.0,0.0,3.145,0.0,0.0,0.0,7.288,-416.0,0.0,7.17,436.0,0.0,0.0,4.981,266.0,4.98,110.0,0.682,0.0,4.951,195.0,4.96,190.0,4.967,43.0,4.976,61.0,23.75876,24.44612,24.49624,23.63167,33.59737859249027,27.05594,24.81844,25.33217,23.83394,24.5,27.0,25.5,24.0,24.5,0.0,910.25,,2.0,0.0,0.0,77.180115,77.180115,77.180115,77.180115,77.180115,77.180115,77.180115,77.180115,77.180115,77.180115,77.180115,77.180115,77.180115,77.180115,77.180115,77.180115,74.309649,74.309649,74.309649,74.309649,0.0,0.0,100.0,101.0,102.0,101.0,101.0,136.001,3126.12,1324.946,965.4449999999999,303.536,True,True,T1_obdh_ramp_accel
2026-12-03 12:19:12.965,5.0,0.0,0.0,2.0,21.0,0.0,0.0,9.0,0.0,0.0,0.0,1.0,1.0,0.0,0.0,3.141,0.0,0.0,0.0,7.288,-420.0,0.0,7.172,431.0,0.0,0.0,4.981,109.0,4.981,271.0,0.682,0.0,4.952,203.0,4.961,200.0,4.966,43.0,4.976,61.0,23.75518,24.46939,24.50698,23.62988,33.70000366697819,27.05594,24.82381,25.33217,23.84826,24.5,27.0,25.5,24.0,24.5,0.0,910.25,,2.0,0.0,0.0,77.180115,77.180115,77.180115,77.180115,77.180115,77.180115,77.180115,77.180115,77.180115,77.180115,77.180115,77.180115,77.180115,77.180115,77.180115,77.180115,74.309649,74.309649,74.309649,74.309649,0.0,0.0,100.0,101.0,102.0,101.0,101.0,136.703,3091.132,542.929,1005.256,303.536,True,True,T1_obdh_ramp_accel
2026-12-03 12:19:13.316,5.0,0.0,0.0,2.0,22.0,0.0,0.0,9.0,0.0,0.0,0.0,1.0,1.0,0.0,0.0,3.149,0.0,0.0,0.0,7.288,-408.0,0.0,7.171,435.0,0.0,0.0,4.981,109.0,4.98,271.0,0.682,0.0,4.951,197.0,4.96,188.0,4.966,42.0,4.976,61.0,23.75876,24.45686,24.50519,23.6263,33.75131620422215,27.05236,24.83276,25.33396,23.84647,24.5,27.0,25.5,24.0,24.5,0.0,910.25,,2.0,0.0,0.0,77.180115,77.180115,77.180115,77.180115,77.180115,77.180115,77.180115,77.180115,77.180115,77.180115,77.180115,77.180115,77.180115,77.180115,77.180115,77.180115,74.309649,74.309649,74.309649,74.309649,0.0,0.0,100.0,101.0,102.0,101.0,101.0,137.054,3119.385,542.929,975.347,303.536,True,True,T1_obdh_ramp_accel
2026-12-03 12:19:13.766,5.0,0.0,0.0,2.0,22.0,0.0,0.0,9.0,0.0,0.0,0.0,1.0,1.0,0.0,0.0,3.143,0.0,0.0,0.0,7.288,-419.0,0.0,7.17,431.0,0.0,0.0,4.981,109.0,4.98,110.0,0.682,0.0,4.952,205.0,4.96,197.0,4.966,43.0,4.976,60.0,23.75697,24.47297,24.50698,23.6263,33.817101508381064,27.07026,24.83276,25.33396,23.83931,24.5,27.0,25.5,24.0,24.5,0.0,910.25,,2.0,0.0,0.0,77.180115,77.180115,77.180115,77.180115,77.180115,77.180115,77.180115,77.180115,77.180115,77.180115,77.180115,77.180115,77.180115,77.180115,77.180115,77.180115,74.309649,74.309649,74.309649,74.309649,0.0,0.0,100.0,101.0,102.0,101.0,101.0,137.504,3090.27,542.929,1015.16,298.56,True,True,T1_obdh_ramp_accel
2026-12-03 12:19:14.468,5.0,0.0,0.0,2.0,23.0,0.0,0.0,9.0,0.0,0.0,0.0,1.0,1.0,0.0,0.0,3.152,0.0,0.0,0.0,7.287,-426.0,0.0,7.17,433.0,0.0,0.0,4.981,107.0,4.981,271.0,0.681,1.0,4.95,195.0,4.96,193.0,4.966,43.0,4.976,60.0,23.7516,24.46939,24.51056,23.63704,33.91972658286899,27.07205,24.83455,25.34291,23.84647,24.5,27.0,25.5,24.0,24.5,0.0,910.25,,2.0,0.0,0.0,77.180115,77.180115,77.180115,77.180115,77.180115,77.180115,77.180115,77.180115,77.180115,77.180115,77.180115,77.180115,77.180115,77.180115,77.180115,77.180115,74.309649,74.309649,74.309649,74.309649,0.0,0.0,100.0,101.0,102.0,101.0,101.0,138.206,3104.61,532.967,965.25,298.56,True,True,T1_obdh_ramp_accel
2026-12-03 12:19:14.816,5.0,0.0,0.0,2.0,23.0,0.0,0.0,9.0,0.0,0.0,0.0,1.0,1.0,0.0,0.0,3.135,0.0,0.0,0.0,7.288,-405.0,0.0,7.17,430.0,0.0,0.0,4.981,266.0,4.98,271.0,0.682,0.0,4.951,203.0,4.96,190.0,4.966,44.0,4.976,60.0,23.76055,24.4676,24.51235,23.6263,33.970600551418556,27.09711,24.8256,25.34291,23.85005,24.5,27.0,26.0,24.0,24.5,0.0,910.25,,2.0,0.0,0.0,77.180115,77.180115,77.180115,77.180115,77.180115,77.180115,77.180115,77.180115,77.180115,77.180115,77.180115,77.180115,77.180115,77.180115,77.180115,77.180115,74.309649,74.309649,74.309649,74.309649,0.0,0.0,100.0,101.0,102.0,101.0,101.0,138.554,3083.1,1324.946,1005.0529999999999,298.56,True,True,T1_obdh_ramp_accel
2026-12-03 12:19:15.266,5.0,0.0,0.0,2.0,24.0,0.0,0.0,9.0,0.0,0.0,0.0,1.0,1.0,0.0,0.0,2.114,0.0,0.0,0.0,7.286,-405.0,0.0,7.17,432.0,0.0,0.0,4.981,109.0,4.98,271.0,0.682,0.0,4.948,196.0,4.961,196.0,4.965,42.0,4.976,60.0,23.75697,24.46223,24.51414,23.63346,34.03638585557748,27.09532,24.83992,25.34112,23.85363,24.5,27.0,26.0,24.0,24.5,0.0,910.25,,2.0,0.0,0.0,77.180115,77.180115,77.180115,77.180115,77.180115,77.180115,77.180115,77.180115,77.180115,77.180115,77.180115,77.180115,77.180115,77.180115,77.180115,77.180115,74.309649,74.309649,74.309649,74.309649,0.0,0.0,100.0,101.0,102.0,101.0,101.0,139.004,3097.44,542.929,969.8080000000001,298.56,True,True,T1_obdh_ramp_accel
2026-12-03 12:19:15.969,5.0,0.0,0.0,2.0,24.0,0.0,0.0,9.0,0.0,0.0,0.0,1.0,1.0,0.0,0.0,2.101,0.0,0.0,0.0,7.287,-412.0,0.0,7.17,427.0,0.0,0.0,4.982,266.0,4.981,110.0,0.681,0.0,4.952,203.0,4.96,191.0,4.963,43.0,4.975,60.0,23.76413,24.46402,24.50698,23.63346,34.13915711963019,27.10964,24.84171,25.34112,23.84826,24.5,27.0,26.0,24.0,24.5,0.0,910.25,,2.0,0.0,0.0,77.180115,77.180115,77.180115,77.180115,77.180115,77.180115,77.180115,77.180115,77.180115,77.180115,77.180115,77.180115,77.180115,77.180115,77.180115,77.180115,74.309649,74.309649,74.309649,74.309649,0.0,0.0,100.0,101.0,102.0,101.0,101.0,139.707,3061.59,1325.212,1005.256,298.5,True,True,T1_obdh_ramp_accel
2026-12-03 12:19:16.317,5.0,0.0,0.0,2.0,25.0,0.0,0.0,9.0,0.0,0.0,0.0,1.0,1.0,0.0,0.0,3.147,0.0,0.0,0.0,7.288,-420.0,0.0,7.168,433.0,0.0,0.0,4.982,266.0,4.981,111.0,0.682,0.0,4.95,196.0,4.96,196.0,4.966,43.0,4.975,60.0,23.75697,24.47297,24.50698,23.63883,34.19003108817976,27.11859,24.85603,25.34291,23.84826,24.5,27.0,26.0,24.0,24.5,0.0,910.25,,2.0,0.0,0.0,77.180115,77.180115,77.180115,77.180115,77.180115,77.180115,77.180115,77.180115,77.180115,77.180115,77.180115,77.180115,77.180115,77.180115,77.180115,77.180115,74.309649,74.309649,74.309649,74.309649,0.0,0.0,100.0,101.0,102.0,101.0,101.0,140.055,3103.744,1325.212,970.2,298.5,True,True,T1_obdh_ramp_accel
2026-12-03 12:19:16.770,5.0,0.0,0.0,2.0,25.0,0.0,0.0,9.0,0.0,0.0,0.0,1.0,1.0,0.0,0.0,2.1,1.0,0.0,0.0,7.288,-425.0,0.0,7.171,430.0,0.0,0.0,4.981,109.0,4.98,110.0,0.682,0.0,4.951,203.0,4.961,195.0,4.965,43.0,4.975,60.0,23.75697,24.48192,24.51593,23.63883,34.25625496103308,27.1168,24.84529,25.34112,23.83931,24.5,27.0,26.0,24.0,24.5,0.0,910.25,,2.0,0.0,0.0,77.180115,77.180115,77.180115,77.180115,77.180115,77.180115,77.180115,77.180115,77.180115,77.180115,77.180115,77.180115,77.180115,77.180115,77.180115,77.180115,74.309649,74.309649,74.309649,74.309649,0.0,0.0,100.0,101.0,102.0,101.0,101.0,140.508,3083.53,542.929,1005.0529999999999,298.5,True,True,T1_obdh_ramp_accel
2026-12-03 12:19:17.468,5.0,0.0,0.0,2.0,26.0,0.0,0.0,9.0,0.0,0.0,0.0,1.0,1.0,0.0,0.0,2.108,0.0,0.0,0.0,7.287,-414.0,0.0,7.168,438.0,0.0,0.0,4.981,266.0,4.98,271.0,0.682,0.0,4.95,195.0,4.958,191.0,4.966,44.0,4.975,60.0,23.76234,24.47476,24.5213,23.64778,34.3582952772618,27.13649,24.86319,25.35365,23.83931,24.5,27.0,26.0,24.0,24.5,0.0,910.25,,2.0,0.0,0.0,77.180115,77.180115,77.180115,77.180115,77.180115,77.180115,77.180115,77.180115,77.180115,77.180115,77.180115,77.180115,77.180115,77.180115,77.180115,77.180115,74.309649,74.309649,74.309649,74.309649,0.0,0.0,100.0,101.0,102.0,101.0,101.0,141.206,3139.5840000000003,1324.946,965.25,298.5,True,True,T1_obdh_ramp_accel
2026-12-03 12:19:17.820,5.0,0.0,0.0,2.0,26.0,0.0,0.0,9.0,0.0,0.0,0.0,1.0,1.0,0.0,0.0,2.104,0.0,0.0,0.0,7.288,-420.0,0.0,7.171,431.0,0.0,0.0,4.981,266.0,4.981,271.0,0.681,0.0,4.951,205.0,4.96,197.0,4.966,42.0,4.975,60.0,23.75697,24.47655,24.51772,23.64062,34.40975400407056,27.14186,24.84887,25.35544,23.83752,24.5,27.0,26.0,24.0,24.5,0.0,910.25,,2.0,0.0,0.0,77.180115,77.180115,77.180115,77.180115,77.180115,77.180115,77.180115,77.180115,77.180115,77.180115,77.180115,77.180115,77.180115,77.180115,77.180115,77.180115,74.309649,74.309649,74.309649,74.309649,0.0,0.0,100.0,101.0,102.0,101.0,101.0,141.558,3090.701,1324.946,1014.9549999999999,298.5,True,True,T1_obdh_ramp_accel
2026-12-03 12:19:18.272,5.0,0.0,0.0,2.0,27.0,0.0,0.0,9.0,0.0,0.0,0.0,1.0,1.0,0.0,0.0,2.107,0.0,0.0,0.0,7.286,-415.0,0.0,7.171,431.0,0.0,0.0,4.982,109.0,4.981,110.0,0.682,0.0,4.948,192.0,4.961,195.0,4.966,46.0,4.975,60.0,23.76055,24.47655,24.51414,23.64062,34.475831687359076,27.14902,24.86856,25.35007,23.85005,24.5,27.0,26.0,24.0,24.5,0.0,910.25,,2.0,0.0,0.0,77.180115,77.180115,77.180115,77.180115,77.180115,77.180115,77.180115,77.180115,77.180115,77.180115,77.180115,77.180115,77.180115,77.180115,77.180115,77.180115,74.309649,74.309649,74.309649,74.309649,0.0,0.0,100.0,101.0,102.0,101.0,101.0,142.01,3090.701,543.038,950.0160000000001,298.5,True,True,T1_obdh_ramp_accel
2026-12-03 12:19:18.973,5.0,0.0,0.0,2.0,27.0,0.0,0.0,9.0,0.0,0.0,0.0,1.0,1.0,0.0,0.0,2.111,0.0,0.0,0.0,7.287,-418.0,0.0,7.17,433.0,0.0,0.0,4.981,266.0,4.981,110.0,0.682,0.0,4.951,203.0,4.961,196.0,4.967,44.0,4.975,60.0,23.75876,24.47834,24.51593,23.63704,34.5783105722822,27.1526,24.85782,25.35365,23.85363,24.5,27.5,26.0,24.0,24.5,0.0,910.25,,2.0,0.0,0.0,77.180115,77.180115,77.180115,77.180115,77.180115,77.180115,77.180115,77.180115,77.180115,77.180115,77.180115,77.180115,77.180115,77.180115,77.180115,77.180115,74.309649,74.309649,74.309649,74.309649,0.0,0.0,100.0,101.0,102.0,101.0,101.0,142.711,3104.61,1324.946,1005.0529999999999,298.5,True,True,T1_obdh_ramp_accel
2026-12-03 12:19:19.424,5.0,0.0,0.0,2.0,28.0,0.0,0.0,,0.0,0.0,0.0,1.0,1.0,0.0,0.0,3.14,0.0,0.0,0.0,7.287,-421.0,0.0,6.985,1306.0,0.0,0.0,4.981,105.0,4.981,111.0,0.683,0.0,4.95,195.0,4.961,197.0,4.966,42.0,4.975,60.0,23.75876,24.47655,24.51772,23.63525,34.64424206600592,27.16692,24.85782,25.36081,23.84647,24.5,27.5,26.0,24.0,24.5,0.0,910.25,,2.0,0.0,0.0,77.180115,77.180115,77.180115,77.180115,77.180115,77.180115,77.180115,77.180115,77.180115,77.180115,77.180115,77.180115,77.180115,77.180115,77.180115,77.180115,74.309649,74.309649,74.309649,74.309649,0.0,0.0,100.0,101.0,102.0,101.0,101.0,143.162,9122.41,523.005,965.25,298.5,True,True,T1_obdh_ramp_accel
2026-12-03 12:19:19.773,5.0,0.0,0.0,2.0,28.0,0.0,0.0,,0.0,0.0,0.0,1.0,1.0,0.0,0.0,3.273,0.0,0.0,0.0,7.283,-458.0,0.0,7.17,426.0,0.0,0.0,4.981,109.0,4.981,109.0,0.681,0.0,4.952,202.0,4.961,188.0,4.967,62.0,4.975,58.0,23.7516,24.48013,24.52488,23.64241,34.695262224120285,27.16334,24.85782,25.36081,23.84468,24.5,27.0,26.0,24.0,24.5,0.0,910.25,,2.0,0.0,0.0,77.180115,77.180115,77.180115,77.180115,77.180115,77.180115,77.180115,77.180115,77.180115,77.180115,77.180115,77.180115,77.180115,77.180115,77.180115,77.180115,74.309649,74.309649,74.309649,74.309649,0.0,0.0,100.0,101.0,102.0,101.0,101.0,143.511,3054.42,542.929,1000.304,288.54999999999995,True,True,T1_obdh_ramp_accel
2026-12-03 12:19:20.475,5.0,0.0,0.0,2.0,29.0,0.0,0.0,,0.0,0.0,0.0,1.0,1.0,0.0,0.0,2.406,0.0,0.0,0.0,7.289,-426.0,0.0,7.171,430.0,0.0,0.0,4.981,266.0,4.981,271.0,0.682,0.0,4.951,196.0,4.962,193.0,4.967,62.0,4.975,58.0,23.76234,24.48192,24.51593,23.6442,34.7978872986082,27.1705,24.86498,25.3626,23.85005,24.5,27.5,26.0,24.0,24.5,0.0,910.25,,2.0,0.0,0.0,77.180115,77.180115,77.180115,77.180115,77.180115,77.180115,77.180115,77.180115,77.180115,77.180115,77.180115,77.180115,77.180115,77.180115,77.180115,77.180115,74.309649,74.309649,74.309649,74.309649,0.0,0.0,100.0,101.0,102.0,101.0,101.0,144.213,3083.53,1324.946,970.396,288.54999999999995,True,True,T1_obdh_ramp_accel
2026-12-03 12:19:20.825,5.0,0.0,0.0,2.0,29.0,0.0,0.0,,0.0,0.0,0.0,1.0,1.0,0.0,0.0,2.299,0.0,0.0,0.0,7.288,-408.0,0.0,7.171,425.0,0.0,0.0,4.981,107.0,4.981,111.0,0.682,0.0,4.952,203.0,4.962,193.0,4.967,62.0,4.975,58.0,23.75697,24.47655,24.52846,23.64778,34.84905364628736,27.19198,24.86677,25.36618,23.85363,24.5,27.0,26.0,24.0,24.5,0.0,910.25,,2.0,0.0,0.0,77.180115,77.180115,77.180115,77.180115,77.180115,77.180115,77.180115,77.180115,77.180115,77.180115,77.180115,77.180115,77.180115,77.180115,77.180115,77.180115,74.309649,74.309649,74.309649,74.309649,0.0,0.0,100.0,101.0,102.0,101.0,101.0,144.563,3047.675,532.967,1005.256,288.54999999999995,True,True,T1_obdh_ramp_accel
2026-12-03 12:19:21.278,5.0,0.0,0.0,2.0,,0.0,0.0,,0.0,0.0,0.0,1.0,1.0,0.0,0.0,3.192,0.0,0.0,0.0,7.287,-405.0,0.0,7.17,428.0,0.0,0.0,4.981,109.0,4.981,111.0,0.682,0.0,4.95,196.0,4.961,193.0,4.967,61.0,4.975,58.0,23.75697,24.48192,24.52488,23.64599,34.91527751914068,27.1884,24.86677,25.36976,23.85363,24.5,27.5,26.0,24.0,24.5,0.0,910.25,,2.0,0.0,0.0,77.180115,77.180115,77.180115,77.180115,77.180115,77.180115,77.180115,77.180115,77.180115,77.180115,77.180115,77.180115,77.180115,77.180115,77.180115,77.180115,74.309649,74.309649,74.309649,74.309649,0.0,0.0,100.0,101.0,102.0,101.0,101.0,145.016,3068.7599999999998,542.929,970.2,288.54999999999995,True,True,T1_obdh_ramp_accel
2026-12-03 12:19:21.978,5.0,0.0,0.0,2.0,,0.0,0.0,,0.0,0.0,0.0,1.0,1.0,0.0,0.0,2.145,0.0,0.0,0.0,7.289,-401.0,0.0,7.17,426.0,0.0,0.0,4.98,107.0,4.98,110.0,0.682,0.0,4.951,187.0,4.962,198.0,4.967,61.0,4.976,58.0,23.76413,24.48729,24.53025,23.64778,35.017610214499,27.19556,24.87035,25.36618,23.85363,24.5,27.5,26.0,24.0,24.5,0.0,910.25,,2.0,0.0,0.0,77.180115,77.180115,77.180115,77.180115,77.180115,77.180115,77.180115,77.180115,77.180115,77.180115,77.180115,77.180115,77.180115,77.180115,77.180115,77.180115,74.309649,74.309649,74.309649,74.309649,0.0,0.0,100.0,101.0,102.0,101.0,101.0,145.716,3054.42,532.86,925.8369999999999,288.608,True,True,T1_obdh_ramp_accel
2026-12-03 12:19:22.330,5.0,0.0,0.0,2.0,,0.0,0.0,,0.0,0.0,0.0,1.0,1.0,0.0,0.0,2.204,0.0,0.0,0.0,7.288,-403.0,0.0,7.168,428.0,0.0,0.0,4.981,266.0,4.981,271.0,0.682,0.0,4.95,185.0,4.96,191.0,4.966,60.0,4.976,58.0,23.76413,24.48192,24.52309,23.64241,35.06906894130776,27.2063,24.88109,25.3626,23.85721,24.5,27.5,26.0,24.0,24.5,0.0,910.25,,2.0,0.0,0.0,77.180115,77.180115,77.180115,77.180115,77.180115,77.180115,77.180115,77.180115,77.180115,77.180115,77.180115,77.180115,77.180115,77.180115,77.180115,77.180115,74.309649,74.309649,74.309649,74.309649,0.0,0.0,100.0,101.0,102.0,101.0,101.0,146.068,3067.904,1324.946,915.75,288.608,True,True,T1_obdh_ramp_accel
2026-12-03 12:19:22.781,5.0,0.0,0.0,2.0,,0.0,0.0,,0.0,0.0,0.0,1.0,1.0,0.0,0.0,2.226,1.0,0.0,0.0,7.289,-399.0,0.0,7.17,428.0,0.0,0.0,4.981,266.0,4.98,110.0,0.681,0.0,4.95,201.0,4.961,197.0,4.967,61.0,4.976,58.0,23.75697,24.49087,24.52667,23.64062,35.13500043503148,27.21883,24.86856,25.37513,23.85184,24.5,27.5,26.0,24.0,24.5,0.0,910.25,,2.0,0.0,0.0,77.180115,77.180115,77.180115,77.180115,77.180115,77.180115,77.180115,77.180115,77.180115,77.180115,77.180115,77.180115,77.180115,77.180115,77.180115,77.180115,74.309649,74.309649,74.309649,74.309649,0.0,0.0,100.0,101.0,102.0,101.0,101.0,146.519,3068.7599999999998,1324.946,994.95,288.608,True,True,T1_obdh_ramp_accel
2026-12-03 12:19:23.482,5.0,0.0,0.0,2.0,,0.0,0.0,,0.0,0.0,0.0,1.0,1.0,0.0,0.0,3.219,0.0,0.0,0.0,7.288,-405.0,0.0,7.17,432.0,0.0,0.0,4.981,266.0,4.981,270.0,0.682,0.0,4.952,198.0,4.962,196.0,4.968,60.0,4.976,58.0,23.75697,24.48192,24.53025,23.63525,35.2374793199546,27.22599,24.88109,25.37871,23.85005,24.5,27.5,26.0,24.0,24.5,0.0,910.25,,2.0,0.0,0.0,77.180115,77.180115,77.180115,77.180115,77.180115,77.180115,77.180115,77.180115,77.180115,77.180115,77.180115,77.180115,77.180115,77.180115,77.180115,77.180115,74.309649,74.309649,74.309649,74.309649,0.0,0.0,100.0,101.0,102.0,101.0,101.0,147.22,3097.44,1324.946,980.496,288.608,True,True,T1_obdh_ramp_accel
2026-12-03 12:19:23.832,5.0,0.0,0.0,2.0,,0.0,0.0,,0.0,0.0,0.0,1.0,1.0,0.0,0.0,3.233,0.0,0.0,0.0,7.288,-404.0,0.0,7.17,428.0,0.0,0.0,4.981,109.0,4.98,271.0,0.682,0.0,4.952,200.0,4.96,192.0,4.967,61.0,4.976,58.0,23.75876,24.4855,24.52846,23.64957,35.28864566763376,27.22957,24.88646,25.38587,23.85363,24.5,27.5,26.0,24.0,24.5,0.0,910.25,,2.0,0.0,0.0,77.180115,77.180115,77.180115,77.180115,77.180115,77.180115,77.180115,77.180115,77.180115,77.180115,77.180115,77.180115,77.180115,77.180115,77.180115,77.180115,74.309649,74.309649,74.309649,74.309649,0.0,0.0,100.0,101.0,102.0,101.0,101.0,147.57,3068.7599999999998,542.929,990.4,288.608,True,True,T1_obdh_ramp_accel
2026-12-03 12:19:24.283,5.0,0.0,0.0,2.0,,0.0,0.0,,0.0,0.0,0.0,1.0,1.0,0.0,0.0,2.216,0.0,0.0,0.0,7.287,-428.0,0.0,7.17,431.0,0.0,0.0,4.98,109.0,4.981,111.0,0.682,1.0,4.952,200.0,4.962,197.0,4.966,62.0,4.976,58.0,23.76413,24.48013,24.53204,23.64241,35.35457716135748,27.24389,24.87214,25.38408,23.85721,24.5,27.5,26.0,24.0,24.5,0.0,910.25,,2.0,0.0,0.0,77.180115,77.180115,77.180115,77.180115,77.180115,77.180115,77.180115,77.180115,77.180115,77.180115,77.180115,77.180115,77.180115,77.180115,77.180115,77.180115,74.309649,74.309649,74.309649,74.309649,0.0,0.0,100.0,101.0,102.0,101.0,101.0,148.021,3090.27,542.82,990.4,288.608,True,True,T1_obdh_ramp_accel
2026-12-03 12:19:24.984,5.0,0.0,0.0,2.0,,0.0,0.0,,0.0,0.0,0.0,1.0,1.0,0.0,0.0,2.205,0.0,0.0,0.0,7.29,-414.0,0.0,7.171,430.0,0.0,0.0,4.981,266.0,4.98,271.0,0.682,0.0,4.952,198.0,4.961,187.0,4.967,61.0,4.976,58.0,23.76234,24.48192,24.53204,23.64062,35.457056046280606,27.23852,24.88109,25.37692,23.859,24.5,27.5,26.0,24.0,24.5,0.0,910.25,,2.0,0.0,0.0,77.180115,77.180115,77.180115,77.180115,77.180115,77.180115,77.180115,77.180115,77.180115,77.180115,77.180115,77.180115,77.180115,77.180115,77.180115,77.180115,74.309649,74.309649,74.309649,74.309649,0.0,0.0,100.0,101.0,102.0,101.0,101.0,148.722,3083.53,1324.946,980.496,288.608,True,True,T1_obdh_ramp_accel
2026-12-03 12:19:25.335,5.0,0.0,0.0,2.0,,0.0,0.0,,0.0,0.0,0.0,1.0,1.0,0.0,0.0,3.225,0.0,0.0,0.0,7.29,-414.0,0.0,7.171,431.0,0.0,0.0,4.981,267.0,4.982,270.0,0.682,0.0,4.952,198.0,4.962,196.0,4.967,61.0,4.976,58.0,23.75876,24.49087,24.53562,23.63704,35.508368583524565,27.25642,24.8793,25.38766,23.85184,24.5,27.5,26.0,24.0,24.5,0.0,910.25,,2.0,0.0,0.0,77.180115,77.180115,77.180115,77.180115,77.180115,77.180115,77.180115,77.180115,77.180115,77.180115,77.180115,77.180115,77.180115,77.180115,77.180115,77.180115,74.309649,74.309649,74.309649,74.309649,0.0,0.0,100.0,101.0,102.0,101.0,101.0,149.073,3090.701,1329.927,980.496,288.608,True,True,T1_obdh_ramp_accel
2026-12-03 12:19:25.785,5.0,0.0,0.0,2.0,,0.0,0.0,,0.0,0.0,0.0,1.0,1.0,0.0,0.0,2.183,0.0,0.0,0.0,7.289,-404.0,0.0,7.171,427.0,0.0,0.0,4.981,109.0,4.98,110.0,0.682,0.0,4.951,198.0,4.961,196.0,4.966,62.0,4.975,60.0,23.76234,24.49087,24.54099,23.64241,35.57415388768349,27.26179,24.88825,25.38945,23.85721,24.5,27.5,26.0,24.0,24.5,0.0,910.25,,2.0,0.0,0.0,77.180115,77.180115,77.180115,77.180115,77.180115,77.180115,77.180115,77.180115,77.180115,77.180115,77.180115,77.180115,77.180115,77.180115,77.180115,77.180115,74.309649,74.309649,74.309649,74.309649,0.0,0.0,100.0,101.0,102.0,101.0,101.0,149.523,3062.0170000000003,542.929,980.2979999999999,298.5,True,True,T1_obdh_ramp_accel
2026-12-03 12:19:26.487,5.0,0.0,0.0,2.0,,0.0,0.0,,0.0,0.0,0.0,1.0,1.0,0.0,0.0,2.214,0.0,0.0,0.0,7.288,-420.0,0.0,7.17,430.0,0.0,0.0,4.981,109.0,4.98,110.0,0.682,0.0,4.95,202.0,4.961,190.0,4.967,60.0,4.975,60.0,23.76055,24.48908,24.54099,23.64957,35.676778962171404,27.27253,24.89362,25.39303,23.86437,24.5,27.5,26.0,24.0,24.5,0.0,910.25,,2.0,0.0,0.0,77.180115,77.180115,77.180115,77.180115,77.180115,77.180115,77.180115,77.180115,77.180115,77.180115,77.180115,77.180115,77.180115,77.180115,77.180115,77.180115,74.309649,74.309649,74.309649,74.309649,0.0,0.0,100.0,101.0,102.0,101.0,101.0,150.225,3083.1,542.929,999.9000000000001,298.5,True,True,T1_obdh_ramp_accel
2026-12-03 12:19:26.836,5.0,0.0,0.0,2.0,,0.0,0.0,,0.0,0.0,0.0,1.0,1.0,0.0,0.0,3.242,0.0,0.0,0.0,7.288,-412.0,0.0,7.17,428.0,0.0,0.0,4.981,109.0,4.981,271.0,0.682,0.0,4.953,201.0,4.962,200.0,4.967,60.0,4.975,60.0,23.76055,24.49982,24.53204,23.6442,35.727799120285766,27.28327,24.88109,25.38408,23.85184,24.5,27.5,26.0,24.0,24.5,0.0,910.25,,2.0,0.0,0.0,77.180115,77.180115,77.180115,77.180115,77.180115,77.180115,77.180115,77.180115,77.180115,77.180115,77.180115,77.180115,77.180115,77.180115,77.180115,77.180115,74.309649,74.309649,74.309649,74.309649,0.0,0.0,100.0,101.0,102.0,101.0,101.0,150.574,3068.7599999999998,542.929,995.5530000000001,298.5,True,True,T1_obdh_ramp_accel
2026-12-03 12:19:27.286,5.0,0.0,0.0,2.0,30.0,0.0,0.0,,0.0,0.0,0.0,1.0,1.0,0.0,0.0,3.242,0.0,0.0,0.0,7.29,-425.0,0.0,7.17,431.0,0.0,0.0,4.981,266.0,4.981,110.0,0.682,0.0,4.952,201.0,4.961,192.0,4.967,61.0,4.975,60.0,23.77129,24.49803,24.54099,23.64599,35.79358442444469,27.27611,24.87572,25.3984,23.86795,24.5,27.5,26.0,24.0,24.5,0.0,910.25,,2.0,0.0,0.0,77.180115,77.180115,77.180115,77.180115,77.180115,77.180115,77.180115,77.180115,77.180115,77.180115,77.180115,77.180115,77.180115,77.180115,77.180115,77.180115,74.309649,74.309649,74.309649,74.309649,0.0,0.0,100.0,101.0,102.0,101.0,101.0,151.024,3090.27,1324.946,995.352,298.5,True,True,T1_obdh_ramp_accel
2026-12-03 12:19:27.988,5.0,0.0,0.0,2.0,30.0,0.0,0.0,,0.0,0.0,0.0,1.0,1.0,0.0,0.0,2.197,0.0,0.0,0.0,7.288,-408.0,0.0,7.171,428.0,0.0,0.0,4.981,266.0,4.98,271.0,0.682,0.0,4.948,191.0,4.96,192.0,4.966,61.0,4.973,58.0,23.7516,24.49266,24.5392,23.65315,35.896209498932606,27.28864,24.8972,25.39124,23.859,24.5,27.5,26.0,24.0,24.5,0.0,910.25,,2.0,0.0,0.0,77.180115,77.180115,77.180115,77.180115,77.180115,77.180115,77.180115,77.180115,77.180115,77.180115,77.180115,77.180115,77.180115,77.180115,77.180115,77.180115,74.309649,74.309649,74.309649,74.309649,0.0,0.0,100.0,101.0,102.0,101.0,101.0,151.726,3069.188,1324.946,945.0680000000001,288.43399999999997,True,True,T1_obdh_ramp_accel
2026-12-03 12:19:28.338,5.0,0.0,0.0,2.0,31.0,0.0,0.0,,0.0,0.0,0.0,1.0,1.0,0.0,0.0,3.269,0.0,0.0,0.0,7.289,-400.0,0.0,7.17,433.0,0.0,0.0,4.981,266.0,4.981,270.0,0.682,0.0,4.95,205.0,4.961,198.0,4.966,61.0,4.973,58.0,23.76592,24.49266,24.54457,23.64957,35.94737584661177,27.30117,24.8972,25.3984,23.86258,24.5,27.5,26.0,24.0,24.5,0.0,910.25,,2.0,0.0,0.0,77.180115,77.180115,77.180115,77.180115,77.180115,77.180115,77.180115,77.180115,77.180115,77.180115,77.180115,77.180115,77.180115,77.180115,77.180115,77.180115,74.309649,74.309649,74.309649,74.309649,0.0,0.0,100.0,101.0,102.0,101.0,101.0,152.076,3104.61,1324.946,1014.75,288.43399999999997,True,True,T1_obdh_ramp_accel
2026-12-03 12:19:29.492,5.0,0.0,0.0,2.0,32.0,0.0,0.0,,0.0,0.0,0.0,1.0,1.0,0.0,0.0,2.187,0.0,0.0,0.0,7.288,-405.0,0.0,7.17,431.0,0.0,0.0,4.981,267.0,4.98,270.0,0.682,0.0,4.95,203.0,4.962,201.0,4.966,60.0,4.973,58.0,23.76234,24.49982,24.5392,23.65315,36.11607860438821,27.32086,24.90794,25.40556,23.86616,24.5,27.5,26.0,24.0,24.5,0.0,910.25,,2.0,0.0,0.0,77.180115,77.180115,77.180115,77.180115,77.180115,77.180115,77.180115,77.180115,77.180115,77.180115,77.180115,77.180115,77.180115,77.180115,77.180115,77.180115,74.309649,74.309649,74.309649,74.309649,0.0,0.0,100.0,101.0,102.0,101.0,101.0,153.23,3090.27,1329.927,1004.85,288.43399999999997,True,True,T1_obdh_ramp_accel
2026-12-03 12:19:29.843,5.0,0.0,0.0,2.0,32.0,0.0,0.0,,0.0,0.0,0.0,1.0,1.0,0.0,0.0,2.201,0.0,0.0,0.0,7.287,-418.0,0.0,7.17,431.0,0.0,0.0,4.981,267.0,4.981,271.0,0.683,0.0,4.948,192.0,4.961,190.0,4.966,61.0,4.975,58.0,23.77129,24.50698,24.5392,23.64957,36.167391141632166,27.32981,24.8972,25.40556,23.86974,24.5,27.5,26.0,24.0,24.5,0.0,910.25,,2.0,0.0,0.0,77.180115,77.180115,77.180115,77.180115,77.180115,77.180115,77.180115,77.180115,77.180115,77.180115,77.180115,77.180115,77.180115,77.180115,77.180115,77.180115,74.309649,74.309649,74.309649,74.309649,0.0,0.0,100.0,101.0,102.0,101.0,101.0,153.581,3090.27,1329.927,950.0160000000001,288.54999999999995,True,True,T1_obdh_ramp_accel
2026-12-03 12:19:30.293,5.0,0.0,0.0,2.0,33.0,0.0,0.0,,0.0,0.0,0.0,1.0,1.0,0.0,0.0,2.204,0.0,0.0,0.0,7.288,-412.0,0.0,7.168,432.0,0.0,0.0,4.98,266.0,4.98,111.0,0.682,1.0,4.95,205.0,4.961,193.0,4.967,61.0,4.975,58.0,23.75876,24.49266,24.54278,23.64957,36.23317644579109,27.32981,24.8972,25.41451,23.86974,24.5,27.5,26.0,24.0,24.5,0.0,910.25,,2.0,0.0,0.0,77.180115,77.180115,77.180115,77.180115,77.180115,77.180115,77.180115,77.180115,77.180115,77.180115,77.180115,77.180115,77.180115,77.180115,77.180115,77.180115,74.309649,74.309649,74.309649,74.309649,0.0,0.0,100.0,101.0,102.0,101.0,101.0,154.031,3096.576,1324.68,1014.75,288.54999999999995,True,True,T1_obdh_ramp_accel
2026-12-03 12:19:30.997,5.0,0.0,0.0,2.0,33.0,0.0,0.0,,0.0,0.0,0.0,1.0,1.0,0.0,0.0,3.254,0.0,0.0,0.0,7.289,-424.0,0.0,7.171,427.0,0.0,0.0,4.981,268.0,4.98,111.0,0.682,0.0,4.95,190.0,4.961,196.0,4.966,62.0,4.975,58.0,23.76771,24.50698,24.54815,23.6442,36.3360938994086,27.3316,24.91331,25.41451,23.86974,24.5,27.5,26.0,24.0,24.5,0.0,910.25,,2.0,0.0,0.0,77.180115,77.180115,77.180115,77.180115,77.180115,77.180115,77.180115,77.180115,77.180115,77.180115,77.180115,77.180115,77.180115,77.180115,77.180115,77.180115,74.309649,74.309649,74.309649,74.309649,0.0,0.0,100.0,101.0,102.0,101.0,101.0,154.735,3062.0170000000003,1334.908,940.5,288.54999999999995,True,True,T1_obdh_ramp_accel
2026-12-03 12:19:31.346,5.0,0.0,0.0,2.0,34.0,0.0,0.0,,0.0,0.0,0.0,1.0,1.0,0.0,0.0,2.187,0.0,0.0,0.0,7.29,-409.0,0.0,7.171,427.0,0.0,0.0,4.98,266.0,4.981,110.0,0.682,0.0,4.948,205.0,4.961,191.0,4.967,62.0,4.975,58.0,23.76055,24.51235,24.5392,23.65315,36.387114057522965,27.34055,24.90973,25.40914,23.87153,24.5,27.5,26.0,24.0,24.5,0.0,910.25,,2.0,0.0,0.0,77.180115,77.180115,77.180115,77.180115,77.180115,77.180115,77.180115,77.180115,77.180115,77.180115,77.180115,77.180115,77.180115,77.180115,77.180115,77.180115,74.309649,74.309649,74.309649,74.309649,0.0,0.0,100.0,101.0,102.0,101.0,101.0,155.084,3062.0170000000003,1324.68,1014.34,288.54999999999995,True,True,T1_obdh_ramp_accel
2026-12-03 12:19:31.798,5.0,0.0,0.0,2.0,34.0,0.0,0.0,,0.0,0.0,0.0,1.0,1.0,0.0,0.0,2.2,0.0,0.0,0.0,7.289,-423.0,0.0,7.171,427.0,0.0,0.0,4.981,266.0,4.98,110.0,0.682,0.0,4.95,193.0,4.961,198.0,4.967,62.0,4.975,58.0,23.76592,24.50698,24.54994,23.64778,36.453191740811484,27.34592,24.8972,25.41093,23.86616,24.5,27.5,26.0,24.0,24.5,0.0,910.25,,2.0,0.0,0.0,77.180115,77.180115,77.180115,77.180115,77.180115,77.180115,77.180115,77.180115,77.180115,77.180115,77.180115,77.180115,77.180115,77.180115,77.180115,77.180115,74.309649,74.309649,74.309649,74.309649,0.0,0.0,100.0,101.0,102.0,101.0,101.0,155.536,3062.0170000000003,1324.946,955.35,288.54999999999995,True,True,T1_obdh_ramp_accel
2026-12-03 12:19:32.498,5.0,0.0,0.0,2.0,35.0,0.0,0.0,,0.0,0.0,0.0,1.0,1.0,0.0,0.0,3.254,0.0,0.0,0.0,7.288,-404.0,0.0,7.172,416.0,0.0,0.0,4.981,266.0,4.98,110.0,0.682,0.0,4.95,205.0,4.96,191.0,4.967,62.0,4.975,58.0,23.76234,24.51593,24.54278,23.65136,36.555524436169804,27.35129,24.90973,25.41272,23.86616,24.5,27.5,26.0,24.0,24.5,0.0,910.25,,2.0,0.0,0.0,77.180115,77.180115,77.180115,77.180115,77.180115,77.180115,77.180115,77.180115,77.180115,77.180115,77.180115,77.180115,77.180115,77.180115,77.180115,77.180115,74.309649,74.309649,74.309649,74.309649,0.0,0.0,100.0,101.0,102.0,101.0,101.0,156.236,2983.5519999999997,1324.946,1014.75,288.54999999999995,True,True,T1_obdh_ramp_accel
2026-12-03 12:19:32.850,5.0,0.0,0.0,2.0,35.0,0.0,0.0,,0.0,0.0,0.0,1.0,1.0,0.0,0.0,2.196,0.0,0.0,0.0,7.287,-424.0,0.0,7.171,420.0,0.0,0.0,4.981,266.0,4.981,114.0,0.682,0.0,4.95,193.0,4.961,201.0,4.968,61.0,4.975,58.0,23.75697,24.50877,24.54636,23.65315,36.606983162978565,27.36382,24.90794,25.42346,23.86795,24.5,27.5,26.0,24.0,24.5,0.0,910.25,,2.0,0.0,0.0,77.180115,77.180115,77.180115,77.180115,77.180115,77.180115,77.180115,77.180115,77.180115,77.180115,77.180115,77.180115,77.180115,77.180115,77.180115,77.180115,74.309649,74.309649,74.309649,74.309649,0.0,0.0,100.0,101.0,102.0,101.0,101.0,156.588,3011.82,1324.946,955.35,288.54999999999995,True,True,T1_obdh_ramp_accel
2026-12-03 12:19:33.301,5.0,0.0,0.0,2.0,36.0,0.0,0.0,,0.0,0.0,0.0,1.0,1.0,0.0,0.0,3.246,0.0,0.0,0.0,7.289,-401.0,0.0,7.173,422.0,0.0,0.0,4.98,266.0,4.982,268.0,0.681,0.0,4.95,203.0,4.962,191.0,4.967,60.0,4.975,58.0,23.76055,24.50698,24.55352,23.65673,36.67291465670228,27.37456,24.91689,25.42525,23.8769,24.5,27.5,26.0,24.0,24.5,0.0,910.25,,2.0,0.0,0.0,77.180115,77.180115,77.180115,77.180115,77.180115,77.180115,77.180115,77.180115,77.180115,77.180115,77.180115,77.180115,77.180115,77.180115,77.180115,77.180115,74.309649,74.309649,74.309649,74.309649,0.0,0.0,100.0,101.0,102.0,101.0,101.0,157.039,3027.006,1324.68,1004.85,288.54999999999995,True,True,T1_obdh_ramp_accel
2026-12-03 12:19:34.004,5.0,0.0,0.0,2.0,36.0,0.0,0.0,,0.0,0.0,0.0,1.0,1.0,0.0,0.0,2.201,0.0,0.0,0.0,7.287,-404.0,0.0,7.172,421.0,0.0,0.0,4.98,266.0,4.981,104.0,0.682,0.0,4.951,192.0,4.961,193.0,4.967,46.0,4.973,60.0,23.75339,24.51951,24.54994,23.64957,36.775685920755,27.38351,24.9151,25.42167,23.86616,24.5,27.5,26.0,24.0,24.5,0.0,910.25,,2.0,0.0,0.0,77.180115,77.180115,77.180115,77.180115,77.180115,77.180115,77.180115,77.180115,77.180115,77.180115,77.180115,77.180115,77.180115,77.180115,77.180115,77.180115,74.309649,74.309649,74.309649,74.309649,0.0,0.0,100.0,101.0,102.0,101.0,101.0,157.742,3019.412,1324.68,950.5919999999999,298.38,True,True,T1_obdh_ramp_accel
2026-12-03 12:19:34.353,5.0,0.0,0.0,2.0,37.0,0.0,0.0,,0.0,0.0,0.0,1.0,1.0,0.0,0.0,3.255,0.0,0.0,0.0,7.287,-407.0,0.0,7.17,425.0,0.0,0.0,4.981,266.0,4.981,105.0,0.681,0.0,4.95,205.0,4.961,198.0,4.966,42.0,4.973,60.0,23.76055,24.51235,24.5571,23.65494,36.826706078869364,27.38351,24.91868,25.41272,23.86974,24.5,27.5,26.0,24.0,24.5,0.0,910.25,,2.0,0.0,0.0,77.180115,77.180115,77.180115,77.180115,77.180115,77.180115,77.180115,77.180115,77.180115,77.180115,77.180115,77.180115,77.180115,77.180115,77.180115,77.180115,74.309649,74.309649,74.309649,74.309649,0.0,0.0,100.0,101.0,102.0,101.0,101.0,158.091,3047.25,1324.946,1014.75,298.38,True,True,T1_obdh_ramp_accel
2026-12-03 12:19:34.803,5.0,0.0,0.0,2.0,37.0,0.0,0.0,,0.0,0.0,0.0,1.0,1.0,0.0,0.0,3.148,0.0,0.0,0.0,7.285,-464.0,0.0,7.171,423.0,0.0,0.0,4.982,266.0,4.981,268.0,0.681,0.0,4.948,190.0,4.961,190.0,4.967,44.0,4.973,60.0,23.76055,24.52667,24.55352,23.66747,36.892491383028286,27.38709,24.90973,25.42883,23.86616,24.5,27.5,26.0,24.0,24.5,0.0,910.25,,2.0,0.0,0.0,77.180115,77.180115,77.180115,77.180115,77.180115,77.180115,77.180115,77.180115,77.180115,77.180115,77.180115,77.180115,77.180115,77.180115,77.180115,77.180115,74.309649,74.309649,74.309649,74.309649,0.0,0.0,100.0,101.0,102.0,101.0,101.0,158.541,3033.333,1325.212,940.1200000000001,298.38,True,True,T1_obdh_ramp_accel
2026-12-03 12:19:35.505,5.0,0.0,0.0,2.0,38.0,0.0,0.0,,0.0,0.0,0.0,1.0,1.0,0.0,0.0,3.08,0.0,0.0,0.0,7.284,-434.0,0.0,7.172,420.0,0.0,0.0,4.982,109.0,4.98,267.0,0.682,0.0,4.95,203.0,4.962,201.0,4.965,43.0,4.973,60.0,23.75339,24.5034,24.55173,23.65673,36.995116457516204,27.39962,24.91689,25.42704,23.86974,24.5,27.5,26.0,24.0,24.5,0.0,910.25,,2.0,0.0,0.0,77.180115,77.180115,77.180115,77.180115,77.180115,77.180115,77.180115,77.180115,77.180115,77.180115,77.180115,77.180115,77.180115,77.180115,77.180115,77.180115,74.309649,74.309649,74.309649,74.309649,0.0,0.0,100.0,101.0,102.0,101.0,101.0,159.243,3012.24,543.038,1004.85,298.38,True,True,T1_obdh_ramp_accel
2026-12-03 12:19:35.856,5.0,0.0,0.0,2.0,38.0,0.0,0.0,,0.0,0.0,0.0,1.0,1.0,0.0,0.0,3.378,0.0,0.0,0.0,7.287,-448.0,0.0,7.167,438.0,0.0,0.0,4.982,102.0,4.981,270.0,0.683,0.0,4.951,192.0,4.961,191.0,4.967,44.0,4.973,58.0,23.76234,24.51235,24.55889,23.65673,37.04642899476016,27.41036,24.92584,25.43599,23.86258,24.5,27.5,26.0,24.0,24.5,0.0,910.25,,2.0,0.0,0.0,77.180115,77.180115,77.180115,77.180115,77.180115,77.180115,77.180115,77.180115,77.180115,77.180115,77.180115,77.180115,77.180115,77.180115,77.180115,77.180115,74.309649,74.309649,74.309649,74.309649,0.0,0.0,100.0,101.0,102.0,101.0,101.0,159.594,3139.1459999999997,508.16400000000004,950.5919999999999,288.43399999999997,True,True,T1_obdh_ramp_accel
2026-12-03 12:19:36.305,5.0,0.0,0.0,2.0,39.0,0.0,0.0,,0.0,0.0,0.0,1.0,1.0,0.0,0.0,2.447,0.0,0.0,0.0,7.287,-429.0,0.0,7.171,415.0,0.0,0.0,4.982,100.0,4.982,271.0,0.682,0.0,4.95,203.0,4.96,196.0,4.965,43.0,4.973,58.0,23.76055,24.50877,24.55352,23.66568,37.11206810935429,27.41394,24.92584,25.43599,23.87332,24.5,27.5,26.0,24.0,24.5,0.0,910.25,,2.0,0.0,0.0,77.180115,77.180115,77.180115,77.180115,77.180115,77.180115,77.180115,77.180115,77.180115,77.180115,77.180115,77.180115,77.180115,77.180115,77.180115,77.180115,74.309649,74.309649,74.309649,74.309649,0.0,0.0,100.0,101.0,102.0,101.0,101.0,160.043,2975.965,498.20000000000005,1004.85,288.43399999999997,True,True,T1_obdh_ramp_accel
2026-12-03 12:19:36.758,5.0,0.0,0.0,2.0,39.0,0.0,0.0,,0.0,0.0,0.0,1.0,1.0,0.0,0.0,2.475,0.0,0.0,0.0,7.284,-432.0,0.0,7.171,417.0,0.0,0.0,4.982,100.0,4.981,268.0,0.682,0.0,4.951,192.0,4.962,197.0,4.966,42.0,4.973,58.0,23.75876,24.52309,24.56426,23.67821,37.17829198220761,27.4211,24.92763,25.42883,23.87511,24.5,27.5,26.0,24.0,24.5,0.0,910.25,,2.0,0.0,0.0,77.180115,77.180115,77.180115,77.180115,77.180115,77.180115,77.180115,77.180115,77.180115,77.180115,77.180115,77.180115,77.180115,77.180115,77.180115,77.180115,74.309649,74.309649,74.309649,74.309649,0.0,0.0,100.0,101.0,102.0,101.0,101.0,160.496,2990.3070000000002,498.20000000000005,950.5919999999999,288.43399999999997,True,True,T1_obdh_ramp_accel
2026-12-03 12:19:37.762,5.0,0.0,0.0,2.0,,0.0,0.0,,0.0,0.0,0.0,1.0,1.0,0.0,0.0,3.166,0.0,0.0,0.0,7.286,-422.0,0.0,7.168,432.0,0.0,0.0,4.981,253.0,4.981,270.0,0.682,1.0,4.951,196.0,4.962,193.0,4.965,43.0,4.975,60.0,23.75518,24.5213,24.56963,23.67284,37.3250663052644,27.43542,24.92942,25.43778,23.88227,24.5,27.5,26.0,24.0,24.5,0.0,910.25,,2.0,0.0,0.0,77.180115,77.180115,77.180115,77.180115,77.180115,77.180115,77.180115,77.180115,77.180115,77.180115,77.180115,77.180115,77.180115,77.180115,77.180115,77.180115,74.309649,74.309649,74.309649,74.309649,0.0,0.0,100.0,101.0,102.0,101.0,101.0,161.5,3096.576,1260.193,970.396,298.5,True,True,T1_obdh_ramp_accel
2026-12-03 12:19:38.314,5.0,0.0,0.0,2.0,,0.0,0.0,,0.0,0.0,0.0,1.0,1.0,0.0,0.0,3.202,0.0,0.0,0.0,7.287,-426.0,0.0,7.171,422.0,0.0,0.0,4.983,100.0,4.98,111.0,0.681,0.0,4.951,193.0,4.96,195.0,4.965,43.0,4.975,60.0,23.76055,24.51414,24.56784,23.68537,37.40576294503268,27.45153,24.93121,25.43957,23.87869,24.5,27.5,26.0,24.0,24.5,0.0,910.25,,2.0,0.0,0.0,77.180115,77.180115,77.180115,77.180115,77.180115,77.180115,77.180115,77.180115,77.180115,77.180115,77.180115,77.180115,77.180115,77.180115,77.180115,77.180115,74.309649,74.309649,74.309649,74.309649,0.0,0.0,100.0,101.0,102.0,101.0,101.0,162.052,3026.1620000000003,498.29999999999995,955.5429999999999,298.5,True,True,T1_obdh_ramp_accel
2026-12-03 12:19:38.763,5.0,0.0,0.0,2.0,,0.0,0.0,,0.0,0.0,0.0,1.0,1.0,0.0,0.0,2.255,0.0,0.0,0.0,7.286,-437.0,0.0,7.172,422.0,0.0,0.0,4.982,253.0,4.982,271.0,0.682,0.0,4.951,190.0,4.96,193.0,4.965,43.0,4.975,60.0,23.75876,24.52846,24.56068,23.68179,37.471402059626804,27.44974,24.92584,25.43957,23.87332,24.5,27.5,26.0,24.0,24.5,0.0,910.25,,2.0,0.0,0.0,77.180115,77.180115,77.180115,77.180115,77.180115,77.180115,77.180115,77.180115,77.180115,77.180115,77.180115,77.180115,77.180115,77.180115,77.180115,77.180115,74.309649,74.309649,74.309649,74.309649,0.0,0.0,100.0,101.0,102.0,101.0,101.0,162.501,3026.584,1260.4460000000001,940.6899999999999,298.5,True,True,T1_obdh_ramp_accel
2026-12-03 12:19:39.316,5.0,0.0,0.0,3.0,0.0,0.0,0.0,,0.0,0.0,0.0,1.0,1.0,0.0,0.0,2.246,0.0,0.0,0.0,7.287,-411.0,0.0,7.168,440.0,0.0,0.0,4.981,100.0,4.98,271.0,0.682,0.0,4.951,191.0,4.961,201.0,4.966,43.0,4.975,60.0,23.76055,24.52488,24.57142,23.68537,37.552244888959876,27.46943,24.92942,25.4342,23.87332,24.5,27.5,26.0,24.0,24.5,0.0,910.25,,2.0,0.0,0.0,77.180115,77.180115,77.180115,77.180115,77.180115,77.180115,77.180115,77.180115,77.180115,77.180115,77.180115,77.180115,77.180115,77.180115,77.180115,77.180115,74.309649,74.309649,74.309649,74.309649,0.0,0.0,100.0,101.0,102.0,101.0,101.0,163.054,3153.92,498.09999999999997,945.641,298.5,True,True,T1_obdh_ramp_accel
2026-12-03 12:19:39.764,5.0,0.0,0.0,3.0,0.0,0.0,0.0,,0.0,0.0,0.0,1.0,1.0,0.0,0.0,2.197,0.0,0.0,0.0,7.286,-437.0,0.0,7.171,425.0,0.0,0.0,4.982,253.0,4.982,110.0,0.682,0.0,4.95,191.0,4.96,191.0,4.966,43.0,4.975,60.0,23.75518,24.53025,24.56247,23.67642,37.61773781398921,27.4569,24.933,25.44494,23.8769,24.5,27.5,26.0,24.0,24.5,0.0,910.25,,2.0,0.0,0.0,77.180115,77.180115,77.180115,77.180115,77.180115,77.180115,77.180115,77.180115,77.180115,77.180115,77.180115,77.180115,77.180115,77.180115,77.180115,77.180115,74.309649,74.309649,74.309649,74.309649,0.0,0.0,100.0,101.0,102.0,101.0,101.0,163.502,3047.675,1260.4460000000001,945.45,298.5,True,True,T1_obdh_ramp_accel
2026-12-03 12:19:40.315,5.0,0.0,0.0,3.0,1.0,0.0,0.0,,0.0,0.0,0.0,1.0,1.0,0.0,0.0,3.257,0.0,0.0,0.0,7.286,-423.0,0.0,7.17,422.0,0.0,0.0,4.982,253.0,4.98,110.0,0.682,0.0,4.95,185.0,4.961,196.0,4.966,44.0,4.975,60.0,23.76055,24.52309,24.56426,23.69611,37.69828826419268,27.46048,24.933,25.44852,23.87332,24.5,27.5,26.0,24.0,24.5,0.0,910.25,,2.0,0.0,0.0,77.180115,77.180115,77.180115,77.180115,77.180115,77.180115,77.180115,77.180115,77.180115,77.180115,77.180115,77.180115,77.180115,77.180115,77.180115,77.180115,74.309649,74.309649,74.309649,74.309649,0.0,0.0,100.0,101.0,102.0,101.0,101.0,164.053,3025.74,1260.4460000000001,915.75,298.5,True,True,T1_obdh_ramp_accel
2026-12-03 12:19:40.766,5.0,0.0,0.0,3.0,1.0,0.0,0.0,,0.0,0.0,0.0,1.0,1.0,0.0,0.0,2.241,0.0,0.0,0.0,7.286,-441.0,0.0,7.168,418.0,0.0,0.0,4.982,253.0,4.98,110.0,0.682,0.0,4.951,186.0,4.96,196.0,4.967,43.0,4.975,60.0,23.75339,24.53025,24.56605,23.68537,37.76421975791641,27.48196,24.94016,25.44852,23.8769,24.5,27.5,26.0,24.0,24.5,0.0,910.25,,2.0,0.0,0.0,77.180115,77.180115,77.180115,77.180115,77.180115,77.180115,77.180115,77.180115,77.180115,77.180115,77.180115,77.180115,77.180115,77.180115,77.180115,77.180115,74.309649,74.309649,74.309649,74.309649,0.0,0.0,100.0,101.0,102.0,101.0,101.0,164.504,2996.224,1260.4460000000001,920.886,298.5,True,True,T1_obdh_ramp_accel
2026-12-03 12:19:41.469,5.0,0.0,0.0,3.0,2.0,0.0,0.0,,0.0,0.0,0.0,1.0,1.0,0.0,0.0,2.224,0.0,0.0,0.0,7.288,-414.0,0.0,7.168,442.0,0.0,0.0,4.982,253.0,4.981,270.0,0.682,0.0,4.951,201.0,4.958,192.0,4.965,44.0,4.975,60.0,23.76234,24.52488,24.56784,23.68716,37.86699102196913,27.48554,24.94374,25.45568,23.88048,24.5,27.5,26.0,24.0,24.5,0.0,910.25,,2.0,0.0,0.0,77.180115,77.180115,77.180115,77.180115,77.180115,77.180115,77.180115,77.180115,77.180115,77.180115,77.180115,77.180115,77.180115,77.180115,77.180115,77.180115,74.309649,74.309649,74.309649,74.309649,0.0,0.0,100.0,101.0,102.0,101.0,101.0,165.207,3168.256,1260.4460000000001,995.151,298.5,True,True,T1_obdh_ramp_accel
2026-12-03 12:19:41.920,5.0,0.0,0.0,3.0,2.0,0.0,0.0,,0.0,0.0,0.0,1.0,1.0,0.0,0.0,2.2,0.0,0.0,0.0,7.287,-435.0,0.0,7.17,431.0,0.0,0.0,4.983,253.0,4.981,268.0,0.681,0.0,4.95,192.0,4.962,198.0,4.966,62.0,4.976,58.0,23.76055,24.53025,24.57321,23.69074,37.932922515692844,27.49628,24.94911,25.45568,23.88585,24.5,27.5,26.0,24.0,24.5,0.0,910.25,,2.0,0.0,0.0,77.180115,77.180115,77.180115,77.180115,77.180115,77.180115,77.180115,77.180115,77.180115,77.180115,77.180115,77.180115,77.180115,77.180115,77.180115,77.180115,74.309649,74.309649,74.309649,74.309649,0.0,0.0,100.0,101.0,102.0,101.0,101.0,165.658,3090.27,1260.6989999999998,950.4000000000001,288.608,True,True,T1_obdh_ramp_accel
2026-12-03 12:19:42.268,5.0,0.0,0.0,3.0,3.0,0.0,0.0,,0.0,0.0,0.0,1.0,1.0,0.0,0.0,2.413,0.0,0.0,0.0,7.267,-1178.0,0.0,7.172,417.0,0.0,0.0,4.982,252.0,4.982,268.0,0.681,0.0,4.948,203.0,4.96,190.0,4.966,42.0,4.976,58.0,23.76413,24.52846,24.57321,23.69074,37.98379648424241,27.50165,24.94732,25.45568,23.88048,24.5,27.5,26.0,24.0,24.5,0.0,910.25,,2.0,0.0,0.0,77.180115,77.180115,77.180115,77.180115,77.180115,77.180115,77.180115,77.180115,77.180115,77.180115,77.180115,77.180115,77.180115,77.180115,77.180115,77.180115,74.309649,74.309649,74.309649,74.309649,0.0,0.0,100.0,101.0,102.0,101.0,101.0,166.006,2990.7239999999997,1255.464,1004.4440000000001,288.608,True,True,T1_obdh_ramp_accel
2026-12-03 12:19:42.971,5.0,0.0,0.0,3.0,3.0,0.0,0.0,,0.0,0.0,0.0,1.0,1.0,0.0,0.0,2.413,0.0,0.0,0.0,7.267,-1178.0,0.0,7.167,418.0,0.0,0.0,4.981,253.0,4.981,266.0,0.682,0.0,4.95,191.0,4.961,195.0,4.967,60.0,4.976,58.0,23.76234,24.53383,24.57142,23.68895,38.086567748295124,27.51418,24.95627,25.46105,23.88048,24.5,27.5,26.0,24.0,24.5,0.0,910.25,,2.0,0.0,0.0,77.180115,77.180115,77.180115,77.180115,77.180115,77.180115,77.180115,77.180115,77.180115,77.180115,77.180115,77.180115,77.180115,77.180115,77.180115,77.180115,74.309649,74.309649,74.309649,74.309649,0.0,0.0,100.0,101.0,102.0,101.0,101.0,166.709,2995.806,1260.193,945.45,288.608,True,True,T1_obdh_ramp_accel
2026-12-03 12:19:43.322,5.0,0.0,0.0,3.0,4.0,0.0,0.0,,0.0,0.0,0.0,1.0,1.0,0.0,0.0,2.67,0.0,0.0,0.0,7.288,-426.0,0.0,7.173,415.0,0.0,0.0,4.982,255.0,4.982,107.0,0.681,0.0,4.95,205.0,4.961,196.0,4.966,61.0,4.976,58.0,23.75697,24.53383,24.575,23.68358,38.13788028553908,27.51597,24.95269,25.45926,23.8769,24.5,27.5,26.0,24.0,24.5,0.0,910.25,,2.0,0.0,0.0,77.180115,77.180115,77.180115,77.180115,77.180115,77.180115,77.180115,77.180115,77.180115,77.180115,77.180115,77.180115,77.180115,77.180115,77.180115,77.180115,74.309649,74.309649,74.309649,74.309649,0.0,0.0,100.0,101.0,102.0,101.0,101.0,167.06,2976.795,1270.41,1014.75,288.608,True,True,T1_obdh_ramp_accel
2026-12-03 12:19:43.773,5.0,0.0,0.0,3.0,4.0,0.0,0.0,,0.0,0.0,0.0,1.0,1.0,0.0,0.0,2.34,0.0,0.0,0.0,7.288,-420.0,0.0,7.172,415.0,0.0,0.0,4.983,255.0,4.98,107.0,0.681,0.0,4.951,192.0,4.961,187.0,4.967,61.0,4.973,62.0,23.76771,24.52846,24.58216,23.68358,38.20381177926281,27.53208,24.96164,25.45568,23.87869,24.5,27.5,26.0,24.0,24.5,0.0,910.25,,2.0,0.0,0.0,77.180115,77.180115,77.180115,77.180115,77.180115,77.180115,77.180115,77.180115,77.180115,77.180115,77.180115,77.180115,77.180115,77.180115,77.180115,77.180115,74.309649,74.309649,74.309649,74.309649,0.0,0.0,100.0,101.0,102.0,101.0,101.0,167.511,2976.3799999999997,1270.665,950.5919999999999,308.32599999999996,True,True,T1_obdh_ramp_accel
2026-12-03 12:19:44.474,5.0,0.0,0.0,3.0,5.0,0.0,0.0,,0.0,0.0,0.0,1.0,1.0,0.0,0.0,3.107,0.0,0.0,0.0,7.288,-413.0,0.0,7.171,416.0,0.0,0.0,4.982,100.0,4.981,107.0,0.681,0.0,4.95,202.0,4.962,197.0,4.967,60.0,4.973,62.0,23.76234,24.54278,24.57679,23.69253,38.30629066418592,27.53566,24.95448,25.46105,23.88048,24.5,27.5,26.0,24.0,24.5,0.0,910.25,,2.0,0.0,0.0,77.180115,77.180115,77.180115,77.180115,77.180115,77.180115,77.180115,77.180115,77.180115,77.180115,77.180115,77.180115,77.180115,77.180115,77.180115,77.180115,74.309649,74.309649,74.309649,74.309649,0.0,0.0,100.0,101.0,102.0,101.0,101.0,168.212,2983.136,498.20000000000005,999.9000000000001,308.32599999999996,True,True,T1_obdh_ramp_accel
2026-12-03 12:19:44.825,5.0,0.0,0.0,3.0,5.0,0.0,0.0,,0.0,0.0,0.0,1.0,1.0,0.0,0.0,2.062,0.0,0.0,0.0,7.289,-425.0,0.0,7.17,426.0,0.0,0.0,4.982,100.0,4.981,107.0,0.681,0.0,4.95,190.0,4.961,191.0,4.966,60.0,4.973,62.0,23.75697,24.53025,24.56784,23.69432,38.35760320142988,27.52671,24.97417,25.46284,23.89659,24.5,27.5,26.0,24.0,24.5,0.0,910.25,,2.0,0.0,0.0,77.180115,77.180115,77.180115,77.180115,77.180115,77.180115,77.180115,77.180115,77.180115,77.180115,77.180115,77.180115,77.180115,77.180115,77.180115,77.180115,74.309649,74.309649,74.309649,74.309649,0.0,0.0,100.0,101.0,102.0,101.0,101.0,168.563,3054.42,498.20000000000005,940.5,308.32599999999996,True,True,T1_obdh_ramp_accel
2026-12-03 12:19:45.276,5.0,0.0,0.0,3.0,6.0,0.0,0.0,,0.0,0.0,0.0,1.0,1.0,0.0,0.0,2.294,0.0,0.0,0.0,7.288,-398.0,0.0,7.172,421.0,0.0,0.0,4.982,101.0,4.981,107.0,0.681,0.0,4.95,205.0,4.96,191.0,4.967,62.0,4.973,62.0,23.76234,24.54099,24.57858,23.6979,38.423534695153606,27.53208,24.96343,25.46284,23.88764,24.5,27.5,26.0,24.0,24.5,0.0,910.25,,2.0,0.0,0.0,77.180115,77.180115,77.180115,77.180115,77.180115,77.180115,77.180115,77.180115,77.180115,77.180115,77.180115,77.180115,77.180115,77.180115,77.180115,77.180115,74.309649,74.309649,74.309649,74.309649,0.0,0.0,100.0,101.0,102.0,101.0,101.0,169.014,3019.412,503.182,1014.75,308.32599999999996,True,True,T1_obdh_ramp_accel
2026-12-03 12:19:45.978,5.0,0.0,0.0,3.0,6.0,0.0,0.0,,0.0,0.0,0.0,1.0,1.0,0.0,0.0,2.37,0.0,0.0,0.0,7.287,-406.0,0.0,7.171,425.0,0.0,0.0,4.981,100.0,4.982,267.0,0.683,0.0,4.95,190.0,4.963,201.0,4.967,61.0,4.975,60.0,23.76234,24.53741,24.58037,23.68895,38.526159769641524,27.5464,24.96522,25.47,23.88048,24.5,27.5,26.0,24.0,24.5,0.0,910.25,,2.0,0.0,0.0,77.180115,77.180115,77.180115,77.180115,77.180115,77.180115,77.180115,77.180115,77.180115,77.180115,77.180115,77.180115,77.180115,77.180115,77.180115,77.180115,74.309649,74.309649,74.309649,74.309649,0.0,0.0,100.0,101.0,102.0,101.0,101.0,169.716,3047.675,498.09999999999997,940.5,298.5,True,True,T1_obdh_ramp_accel
2026-12-03 12:19:46.328,5.0,0.0,0.0,3.0,7.0,0.0,0.0,,0.0,0.0,0.0,1.0,1.0,0.0,0.0,2.305,0.0,0.0,0.0,7.288,-397.0,0.0,7.171,423.0,0.0,0.0,4.982,102.0,4.98,109.0,0.682,0.0,4.95,205.0,4.96,190.0,4.966,61.0,4.975,60.0,23.76413,24.54457,24.59111,23.69611,38.57732611732069,27.56251,24.97059,25.48253,23.89659,24.5,27.5,26.0,24.0,24.5,0.0,910.25,,2.0,0.0,0.0,77.180115,77.180115,77.180115,77.180115,77.180115,77.180115,77.180115,77.180115,77.180115,77.180115,77.180115,77.180115,77.180115,77.180115,77.180115,77.180115,74.309649,74.309649,74.309649,74.309649,0.0,0.0,100.0,101.0,102.0,101.0,101.0,170.066,3033.333,508.16400000000004,1014.75,298.5,True,True,T1_obdh_ramp_accel
2026-12-03 12:19:46.781,5.0,0.0,0.0,3.0,7.0,0.0,0.0,,0.0,0.0,0.0,1.0,1.0,0.0,0.0,2.256,0.0,0.0,0.0,7.288,-423.0,0.0,7.17,423.0,0.0,0.0,4.981,107.0,4.981,106.0,0.681,0.0,4.95,187.0,4.961,200.0,4.966,60.0,4.975,60.0,23.75876,24.53562,24.575,23.69969,38.643549990174,27.5643,24.96164,25.47895,23.90017,24.5,27.5,26.0,24.0,24.5,0.0,910.25,,2.0,0.0,0.0,77.180115,77.180115,77.180115,77.180115,77.180115,77.180115,77.180115,77.180115,77.180115,77.180115,77.180115,77.180115,77.180115,77.180115,77.180115,77.180115,74.309649,74.309649,74.309649,74.309649,0.0,0.0,100.0,101.0,102.0,101.0,101.0,170.519,3032.91,532.967,925.65,298.5,True,True,T1_obdh_ramp_accel
2026-12-03 12:19:47.484,5.0,0.0,0.0,3.0,8.0,0.0,0.0,,0.0,0.0,0.0,1.0,1.0,0.0,0.0,2.292,0.0,0.0,0.0,7.288,-398.0,0.0,7.171,418.0,0.0,0.0,4.982,106.0,4.981,107.0,0.682,1.0,4.948,203.0,4.961,193.0,4.966,60.0,4.975,60.0,23.75876,24.54278,24.57858,23.69432,38.74632125422672,27.56072,24.97596,25.47,23.89122,24.5,27.5,26.0,24.0,24.5,0.0,910.25,,2.0,0.0,0.0,77.180115,77.180115,77.180115,77.180115,77.180115,77.180115,77.180115,77.180115,77.180115,77.180115,77.180115,77.180115,77.180115,77.180115,77.180115,77.180115,74.309649,74.309649,74.309649,74.309649,0.0,0.0,100.0,101.0,102.0,101.0,101.0,171.222,2997.478,528.092,1004.4440000000001,298.5,True,True,T1_obdh_ramp_accel
2026-12-03 12:19:47.833,5.0,0.0,0.0,3.0,8.0,0.0,0.0,,0.0,0.0,0.0,1.0,1.0,0.0,0.0,2.313,0.0,0.0,0.0,7.286,-404.0,0.0,7.17,423.0,0.0,0.0,4.982,105.0,4.981,107.0,0.682,0.0,4.948,188.0,4.96,195.0,4.966,61.0,4.976,58.0,23.76055,24.5392,24.57858,23.68716,38.79734141234108,27.57325,24.97954,25.47716,23.88585,24.5,27.5,26.0,24.0,24.5,0.0,910.25,,2.0,0.0,0.0,77.180115,77.180115,77.180115,77.180115,77.180115,77.180115,77.180115,77.180115,77.180115,77.180115,77.180115,77.180115,77.180115,77.180115,77.180115,77.180115,74.309649,74.309649,74.309649,74.309649,0.0,0.0,100.0,101.0,102.0,101.0,101.0,171.571,3032.91,523.11,930.224,288.608,True,True,T1_obdh_ramp_accel
2026-12-03 12:19:48.285,5.0,0.0,0.0,3.0,9.0,0.0,0.0,,0.0,0.0,0.0,1.0,1.0,0.0,0.0,2.284,1.0,0.0,0.0,7.287,-423.0,0.0,7.17,417.0,0.0,0.0,4.981,104.0,4.981,107.0,0.681,0.0,4.948,203.0,4.961,198.0,4.967,61.0,4.976,58.0,23.75876,24.53741,24.5929,23.68716,38.8634190956296,27.57146,24.97954,25.47895,23.89122,24.5,27.5,26.0,24.0,24.5,0.0,910.25,,2.0,0.0,0.0,77.180115,77.180115,77.180115,77.180115,77.180115,77.180115,77.180115,77.180115,77.180115,77.180115,77.180115,77.180115,77.180115,77.180115,77.180115,77.180115,74.309649,74.309649,74.309649,74.309649,0.0,0.0,100.0,101.0,102.0,101.0,101.0,172.023,2989.89,518.024,1004.4440000000001,288.608,True,True,T1_obdh_ramp_accel
2026-12-03 12:19:48.988,5.0,0.0,0.0,3.0,9.0,0.0,0.0,,0.0,0.0,0.0,1.0,1.0,0.0,0.0,2.276,0.0,0.0,0.0,7.286,-408.0,0.0,7.17,421.0,0.0,0.0,4.981,105.0,4.982,109.0,0.681,1.0,4.95,187.0,4.96,192.0,4.967,61.0,4.976,58.0,23.75697,24.54278,24.58932,23.68716,38.966190359682315,27.59473,24.98491,25.48611,23.8948,24.5,27.5,26.0,24.0,24.5,0.0,910.25,,2.0,0.0,0.0,77.180115,77.180115,77.180115,77.180115,77.180115,77.180115,77.180115,77.180115,77.180115,77.180115,77.180115,77.180115,77.180115,77.180115,77.180115,77.180115,74.309649,74.309649,74.309649,74.309649,0.0,0.0,100.0,101.0,102.0,101.0,101.0,172.726,3018.57,523.005,925.65,288.608,True,True,T1_obdh_ramp_accel
2026-12-03 12:19:49.339,5.0,0.0,0.0,3.0,,0.0,0.0,,0.0,0.0,0.0,1.0,1.0,0.0,0.0,2.298,0.0,0.0,0.0,7.288,-419.0,0.0,7.168,420.0,0.0,0.0,4.98,106.0,4.981,266.0,0.681,0.0,4.951,203.0,4.961,195.0,4.968,63.0,4.976,58.0,23.76055,24.54636,24.58932,23.69432,39.017502896926274,27.6001,24.97596,25.48074,23.89838,24.5,27.5,26.0,24.0,24.5,0.0,910.25,,2.0,0.0,0.0,77.180115,77.180115,77.180115,77.180115,77.180115,77.180115,77.180115,77.180115,77.180115,77.180115,77.180115,77.180115,77.180115,77.180115,77.180115,77.180115,74.309649,74.309649,74.309649,74.309649,0.0,0.0,100.0,101.0,102.0,101.0,101.0,173.077,3010.56,527.88,1005.0529999999999,288.608,True,True,T1_obdh_ramp_accel
2026-12-03 12:19:49.787,5.0,0.0,0.0,3.0,,0.0,0.0,,0.0,0.0,0.0,1.0,1.0,0.0,0.0,2.303,0.0,0.0,0.0,7.288,-420.0,0.0,7.17,425.0,0.0,0.0,4.981,109.0,4.981,106.0,0.682,0.0,4.948,190.0,4.961,196.0,4.967,62.0,4.976,63.0,23.7516,24.54636,24.58932,23.68716,39.082995821955606,27.60547,24.98312,25.48969,23.89301,24.5,27.5,26.0,24.0,24.5,0.0,910.25,,2.0,0.0,0.0,77.180115,77.180115,77.180115,77.180115,77.180115,77.180115,77.180115,77.180115,77.180115,77.180115,77.180115,77.180115,77.180115,77.180115,77.180115,77.180115,74.309649,74.309649,74.309649,74.309649,0.0,0.0,100.0,101.0,102.0,101.0,101.0,173.525,3047.25,542.929,940.1200000000001,313.488,True,True,T1_obdh_ramp_accel
2026-12-03 12:19:50.491,5.0,0.0,0.0,3.0,,0.0,0.0,,0.0,0.0,0.0,1.0,1.0,0.0,0.0,2.277,0.0,0.0,0.0,7.288,-401.0,0.0,7.171,420.0,0.0,0.0,4.982,107.0,4.98,107.0,0.682,0.0,4.951,202.0,4.958,190.0,4.967,62.0,4.976,63.0,23.76055,24.54457,24.58574,23.69074,39.18591327557312,27.59473,24.97417,25.48432,23.8948,24.5,27.5,26.0,24.0,24.5,0.0,910.25,,2.0,0.0,0.0,77.180115,77.180115,77.180115,77.180115,77.180115,77.180115,77.180115,77.180115,77.180115,77.180115,77.180115,77.180115,77.180115,77.180115,77.180115,77.180115,74.309649,74.309649,74.309649,74.309649,0.0,0.0,100.0,101.0,102.0,101.0,101.0,174.229,3011.82,533.0740000000001,1000.102,313.488,True,True,T1_obdh_ramp_accel
2026-12-03 12:19:50.839,5.0,0.0,0.0,3.0,,0.0,0.0,,0.0,0.0,0.0,1.0,1.0,0.0,0.0,2.29,0.0,0.0,0.0,7.287,-429.0,0.0,7.171,426.0,0.0,0.0,4.981,106.0,4.981,109.0,0.681,0.0,4.951,191.0,4.961,196.0,4.967,61.0,4.976,63.0,23.76055,24.54636,24.58574,23.69611,39.23678724412268,27.61084,24.98312,25.49148,23.88764,24.5,27.5,26.0,24.0,24.5,0.0,910.25,,2.0,0.0,0.0,77.180115,77.180115,77.180115,77.180115,77.180115,77.180115,77.180115,77.180115,77.180115,77.180115,77.180115,77.180115,77.180115,77.180115,77.180115,77.180115,74.309649,74.309649,74.309649,74.309649,0.0,0.0,100.0,101.0,102.0,101.0,101.0,174.577,3054.846,527.986,945.641,313.488,True,True,T1_obdh_ramp_accel
2026-12-03 12:19:51.288,5.0,0.0,0.0,3.0,,0.0,0.0,,0.0,0.0,0.0,1.0,1.0,0.0,0.0,2.297,1.0,0.0,0.0,7.286,-411.0,0.0,7.171,420.0,0.0,0.0,4.981,107.0,4.982,105.0,0.681,0.0,4.95,202.0,4.961,192.0,4.967,62.0,4.976,63.0,23.75876,24.55173,24.59827,23.69074,39.30242635871681,27.62158,24.9867,25.49327,23.8948,24.5,27.5,26.0,24.0,24.5,0.0,910.25,,2.0,0.0,0.0,77.180115,77.180115,77.180115,77.180115,77.180115,77.180115,77.180115,77.180115,77.180115,77.180115,77.180115,77.180115,77.180115,77.180115,77.180115,77.180115,74.309649,74.309649,74.309649,74.309649,0.0,0.0,100.0,101.0,102.0,101.0,101.0,175.026,3011.82,532.967,999.9000000000001,313.488,True,True,T1_obdh_ramp_accel
2026-12-03 12:19:51.990,5.0,0.0,0.0,3.0,,0.0,0.0,,0.0,0.0,0.0,1.0,1.0,0.0,0.0,2.29,0.0,0.0,0.0,7.287,-426.0,0.0,7.17,423.0,0.0,0.0,4.981,107.0,4.981,266.0,0.681,0.0,4.95,187.0,4.96,195.0,4.967,61.0,4.975,58.0,23.76055,24.55531,24.59648,23.69432,39.40505143320473,27.62516,24.98491,25.49327,23.90017,24.5,27.5,26.0,24.0,24.5,0.0,910.25,,2.0,0.0,0.0,77.180115,77.180115,77.180115,77.180115,77.180115,77.180115,77.180115,77.180115,77.180115,77.180115,77.180115,77.180115,77.180115,77.180115,77.180115,77.180115,74.309649,74.309649,74.309649,74.309649,0.0,0.0,100.0,101.0,102.0,101.0,101.0,175.728,3032.91,532.967,925.65,288.54999999999995,True,True,T1_obdh_ramp_accel
2026-12-03 12:19:52.340,5.0,0.0,0.0,3.0,,0.0,0.0,,0.0,0.0,0.0,1.0,1.0,0.0,0.0,2.275,1.0,0.0,0.0,7.287,-416.0,0.0,7.168,420.0,0.0,0.0,4.981,106.0,4.98,105.0,0.682,0.0,4.951,205.0,4.961,198.0,4.967,62.0,4.975,58.0,23.76413,24.55889,24.61796,23.71222,39.45621778088389,27.63053,24.98312,25.50759,23.8948,24.5,27.5,26.0,24.0,24.5,0.0,910.25,,2.0,0.0,0.0,77.180115,77.180115,77.180115,77.180115,77.180115,77.180115,77.180115,77.180115,77.180115,77.180115,77.180115,77.180115,77.180115,77.180115,77.180115,77.180115,74.309649,74.309649,74.309649,74.309649,0.0,0.0,100.0,101.0,102.0,101.0,101.0,176.078,3010.56,527.986,1014.9549999999999,288.54999999999995,True,True,T1_obdh_ramp_accel
2026-12-03 12:19:52.792,5.0,0.0,0.0,3.0,,0.0,0.0,,0.0,0.0,0.0,1.0,1.0,0.0,0.0,2.293,0.0,0.0,0.0,7.286,-407.0,0.0,7.168,423.0,0.0,0.0,4.981,107.0,4.981,266.0,0.681,0.0,4.951,188.0,4.96,192.0,4.967,60.0,4.975,58.0,23.76234,24.55352,24.60006,23.6979,39.52229546417241,27.64485,24.98849,25.50222,23.89659,24.5,27.5,26.0,24.0,24.5,0.0,910.25,,2.0,0.0,0.0,77.180115,77.180115,77.180115,77.180115,77.180115,77.180115,77.180115,77.180115,77.180115,77.180115,77.180115,77.180115,77.180115,77.180115,77.180115,77.180115,74.309649,74.309649,74.309649,74.309649,0.0,0.0,100.0,101.0,102.0,101.0,101.0,176.53,3032.064,532.967,930.7879999999999,288.54999999999995,True,True,T1_obdh_ramp_accel
2026-12-03 12:19:53.493,5.0,0.0,0.0,3.0,,0.0,0.0,,0.0,0.0,0.0,1.0,1.0,0.0,0.0,2.295,0.0,0.0,0.0,7.288,-407.0,0.0,7.17,418.0,0.0,0.0,4.982,105.0,4.98,107.0,0.682,0.0,4.95,205.0,4.961,200.0,4.967,61.0,4.975,58.0,23.76234,24.55173,24.58932,23.69074,39.62477434909553,27.64127,24.99207,25.50938,23.90196,24.5,28.0,26.0,24.0,24.5,0.0,910.25,,2.0,0.0,0.0,77.180115,77.180115,77.180115,77.180115,77.180115,77.180115,77.180115,77.180115,77.180115,77.180115,77.180115,77.180115,77.180115,77.180115,77.180115,77.180115,74.309649,74.309649,74.309649,74.309649,0.0,0.0,100.0,101.0,102.0,101.0,101.0,177.231,2997.06,523.11,1014.75,288.54999999999995,True,True,T1_obdh_ramp_accel
2026-12-03 12:19:53.843,5.0,0.0,0.0,3.0,,0.0,0.0,,0.0,0.0,0.0,1.0,1.0,0.0,0.0,2.263,0.0,0.0,0.0,7.287,-430.0,0.0,7.171,423.0,0.0,0.0,4.981,107.0,4.982,107.0,0.681,0.0,4.95,187.0,4.962,192.0,4.967,61.0,4.976,39.0,23.76592,24.57142,24.60006,23.69253,39.67594069677469,27.65201,24.99744,25.49864,23.90554,24.5,28.0,26.0,24.0,24.5,0.0,910.25,,2.0,0.0,0.0,77.180115,77.180115,77.180115,77.180115,77.180115,77.180115,77.180115,77.180115,77.180115,77.180115,77.180115,77.180115,77.180115,77.180115,77.180115,77.180115,74.309649,74.309649,74.309649,74.309649,0.0,0.0,100.0,101.0,102.0,101.0,101.0,177.581,3033.333,532.967,925.65,194.064,True,True,T1_obdh_ramp_accel
2026-12-03 12:19:54.293,5.0,0.0,0.0,3.0,,0.0,0.0,,0.0,0.0,0.0,1.0,1.0,0.0,0.0,3.003,0.0,0.0,0.0,7.286,-407.0,0.0,7.171,418.0,0.0,0.0,4.982,105.0,4.981,107.0,0.683,0.0,4.948,206.0,4.961,197.0,4.966,62.0,4.976,39.0,23.77845,24.55889,24.59648,23.70148,39.74172600093361,27.65917,24.99923,25.50222,23.90375,24.5,27.5,26.0,24.0,24.5,0.0,910.25,,2.0,0.0,0.0,77.180115,77.180115,77.180115,77.180115,77.180115,77.180115,77.180115,77.180115,77.180115,77.180115,77.180115,77.180115,77.180115,77.180115,77.180115,77.180115,74.309649,74.309649,74.309649,74.309649,0.0,0.0,100.0,101.0,102.0,101.0,101.0,178.031,2997.478,523.11,1019.2880000000001,194.064,True,True,T1_obdh_ramp_accel
2026-12-03 12:19:54.995,5.0,0.0,0.0,3.0,,0.0,0.0,,0.0,0.0,0.0,1.0,1.0,0.0,0.0,1.79,0.0,0.0,0.0,7.286,-413.0,0.0,7.17,423.0,0.0,0.0,4.982,107.0,4.981,107.0,0.682,0.0,4.948,190.0,4.962,196.0,4.967,62.0,4.976,39.0,23.78203,24.56784,24.60006,23.70148,39.84435107542153,27.6538,24.99744,25.50759,23.90733,24.5,28.0,26.5,24.0,24.5,0.0,910.25,,2.0,0.0,0.0,77.180115,77.180115,77.180115,77.180115,77.180115,77.180115,77.180115,77.180115,77.180115,77.180115,77.180115,77.180115,77.180115,77.180115,77.180115,77.180115,74.309649,74.309649,74.309649,74.309649,0.0,0.0,100.0,101.0,102.0,101.0,101.0,178.733,3032.91,533.0740000000001,940.1200000000001,194.064,True,True,T1_obdh_ramp_accel
2026-12-03 12:19:55.347,5.0,0.0,0.0,3.0,10.0,0.0,0.0,,0.0,0.0,0.0,1.0,1.0,0.0,0.0,1.615,0.0,0.0,0.0,7.287,-404.0,0.0,7.171,422.0,0.0,0.0,4.982,107.0,4.982,107.0,0.681,0.0,4.95,203.0,4.96,188.0,4.967,61.0,4.976,39.0,23.79456,24.56963,24.59648,23.69074,39.89580980223029,27.67349,25.00281,25.5058,23.90375,24.5,28.0,26.0,24.0,24.5,0.0,910.25,,2.0,0.0,0.0,77.180115,77.180115,77.180115,77.180115,77.180115,77.180115,77.180115,77.180115,77.180115,77.180115,77.180115,77.180115,77.180115,77.180115,77.180115,77.180115,74.309649,74.309649,74.309649,74.309649,0.0,0.0,100.0,101.0,102.0,101.0,101.0,179.085,3026.1620000000003,533.0740000000001,1004.85,194.064,True,True,T1_obdh_ramp_accel
2026-12-03 12:19:55.798,5.0,0.0,0.0,3.0,10.0,0.0,0.0,,0.0,0.0,0.0,1.0,1.0,0.0,0.0,1.725,0.0,0.0,0.0,7.287,-403.0,0.0,7.171,425.0,0.0,0.0,4.982,109.0,4.981,107.0,0.682,0.0,4.95,188.0,4.962,200.0,4.967,60.0,4.975,62.0,23.79814,24.56426,24.60722,23.69969,39.961741295954006,27.68602,24.99028,25.5058,23.90017,24.5,28.0,26.0,24.0,24.5,0.0,910.25,,2.0,0.0,0.0,77.180115,77.180115,77.180115,77.180115,77.180115,77.180115,77.180115,77.180115,77.180115,77.180115,77.180115,77.180115,77.180115,77.180115,77.180115,77.180115,74.309649,74.309649,74.309649,74.309649,0.0,0.0,100.0,101.0,102.0,101.0,101.0,179.536,3047.675,543.038,930.6,308.45,True,True,T1_obdh_ramp_accel
